user_id,note_id,timestamp,is_same_college,is_same_branch,is_same_semester,semester_distance,is_enrolled_subject,user_semester,user_account_age_days,user_total_views,user_total_downloads,user_total_likes,user_total_bookmarks,user_total_chats,user_has_bio,note_page_count,note_file_size_kb,note_age_days,note_tag_count,note_is_processed,note_views_hist,note_downloads_hist,note_likes_hist,note_bookmarks_hist,note_download_view_ratio,user_subject_interaction_count,user_note_prior_views,user_uploader_affinity,semantic_affinity_score,target,interaction_source
synthetic_user_0025,8706bbb8-8343-4edc-9af4-244b9cad76aa,2025-08-17T05:29:22,1,1,1,0,1,4,0.08,0,0,0,0,0,1,0,0.47,0.0,0,0,0,0,0,0,0.0,0,0,0,0.0,1,download
synthetic_user_0009,09593622-ad83-4d14-8236-17bea51dbb13,2025-08-17T12:08:37,1,1,1,0,1,3,0.08,0,0,0,0,0,0,1,0.69,0.0,0,1,0,0,0,0,0.0,0,0,0,0.0,1,download
synthetic_user_0026,09593622-ad83-4d14-8236-17bea51dbb13,2025-08-17T19:33:48,1,1,1,0,1,3,0.08,0,0,0,0,0,0,1,0.69,0.0,0,1,0,0,0,0,0.0,0,0,0,0.0,1,download
synthetic_user_0016,f6081dfd-75ec-4719-a05b-6ec1f95df15f,2025-08-20T21:08:29,1,1,1,0,1,3,0.08,0,0,0,0,0,0,1,1.05,0.0,0,1,0,0,0,0,0.0,0,0,0,0.0,1,download
synthetic_user_0012,c5310615-4076-41e9-9064-736593600471,2025-08-21T14:26:03,1,1,1,0,1,3,0.08,0,0,0,0,0,1,0,1.03,0.0,0,0,0,0,0,0,0.0,0,0,0,0.0,1,download
synthetic_user_0029,59bf0b38-d7b5-4024-a66e-a03f1b47095d,2025-08-21T22:26:20,1,1,1,0,1,3,0.08,0,0,0,0,0,1,3,1.03,0.0,0,1,0,0,0,0,0.0,0,0,0,0.0,1,download
synthetic_user_0019,8b44ea69-a5bb-4779-8c63-bf20e4da58c7,2025-08-22T17:03:18,1,1,1,0,1,3,0.08,0,0,0,0,0,0,1,0.69,0.0,0,1,0,0,0,0,0.0,0,0,0,0.0,1,download
synthetic_user_0015,a18002e2-24a3-4da4-b558-ea8cadcb047e,2025-08-22T17:58:32,1,1,1,0,1,3,0.08,0,0,0,0,0,1,0,0.58,0.0,0,0,0,0,0,0,0.0,0,0,0,0.0,1,download
synthetic_user_0027,dcd20897-e14a-43fc-b2ba-66bb4a569874,2025-08-23T08:04:40,1,1,1,0,1,3,0.08,0,0,0,0,0,0,1,0.69,0.0,0,1,0,0,0,0,0.0,0,0,0,0.0,1,download
synthetic_user_0021,8b44ea69-a5bb-4779-8c63-bf20e4da58c7,2025-08-24T03:33:58,1,1,1,0,1,3,0.08,0,0,0,0,0,1,1,0.69,0.0,0,1,0,0,0,0,0.0,0,0,0,0.0,1,download
synthetic_user_0010,5a0f55cf-16af-4459-9030-0c7c6e11207f,2025-08-24T04:40:24,1,1,1,0,1,3,0.08,0,0,0,0,0,1,0,0.58,0.0,0,0,0,0,0,0,0.0,0,0,0,0.0,1,download
synthetic_user_0013,85526add-cd5a-4107-a07e-62ff3f493082,2025-08-29T04:00:13,1,1,1,0,1,3,0.08,0,0,0,0,0,0,0,0.41,0.0,0,0,0,0,0,0,0.0,0,0,0,0.0,1,download
synthetic_user_0030,dcf38bea-591e-47ae-aaaf-e01b841cc3b3,2025-08-29T22:30:41,0,0,0,2,0,1,0.08,0,0,0,0,0,0,1,0.69,0.0,0,1,0,0,0,0,0.0,0,0,0,0.0,1,download
synthetic_user_0017,dcd20897-e14a-43fc-b2ba-66bb4a569874,2025-08-30T07:02:12,1,1,1,0,1,3,0.08,0,0,0,0,0,1,1,0.69,0.0,0,1,0,0,0,0,0.0,0,0,0,0.0,1,download
synthetic_user_0031,dcf38bea-591e-47ae-aaaf-e01b841cc3b3,2025-08-30T09:36:56,1,1,1,0,1,3,0.08,0,0,0,0,0,0,1,0.69,0.0,0,1,0,0,0,0,0.0,0,0,0,0.0,1,download
synthetic_user_0032,fbb68aab-9b3b-4e24-9109-ea047f927347,2025-09-01T18:45:38,1,1,1,0,1,3,0.08,0,0,0,0,0,0,3,1.03,0.0,0,1,0,0,0,0,0.0,0,0,0,0.0,1,download
synthetic_user_0011,a18002e2-24a3-4da4-b558-ea8cadcb047e,2025-09-03T04:12:33,1,1,1,0,1,3,0.08,0,0,0,0,0,1,0,0.58,0.0,0,0,0,0,0,0,0.0,0,0,0,0.0,1,download
synthetic_user_0024,fbb68aab-9b3b-4e24-9109-ea047f927347,2025-09-03T04:21:33,1,1,1,0,1,3,0.08,0,0,0,0,0,0,3,1.03,0.0,0,1,0,0,0,0,0.0,0,0,0,0.0,1,download
synthetic_user_0023,40a8032b-e43c-43dc-ba5f-d650f1c0a979,2025-09-03T06:44:26,1,1,1,0,1,3,0.08,0,0,0,0,0,1,1,0.41,0.0,0,1,0,0,0,0,0.0,0,0,0,0.0,1,download
synthetic_user_0014,bd6bddb1-3e29-4767-a194-6196e46f7456,2025-09-04T14:34:59,1,1,1,0,1,3,0.08,0,0,0,0,0,1,1,0.41,0.0,0,1,0,0,0,0,0.0,0,0,0,0.0,1,download
synthetic_user_0022,c5310615-4076-41e9-9064-736593600471,2025-09-06T04:43:08,1,1,1,0,1,3,0.08,0,0,0,0,0,1,0,1.03,0.0,0,0,0,0,0,0,0.0,0,0,0,0.0,1,download
synthetic_user_0028,fbb68aab-9b3b-4e24-9109-ea047f927347,2025-09-06T08:15:03,1,1,1,0,1,3,0.08,0,0,0,0,0,0,3,1.03,0.0,0,1,0,0,0,0,0.0,0,0,0,0.0,1,download
synthetic_user_0018,830353af-6497-4bc7-bab8-08114b64b682,2025-09-10T11:32:14,1,1,1,0,1,3,0.08,0,0,0,0,0,0,0,1.05,0.0,0,0,0,0,0,0,0.0,0,0,0,0.0,1,download
synthetic_user_0020,33f6e3a9-237d-433e-b4b6-238e44c80117,2025-09-12T13:08:05,1,1,1,0,1,3,0.08,0,0,0,0,0,1,1,0.58,0.0,0,0,0,0,0,0,0.0,0,0,0,0.0,1,download
synthetic_user_0033,c5310615-4076-41e9-9064-736593600471,2025-09-12T13:30:16,1,1,1,0,1,3,0.08,0,0,0,0,0,0,0,1.03,0.0,0,0,0,0,0,0,0.0,0,0,0,0.0,1,download
synthetic_user_0190,09593622-ad83-4d14-8236-17bea51dbb13,2025-10-03T20:39:03,1,1,1,0,1,3,35.1,1,0,0,0,0,0,1,0.69,0.0,0,1,1,0,0,0,0.0,1,1,0,0.0,1,download
synthetic_user_0190,09593622-ad83-4d14-8236-17bea51dbb13,2025-10-03T20:42:21,1,1,1,0,1,3,35.1,1,1,0,0,0,0,1,0.69,0.0,0,1,1,1,0,0,1.0,2,1,1,0.0,1,bookmark
synthetic_user_0124,e72c3d3b-cf36-4cc4-9a40-d8cc5d28df84,2025-10-03T23:26:28,1,1,1,0,1,3,43.27,1,0,0,0,0,0,1,0.41,0.0,0,1,1,0,0,0,0.0,1,1,0,0.0,1,download
synthetic_user_0124,e72c3d3b-cf36-4cc4-9a40-d8cc5d28df84,2025-10-03T23:32:57,1,1,1,0,1,3,43.28,1,1,0,0,0,0,1,0.41,0.0,0,1,1,1,0,0,1.0,2,1,1,0.0,1,like
synthetic_user_0124,e72c3d3b-cf36-4cc4-9a40-d8cc5d28df84,2025-10-03T23:38:55,1,1,1,0,1,3,43.28,1,1,1,0,0,0,1,0.41,0.0,0,1,1,1,1,0,1.0,3,1,1,0.0,1,bookmark
synthetic_user_0036,85526add-cd5a-4107-a07e-62ff3f493082,2025-10-04T05:28:44,1,1,1,0,1,3,41.68,1,0,0,0,0,0,0,0.41,0.0,0,0,1,0,0,0,0.0,1,1,0,0.0,1,download
synthetic_user_0045,40a8032b-e43c-43dc-ba5f-d650f1c0a979,2025-10-04T23:19:55,1,1,1,0,1,3,22.05,1,0,0,0,0,1,1,0.41,0.0,0,1,1,0,0,0,0.0,1,1,0,0.0,1,download
synthetic_user_0040,fbb68aab-9b3b-4e24-9109-ea047f927347,2025-10-05T00:06:13,1,1,1,0,1,3,49.62,1,0,0,0,0,1,3,1.03,0.0,0,1,1,0,0,0,0.0,1,1,0,0.0,1,download
synthetic_user_0040,fbb68aab-9b3b-4e24-9109-ea047f927347,2025-10-05T00:13:09,1,1,1,0,1,3,49.63,1,1,0,0,0,1,3,1.03,0.0,0,1,1,1,0,0,1.0,2,1,1,0.0,1,like
synthetic_user_0037,e72c3d3b-cf36-4cc4-9a40-d8cc5d28df84,2025-10-05T00:41:46,1,1,1,0,1,3,42.23,1,0,0,0,0,0,1,0.41,0.0,0,1,2,1,1,1,0.5,1,1,0,0.0,1,download
synthetic_user_0037,e72c3d3b-cf36-4cc4-9a40-d8cc5d28df84,2025-10-05T00:50:22,1,1,1,0,1,3,42.23,1,1,0,0,0,0,1,0.41,0.0,0,1,2,2,1,1,1.0,2,1,1,0.0,1,bookmark
synthetic_user_0024,fbb68aab-9b3b-4e24-9109-ea047f927347,2025-10-05T06:35:08,1,1,1,0,1,3,32.18,1,0,0,0,0,0,3,1.03,0.0,0,1,2,1,1,0,0.5,1,1,0,0.0,1,chat
synthetic_user_0170,59bf0b38-d7b5-4024-a66e-a03f1b47095d,2025-10-05T06:42:50,1,1,1,0,1,3,41.01,1,0,0,0,0,0,3,1.03,0.0,0,1,1,0,0,0,0.0,1,1,0,0.0,1,download
synthetic_user_0081,8706bbb8-8343-4edc-9af4-244b9cad76aa,2025-10-05T08:09:11,1,1,0,1,0,3,35.01,1,0,0,0,0,1,0,0.47,0.0,0,0,3,0,0,0,0.0,1,1,0,0.0,1,download
synthetic_user_0081,8706bbb8-8343-4edc-9af4-244b9cad76aa,2025-10-05T08:20:01,1,1,0,1,0,3,35.02,1,1,0,0,0,1,0,0.47,0.0,0,0,3,1,0,0,0.3333,2,1,1,0.0,1,chat
synthetic_user_0196,8706bbb8-8343-4edc-9af4-244b9cad76aa,2025-10-05T21:21:24,1,1,0,1,0,3,43.5,1,0,0,0,0,0,0,0.47,0.0,0,0,4,1,0,0,0.25,1,1,0,0.0,1,download
synthetic_user_0057,98a77293-8faf-4d27-8248-6eb91f481d8f,2025-10-06T07:33:12,1,1,1,0,1,3,28.46,1,0,0,0,0,0,0,0.58,0.0,0,0,1,0,0,0,0.0,1,1,0,0.0,1,repeat_view
synthetic_user_0057,98a77293-8faf-4d27-8248-6eb91f481d8f,2025-10-06T07:38:22,1,1,1,0,1,3,28.47,2,0,0,0,0,0,0,0.58,0.0,0,0,2,0,0,0,0.0,2,2,0,0.0,1,download
synthetic_user_0067,c5310615-4076-41e9-9064-736593600471,2025-10-06T18:44:54,1,1,1,0,1,3,35.69,1,0,0,0,0,0,0,1.03,0.0,0,0,1,0,0,0,0.0,1,1,0,0.0,1,repeat_view
synthetic_user_0118,f6081dfd-75ec-4719-a05b-6ec1f95df15f,2025-10-06T21:01:25,1,1,1,0,1,3,35.14,1,0,0,0,0,0,1,1.05,0.0,0,1,1,0,0,0,0.0,1,1,0,0.0,1,chat
synthetic_user_0118,f6081dfd-75ec-4719-a05b-6ec1f95df15f,2025-10-06T21:04:41,1,1,1,0,1,3,35.14,1,0,0,0,1,0,1,1.05,0.0,0,1,1,0,0,0,0.0,2,1,1,0.0,1,download
synthetic_user_0118,f6081dfd-75ec-4719-a05b-6ec1f95df15f,2025-10-06T21:13:42,1,1,1,0,1,3,35.14,1,1,0,0,1,0,1,1.05,0.0,0,1,1,1,0,0,1.0,3,1,1,0.0,1,bookmark
synthetic_user_0029,59bf0b38-d7b5-4024-a66e-a03f1b47095d,2025-10-06T21:23:22,1,1,1,0,1,3,46.04,1,0,0,0,0,1,3,1.03,0.0,0,1,2,1,0,0,0.5,1,1,0,0.0,1,download
synthetic_user_0029,59bf0b38-d7b5-4024-a66e-a03f1b47095d,2025-10-06T21:33:42,1,1,1,0,1,3,46.05,1,1,0,0,0,1,3,1.03,0.0,0,1,2,2,0,0,1.0,2,1,1,0.0,1,like
synthetic_user_0161,a8231f34-c157-4fcd-b08a-5a3420cc0cee,2025-10-07T19:02:45,1,1,1,0,1,3,50.37,1,0,0,0,0,0,1,0.69,0.0,0,1,1,0,0,0,0.0,1,1,0,0.0,1,download
synthetic_user_0171,40a8032b-e43c-43dc-ba5f-d650f1c0a979,2025-10-07T22:05:13,1,1,1,0,1,3,38.73,1,0,0,0,0,0,1,0.41,0.0,0,1,2,1,0,0,0.5,1,1,0,0.0,1,chat
synthetic_user_0103,09593622-ad83-4d14-8236-17bea51dbb13,2025-10-07T23:31:30,1,1,1,0,1,3,24.13,1,0,0,0,0,0,1,0.69,0.0,0,1,2,1,0,1,0.5,1,1,0,0.0,1,download
synthetic_user_0103,09593622-ad83-4d14-8236-17bea51dbb13,2025-10-07T23:41:41,1,1,1,0,1,3,24.14,1,1,0,0,0,0,1,0.69,0.0,0,1,2,2,0,1,1.0,2,1,1,0.0,1,repeat_view
synthetic_user_0103,09593622-ad83-4d14-8236-17bea51dbb13,2025-10-07T23:49:17,1,1,1,0,1,3,24.14,2,1,0,0,0,0,1,0.69,0.0,0,1,3,2,0,1,0.6667,3,2,1,0.0,1,download
synthetic_user_0103,09593622-ad83-4d14-8236-17bea51dbb13,2025-10-07T23:54:40,1,1,1,0,1,3,24.15,2,2,0,0,0,0,1,0.69,0.0,0,1,3,3,0,1,1.0,4,2,1,0.0,1,like
synthetic_user_0103,09593622-ad83-4d14-8236-17bea51dbb13,2025-10-07T23:57:03,1,1,1,0,1,3,24.15,2,2,1,0,0,0,1,0.69,0.0,0,1,3,3,1,1,1.0,5,2,1,0.0,1,chat
synthetic_user_0103,09593622-ad83-4d14-8236-17bea51dbb13,2025-10-07T23:59:02,1,1,1,0,1,3,24.15,2,2,1,0,1,0,1,0.69,0.0,0,1,3,3,1,1,1.0,6,2,1,0.0,1,bookmark
synthetic_user_0049,2c1e63cb-30f5-4e05-92af-ea93368ef4ab,2025-10-08T04:31:15,1,1,1,0,1,3,24.31,1,0,0,0,0,0,1,0.41,0.0,0,1,2,0,0,0,0.0,1,1,0,0.0,1,download
synthetic_user_0049,2c1e63cb-30f5-4e05-92af-ea93368ef4ab,2025-10-08T04:36:13,1,1,1,0,1,3,24.31,1,1,0,0,0,0,1,0.41,0.0,0,1,2,1,0,0,0.5,2,1,1,0.0,1,bookmark
synthetic_user_0170,59bf0b38-d7b5-4024-a66e-a03f1b47095d,2025-10-08T18:39:45,1,1,1,0,1,3,44.51,1,1,0,0,0,0,3,1.03,0.0,0,1,2,2,1,0,1.0,2,1,1,0.0,1,repeat_view
synthetic_user_0180,e72c3d3b-cf36-4cc4-9a40-d8cc5d28df84,2025-10-08T19:01:29,1,1,1,0,1,3,31.81,1,0,0,0,0,0,1,0.41,0.0,0,1,4,2,1,2,0.5,1,1,0,0.0,1,download
synthetic_user_0180,e72c3d3b-cf36-4cc4-9a40-d8cc5d28df84,2025-10-08T19:07:28,1,1,1,0,1,3,31.82,1,1,0,0,0,0,1,0.41,0.0,0,1,4,3,1,2,0.75,2,1,1,0.0,1,like
synthetic_user_0011,a18002e2-24a3-4da4-b558-ea8cadcb047e,2025-10-09T03:28:25,1,1,1,0,1,3,36.05,1,0,0,0,0,1,0,0.58,0.0,0,0,2,0,0,0,0.0,1,1,0,0.0,1,download
synthetic_user_0182,c5310615-4076-41e9-9064-736593600471,2025-10-09T04:04:36,1,1,1,0,1,3,26.97,1,0,0,0,0,1,0,1.03,0.0,0,0,3,0,0,0,0.0,1,1,0,0.0,1,download
synthetic_user_0100,830353af-6497-4bc7-bab8-08114b64b682,2025-10-09T06:23:12,1,1,1,0,1,3,36.56,1,0,0,0,0,0,0,1.05,0.0,0,0,2,0,0,0,0.0,1,1,0,0.0,1,download
synthetic_user_0177,ea97dfce-6731-4b1d-9b03-485d04de4867,2025-10-09T22:50:15,1,1,1,0,1,3,27.91,1,0,0,0,0,1,3,1.03,0.0,0,1,3,0,0,0,0.0,1,1,0,0.0,1,repeat_view
synthetic_user_0031,dcf38bea-591e-47ae-aaaf-e01b841cc3b3,2025-10-10T18:53:51,1,1,1,0,1,3,41.47,1,0,0,0,0,0,1,0.69,0.0,0,1,1,0,0,0,0.0,1,1,0,0.0,1,chat
synthetic_user_0172,98a77293-8faf-4d27-8248-6eb91f481d8f,2025-10-10T23:30:41,1,1,1,0,1,3,43.91,2,0,0,0,0,0,0,0.58,0.0,0,0,3,1,0,0,0.3333,2,1,0,0.0,1,download
synthetic_user_0172,98a77293-8faf-4d27-8248-6eb91f481d8f,2025-10-10T23:36:07,1,1,1,0,1,3,43.92,2,1,0,0,0,0,0,0.58,0.0,0,0,3,2,0,0,0.6667,3,1,1,0.0,1,bookmark
synthetic_user_0172,98a77293-8faf-4d27-8248-6eb91f481d8f,2025-10-10T23:47:00,1,1,1,0,1,3,43.93,2,1,0,1,0,0,0,0.58,0.0,0,0,3,2,0,1,0.6667,4,1,1,0.0,1,chat
synthetic_user_0155,8706bbb8-8343-4edc-9af4-244b9cad76aa,2025-10-11T01:46:07,1,1,0,1,0,3,35.09,1,0,0,0,0,0,0,0.47,0.0,0,0,7,2,0,0,0.2857,1,1,0,0.0,1,download
synthetic_user_0155,8706bbb8-8343-4edc-9af4-244b9cad76aa,2025-10-11T01:49:29,1,1,0,1,0,3,35.09,1,1,0,0,0,0,0,0.47,0.0,0,0,7,3,0,0,0.4286,2,1,1,0.0,1,like
synthetic_user_0064,8706bbb8-8343-4edc-9af4-244b9cad76aa,2025-10-11T07:56:22,1,1,1,0,1,4,35.69,1,0,0,0,0,0,0,0.47,0.0,0,0,8,3,1,0,0.375,1,1,0,0.0,1,chat
synthetic_user_0057,98a77293-8faf-4d27-8248-6eb91f481d8f,2025-10-11T18:45:37,1,1,1,0,1,3,33.93,3,1,0,0,0,0,0,0.58,0.0,0,0,4,2,0,1,0.5,4,3,1,0.0,1,download
synthetic_user_0057,98a77293-8faf-4d27-8248-6eb91f481d8f,2025-10-11T18:58:18,1,1,1,0,1,3,33.94,3,2,0,0,0,0,0,0.58,0.0,0,0,4,3,0,1,0.75,5,3,1,0.0,1,bookmark
synthetic_user_0079,bd6bddb1-3e29-4767-a194-6196e46f7456,2025-10-12T07:06:04,1,1,1,0,1,3,29.68,1,0,0,0,0,0,1,0.41,0.0,0,1,1,0,0,0,0.0,1,1,0,0.0,1,chat
synthetic_user_0121,087164bc-8a57-44b1-bd06-0644f475917b,2025-10-15T02:06:14,1,1,1,0,1,3,44.19,1,0,0,0,0,0,0,0.58,0.0,0,0,1,0,0,0,0.0,1,1,0,0.0,1,chat
synthetic_user_0031,8706bbb8-8343-4edc-9af4-244b9cad76aa,2025-10-15T07:43:47,1,1,0,1,0,3,46.0,2,0,0,0,1,0,0,0.47,0.0,0,0,14,3,1,0,0.2143,1,1,1,0.0,1,download
synthetic_user_0031,8706bbb8-8343-4edc-9af4-244b9cad76aa,2025-10-15T07:48:26,1,1,0,1,0,3,46.01,2,1,0,0,1,0,0,0.47,0.0,0,0,14,4,1,0,0.2857,2,1,2,0.0,1,like
synthetic_user_0078,2c1e63cb-30f5-4e05-92af-ea93368ef4ab,2025-10-15T09:09:29,1,1,1,0,1,3,34.24,2,0,0,0,0,0,1,0.41,0.0,0,1,3,1,0,1,0.3333,2,1,0,0.0,1,download
synthetic_user_0115,2c1e63cb-30f5-4e05-92af-ea93368ef4ab,2025-10-15T20:09:43,1,1,1,0,1,3,55.73,1,0,0,0,0,1,1,0.41,0.0,0,1,4,2,0,1,0.5,1,1,0,0.0,1,chat
synthetic_user_0132,85526add-cd5a-4107-a07e-62ff3f493082,2025-10-16T19:56:07,1,1,1,0,1,3,41.37,1,0,0,0,0,1,0,0.41,0.0,0,0,2,1,0,0,0.5,1,1,0,0.0,1,download
synthetic_user_0051,e72c3d3b-cf36-4cc4-9a40-d8cc5d28df84,2025-10-17T06:23:36,1,1,1,0,1,3,35.18,1,0,0,0,0,1,1,0.41,0.0,0,1,5,3,2,2,0.6,1,1,0,0.0,1,download
synthetic_user_0173,8b44ea69-a5bb-4779-8c63-bf20e4da58c7,2025-10-17T18:49:08,1,1,1,0,1,3,55.54,1,0,0,0,0,1,1,0.69,0.0,0,1,1,0,0,0,0.0,1,1,0,0.0,1,download
synthetic_user_0173,8b44ea69-a5bb-4779-8c63-bf20e4da58c7,2025-10-17T18:50:28,1,1,1,0,1,3,55.54,1,1,0,0,0,1,1,0.69,0.0,0,1,1,1,0,0,1.0,2,1,1,0.0,1,chat
synthetic_user_0173,8b44ea69-a5bb-4779-8c63-bf20e4da58c7,2025-10-17T18:58:04,1,1,1,0,1,3,55.55,1,1,0,0,1,1,1,0.69,0.0,0,1,1,1,0,0,1.0,3,1,1,0.0,1,bookmark
synthetic_user_0031,8706bbb8-8343-4edc-9af4-244b9cad76aa,2025-10-17T19:45:09,1,1,0,1,0,3,48.51,2,1,1,0,1,0,0,0.47,0.0,0,0,14,4,2,0,0.2857,3,1,2,0.0,1,repeat_view
synthetic_user_0031,8706bbb8-8343-4edc-9af4-244b9cad76aa,2025-10-17T19:53:38,1,1,0,1,0,3,48.51,3,1,1,0,1,0,0,0.47,0.0,0,0,15,4,2,0,0.2667,4,2,2,0.0,1,download
synthetic_user_0107,087164bc-8a57-44b1-bd06-0644f475917b,2025-10-17T20:05:17,1,1,1,0,1,3,41.9,1,0,0,0,0,1,0,0.58,0.0,0,0,2,0,0,0,0.0,1,1,0,0.0,1,download
synthetic_user_0107,087164bc-8a57-44b1-bd06-0644f475917b,2025-10-17T20:10:54,1,1,1,0,1,3,41.9,1,1,0,0,0,1,0,0.58,0.0,0,0,2,1,0,0,0.5,2,1,1,0.0,1,like
synthetic_user_0107,087164bc-8a57-44b1-bd06-0644f475917b,2025-10-17T20:20:05,1,1,1,0,1,3,41.91,1,1,1,0,0,1,0,0.58,0.0,0,0,2,1,1,0,0.5,3,1,1,0.0,1,chat
synthetic_user_0132,85526add-cd5a-4107-a07e-62ff3f493082,2025-10-18T02:03:18,1,1,1,0,1,3,42.63,1,1,0,0,0,1,0,0.41,0.0,0,0,2,2,0,0,1.0,2,1,1,0.0,1,repeat_view
synthetic_user_0132,85526add-cd5a-4107-a07e-62ff3f493082,2025-10-18T02:12:37,1,1,1,0,1,3,42.64,2,1,0,0,0,1,0,0.41,0.0,0,0,3,2,0,0,0.6667,3,2,1,0.0,1,chat
synthetic_user_0132,85526add-cd5a-4107-a07e-62ff3f493082,2025-10-18T02:13:04,1,1,1,0,1,3,42.64,2,1,0,0,1,1,0,0.41,0.0,0,0,3,2,0,0,0.6667,4,2,1,0.0,1,download
synthetic_user_0132,85526add-cd5a-4107-a07e-62ff3f493082,2025-10-18T02:16:55,1,1,1,0,1,3,42.64,2,2,0,0,1,1,0,0.41,0.0,0,0,3,3,0,0,1.0,5,2,1,0.0,1,bookmark
synthetic_user_0049,2c1e63cb-30f5-4e05-92af-ea93368ef4ab,2025-10-18T20:05:57,1,1,1,0,1,3,34.96,1,1,0,1,0,0,1,0.41,0.0,0,1,4,2,0,1,0.5,3,1,1,0.0,1,repeat_view
synthetic_user_0049,2c1e63cb-30f5-4e05-92af-ea93368ef4ab,2025-10-18T20:17:36,1,1,1,0,1,3,34.97,2,1,0,1,0,0,1,0.41,0.0,0,1,5,2,0,1,0.4,4,2,1,0.0,1,download
synthetic_user_0049,2c1e63cb-30f5-4e05-92af-ea93368ef4ab,2025-10-18T20:23:07,1,1,1,0,1,3,34.97,2,2,0,1,0,0,1,0.41,0.0,0,1,5,3,0,1,0.6,5,2,1,0.0,1,like
synthetic_user_0120,8706bbb8-8343-4edc-9af4-244b9cad76aa,2025-10-19T01:14:17,1,1,0,1,0,3,57.21,1,0,0,0,0,0,0,0.47,0.0,0,0,17,5,2,0,0.2941,1,1,0,0.0,1,download
synthetic_user_0103,09593622-ad83-4d14-8236-17bea51dbb13,2025-10-19T06:34:38,1,1,1,0,1,3,35.43,3,2,1,1,1,0,1,0.69,0.0,0,1,4,3,1,2,0.75,8,3,1,0.0,1,chat
synthetic_user_0081,8706bbb8-8343-4edc-9af4-244b9cad76aa,2025-10-19T23:55:06,1,1,0,1,0,3,49.67,1,1,0,0,1,1,0,0.47,0.0,0,0,17,6,2,0,0.3529,3,1,1,0.0,1,repeat_view
synthetic_user_0081,8706bbb8-8343-4edc-9af4-244b9cad76aa,2025-10-20T00:21:28,1,1,0,1,0,3,49.69,2,1,0,0,1,1,0,0.47,0.0,0,0,18,6,2,0,0.3333,4,2,1,0.0,1,chat
synthetic_user_0065,98a77293-8faf-4d27-8248-6eb91f481d8f,2025-10-20T02:16:14,1,1,1,0,1,3,39.72,1,0,0,0,0,1,0,0.58,0.0,0,0,5,3,0,2,0.6,1,1,0,0.0,1,download
synthetic_user_0012,c5310615-4076-41e9-9064-736593600471,2025-10-20T03:28:07,1,1,1,0,1,3,59.63,1,0,0,0,0,1,0,1.03,0.0,0,0,5,1,0,0,0.2,1,1,0,0.0,1,download
synthetic_user_0012,c5310615-4076-41e9-9064-736593600471,2025-10-20T03:32:25,1,1,1,0,1,3,59.63,1,1,0,0,0,1,0,1.03,0.0,0,0,6,2,0,0,0.3333,2,1,1,0.0,1,chat
synthetic_user_0012,c5310615-4076-41e9-9064-736593600471,2025-10-20T03:33:10,1,1,1,0,1,3,59.63,1,1,0,0,1,1,0,1.03,0.0,0,0,6,2,0,0,0.3333,3,1,1,0.0,1,bookmark
synthetic_user_0105,c5310615-4076-41e9-9064-736593600471,2025-10-20T03:36:45,1,1,1,0,1,3,62.32,1,0,0,0,0,0,0,1.03,0.0,0,0,6,2,0,1,0.3333,1,1,0,0.0,1,chat
synthetic_user_0140,a18002e2-24a3-4da4-b558-ea8cadcb047e,2025-10-21T00:01:32,1,1,1,0,1,3,59.19,1,0,0,0,0,0,0,0.58,0.0,0,0,3,1,0,0,0.3333,1,1,0,0.0,1,chat
synthetic_user_0140,a18002e2-24a3-4da4-b558-ea8cadcb047e,2025-10-21T00:02:42,1,1,1,0,1,3,59.19,1,0,0,0,1,0,0,0.58,0.0,0,0,3,1,0,0,0.3333,2,1,1,0.0,1,download
synthetic_user_0140,a18002e2-24a3-4da4-b558-ea8cadcb047e,2025-10-21T00:04:20,1,1,1,0,1,3,59.19,1,1,0,0,1,0,0,0.58,0.0,0,0,3,2,0,0,0.6667,3,1,1,0.0,1,bookmark
synthetic_user_0171,40a8032b-e43c-43dc-ba5f-d650f1c0a979,2025-10-21T00:56:20,1,1,1,0,1,3,51.85,1,0,0,0,1,0,1,0.41,0.0,0,1,2,1,0,0,0.5,2,1,1,0.0,1,repeat_view
synthetic_user_0171,40a8032b-e43c-43dc-ba5f-d650f1c0a979,2025-10-21T00:58:54,1,1,1,0,1,3,51.85,2,0,0,0,1,0,1,0.41,0.0,0,1,3,1,0,0,0.3333,3,2,1,0.0,1,download
synthetic_user_0171,40a8032b-e43c-43dc-ba5f-d650f1c0a979,2025-10-21T01:07:21,1,1,1,0,1,3,51.85,2,1,0,0,1,0,1,0.41,0.0,0,1,3,2,0,0,0.6667,4,2,1,0.0,1,chat
synthetic_user_0171,40a8032b-e43c-43dc-ba5f-d650f1c0a979,2025-10-21T01:08:42,1,1,1,0,1,3,51.86,2,1,0,0,2,0,1,0.41,0.0,0,1,3,2,0,0,0.6667,5,2,1,0.0,1,like
synthetic_user_0171,40a8032b-e43c-43dc-ba5f-d650f1c0a979,2025-10-21T01:13:17,1,1,1,0,1,3,51.86,2,1,1,0,2,0,1,0.41,0.0,0,1,3,2,1,0,0.6667,6,2,1,0.0,1,bookmark
synthetic_user_0028,dcd20897-e14a-43fc-b2ba-66bb4a569874,2025-10-21T09:13:11,1,1,1,0,1,3,45.12,2,0,0,0,0,0,1,0.69,0.0,0,1,2,0,0,0,0.0,2,1,0,0.0,1,chat
synthetic_user_0031,8706bbb8-8343-4edc-9af4-244b9cad76aa,2025-10-21T18:21:56,1,1,0,1,0,3,52.45,4,2,1,0,1,0,0,0.47,0.0,0,0,19,6,2,0,0.3158,6,3,2,0.0,1,download
synthetic_user_0031,8706bbb8-8343-4edc-9af4-244b9cad76aa,2025-10-21T18:23:40,1,1,0,1,0,3,52.45,4,3,1,0,1,0,0,0.47,0.0,0,0,19,7,2,0,0.3684,7,3,2,0.0,1,bookmark
synthetic_user_0173,8b44ea69-a5bb-4779-8c63-bf20e4da58c7,2025-10-21T21:31:06,1,1,1,0,1,3,59.65,1,1,0,1,1,1,1,0.69,0.0,0,1,1,1,0,1,1.0,4,1,1,0.0,1,repeat_view
synthetic_user_0173,8b44ea69-a5bb-4779-8c63-bf20e4da58c7,2025-10-21T21:33:36,1,1,1,0,1,3,59.66,2,1,0,1,1,1,1,0.69,0.0,0,1,2,1,0,1,0.5,5,2,1,0.0,1,download
synthetic_user_0151,a8231f34-c157-4fcd-b08a-5a3420cc0cee,2025-10-21T22:48:56,1,1,1,0,1,3,51.79,1,0,0,0,0,0,1,0.69,0.0,0,1,2,1,0,0,0.5,1,1,0,0.0,1,chat
synthetic_user_0165,f6081dfd-75ec-4719-a05b-6ec1f95df15f,2025-10-22T00:05:41,1,1,1,0,1,3,57.86,1,0,0,0,0,0,1,1.05,0.0,0,1,5,1,0,1,0.2,1,1,0,0.0,1,chat
synthetic_user_0173,8b44ea69-a5bb-4779-8c63-bf20e4da58c7,2025-10-22T02:00:56,1,1,1,0,1,3,59.84,3,2,0,1,1,1,1,0.69,0.0,0,1,3,2,0,1,0.6667,7,3,1,0.0,1,download
synthetic_user_0197,8706bbb8-8343-4edc-9af4-244b9cad76aa,2025-10-22T02:51:28,1,1,1,0,1,4,37.82,1,0,0,0,0,0,0,0.47,0.0,0,0,19,7,2,1,0.3684,1,1,0,0.0,1,repeat_view
synthetic_user_0197,8706bbb8-8343-4edc-9af4-244b9cad76aa,2025-10-22T03:08:22,1,1,1,0,1,4,37.84,2,0,0,0,0,0,0,0.47,0.0,0,0,20,7,2,1,0.35,2,2,0,0.0,1,chat
synthetic_user_0188,98a77293-8faf-4d27-8248-6eb91f481d8f,2025-10-22T03:56:11,1,1,1,0,1,3,64.86,1,0,0,0,0,0,0,0.58,0.0,0,0,6,4,0,2,0.6667,1,1,0,0.0,1,download
synthetic_user_0188,98a77293-8faf-4d27-8248-6eb91f481d8f,2025-10-22T04:00:32,1,1,1,0,1,3,64.87,1,1,0,0,0,0,0,0.58,0.0,0,0,6,5,0,2,0.8333,2,1,1,0.0,1,like
synthetic_user_0188,98a77293-8faf-4d27-8248-6eb91f481d8f,2025-10-22T04:09:34,1,1,1,0,1,3,64.87,1,1,1,0,0,0,0,0.58,0.0,0,0,6,5,1,2,0.8333,3,1,1,0.0,1,bookmark
synthetic_user_0171,40a8032b-e43c-43dc-ba5f-d650f1c0a979,2025-10-22T05:11:36,1,1,1,0,1,3,53.02,3,1,1,1,2,0,1,0.41,0.0,0,1,4,2,1,1,0.5,8,3,1,0.0,1,download
synthetic_user_0171,40a8032b-e43c-43dc-ba5f-d650f1c0a979,2025-10-22T05:19:48,1,1,1,0,1,3,53.03,3,2,1,1,2,0,1,0.41,0.0,0,1,4,3,1,1,0.75,9,3,1,0.0,1,like
synthetic_user_0049,2c1e63cb-30f5-4e05-92af-ea93368ef4ab,2025-10-22T08:02:03,1,1,1,0,1,3,38.46,3,2,1,1,0,0,1,0.41,0.0,0,1,6,3,1,1,0.5,7,3,1,0.0,1,download
synthetic_user_0093,b1e94dc4-e19f-4e9b-85e1-69c3b4ab0e97,2025-10-22T08:52:34,1,1,1,0,1,3,65.02,1,0,0,0,0,0,3,1.03,0.0,0,1,2,0,0,0,0.0,1,1,0,0.0,1,download
synthetic_user_0093,b1e94dc4-e19f-4e9b-85e1-69c3b4ab0e97,2025-10-22T08:53:38,1,1,1,0,1,3,65.02,1,1,0,0,0,0,3,1.03,0.0,0,1,2,1,0,0,0.5,2,1,1,0.0,1,like
synthetic_user_0093,b1e94dc4-e19f-4e9b-85e1-69c3b4ab0e97,2025-10-22T09:04:50,1,1,1,0,1,3,65.03,1,1,1,0,0,0,3,1.03,0.0,0,1,2,1,1,0,0.5,3,1,1,0.0,1,bookmark
synthetic_user_0190,09593622-ad83-4d14-8236-17bea51dbb13,2025-10-24T03:17:49,1,1,1,0,1,3,55.38,1,1,0,1,0,0,1,0.69,0.0,0,1,5,3,1,2,0.6,3,1,1,0.0,1,repeat_view
synthetic_user_0109,7c1af9a0-cf09-4356-8c0d-d762fbb21208,2025-10-24T05:28:08,1,1,1,0,1,1,49.16,1,0,0,0,0,0,1,1.76,0.0,0,1,5,0,0,0,0.0,1,1,0,0.0,1,download
synthetic_user_0145,2c1e63cb-30f5-4e05-92af-ea93368ef4ab,2025-10-25T00:02:54,1,1,1,0,1,3,56.44,1,0,0,0,0,0,1,0.41,0.0,0,1,7,4,1,1,0.5714,1,1,0,0.0,1,chat
synthetic_user_0088,8706bbb8-8343-4edc-9af4-244b9cad76aa,2025-10-25T05:00:27,1,1,0,1,0,3,43.2,1,0,0,0,0,0,0,0.47,0.0,0,0,22,7,2,1,0.3182,1,1,0,0.0,1,download
synthetic_user_0104,8706bbb8-8343-4edc-9af4-244b9cad76aa,2025-10-25T05:42:24,1,1,1,0,1,4,58.56,1,0,0,0,0,1,0,0.47,0.0,0,0,23,8,2,1,0.3478,1,1,0,0.0,1,download
synthetic_user_0104,8706bbb8-8343-4edc-9af4-244b9cad76aa,2025-10-25T05:53:12,1,1,1,0,1,4,58.57,1,1,0,0,0,1,0,0.47,0.0,0,0,23,9,2,1,0.3913,2,1,1,0.0,1,bookmark
synthetic_user_0113,087164bc-8a57-44b1-bd06-0644f475917b,2025-10-25T07:25:55,1,1,1,0,1,3,62.25,1,0,0,0,0,1,0,0.58,0.0,0,0,4,1,1,0,0.25,1,1,0,0.0,1,download
synthetic_user_0180,8706bbb8-8343-4edc-9af4-244b9cad76aa,2025-10-25T08:23:38,1,1,0,1,0,3,48.37,2,1,1,0,0,0,0,0.47,0.0,0,0,24,9,2,2,0.375,1,1,1,0.0,1,chat
synthetic_user_0200,830353af-6497-4bc7-bab8-08114b64b682,2025-10-25T21:19:53,1,1,1,0,1,3,51.37,1,0,0,0,0,0,0,1.05,0.0,0,0,4,1,0,0,0.25,1,1,0,0.0,1,download
synthetic_user_0200,830353af-6497-4bc7-bab8-08114b64b682,2025-10-25T21:36:34,1,1,1,0,1,3,51.38,1,1,0,0,0,0,0,1.05,0.0,0,0,4,2,0,0,0.5,2,1,1,0.0,1,chat
synthetic_user_0197,8706bbb8-8343-4edc-9af4-244b9cad76aa,2025-10-26T00:53:26,1,1,1,0,1,4,41.74,3,0,0,0,1,0,0,0.47,0.0,0,0,25,9,2,2,0.36,4,3,1,0.0,1,download
synthetic_user_0085,7c1af9a0-cf09-4356-8c0d-d762fbb21208,2025-10-26T00:53:35,0,0,0,2,0,3,70.35,1,0,0,0,0,0,1,1.76,0.0,0,1,5,1,0,0,0.2,1,1,0,0.0,1,repeat_view
synthetic_user_0079,830353af-6497-4bc7-bab8-08114b64b682,2025-10-26T20:00:12,1,1,1,0,1,3,44.22,2,0,0,0,1,0,0,1.05,0.0,0,0,5,2,0,0,0.4,3,1,1,0.0,1,download
synthetic_user_0079,830353af-6497-4bc7-bab8-08114b64b682,2025-10-26T20:15:49,1,1,1,0,1,3,44.23,2,1,0,0,1,0,0,1.05,0.0,0,0,5,3,0,0,0.6,4,1,2,0.0,1,chat
synthetic_user_0180,8706bbb8-8343-4edc-9af4-244b9cad76aa,2025-10-27T06:26:36,1,1,0,1,0,3,50.29,2,1,1,0,1,0,0,0.47,0.0,0,0,25,10,2,2,0.4,2,1,2,0.0,1,repeat_view
synthetic_user_0180,8706bbb8-8343-4edc-9af4-244b9cad76aa,2025-10-27T06:54:33,1,1,0,1,0,3,50.31,3,1,1,0,1,0,0,0.47,0.0,0,0,26,10,2,2,0.3846,3,2,2,0.0,1,chat
synthetic_user_0054,8706bbb8-8343-4edc-9af4-244b9cad76aa,2025-10-28T00:06:24,1,1,0,1,0,3,43.21,1,0,0,0,0,1,0,0.47,0.0,0,0,27,10,2,2,0.3704,1,1,0,0.0,1,download
synthetic_user_0194,a18002e2-24a3-4da4-b558-ea8cadcb047e,2025-10-28T01:26:43,1,1,1,0,1,3,45.95,2,0,0,0,0,1,0,0.58,0.0,0,0,6,2,0,1,0.3333,2,1,0,0.0,1,download
synthetic_user_0052,8b44ea69-a5bb-4779-8c63-bf20e4da58c7,2025-10-28T06:46:35,1,1,1,0,1,3,62.44,1,0,0,0,0,0,1,0.69,0.0,0,1,4,3,0,1,0.75,1,1,0,0.0,1,download
synthetic_user_0052,8b44ea69-a5bb-4779-8c63-bf20e4da58c7,2025-10-28T06:51:01,1,1,1,0,1,3,62.45,1,1,0,0,0,0,1,0.69,0.0,0,1,4,4,0,1,1.0,2,1,1,0.0,1,like
synthetic_user_0051,e72c3d3b-cf36-4cc4-9a40-d8cc5d28df84,2025-10-28T07:51:24,1,1,1,0,1,3,46.24,1,1,0,0,0,1,1,0.41,0.0,0,1,5,4,2,2,0.8,2,1,1,0.0,1,repeat_view
synthetic_user_0121,2c1e63cb-30f5-4e05-92af-ea93368ef4ab,2025-10-29T08:04:28,1,1,1,0,1,3,58.44,2,0,0,0,1,0,1,0.41,0.0,0,1,8,4,1,1,0.5,3,1,1,0.0,1,chat
synthetic_user_0024,fbb68aab-9b3b-4e24-9109-ea047f927347,2025-10-29T18:25:03,1,1,1,0,1,3,56.67,1,0,0,0,1,0,3,1.03,0.0,0,1,3,1,1,0,0.3333,2,1,1,0.0,1,repeat_view
synthetic_user_0024,fbb68aab-9b3b-4e24-9109-ea047f927347,2025-10-29T18:46:11,1,1,1,0,1,3,56.68,2,0,0,0,1,0,3,1.03,0.0,0,1,4,1,1,0,0.25,3,2,1,0.0,1,chat
synthetic_user_0054,8706bbb8-8343-4edc-9af4-244b9cad76aa,2025-10-29T22:24:41,1,1,0,1,0,3,45.14,2,1,0,0,0,1,0,0.47,0.0,0,0,27,11,2,2,0.4074,2,1,1,0.0,1,repeat_view
synthetic_user_0054,8706bbb8-8343-4edc-9af4-244b9cad76aa,2025-10-29T22:38:09,1,1,0,1,0,3,45.14,3,1,0,0,0,1,0,0.47,0.0,0,0,28,11,2,2,0.3929,3,2,1,0.0,1,download
synthetic_user_0145,2c1e63cb-30f5-4e05-92af-ea93368ef4ab,2025-10-29T22:47:13,1,1,1,0,1,3,61.39,1,0,0,0,1,0,1,0.41,0.0,0,1,8,4,1,1,0.5,2,1,1,0.0,1,repeat_view
synthetic_user_0145,2c1e63cb-30f5-4e05-92af-ea93368ef4ab,2025-10-29T22:50:41,1,1,1,0,1,3,61.39,2,0,0,0,1,0,1,0.41,0.0,0,1,9,4,1,1,0.4444,3,2,1,0.0,1,download
synthetic_user_0145,2c1e63cb-30f5-4e05-92af-ea93368ef4ab,2025-10-29T22:54:44,1,1,1,0,1,3,61.39,2,1,0,0,1,0,1,0.41,0.0,0,1,9,5,1,1,0.5556,4,2,1,0.0,1,bookmark
synthetic_user_0193,dcf38bea-591e-47ae-aaaf-e01b841cc3b3,2025-10-30T18:59:15,1,1,1,0,1,3,54.04,1,0,0,0,0,0,1,0.69,0.0,0,1,3,0,0,0,0.0,1,1,0,0.0,1,download
synthetic_user_0193,dcf38bea-591e-47ae-aaaf-e01b841cc3b3,2025-10-30T19:03:13,1,1,1,0,1,3,54.04,1,1,0,0,0,0,1,0.69,0.0,0,1,3,1,0,0,0.3333,2,1,1,0.0,1,like
synthetic_user_0042,dcd20897-e14a-43fc-b2ba-66bb4a569874,2025-10-30T21:41:29,1,1,1,0,1,3,73.41,1,0,0,0,0,0,1,0.69,0.0,0,1,3,0,0,0,0.0,1,1,0,0.0,1,download
synthetic_user_0042,dcd20897-e14a-43fc-b2ba-66bb4a569874,2025-10-30T21:45:31,1,1,1,0,1,3,73.42,1,1,0,0,0,0,1,0.69,0.0,0,1,3,1,0,0,0.3333,2,1,1,0.0,1,bookmark
synthetic_user_0042,dcd20897-e14a-43fc-b2ba-66bb4a569874,2025-10-30T21:51:33,1,1,1,0,1,3,73.42,1,1,0,1,0,0,1,0.69,0.0,0,1,3,1,0,1,0.3333,3,1,1,0.0,1,like
synthetic_user_0157,830353af-6497-4bc7-bab8-08114b64b682,2025-10-30T23:45:26,1,1,1,0,1,3,48.83,1,0,0,0,0,0,0,1.05,0.0,0,0,5,3,0,0,0.6,1,1,0,0.0,1,repeat_view
synthetic_user_0157,830353af-6497-4bc7-bab8-08114b64b682,2025-10-30T23:55:42,1,1,1,0,1,3,48.84,2,0,0,0,0,0,0,1.05,0.0,0,0,6,3,0,0,0.5,2,2,0,0.0,1,chat
synthetic_user_0096,ea97dfce-6731-4b1d-9b03-485d04de4867,2025-10-31T05:09:54,1,1,1,0,1,3,68.72,1,0,0,0,0,0,3,1.03,0.0,0,1,5,0,0,0,0.0,1,1,0,0.0,1,download
synthetic_user_0096,ea97dfce-6731-4b1d-9b03-485d04de4867,2025-10-31T05:21:57,1,1,1,0,1,3,68.72,1,1,0,0,0,0,3,1.03,0.0,0,1,5,1,0,0,0.2,2,1,1,0.0,1,bookmark
synthetic_user_0060,5a0f55cf-16af-4459-9030-0c7c6e11207f,2025-10-31T08:44:30,1,1,1,0,1,3,65.33,2,0,0,0,0,1,0,0.58,0.0,0,0,2,0,0,0,0.0,1,1,0,0.0,1,download
synthetic_user_0118,f6081dfd-75ec-4719-a05b-6ec1f95df15f,2025-10-31T18:05:26,1,1,1,0,1,3,60.01,1,1,0,1,1,0,1,1.05,0.0,0,1,7,1,0,1,0.1429,4,1,1,0.0,1,repeat_view
synthetic_user_0066,5a0f55cf-16af-4459-9030-0c7c6e11207f,2025-10-31T22:31:32,1,1,1,0,1,3,57.57,1,0,0,0,0,1,0,0.58,0.0,0,0,3,1,0,0,0.3333,1,1,0,0.0,1,chat
synthetic_user_0086,a18002e2-24a3-4da4-b558-ea8cadcb047e,2025-11-01T05:36:39,1,1,1,0,1,3,47.83,1,0,0,0,0,0,0,0.58,0.0,0,0,7,3,0,1,0.4286,1,1,0,0.0,1,repeat_view
synthetic_user_0086,a18002e2-24a3-4da4-b558-ea8cadcb047e,2025-11-01T05:57:58,1,1,1,0,1,3,47.84,2,0,0,0,0,0,0,0.58,0.0,0,0,8,3,0,1,0.375,2,2,0,0.0,1,chat
synthetic_user_0109,7c1af9a0-cf09-4356-8c0d-d762fbb21208,2025-11-01T07:28:14,1,1,1,0,1,1,57.24,1,1,0,0,0,0,1,1.76,0.0,0,1,7,1,0,0,0.1429,2,1,1,0.0,1,repeat_view
synthetic_user_0067,087164bc-8a57-44b1-bd06-0644f475917b,2025-11-02T02:06:18,1,1,1,0,1,3,61.99,3,0,0,0,0,0,0,0.58,0.0,0,0,4,2,1,0,0.5,3,1,0,0.0,1,repeat_view
synthetic_user_0117,a8231f34-c157-4fcd-b08a-5a3420cc0cee,2025-11-02T08:24:24,1,1,1,0,1,3,62.69,1,0,0,0,0,1,1,0.69,0.0,0,1,4,1,0,0,0.25,1,1,0,0.0,1,download
synthetic_user_0117,a8231f34-c157-4fcd-b08a-5a3420cc0cee,2025-11-02T08:33:45,1,1,1,0,1,3,62.69,1,1,0,0,0,1,1,0.69,0.0,0,1,4,2,0,0,0.5,2,1,1,0.0,1,bookmark
synthetic_user_0077,ea97dfce-6731-4b1d-9b03-485d04de4867,2025-11-02T18:12:29,1,1,1,0,1,3,59.9,1,0,0,0,0,0,3,1.03,0.0,0,1,5,1,0,1,0.2,1,1,0,0.0,1,repeat_view
synthetic_user_0124,e72c3d3b-cf36-4cc4-9a40-d8cc5d28df84,2025-11-03T05:37:36,1,1,1,0,1,3,73.53,1,1,1,1,0,0,1,0.41,0.0,0,1,6,4,2,2,0.6667,4,1,1,0.0,1,repeat_view
synthetic_user_0124,e72c3d3b-cf36-4cc4-9a40-d8cc5d28df84,2025-11-03T05:49:04,1,1,1,0,1,3,73.54,2,1,1,1,0,0,1,0.41,0.0,0,1,7,4,2,2,0.5714,5,2,1,0.0,1,chat
synthetic_user_0168,8706bbb8-8343-4edc-9af4-244b9cad76aa,2025-11-04T05:12:26,1,1,0,1,0,3,78.42,1,0,0,0,0,0,0,0.47,0.0,0,0,31,12,2,2,0.3871,1,1,0,0.0,1,repeat_view
synthetic_user_0151,a8231f34-c157-4fcd-b08a-5a3420cc0cee,2025-11-04T08:10:25,1,1,1,0,1,3,65.18,1,0,0,0,1,0,1,0.69,0.0,0,1,4,2,0,1,0.5,2,1,1,0.0,1,repeat_view
synthetic_user_0181,dcf38bea-591e-47ae-aaaf-e01b841cc3b3,2025-11-05T00:42:57,1,1,1,0,1,3,59.85,1,0,0,0,0,1,1,0.69,0.0,0,1,4,1,1,0,0.25,1,1,0,0.0,1,download
synthetic_user_0193,c5310615-4076-41e9-9064-736593600471,2025-11-05T06:26:53,1,1,1,0,1,3,59.51,2,1,1,0,0,0,0,1.03,0.0,0,0,8,2,0,1,0.25,4,1,1,0.0,1,download
synthetic_user_0193,c5310615-4076-41e9-9064-736593600471,2025-11-05T06:34:43,1,1,1,0,1,3,59.52,2,2,1,0,0,0,0,1.03,0.0,0,0,8,3,0,1,0.375,5,1,2,0.0,1,bookmark
synthetic_user_0024,fbb68aab-9b3b-4e24-9109-ea047f927347,2025-11-06T03:46:59,1,1,1,0,1,3,64.06,3,0,0,0,2,0,3,1.03,0.0,0,1,5,1,1,0,0.2,5,3,1,0.0,1,download
synthetic_user_0082,2c1e63cb-30f5-4e05-92af-ea93368ef4ab,2025-11-06T09:03:21,1,1,1,0,1,3,75.59,1,0,0,0,0,1,1,0.41,0.0,0,1,11,5,1,2,0.4545,1,1,0,0.0,1,download
synthetic_user_0082,2c1e63cb-30f5-4e05-92af-ea93368ef4ab,2025-11-06T09:06:22,1,1,1,0,1,3,75.59,1,1,0,0,0,1,1,0.41,0.0,0,1,11,6,1,2,0.5455,2,1,1,0.0,1,like
synthetic_user_0082,2c1e63cb-30f5-4e05-92af-ea93368ef4ab,2025-11-07T04:59:36,1,1,1,0,1,3,76.42,1,1,1,0,0,1,1,0.41,0.0,0,1,11,6,2,2,0.5455,3,1,1,0.0,1,repeat_view
synthetic_user_0125,85526add-cd5a-4107-a07e-62ff3f493082,2025-11-07T18:51:04,1,1,1,0,1,3,59.61,3,0,0,0,0,0,0,0.41,0.0,0,0,6,3,0,1,0.5,2,1,0,0.0,1,chat
synthetic_user_0176,8b44ea69-a5bb-4779-8c63-bf20e4da58c7,2025-11-07T21:31:34,1,1,1,0,1,3,79.76,1,0,0,0,0,0,1,0.69,0.0,0,1,5,4,1,1,0.8,1,1,0,0.0,1,download
synthetic_user_0176,8b44ea69-a5bb-4779-8c63-bf20e4da58c7,2025-11-07T21:37:12,1,1,1,0,1,3,79.76,1,1,0,0,0,0,1,0.69,0.0,0,1,5,5,1,1,1.0,2,1,1,0.0,1,like
synthetic_user_0197,8706bbb8-8343-4edc-9af4-244b9cad76aa,2025-11-07T23:27:05,1,1,1,0,1,4,54.68,4,1,0,0,1,0,0,0.47,0.0,0,0,33,12,2,2,0.3636,6,4,1,0.0,1,download
synthetic_user_0197,8706bbb8-8343-4edc-9af4-244b9cad76aa,2025-11-07T23:37:24,1,1,1,0,1,4,54.69,4,2,0,0,1,0,0,0.47,0.0,0,0,33,13,2,2,0.3939,7,4,1,0.0,1,like
synthetic_user_0178,7c1af9a0-cf09-4356-8c0d-d762fbb21208,2025-11-08T20:52:47,1,1,1,0,1,1,62.28,1,0,0,0,0,0,1,1.76,0.0,0,1,10,1,0,0,0.1,1,1,0,0.0,1,repeat_view
synthetic_user_0053,8706bbb8-8343-4edc-9af4-244b9cad76aa,2025-11-08T21:51:12,1,1,0,1,0,3,85.24,1,0,0,0,0,1,0,0.47,0.0,0,0,33,13,3,2,0.3939,1,1,0,0.0,1,repeat_view
synthetic_user_0053,8706bbb8-8343-4edc-9af4-244b9cad76aa,2025-11-08T22:01:37,1,1,0,1,0,3,85.25,2,0,0,0,0,1,0,0.47,0.0,0,0,35,13,3,2,0.3714,2,2,0,0.0,1,download
synthetic_user_0123,8706bbb8-8343-4edc-9af4-244b9cad76aa,2025-11-08T22:03:58,1,1,0,1,0,3,62.25,1,0,0,0,0,1,0,0.47,0.0,0,0,35,14,3,2,0.4,1,1,0,0.0,1,download
synthetic_user_0197,8706bbb8-8343-4edc-9af4-244b9cad76aa,2025-11-09T06:20:56,1,1,1,0,1,4,55.97,5,2,1,0,1,0,0,0.47,0.0,0,0,36,15,3,2,0.4167,9,5,1,0.0,1,chat
synthetic_user_0163,fbb68aab-9b3b-4e24-9109-ea047f927347,2025-11-09T19:27:25,1,1,1,0,1,3,84.09,1,0,0,0,0,0,3,1.03,0.0,0,1,6,2,1,0,0.3333,1,1,0,0.0,1,download
synthetic_user_0096,ea97dfce-6731-4b1d-9b03-485d04de4867,2025-11-10T01:31:11,1,1,1,0,1,3,78.56,1,1,0,1,0,0,3,1.03,0.0,0,1,6,1,0,1,0.1667,3,1,1,0.0,1,repeat_view
synthetic_user_0096,ea97dfce-6731-4b1d-9b03-485d04de4867,2025-11-10T01:43:57,1,1,1,0,1,3,78.57,2,1,0,1,0,0,3,1.03,0.0,0,1,7,1,0,1,0.1429,4,2,1,0.0,1,chat
synthetic_user_0069,581c8e36-7a51-4e8e-ac1d-6e9c1d54940f,2025-11-10T07:33:14,1,1,1,0,1,3,76.8,1,0,0,0,0,0,3,1.03,0.0,0,1,4,0,0,0,0.0,1,1,0,0.0,1,chat
synthetic_user_0033,c5310615-4076-41e9-9064-736593600471,2025-11-10T19:15:05,1,1,1,0,1,3,59.32,1,0,0,0,0,0,0,1.03,0.0,0,0,9,3,0,2,0.3333,1,1,0,0.0,1,download
synthetic_user_0069,581c8e36-7a51-4e8e-ac1d-6e9c1d54940f,2025-11-11T21:26:51,1,1,1,0,1,3,78.38,1,0,0,0,1,0,3,1.03,0.0,0,1,4,0,0,0,0.0,2,1,1,0.0,1,repeat_view
synthetic_user_0069,581c8e36-7a51-4e8e-ac1d-6e9c1d54940f,2025-11-11T21:33:50,1,1,1,0,1,3,78.38,2,0,0,0,1,0,3,1.03,0.0,0,1,5,0,0,0,0.0,3,2,1,0.0,1,download
synthetic_user_0069,581c8e36-7a51-4e8e-ac1d-6e9c1d54940f,2025-11-11T21:41:28,1,1,1,0,1,3,78.39,2,1,0,0,1,0,3,1.03,0.0,0,1,5,1,0,0,0.2,4,2,1,0.0,1,like
synthetic_user_0051,e72c3d3b-cf36-4cc4-9a40-d8cc5d28df84,2025-11-12T00:13:51,1,1,1,0,1,3,60.92,3,1,0,0,0,1,1,0.41,0.0,0,1,8,4,2,2,0.5,4,3,1,0.0,1,download
synthetic_user_0051,e72c3d3b-cf36-4cc4-9a40-d8cc5d28df84,2025-11-12T00:16:45,1,1,1,0,1,3,60.92,3,2,0,0,0,1,1,0.41,0.0,0,1,8,5,2,2,0.625,5,3,1,0.0,1,like
synthetic_user_0084,a18002e2-24a3-4da4-b558-ea8cadcb047e,2025-11-12T00:39:31,1,1,1,0,1,3,86.02,1,0,0,0,0,0,0,0.58,0.0,0,0,9,3,0,1,0.3333,1,1,0,0.0,1,download
synthetic_user_0017,dcd20897-e14a-43fc-b2ba-66bb4a569874,2025-11-12T00:56:40,1,1,1,0,1,3,73.83,1,0,0,0,0,1,1,0.69,0.0,0,1,7,1,1,1,0.1429,1,1,0,0.0,1,download
synthetic_user_0084,a18002e2-24a3-4da4-b558-ea8cadcb047e,2025-11-12T01:04:40,1,1,1,0,1,3,86.04,1,1,0,0,0,0,0,0.58,0.0,0,0,9,4,0,1,0.4444,2,1,1,0.0,1,chat
synthetic_user_0055,09593622-ad83-4d14-8236-17bea51dbb13,2025-11-12T18:10:54,1,1,1,0,1,3,79.34,1,0,0,0,0,1,1,0.69,0.0,0,1,9,3,1,2,0.3333,1,1,0,0.0,1,repeat_view
synthetic_user_0155,8706bbb8-8343-4edc-9af4-244b9cad76aa,2025-11-12T19:26:31,1,1,0,1,0,3,67.83,1,1,1,0,0,0,0,0.47,0.0,0,0,38,15,3,2,0.3947,3,1,1,0.0,1,repeat_view
synthetic_user_0159,8706bbb8-8343-4edc-9af4-244b9cad76aa,2025-11-14T00:32:13,1,1,1,0,1,4,65.89,2,0,0,0,0,0,0,0.47,0.0,0,0,41,15,3,2,0.3659,1,1,0,0.0,1,download
synthetic_user_0159,8706bbb8-8343-4edc-9af4-244b9cad76aa,2025-11-14T00:36:15,1,1,1,0,1,4,65.89,2,1,0,0,0,0,0,0.47,0.0,0,0,41,16,3,2,0.3902,2,1,1,0.0,1,like
synthetic_user_0197,8706bbb8-8343-4edc-9af4-244b9cad76aa,2025-11-14T02:28:00,1,1,1,0,1,4,60.81,6,2,1,0,2,0,0,0.47,0.0,0,0,42,16,4,2,0.381,11,6,1,0.0,1,download
synthetic_user_0106,8706bbb8-8343-4edc-9af4-244b9cad76aa,2025-11-14T04:55:51,1,1,0,1,0,3,64.97,1,0,0,0,0,0,0,0.47,0.0,0,0,43,17,4,2,0.3953,1,1,0,0.0,1,download
synthetic_user_0021,8b44ea69-a5bb-4779-8c63-bf20e4da58c7,2025-11-15T19:28:31,1,1,1,0,1,3,83.75,1,0,0,0,0,1,1,0.69,0.0,0,1,6,5,2,1,0.8333,1,1,0,0.0,1,chat
synthetic_user_0088,40a8032b-e43c-43dc-ba5f-d650f1c0a979,2025-11-17T05:36:04,1,1,1,0,1,3,66.22,2,1,0,0,0,0,1,0.41,0.0,0,1,7,3,2,1,0.4286,1,1,1,0.0,1,download
synthetic_user_0088,40a8032b-e43c-43dc-ba5f-d650f1c0a979,2025-11-17T05:42:54,1,1,1,0,1,3,66.23,2,2,0,0,0,0,1,0.41,0.0,0,1,7,4,2,1,0.5714,2,1,2,0.0,1,like
synthetic_user_0125,dcd20897-e14a-43fc-b2ba-66bb4a569874,2025-11-18T03:19:36,1,1,1,0,1,3,69.97,4,0,0,0,1,0,1,0.69,0.0,0,1,7,2,1,1,0.2857,4,1,1,0.0,1,repeat_view
synthetic_user_0125,dcd20897-e14a-43fc-b2ba-66bb4a569874,2025-11-18T03:24:53,1,1,1,0,1,3,69.97,5,0,0,0,1,0,1,0.69,0.0,0,1,8,2,1,1,0.25,5,2,1,0.0,1,chat
synthetic_user_0111,8706bbb8-8343-4edc-9af4-244b9cad76aa,2025-11-18T07:47:29,1,1,1,0,1,4,70.22,1,0,0,0,0,0,0,0.47,0.0,0,0,44,18,4,2,0.4091,1,1,0,0.0,1,repeat_view
synthetic_user_0111,8706bbb8-8343-4edc-9af4-244b9cad76aa,2025-11-18T07:49:44,1,1,1,0,1,4,70.22,2,0,0,0,0,0,0,0.47,0.0,0,0,45,18,4,2,0.4,2,2,0,0.0,1,download
synthetic_user_0111,8706bbb8-8343-4edc-9af4-244b9cad76aa,2025-11-18T23:05:48,1,1,1,0,1,4,70.85,3,1,0,0,0,0,0,0.47,0.0,0,0,46,19,4,2,0.413,4,3,1,0.0,1,download
synthetic_user_0111,8706bbb8-8343-4edc-9af4-244b9cad76aa,2025-11-18T23:11:30,1,1,1,0,1,4,70.86,3,2,0,0,0,0,0,0.47,0.0,0,0,46,20,4,2,0.4348,5,3,1,0.0,1,like
synthetic_user_0069,dbcab77a-8d8a-4721-b07d-d5d9ecc7874d,2025-11-18T23:49:20,1,1,1,0,1,3,85.48,3,1,1,0,1,0,1,0.58,0.0,0,0,3,0,0,0,0.0,6,1,1,0.0,1,download
synthetic_user_0074,45a799e0-5716-4209-b489-bd8f9ef13974,2025-11-19T04:25:51,1,1,1,0,1,3,71.16,2,0,0,0,0,1,1,0.41,0.0,0,1,2,0,0,0,0.0,2,1,0,0.0,1,download
synthetic_user_0019,8b44ea69-a5bb-4779-8c63-bf20e4da58c7,2025-11-19T09:00:55,1,1,1,0,1,3,88.75,1,0,0,0,0,0,1,0.69,0.0,0,1,7,5,2,1,0.7143,1,1,0,0.0,1,download
synthetic_user_0175,09593622-ad83-4d14-8236-17bea51dbb13,2025-11-19T18:40:04,1,1,1,0,1,3,83.41,1,0,0,0,0,0,1,0.69,0.0,0,1,11,3,1,2,0.2727,1,1,0,0.0,1,download
synthetic_user_0175,09593622-ad83-4d14-8236-17bea51dbb13,2025-11-19T18:51:13,1,1,1,0,1,3,83.42,1,1,0,0,0,0,1,0.69,0.0,0,1,11,4,1,2,0.3636,2,1,1,0.0,1,bookmark
synthetic_user_0087,830353af-6497-4bc7-bab8-08114b64b682,2025-11-19T22:49:20,1,1,1,0,1,3,81.57,1,0,0,0,0,0,0,1.05,0.0,0,0,7,3,0,0,0.4286,1,1,0,0.0,1,repeat_view
synthetic_user_0087,830353af-6497-4bc7-bab8-08114b64b682,2025-11-19T23:19:02,1,1,1,0,1,3,81.59,2,0,0,0,0,0,0,1.05,0.0,0,0,8,3,0,0,0.375,2,2,0,0.0,1,chat
synthetic_user_0135,7c1af9a0-cf09-4356-8c0d-d762fbb21208,2025-11-20T05:34:58,1,1,1,0,1,1,67.19,1,0,0,0,0,1,1,1.76,0.0,0,1,12,1,0,0,0.0833,1,1,0,0.0,1,repeat_view
synthetic_user_0096,8b44ea69-a5bb-4779-8c63-bf20e4da58c7,2025-11-20T20:55:56,1,1,1,0,1,3,89.37,3,1,0,1,1,0,1,0.69,0.0,0,1,9,6,2,1,0.6667,6,1,1,0.0,1,download
synthetic_user_0180,8b44ea69-a5bb-4779-8c63-bf20e4da58c7,2025-11-20T23:19:39,1,1,1,0,1,3,74.99,5,1,1,0,2,0,1,0.69,0.0,0,1,10,7,2,1,0.7,4,1,2,0.0,1,download
synthetic_user_0180,8b44ea69-a5bb-4779-8c63-bf20e4da58c7,2025-11-20T23:29:31,1,1,1,0,1,3,75.0,5,2,1,0,2,0,1,0.69,0.0,0,1,10,8,2,1,0.8,5,1,3,0.0,1,bookmark
synthetic_user_0018,830353af-6497-4bc7-bab8-08114b64b682,2025-11-21T03:35:44,1,1,1,0,1,3,71.75,1,0,0,0,0,0,0,1.05,0.0,0,0,9,3,0,0,0.3333,1,1,0,0.0,1,download
synthetic_user_0018,830353af-6497-4bc7-bab8-08114b64b682,2025-11-21T03:39:45,1,1,1,0,1,3,71.76,1,1,0,0,0,0,0,1.05,0.0,0,0,9,4,0,0,0.4444,2,1,1,0.0,1,bookmark
synthetic_user_0077,59bf0b38-d7b5-4024-a66e-a03f1b47095d,2025-11-21T05:53:37,1,1,1,0,1,3,78.39,3,0,0,0,0,0,3,1.03,0.0,0,1,6,2,1,0,0.3333,3,1,0,0.0,1,download
synthetic_user_0077,59bf0b38-d7b5-4024-a66e-a03f1b47095d,2025-11-21T06:03:58,1,1,1,0,1,3,78.4,3,1,0,0,0,0,3,1.03,0.0,0,1,6,3,1,0,0.5,4,1,1,0.0,1,like
synthetic_user_0113,087164bc-8a57-44b1-bd06-0644f475917b,2025-11-22T00:39:27,1,1,1,0,1,3,89.97,1,1,0,0,0,1,0,0.58,0.0,0,0,6,2,1,0,0.3333,2,1,1,0.0,1,repeat_view
synthetic_user_0130,ea97dfce-6731-4b1d-9b03-485d04de4867,2025-11-22T07:17:36,1,1,1,0,1,3,88.65,1,0,0,0,0,0,3,1.03,0.0,0,1,8,1,0,1,0.125,1,1,0,0.0,1,repeat_view
synthetic_user_0130,ea97dfce-6731-4b1d-9b03-485d04de4867,2025-11-22T07:29:37,1,1,1,0,1,3,88.66,2,0,0,0,0,0,3,1.03,0.0,0,1,9,1,0,1,0.1111,2,2,0,0.0,1,download
synthetic_user_0194,a18002e2-24a3-4da4-b558-ea8cadcb047e,2025-11-23T00:05:14,1,1,1,0,1,3,71.9,2,1,0,0,0,1,0,0.58,0.0,0,0,9,4,0,1,0.4444,3,1,1,0.0,1,repeat_view
synthetic_user_0194,a18002e2-24a3-4da4-b558-ea8cadcb047e,2025-11-23T00:19:54,1,1,1,0,1,3,71.91,3,1,0,0,0,1,0,0.58,0.0,0,0,10,4,0,1,0.4,4,2,1,0.0,1,download
synthetic_user_0194,a18002e2-24a3-4da4-b558-ea8cadcb047e,2025-11-23T00:23:07,1,1,1,0,1,3,71.91,3,2,0,0,0,1,0,0.58,0.0,0,0,10,5,0,1,0.5,5,2,1,0.0,1,bookmark
synthetic_user_0057,59bf0b38-d7b5-4024-a66e-a03f1b47095d,2025-11-23T04:52:57,1,1,1,0,1,3,76.35,4,2,0,1,0,0,3,1.03,0.0,0,1,7,3,2,0,0.4286,7,1,1,0.0,1,chat
synthetic_user_0026,09593622-ad83-4d14-8236-17bea51dbb13,2025-11-23T05:17:08,1,1,1,0,1,3,97.49,1,0,0,0,0,0,1,0.69,0.0,0,1,11,4,1,3,0.3636,1,1,0,0.0,1,repeat_view
synthetic_user_0180,830353af-6497-4bc7-bab8-08114b64b682,2025-11-23T06:02:37,1,1,1,0,1,3,77.27,6,2,1,1,2,0,0,1.05,0.0,0,0,10,4,0,1,0.4,7,1,3,0.0,1,download
synthetic_user_0133,98a77293-8faf-4d27-8248-6eb91f481d8f,2025-11-23T19:22:01,1,1,1,0,1,3,98.06,1,0,0,0,0,1,0,0.58,0.0,0,0,7,5,1,3,0.7143,1,1,0,0.0,1,repeat_view
synthetic_user_0064,8706bbb8-8343-4edc-9af4-244b9cad76aa,2025-11-24T03:55:43,1,1,1,0,1,4,79.52,1,0,0,0,1,0,0,0.47,0.0,0,0,48,20,5,2,0.4167,2,1,1,0.0,1,repeat_view
synthetic_user_0012,c5310615-4076-41e9-9064-736593600471,2025-11-24T07:14:21,1,1,1,0,1,3,94.78,1,1,0,1,1,1,0,1.03,0.0,0,0,10,4,0,2,0.4,4,1,1,0.0,1,repeat_view
synthetic_user_0167,945e447f-c018-4d92-b5e5-2f1f7a11bd56,2025-11-24T18:09:49,1,1,1,0,1,3,71.47,2,0,0,0,0,0,3,1.03,0.0,0,1,3,0,0,0,0.0,1,1,0,0.0,1,repeat_view
synthetic_user_0150,dcf38bea-591e-47ae-aaaf-e01b841cc3b3,2025-11-24T19:25:57,1,1,1,0,1,3,75.03,1,0,0,0,0,0,1,0.69,0.0,0,1,5,2,1,0,0.4,1,1,0,0.0,1,download
synthetic_user_0150,dcf38bea-591e-47ae-aaaf-e01b841cc3b3,2025-11-24T19:28:29,1,1,1,0,1,3,75.03,1,1,0,0,0,0,1,0.69,0.0,0,1,5,3,1,0,0.6,2,1,1,0.0,1,like
synthetic_user_0074,40a8032b-e43c-43dc-ba5f-d650f1c0a979,2025-11-24T19:57:58,1,1,1,0,1,3,76.81,3,1,0,0,0,1,1,0.41,0.0,0,1,8,4,3,1,0.5,4,1,1,0.0,1,download
synthetic_user_0074,40a8032b-e43c-43dc-ba5f-d650f1c0a979,2025-11-24T20:11:16,1,1,1,0,1,3,76.82,3,2,0,0,0,1,1,0.41,0.0,0,1,8,5,3,1,0.625,5,1,2,0.0,1,bookmark
synthetic_user_0195,85526add-cd5a-4107-a07e-62ff3f493082,2025-11-24T23:51:10,1,1,1,0,1,3,83.17,1,0,0,0,0,0,0,0.41,0.0,0,0,8,3,0,1,0.375,1,1,0,0.0,1,download
synthetic_user_0195,85526add-cd5a-4107-a07e-62ff3f493082,2025-11-24T23:58:41,1,1,1,0,1,3,83.18,1,1,0,0,0,0,0,0.41,0.0,0,0,8,4,0,1,0.5,2,1,1,0.0,1,bookmark
synthetic_user_0195,85526add-cd5a-4107-a07e-62ff3f493082,2025-11-25T00:11:48,1,1,1,0,1,3,83.18,1,1,0,1,0,0,0,0.41,0.0,0,0,8,4,0,2,0.5,3,1,1,0.0,1,chat
synthetic_user_0130,ea97dfce-6731-4b1d-9b03-485d04de4867,2025-11-25T02:39:51,1,1,1,0,1,3,91.46,3,1,0,0,0,0,3,1.03,0.0,0,1,10,2,0,1,0.2,4,3,1,0.0,1,download
synthetic_user_0134,b1e94dc4-e19f-4e9b-85e1-69c3b4ab0e97,2025-11-25T03:10:07,1,1,1,0,1,3,81.82,2,0,0,0,0,1,3,1.03,0.0,0,1,4,1,1,1,0.25,2,1,0,0.0,1,download
synthetic_user_0134,b1e94dc4-e19f-4e9b-85e1-69c3b4ab0e97,2025-11-25T03:14:32,1,1,1,0,1,3,81.82,2,1,0,0,0,1,3,1.03,0.0,0,1,4,2,1,1,0.5,3,1,1,0.0,1,like
synthetic_user_0134,b1e94dc4-e19f-4e9b-85e1-69c3b4ab0e97,2025-11-25T03:18:03,1,1,1,0,1,3,81.82,2,1,1,0,0,1,3,1.03,0.0,0,1,4,2,2,1,0.5,4,1,1,0.0,1,bookmark
synthetic_user_0012,945e447f-c018-4d92-b5e5-2f1f7a11bd56,2025-11-25T06:20:52,1,1,1,0,1,3,95.75,3,1,0,1,1,1,3,1.03,0.0,0,1,5,0,0,0,0.0,6,1,1,0.0,1,download
synthetic_user_0173,fbb68aab-9b3b-4e24-9109-ea047f927347,2025-11-26T03:48:33,1,1,1,0,1,3,94.92,4,3,0,1,1,1,3,1.03,0.0,0,1,8,3,1,0,0.375,9,1,1,0.0,1,repeat_view
synthetic_user_0173,fbb68aab-9b3b-4e24-9109-ea047f927347,2025-11-26T03:55:06,1,1,1,0,1,3,94.92,5,3,0,1,1,1,3,1.03,0.0,0,1,9,3,1,0,0.3333,10,2,1,0.0,1,download
synthetic_user_0173,fbb68aab-9b3b-4e24-9109-ea047f927347,2025-11-26T03:55:14,1,1,1,0,1,3,94.92,5,4,0,1,1,1,3,1.03,0.0,0,1,9,4,1,0,0.4444,11,2,2,0.0,1,chat
synthetic_user_0041,45a799e0-5716-4209-b489-bd8f9ef13974,2025-11-26T04:28:55,1,1,1,0,1,3,97.14,1,0,0,0,0,0,1,0.41,0.0,0,1,2,1,0,0,0.5,1,1,0,0.0,1,repeat_view
synthetic_user_0068,7c1af9a0-cf09-4356-8c0d-d762fbb21208,2025-11-26T06:09:23,0,0,0,2,0,3,96.88,1,0,0,0,0,1,1,1.76,0.0,0,1,15,1,0,0,0.0667,1,1,0,0.0,1,repeat_view
synthetic_user_0015,85526add-cd5a-4107-a07e-62ff3f493082,2025-11-26T22:58:57,1,1,1,0,1,3,96.29,2,0,0,0,0,1,0,0.41,0.0,0,0,9,4,0,2,0.4444,2,1,0,0.0,1,download
synthetic_user_0015,85526add-cd5a-4107-a07e-62ff3f493082,2025-11-26T23:03:58,1,1,1,0,1,3,96.3,2,1,0,0,0,1,0,0.41,0.0,0,0,9,5,0,2,0.5556,3,1,1,0.0,1,chat
synthetic_user_0151,5a0f55cf-16af-4459-9030-0c7c6e11207f,2025-11-27T01:13:05,1,1,1,0,1,3,87.89,3,0,0,0,1,0,0,0.58,0.0,0,0,5,1,0,0,0.2,4,1,1,0.0,1,download
synthetic_user_0039,85526add-cd5a-4107-a07e-62ff3f493082,2025-11-27T01:17:20,1,1,1,0,1,3,75.6,1,0,0,0,0,1,0,0.41,0.0,0,0,9,5,0,2,0.5556,1,1,0,0.0,1,repeat_view
synthetic_user_0151,5a0f55cf-16af-4459-9030-0c7c6e11207f,2025-11-27T01:17:22,1,1,1,0,1,3,87.89,3,1,0,0,1,0,0,0.58,0.0,0,0,5,2,0,0,0.4,5,1,2,0.0,1,like
synthetic_user_0104,8706bbb8-8343-4edc-9af4-244b9cad76aa,2025-11-27T01:18:10,1,1,1,0,1,4,91.38,1,1,0,1,0,1,0,0.47,0.0,0,0,50,20,5,2,0.4,3,1,1,0.0,1,repeat_view
synthetic_user_0151,5a0f55cf-16af-4459-9030-0c7c6e11207f,2025-11-27T01:20:19,1,1,1,0,1,3,87.89,3,1,1,0,1,0,0,0.58,0.0,0,0,5,2,1,0,0.4,6,1,2,0.0,1,bookmark
synthetic_user_0039,85526add-cd5a-4107-a07e-62ff3f493082,2025-11-27T01:35:32,1,1,1,0,1,3,75.61,2,0,0,0,0,1,0,0.41,0.0,0,0,10,5,0,2,0.5,2,2,0,0.0,1,chat
synthetic_user_0073,087164bc-8a57-44b1-bd06-0644f475917b,2025-11-27T23:39:29,1,1,1,0,1,3,82.6,1,0,0,0,0,0,0,0.58,0.0,0,0,8,2,1,0,0.25,1,1,0,0.0,1,download
synthetic_user_0073,087164bc-8a57-44b1-bd06-0644f475917b,2025-11-27T23:43:41,1,1,1,0,1,3,82.61,1,1,0,0,0,0,0,0.58,0.0,0,0,8,3,1,0,0.375,2,1,1,0.0,1,like
synthetic_user_0191,09593622-ad83-4d14-8236-17bea51dbb13,2025-11-28T04:25:12,1,1,1,0,1,3,76.37,1,0,0,0,0,0,1,0.69,0.0,0,1,13,4,1,3,0.3077,1,1,0,0.0,1,download
synthetic_user_0191,09593622-ad83-4d14-8236-17bea51dbb13,2025-11-28T04:35:06,1,1,1,0,1,3,76.38,1,1,0,0,0,0,1,0.69,0.0,0,1,13,5,1,3,0.3846,2,1,1,0.0,1,like
synthetic_user_0097,98a77293-8faf-4d27-8248-6eb91f481d8f,2025-11-28T08:40:45,1,1,1,0,1,3,74.46,2,0,0,0,0,1,0,0.58,0.0,0,0,9,5,1,3,0.5556,2,1,0,0.0,1,download
synthetic_user_0097,98a77293-8faf-4d27-8248-6eb91f481d8f,2025-11-28T08:43:52,1,1,1,0,1,3,74.46,2,1,0,0,0,1,0,0.58,0.0,0,0,9,6,1,3,0.6667,3,1,1,0.0,1,like
synthetic_user_0021,8b44ea69-a5bb-4779-8c63-bf20e4da58c7,2025-11-28T20:15:50,1,1,1,0,1,3,96.78,1,0,0,0,1,1,1,0.69,0.0,0,1,10,8,2,2,0.8,2,1,1,0.0,1,repeat_view
synthetic_user_0030,dcf38bea-591e-47ae-aaaf-e01b841cc3b3,2025-11-29T00:15:16,0,0,0,2,0,1,91.16,2,0,0,0,0,0,1,0.69,0.0,0,1,5,3,2,0,0.6,2,1,0,0.0,1,repeat_view
synthetic_user_0188,98a77293-8faf-4d27-8248-6eb91f481d8f,2025-11-29T05:26:34,1,1,1,0,1,3,102.93,1,1,1,1,0,0,0,0.58,0.0,0,0,9,6,2,3,0.6667,4,1,1,0.0,1,repeat_view
synthetic_user_0115,98a77293-8faf-4d27-8248-6eb91f481d8f,2025-11-29T18:41:05,1,1,1,0,1,3,100.66,5,0,0,0,1,1,0,0.58,0.0,0,0,11,6,2,3,0.5455,6,1,1,0.0,1,download
synthetic_user_0115,98a77293-8faf-4d27-8248-6eb91f481d8f,2025-11-29T18:43:31,1,1,1,0,1,3,100.67,5,1,0,0,1,1,0,0.58,0.0,0,0,11,7,2,3,0.6364,7,1,2,0.0,1,chat
synthetic_user_0076,e72c3d3b-cf36-4cc4-9a40-d8cc5d28df84,2025-11-29T18:47:33,1,1,1,0,1,3,92.21,2,0,0,0,0,0,1,0.41,0.0,0,1,9,5,3,2,0.5556,2,1,0,0.0,1,download
synthetic_user_0115,98a77293-8faf-4d27-8248-6eb91f481d8f,2025-11-29T18:47:42,1,1,1,0,1,3,100.67,5,1,0,0,2,1,0,0.58,0.0,0,0,11,7,2,3,0.6364,8,1,2,0.0,1,like
synthetic_user_0044,98a77293-8faf-4d27-8248-6eb91f481d8f,2025-11-30T07:13:35,1,1,1,0,1,3,93.73,2,0,0,0,0,1,0,0.58,0.0,0,0,12,7,3,3,0.5833,1,1,0,0.0,1,download
synthetic_user_0044,98a77293-8faf-4d27-8248-6eb91f481d8f,2025-11-30T07:16:11,1,1,1,0,1,3,93.73,2,1,0,0,0,1,0,0.58,0.0,0,0,12,8,3,3,0.6667,2,1,1,0.0,1,like
synthetic_user_0141,bd6bddb1-3e29-4767-a194-6196e46f7456,2025-12-01T00:41:20,1,1,1,0,1,3,105.3,2,0,0,0,0,0,1,0.41,0.0,0,1,2,0,0,0,0.0,2,1,0,0.0,1,repeat_view
synthetic_user_0147,33f6e3a9-237d-433e-b4b6-238e44c80117,2025-12-01T01:17:44,1,1,1,0,1,3,88.62,1,0,0,0,0,0,1,0.58,0.0,0,0,3,0,0,0,0.0,1,1,0,0.0,1,chat
synthetic_user_0018,830353af-6497-4bc7-bab8-08114b64b682,2025-12-01T06:18:49,1,1,1,0,1,3,81.87,1,1,0,1,0,0,0,1.05,0.0,0,0,10,5,0,1,0.5,3,1,1,0.0,1,repeat_view
synthetic_user_0018,830353af-6497-4bc7-bab8-08114b64b682,2025-12-01T06:33:47,1,1,1,0,1,3,81.88,2,1,0,1,0,0,0,1.05,0.0,0,0,11,5,0,1,0.4545,4,2,1,0.0,1,chat
synthetic_user_0167,b1e94dc4-e19f-4e9b-85e1-69c3b4ab0e97,2025-12-03T07:27:53,1,1,1,0,1,3,80.03,4,0,0,0,0,0,3,1.03,0.0,0,1,5,2,2,2,0.4,3,1,0,0.0,1,chat
synthetic_user_0167,b1e94dc4-e19f-4e9b-85e1-69c3b4ab0e97,2025-12-03T07:33:50,1,1,1,0,1,3,80.03,4,0,0,0,1,0,3,1.03,0.0,0,1,5,2,2,2,0.4,4,1,1,0.0,1,download
synthetic_user_0091,581c8e36-7a51-4e8e-ac1d-6e9c1d54940f,2025-12-04T02:49:00,1,1,1,0,1,3,87.49,1,0,0,0,0,0,3,1.03,0.0,0,1,7,1,1,0,0.1429,1,1,0,0.0,1,repeat_view
synthetic_user_0173,8b44ea69-a5bb-4779-8c63-bf20e4da58c7,2025-12-04T02:57:17,1,1,1,0,1,3,102.88,6,4,0,1,2,1,1,0.69,0.0,0,1,13,8,2,2,0.6154,13,4,2,0.0,1,download
synthetic_user_0173,8b44ea69-a5bb-4779-8c63-bf20e4da58c7,2025-12-04T02:59:34,1,1,1,0,1,3,102.88,6,5,0,1,2,1,1,0.69,0.0,0,1,13,9,2,2,0.6923,14,4,2,0.0,1,bookmark
synthetic_user_0173,8b44ea69-a5bb-4779-8c63-bf20e4da58c7,2025-12-04T03:02:32,1,1,1,0,1,3,102.88,6,5,0,2,2,1,1,0.69,0.0,0,1,13,9,2,3,0.6923,15,4,2,0.0,1,like
synthetic_user_0077,b1e94dc4-e19f-4e9b-85e1-69c3b4ab0e97,2025-12-05T02:53:03,1,1,1,0,1,3,92.26,4,1,1,0,0,0,3,1.03,0.0,0,1,6,3,2,2,0.5,6,1,1,0.0,1,download
synthetic_user_0077,b1e94dc4-e19f-4e9b-85e1-69c3b4ab0e97,2025-12-05T03:01:17,1,1,1,0,1,3,92.27,4,2,1,0,0,0,3,1.03,0.0,0,1,6,4,2,2,0.6667,7,1,2,0.0,1,like
synthetic_user_0051,98a77293-8faf-4d27-8248-6eb91f481d8f,2025-12-05T06:58:28,1,1,1,0,1,3,84.2,6,2,1,0,0,1,0,0.58,0.0,0,0,13,8,4,3,0.6154,9,1,1,0.0,1,download
synthetic_user_0077,a18002e2-24a3-4da4-b558-ea8cadcb047e,2025-12-06T01:42:05,1,1,1,0,1,3,93.21,5,2,2,0,0,0,0,0.58,0.0,0,0,11,5,0,2,0.4545,9,1,2,0.0,1,chat
synthetic_user_0185,33f6e3a9-237d-433e-b4b6-238e44c80117,2025-12-06T18:49:16,1,1,1,0,1,3,90.95,1,0,0,0,0,0,1,0.58,0.0,0,0,4,0,0,0,0.0,1,1,0,0.0,1,download
synthetic_user_0185,33f6e3a9-237d-433e-b4b6-238e44c80117,2025-12-06T18:51:31,1,1,1,0,1,3,90.96,1,1,0,0,0,0,1,0.58,0.0,0,0,4,1,0,0,0.25,2,1,1,0.0,1,bookmark
synthetic_user_0185,33f6e3a9-237d-433e-b4b6-238e44c80117,2025-12-06T18:58:44,1,1,1,0,1,3,90.96,1,1,0,1,0,0,1,0.58,0.0,0,0,4,1,0,1,0.25,3,1,1,0.0,1,like
synthetic_user_0078,f6081dfd-75ec-4719-a05b-6ec1f95df15f,2025-12-07T02:47:56,1,1,1,0,1,3,86.98,4,1,0,0,0,0,1,1.05,0.0,0,1,8,1,0,1,0.125,5,1,1,0.0,1,repeat_view
synthetic_user_0026,dbcab77a-8d8a-4721-b07d-d5d9ecc7874d,2025-12-07T03:24:26,1,1,1,0,1,3,111.41,4,0,0,0,0,0,1,0.58,0.0,0,0,4,1,0,0,0.25,3,1,0,0.0,1,download
synthetic_user_0151,a8231f34-c157-4fcd-b08a-5a3420cc0cee,2025-12-07T04:41:40,1,1,1,0,1,3,98.03,4,1,1,1,1,0,1,0.69,0.0,0,1,7,2,0,1,0.2857,8,3,2,0.0,1,download
synthetic_user_0072,8706bbb8-8343-4edc-9af4-244b9cad76aa,2025-12-07T19:32:18,1,1,1,0,1,4,107.86,1,0,0,0,0,0,0,0.47,0.0,0,0,55,20,5,2,0.3636,1,1,0,0.0,1,repeat_view
synthetic_user_0183,a8231f34-c157-4fcd-b08a-5a3420cc0cee,2025-12-07T20:58:00,1,1,1,0,1,3,93.06,1,0,0,0,0,0,1,0.69,0.0,0,1,7,3,0,1,0.4286,1,1,0,0.0,1,repeat_view
synthetic_user_0068,95461cac-4301-4ade-8b3c-98201e8731db,2025-12-08T00:21:20,1,1,1,0,1,3,108.64,3,0,0,0,0,1,1,0.41,0.0,0,1,4,0,0,0,0.0,1,1,0,0.0,1,download
synthetic_user_0068,95461cac-4301-4ade-8b3c-98201e8731db,2025-12-08T00:25:53,1,1,1,0,1,3,108.64,3,1,0,0,0,1,1,0.41,0.0,0,1,4,1,0,0,0.25,2,1,1,0.0,1,like
synthetic_user_0110,e06a75b5-86f9-4daf-b871-0fba7b7ba57d,2025-12-08T02:34:01,1,1,1,0,1,3,83.75,1,0,0,0,0,1,1,0.58,0.0,0,0,5,0,0,0,0.0,1,1,0,0.0,1,repeat_view
synthetic_user_0110,e06a75b5-86f9-4daf-b871-0fba7b7ba57d,2025-12-08T02:43:38,1,1,1,0,1,3,83.75,2,0,0,0,0,1,1,0.58,0.0,0,0,6,0,0,0,0.0,2,2,0,0.0,1,download
synthetic_user_0056,bd6bddb1-3e29-4767-a194-6196e46f7456,2025-12-08T08:14:38,1,1,1,0,1,3,96.57,1,0,0,0,0,1,1,0.41,0.0,0,1,4,0,0,0,0.0,1,1,0,0.0,1,download
synthetic_user_0024,e06a75b5-86f9-4daf-b871-0fba7b7ba57d,2025-12-08T23:50:19,1,1,1,0,1,3,96.89,4,1,0,0,2,0,1,0.58,0.0,0,0,7,1,0,0,0.1429,7,1,1,0.0,1,download
synthetic_user_0168,8b44ea69-a5bb-4779-8c63-bf20e4da58c7,2025-12-09T05:50:31,1,1,1,0,1,3,113.45,3,0,0,0,0,0,1,0.69,0.0,0,1,14,9,3,3,0.6429,1,1,0,0.0,1,download
synthetic_user_0059,8706bbb8-8343-4edc-9af4-244b9cad76aa,2025-12-09T07:02:54,1,1,0,1,0,3,115.13,1,0,0,0,0,0,0,0.47,0.0,0,0,56,20,5,2,0.3571,1,1,0,0.0,1,repeat_view
synthetic_user_0160,7c1af9a0-cf09-4356-8c0d-d762fbb21208,2025-12-09T08:39:18,1,1,1,0,1,1,107.15,1,0,0,0,0,1,1,1.76,0.0,0,1,16,1,0,0,0.0625,1,1,0,0.0,1,repeat_view
synthetic_user_0198,85526add-cd5a-4107-a07e-62ff3f493082,2025-12-10T00:11:40,1,1,1,0,1,3,92.28,2,0,0,0,0,0,0,0.41,0.0,0,0,14,5,0,2,0.3571,2,1,0,0.0,1,repeat_view
synthetic_user_0200,830353af-6497-4bc7-bab8-08114b64b682,2025-12-10T01:16:02,1,1,1,0,1,3,96.53,1,1,0,0,1,0,0,1.05,0.0,0,0,11,5,0,1,0.4545,3,1,1,0.0,1,repeat_view
synthetic_user_0200,830353af-6497-4bc7-bab8-08114b64b682,2025-12-10T01:23:21,1,1,1,0,1,3,96.54,2,1,0,0,1,0,0,1.05,0.0,0,0,12,5,0,1,0.4167,4,2,1,0.0,1,download
synthetic_user_0200,830353af-6497-4bc7-bab8-08114b64b682,2025-12-10T01:32:32,1,1,1,0,1,3,96.54,2,2,0,0,1,0,0,1.05,0.0,0,0,12,6,0,1,0.5,5,2,1,0.0,1,like
synthetic_user_0081,945e447f-c018-4d92-b5e5-2f1f7a11bd56,2025-12-10T18:21:35,1,1,1,0,1,3,101.44,3,1,0,0,2,1,3,1.03,0.0,0,1,6,1,0,0,0.1667,1,1,1,0.0,1,download
synthetic_user_0081,945e447f-c018-4d92-b5e5-2f1f7a11bd56,2025-12-10T18:29:31,1,1,1,0,1,3,101.44,3,2,0,0,2,1,3,1.03,0.0,0,1,6,2,0,0,0.3333,2,1,2,0.0,1,like
synthetic_user_0010,5a0f55cf-16af-4459-9030-0c7c6e11207f,2025-12-10T20:22:53,1,1,1,0,1,3,108.74,1,0,0,0,0,1,0,0.58,0.0,0,0,6,2,1,1,0.3333,1,1,0,0.0,1,download
synthetic_user_0176,e06a75b5-86f9-4daf-b871-0fba7b7ba57d,2025-12-11T08:19:30,1,1,1,0,1,3,113.21,2,1,1,0,0,0,1,0.58,0.0,0,0,8,2,0,0,0.25,4,1,1,0.0,1,download
synthetic_user_0176,e06a75b5-86f9-4daf-b871-0fba7b7ba57d,2025-12-11T08:24:35,1,1,1,0,1,3,113.21,2,2,1,0,0,0,1,0.58,0.0,0,0,8,3,0,0,0.375,5,1,2,0.0,1,bookmark
synthetic_user_0176,e06a75b5-86f9-4daf-b871-0fba7b7ba57d,2025-12-11T08:27:05,1,1,1,0,1,3,113.22,2,2,1,1,0,0,1,0.58,0.0,0,0,8,3,0,1,0.375,6,1,2,0.0,1,like
synthetic_user_0135,7c1af9a0-cf09-4356-8c0d-d762fbb21208,2025-12-11T22:04:09,1,1,1,0,1,1,88.87,3,0,0,0,0,1,1,1.76,0.0,0,1,18,1,0,0,0.0556,3,3,0,0.0,1,download
synthetic_user_0156,98a77293-8faf-4d27-8248-6eb91f481d8f,2025-12-12T00:20:20,1,1,1,0,1,3,116.16,2,0,0,0,0,1,0,0.58,0.0,0,0,14,9,4,3,0.6429,1,1,0,0.0,1,chat
synthetic_user_0175,09593622-ad83-4d14-8236-17bea51dbb13,2025-12-12T05:21:53,1,1,1,0,1,3,105.86,1,1,0,1,0,0,1,0.69,0.0,0,1,15,5,2,3,0.3333,3,1,1,0.0,1,repeat_view
synthetic_user_0175,09593622-ad83-4d14-8236-17bea51dbb13,2025-12-12T05:27:57,1,1,1,0,1,3,105.86,2,1,0,1,0,0,1,0.69,0.0,0,1,16,5,2,3,0.3125,4,2,1,0.0,1,download
synthetic_user_0175,09593622-ad83-4d14-8236-17bea51dbb13,2025-12-12T05:29:10,1,1,1,0,1,3,105.86,2,2,0,1,0,0,1,0.69,0.0,0,1,16,6,2,3,0.375,5,2,1,0.0,1,bookmark
synthetic_user_0093,b1e94dc4-e19f-4e9b-85e1-69c3b4ab0e97,2025-12-12T06:20:16,1,1,1,0,1,3,115.91,1,1,1,1,0,0,3,1.03,0.0,0,1,6,4,3,2,0.6667,4,1,1,0.0,1,repeat_view
synthetic_user_0093,b1e94dc4-e19f-4e9b-85e1-69c3b4ab0e97,2025-12-12T06:32:16,1,1,1,0,1,3,115.92,2,1,1,1,0,0,3,1.03,0.0,0,1,7,4,3,2,0.5714,5,2,1,0.0,1,download
synthetic_user_0151,bd6bddb1-3e29-4767-a194-6196e46f7456,2025-12-12T20:40:51,1,1,1,0,1,3,103.7,5,2,1,1,1,0,1,0.41,0.0,0,1,5,1,0,0,0.2,10,1,2,0.0,1,download
synthetic_user_0151,bd6bddb1-3e29-4767-a194-6196e46f7456,2025-12-12T20:42:01,1,1,1,0,1,3,103.7,5,3,1,1,1,0,1,0.41,0.0,0,1,5,2,0,0,0.4,11,1,3,0.0,1,like
synthetic_user_0074,2c1e63cb-30f5-4e05-92af-ea93368ef4ab,2025-12-13T06:39:53,1,1,1,0,1,3,95.26,4,2,0,1,0,1,1,0.41,0.0,0,1,15,6,2,2,0.4,7,1,2,0.0,1,chat
synthetic_user_0125,33f6e3a9-237d-433e-b4b6-238e44c80117,2025-12-14T06:24:30,1,1,1,0,1,3,96.1,6,0,0,0,2,0,1,0.58,0.0,0,0,4,1,1,1,0.25,7,1,2,0.0,1,repeat_view
synthetic_user_0189,dcf38bea-591e-47ae-aaaf-e01b841cc3b3,2025-12-15T00:32:09,1,1,1,0,1,3,105.76,1,0,0,0,0,1,1,0.69,0.0,0,1,8,3,2,0,0.375,1,1,0,0.0,1,repeat_view
synthetic_user_0189,dcf38bea-591e-47ae-aaaf-e01b841cc3b3,2025-12-15T00:42:13,1,1,1,0,1,3,105.77,2,0,0,0,0,1,1,0.69,0.0,0,1,9,3,2,0,0.3333,2,2,0,0.0,1,chat
synthetic_user_0054,a18002e2-24a3-4da4-b558-ea8cadcb047e,2025-12-15T01:52:04,1,1,1,0,1,3,91.28,4,2,0,0,0,1,0,0.58,0.0,0,0,12,5,0,2,0.4167,2,1,1,0.0,1,download
synthetic_user_0020,33f6e3a9-237d-433e-b4b6-238e44c80117,2025-12-15T06:25:25,1,1,1,0,1,3,93.8,1,0,0,0,0,1,1,0.58,0.0,0,0,6,1,1,1,0.1667,1,1,0,0.0,1,chat
synthetic_user_0181,dcf38bea-591e-47ae-aaaf-e01b841cc3b3,2025-12-15T19:16:34,1,1,1,0,1,3,100.62,2,1,0,0,0,1,1,0.69,0.0,0,1,9,3,2,0,0.3333,3,1,1,0.0,1,repeat_view
synthetic_user_0174,7c1af9a0-cf09-4356-8c0d-d762fbb21208,2025-12-16T06:47:21,1,1,1,0,1,1,121.43,2,0,0,0,0,0,1,1.76,0.0,0,1,18,2,0,0,0.1111,1,1,0,0.0,1,repeat_view
synthetic_user_0167,bd6bddb1-3e29-4767-a194-6196e46f7456,2025-12-16T08:00:45,1,1,1,0,1,3,93.05,5,1,0,0,1,0,1,0.41,0.0,0,1,6,2,1,0,0.3333,6,1,1,0.0,1,download
synthetic_user_0167,bd6bddb1-3e29-4767-a194-6196e46f7456,2025-12-16T08:09:14,1,1,1,0,1,3,93.06,5,2,0,0,1,0,1,0.41,0.0,0,1,6,3,1,0,0.5,7,1,2,0.0,1,bookmark
synthetic_user_0119,95461cac-4301-4ade-8b3c-98201e8731db,2025-12-16T18:31:37,1,1,1,0,1,3,109.37,2,0,0,0,0,1,1,0.41,0.0,0,1,6,1,1,0,0.1667,1,1,0,0.0,1,download
synthetic_user_0110,c5310615-4076-41e9-9064-736593600471,2025-12-17T06:18:49,1,1,1,0,1,3,92.9,3,1,0,0,0,1,0,1.03,0.0,0,0,12,4,0,2,0.3333,4,1,1,0.0,1,chat
synthetic_user_0117,33f6e3a9-237d-433e-b4b6-238e44c80117,2025-12-18T04:47:41,1,1,1,0,1,3,108.53,2,1,0,1,0,1,1,0.58,0.0,0,0,7,1,1,1,0.1429,4,1,1,0.0,1,download
synthetic_user_0157,09593622-ad83-4d14-8236-17bea51dbb13,2025-12-18T21:32:57,1,1,1,0,1,3,97.74,3,0,0,0,1,0,1,0.69,0.0,0,1,18,6,2,4,0.3333,4,1,1,0.0,1,download
synthetic_user_0157,09593622-ad83-4d14-8236-17bea51dbb13,2025-12-18T21:37:44,1,1,1,0,1,3,97.75,3,1,0,0,1,0,1,0.69,0.0,0,1,18,7,2,4,0.3889,5,1,2,0.0,1,chat
synthetic_user_0062,a18002e2-24a3-4da4-b558-ea8cadcb047e,2025-12-18T21:56:24,1,1,1,0,1,3,109.07,1,0,0,0,0,0,0,0.58,0.0,0,0,13,6,0,2,0.4615,1,1,0,0.0,1,download
synthetic_user_0062,a18002e2-24a3-4da4-b558-ea8cadcb047e,2025-12-18T22:02:46,1,1,1,0,1,3,109.07,1,1,0,0,0,0,0,0.58,0.0,0,0,13,7,0,2,0.5385,2,1,1,0.0,1,like
synthetic_user_0194,8706bbb8-8343-4edc-9af4-244b9cad76aa,2025-12-19T01:28:14,1,1,0,1,0,3,97.95,5,2,0,1,0,1,0,0.47,0.0,0,0,63,20,5,2,0.3175,1,1,1,0.0,1,download
synthetic_user_0152,8706bbb8-8343-4edc-9af4-244b9cad76aa,2025-12-19T22:26:49,1,1,0,1,0,3,107.9,1,0,0,0,0,0,0,0.47,0.0,0,0,63,21,5,2,0.3333,1,1,0,0.0,1,repeat_view
synthetic_user_0152,8706bbb8-8343-4edc-9af4-244b9cad76aa,2025-12-19T22:45:32,1,1,0,1,0,3,107.91,2,0,0,0,0,0,0,0.47,0.0,0,0,64,21,5,2,0.3281,2,2,0,0.0,1,chat
synthetic_user_0047,dcd20897-e14a-43fc-b2ba-66bb4a569874,2025-12-20T01:30:38,1,1,1,0,1,3,103.45,1,0,0,0,0,0,1,0.69,0.0,0,1,10,2,1,1,0.2,1,1,0,0.0,1,download
synthetic_user_0047,dcd20897-e14a-43fc-b2ba-66bb4a569874,2025-12-20T01:44:09,1,1,1,0,1,3,103.46,1,1,0,0,0,0,1,0.69,0.0,0,1,10,3,1,1,0.3,2,1,1,0.0,1,chat
synthetic_user_0047,dcd20897-e14a-43fc-b2ba-66bb4a569874,2025-12-20T01:44:58,1,1,1,0,1,3,103.46,1,1,0,0,1,0,1,0.69,0.0,0,1,10,3,1,1,0.3,3,1,1,0.0,1,bookmark
synthetic_user_0125,dcd20897-e14a-43fc-b2ba-66bb4a569874,2025-12-20T07:51:19,1,1,1,0,1,3,102.16,8,0,0,0,2,0,1,0.69,0.0,0,1,11,3,1,2,0.2727,9,3,2,0.0,1,download
synthetic_user_0125,dcd20897-e14a-43fc-b2ba-66bb4a569874,2025-12-20T07:55:27,1,1,1,0,1,3,102.16,8,1,0,0,2,0,1,0.69,0.0,0,1,11,4,1,2,0.3636,10,3,2,0.0,1,chat
synthetic_user_0125,dcd20897-e14a-43fc-b2ba-66bb4a569874,2025-12-20T08:00:39,1,1,1,0,1,3,102.16,8,1,0,0,3,0,1,0.69,0.0,0,1,11,4,1,2,0.3636,11,3,2,0.0,1,like
synthetic_user_0154,8706bbb8-8343-4edc-9af4-244b9cad76aa,2025-12-20T08:15:33,1,1,0,1,0,3,99.73,1,0,0,0,0,1,0,0.47,0.0,0,0,65,21,5,2,0.3231,1,1,0,0.0,1,chat
synthetic_user_0027,dcd20897-e14a-43fc-b2ba-66bb4a569874,2025-12-20T21:14:08,1,1,1,0,1,3,119.63,1,0,0,0,0,0,1,0.69,0.0,0,1,11,4,2,2,0.3636,1,1,0,0.0,1,repeat_view
synthetic_user_0175,09593622-ad83-4d14-8236-17bea51dbb13,2025-12-21T03:15:09,1,1,1,0,1,3,114.77,3,2,0,2,0,0,1,0.69,0.0,0,1,19,7,2,4,0.3684,7,3,1,0.0,1,download
synthetic_user_0175,09593622-ad83-4d14-8236-17bea51dbb13,2025-12-21T03:18:31,1,1,1,0,1,3,114.77,3,3,0,2,0,0,1,0.69,0.0,0,1,19,8,2,4,0.4211,8,3,1,0.0,1,bookmark
synthetic_user_0106,8706bbb8-8343-4edc-9af4-244b9cad76aa,2025-12-21T22:43:44,1,1,0,1,0,3,102.71,1,1,0,0,0,0,0,0.47,0.0,0,0,66,21,5,2,0.3182,2,1,1,0.0,1,repeat_view
synthetic_user_0120,8706bbb8-8343-4edc-9af4-244b9cad76aa,2025-12-22T01:44:27,1,1,0,1,0,3,121.23,2,1,0,0,0,0,0,0.47,0.0,0,0,67,21,5,2,0.3134,2,1,1,0.0,1,repeat_view
synthetic_user_0067,c5310615-4076-41e9-9064-736593600471,2025-12-22T06:58:35,1,1,1,0,1,3,112.2,5,0,0,0,0,0,0,1.03,0.0,0,0,13,4,0,2,0.3077,5,3,0,0.0,1,download
synthetic_user_0067,c5310615-4076-41e9-9064-736593600471,2025-12-22T07:02:17,1,1,1,0,1,3,112.2,5,1,0,0,0,0,0,1.03,0.0,0,0,13,5,0,2,0.3846,6,3,1,0.0,1,like
synthetic_user_0033,c5310615-4076-41e9-9064-736593600471,2025-12-22T22:28:23,1,1,1,0,1,3,101.46,1,1,0,0,0,0,0,1.03,0.0,0,0,13,5,1,2,0.3846,2,1,1,0.0,1,repeat_view
synthetic_user_0033,c5310615-4076-41e9-9064-736593600471,2025-12-22T22:32:09,1,1,1,0,1,3,101.46,2,1,0,0,0,0,0,1.03,0.0,0,0,14,5,1,2,0.3571,3,2,1,0.0,1,download
synthetic_user_0148,2c1e63cb-30f5-4e05-92af-ea93368ef4ab,2025-12-22T23:09:52,1,1,1,0,1,3,121.55,2,0,0,0,0,1,1,0.41,0.0,0,1,17,6,2,2,0.3529,1,1,0,0.0,1,repeat_view
synthetic_user_0085,95461cac-4301-4ade-8b3c-98201e8731db,2025-12-23T20:31:58,1,1,1,0,1,3,129.17,4,0,0,0,0,0,1,0.41,0.0,0,1,7,2,1,0,0.2857,1,1,0,0.0,1,chat
synthetic_user_0101,dcf38bea-591e-47ae-aaaf-e01b841cc3b3,2025-12-23T22:03:04,1,1,1,0,1,3,124.62,1,0,0,0,0,0,1,0.69,0.0,0,1,12,3,2,0,0.25,1,1,0,0.0,1,repeat_view
synthetic_user_0197,8706bbb8-8343-4edc-9af4-244b9cad76aa,2025-12-24T06:38:40,1,1,1,0,1,4,100.98,7,3,1,0,2,0,0,0.47,0.0,0,0,71,21,5,2,0.2958,13,7,1,0.0,1,download
synthetic_user_0197,8706bbb8-8343-4edc-9af4-244b9cad76aa,2025-12-24T06:40:46,1,1,1,0,1,4,100.98,7,4,1,0,2,0,0,0.47,0.0,0,0,71,22,5,2,0.3099,14,7,1,0.0,1,chat
synthetic_user_0011,a18002e2-24a3-4da4-b558-ea8cadcb047e,2025-12-24T19:40:52,1,1,1,0,1,3,112.73,1,1,0,0,0,1,0,0.58,0.0,0,0,13,7,1,2,0.5385,2,1,1,0.0,1,repeat_view
synthetic_user_0160,7c1af9a0-cf09-4356-8c0d-d762fbb21208,2025-12-24T23:09:26,1,1,1,0,1,1,122.76,3,0,0,0,0,1,1,1.76,0.0,0,1,23,2,0,0,0.087,3,3,0,0.0,1,download
synthetic_user_0089,a18002e2-24a3-4da4-b558-ea8cadcb047e,2025-12-25T01:54:38,1,1,1,0,1,3,103.37,1,0,0,0,0,0,0,0.58,0.0,0,0,15,7,1,2,0.4667,1,1,0,0.0,1,download
synthetic_user_0147,33f6e3a9-237d-433e-b4b6-238e44c80117,2025-12-25T06:05:22,1,1,1,0,1,3,112.82,1,0,0,0,1,0,1,0.58,0.0,0,0,7,2,1,1,0.2857,2,1,1,0.0,1,repeat_view
synthetic_user_0147,33f6e3a9-237d-433e-b4b6-238e44c80117,2025-12-25T06:14:29,1,1,1,0,1,3,112.82,2,0,0,0,1,0,1,0.58,0.0,0,0,8,2,1,1,0.25,3,2,1,0.0,1,download
synthetic_user_0142,98a77293-8faf-4d27-8248-6eb91f481d8f,2025-12-25T20:27:23,1,1,1,0,1,3,111.18,1,0,0,0,0,0,0,0.58,0.0,0,0,15,9,4,3,0.6,1,1,0,0.0,1,download
synthetic_user_0133,98a77293-8faf-4d27-8248-6eb91f481d8f,2025-12-26T02:22:05,1,1,1,0,1,3,130.35,3,0,0,0,0,1,0,0.58,0.0,0,0,16,10,4,3,0.625,3,3,0,0.0,1,download
synthetic_user_0133,98a77293-8faf-4d27-8248-6eb91f481d8f,2025-12-26T02:26:24,1,1,1,0,1,3,130.35,3,1,0,0,0,1,0,0.58,0.0,0,0,16,11,4,3,0.6875,4,3,1,0.0,1,like
synthetic_user_0193,c5310615-4076-41e9-9064-736593600471,2025-12-26T06:45:21,1,1,1,0,1,3,110.53,2,2,1,1,0,0,0,1.03,0.0,0,0,14,6,1,2,0.4286,6,1,2,0.0,1,repeat_view
synthetic_user_0193,c5310615-4076-41e9-9064-736593600471,2025-12-26T06:58:10,1,1,1,0,1,3,110.54,3,2,1,1,0,0,0,1.03,0.0,0,0,15,6,1,2,0.4,7,2,2,0.0,1,download
synthetic_user_0193,c5310615-4076-41e9-9064-736593600471,2025-12-26T07:10:17,1,1,1,0,1,3,110.54,3,3,1,1,0,0,0,1.03,0.0,0,0,15,7,1,2,0.4667,8,2,2,0.0,1,bookmark
synthetic_user_0034,e06a75b5-86f9-4daf-b871-0fba7b7ba57d,2025-12-26T20:29:31,1,1,1,0,1,3,118.65,1,0,0,0,0,0,1,0.58,0.0,0,0,10,3,1,1,0.3,1,1,0,0.0,1,download
synthetic_user_0146,8706bbb8-8343-4edc-9af4-244b9cad76aa,2025-12-27T23:47:51,1,1,0,1,0,3,104.2,2,0,0,0,0,0,0,0.47,0.0,0,0,73,22,5,2,0.3014,1,1,0,0.0,1,download
synthetic_user_0146,98a77293-8faf-4d27-8248-6eb91f481d8f,2025-12-27T23:48:17,1,1,1,0,1,3,104.2,2,1,0,0,0,0,0,0.58,0.0,0,0,17,11,5,3,0.6471,1,1,1,0.0,1,chat
synthetic_user_0087,59bf0b38-d7b5-4024-a66e-a03f1b47095d,2025-12-28T20:55:15,1,1,1,0,1,3,120.49,3,0,0,0,1,0,3,1.03,0.0,0,1,11,3,2,0,0.2727,4,1,1,0.0,1,download
synthetic_user_0087,59bf0b38-d7b5-4024-a66e-a03f1b47095d,2025-12-28T21:00:32,1,1,1,0,1,3,120.49,3,1,0,0,1,0,3,1.03,0.0,0,1,11,4,2,0,0.3636,5,1,2,0.0,1,like
synthetic_user_0129,dcf38bea-591e-47ae-aaaf-e01b841cc3b3,2025-12-29T01:29:56,1,1,1,0,1,3,132.67,2,0,0,0,0,0,1,0.69,0.0,0,1,14,3,2,0,0.2143,1,1,0,0.0,1,download
synthetic_user_0129,dcf38bea-591e-47ae-aaaf-e01b841cc3b3,2025-12-29T01:31:53,1,1,1,0,1,3,132.67,2,1,0,0,0,0,1,0.69,0.0,0,1,14,4,2,0,0.2857,2,1,1,0.0,1,like
synthetic_user_0189,33f6e3a9-237d-433e-b4b6-238e44c80117,2025-12-29T08:57:09,1,1,1,0,1,3,120.11,4,0,0,0,1,1,1,0.58,0.0,0,0,9,3,1,1,0.3333,5,1,1,0.0,1,download
synthetic_user_0026,e06a75b5-86f9-4daf-b871-0fba7b7ba57d,2025-12-30T02:14:40,1,1,1,0,1,3,134.36,5,1,0,0,0,0,1,0.58,0.0,0,0,10,4,1,1,0.4,5,1,1,0.0,1,repeat_view
synthetic_user_0196,8706bbb8-8343-4edc-9af4-244b9cad76aa,2025-12-30T07:58:55,1,1,0,1,0,3,128.95,1,1,0,0,0,0,0,0.47,0.0,0,0,73,23,5,2,0.3151,2,1,1,0.0,1,repeat_view
synthetic_user_0028,dcd20897-e14a-43fc-b2ba-66bb4a569874,2025-12-30T08:30:02,1,1,1,0,1,3,115.09,2,0,0,0,1,0,1,0.69,0.0,0,1,12,4,2,2,0.3333,3,1,1,0.0,1,repeat_view
synthetic_user_0163,5a0f55cf-16af-4459-9030-0c7c6e11207f,2025-12-30T19:52:13,1,1,1,0,1,3,135.11,5,1,0,0,0,0,0,0.58,0.0,0,0,8,3,1,1,0.375,6,1,1,0.0,1,download
synthetic_user_0163,5a0f55cf-16af-4459-9030-0c7c6e11207f,2025-12-30T20:01:43,1,1,1,0,1,3,135.12,5,2,0,0,0,0,0,0.58,0.0,0,0,8,4,1,1,0.5,7,1,2,0.0,1,bookmark
synthetic_user_0052,09593622-ad83-4d14-8236-17bea51dbb13,2025-12-30T20:31:07,1,1,1,0,1,3,126.02,2,1,1,0,0,0,1,0.69,0.0,0,1,21,8,2,5,0.381,4,1,1,0.0,1,download
synthetic_user_0038,7c1af9a0-cf09-4356-8c0d-d762fbb21208,2025-12-30T20:53:58,1,1,1,0,1,1,115.53,1,0,0,0,0,0,1,1.76,0.0,0,1,25,3,0,0,0.12,1,1,0,0.0,1,download
synthetic_user_0038,7c1af9a0-cf09-4356-8c0d-d762fbb21208,2025-12-30T20:59:53,1,1,1,0,1,1,115.54,1,1,0,0,0,0,1,1.76,0.0,0,1,25,4,0,0,0.16,2,1,1,0.0,1,bookmark
synthetic_user_0192,59bf0b38-d7b5-4024-a66e-a03f1b47095d,2025-12-31T07:14:56,1,1,0,1,0,4,107.4,1,0,0,0,0,0,3,1.03,0.0,0,1,11,4,3,0,0.3636,1,1,0,0.0,1,repeat_view
synthetic_user_0192,59bf0b38-d7b5-4024-a66e-a03f1b47095d,2025-12-31T07:24:16,1,1,0,1,0,4,107.41,2,0,0,0,0,0,3,1.03,0.0,0,1,12,4,3,0,0.3333,2,2,0,0.0,1,download
synthetic_user_0101,8706bbb8-8343-4edc-9af4-244b9cad76aa,2025-12-31T23:31:33,1,1,0,1,0,3,132.69,3,0,0,0,0,0,0,0.47,0.0,0,0,75,23,5,2,0.3067,1,1,0,0.0,1,download
synthetic_user_0101,8706bbb8-8343-4edc-9af4-244b9cad76aa,2025-12-31T23:32:45,1,1,0,1,0,3,132.69,3,1,0,0,0,0,0,0.47,0.0,0,0,75,24,5,2,0.32,2,1,1,0.0,1,chat
synthetic_user_0101,8706bbb8-8343-4edc-9af4-244b9cad76aa,2025-12-31T23:34:51,1,1,0,1,0,3,132.69,3,1,0,0,1,0,0,0.47,0.0,0,0,75,24,5,2,0.32,3,1,1,0.0,1,like
synthetic_user_0172,dcf38bea-591e-47ae-aaaf-e01b841cc3b3,2025-12-31T23:48:10,1,1,1,0,1,3,125.93,5,1,0,1,1,0,1,0.69,0.0,0,1,15,4,3,0,0.2667,7,1,1,0.0,1,chat
synthetic_user_0048,e72c3d3b-cf36-4cc4-9a40-d8cc5d28df84,2026-01-01T18:47:10,1,1,1,0,1,3,114.14,1,0,0,0,0,0,1,0.41,0.0,0,1,14,6,3,2,0.4286,1,1,0,0.0,1,download
synthetic_user_0048,e72c3d3b-cf36-4cc4-9a40-d8cc5d28df84,2026-01-01T18:49:03,1,1,1,0,1,3,114.14,1,1,0,0,0,0,1,0.41,0.0,0,1,14,7,3,2,0.5,2,1,1,0.0,1,bookmark
synthetic_user_0151,bd6bddb1-3e29-4767-a194-6196e46f7456,2026-01-01T19:40:46,1,1,1,0,1,3,123.66,5,3,2,1,1,0,1,0.41,0.0,0,1,6,3,1,1,0.5,12,1,3,0.0,1,repeat_view
synthetic_user_0064,8706bbb8-8343-4edc-9af4-244b9cad76aa,2026-01-01T21:58:28,1,1,1,0,1,4,118.28,4,0,0,0,1,0,0,0.47,0.0,0,0,76,24,6,2,0.3158,5,4,1,0.0,1,chat
synthetic_user_0090,33f6e3a9-237d-433e-b4b6-238e44c80117,2026-01-02T20:08:00,1,1,0,1,0,4,139.87,1,0,0,0,0,1,1,0.58,0.0,0,0,9,4,1,1,0.4444,1,1,0,0.0,1,repeat_view
synthetic_user_0105,c5310615-4076-41e9-9064-736593600471,2026-01-03T00:55:16,1,1,1,0,1,3,137.21,1,0,0,0,1,0,0,1.03,0.0,0,0,15,7,1,3,0.4667,2,1,1,0.0,1,repeat_view
synthetic_user_0105,c5310615-4076-41e9-9064-736593600471,2026-01-03T00:57:33,1,1,1,0,1,3,137.21,2,0,0,0,1,0,0,1.03,0.0,0,0,16,7,1,3,0.4375,3,2,1,0.0,1,download
synthetic_user_0069,dbcab77a-8d8a-4721-b07d-d5d9ecc7874d,2026-01-03T01:43:30,1,1,1,0,1,3,130.56,3,2,1,0,1,0,1,0.58,0.0,0,0,4,2,0,0,0.5,7,1,2,0.0,1,repeat_view
synthetic_user_0033,fbb68aab-9b3b-4e24-9109-ea047f927347,2026-01-03T06:23:25,1,1,1,0,1,3,112.79,3,2,0,0,0,0,3,1.03,0.0,0,1,12,4,1,0,0.3333,5,1,1,0.0,1,download
synthetic_user_0033,fbb68aab-9b3b-4e24-9109-ea047f927347,2026-01-03T06:26:29,1,1,1,0,1,3,112.79,3,3,0,0,0,0,3,1.03,0.0,0,1,12,5,1,0,0.4167,6,1,2,0.0,1,like
synthetic_user_0033,fbb68aab-9b3b-4e24-9109-ea047f927347,2026-01-03T06:28:51,1,1,1,0,1,3,112.79,3,3,1,0,0,0,3,1.03,0.0,0,1,12,5,2,0,0.4167,7,1,2,0.0,1,bookmark
synthetic_user_0167,5a0f55cf-16af-4459-9030-0c7c6e11207f,2026-01-03T08:09:29,1,1,1,0,1,3,111.06,6,2,0,1,1,0,0,0.58,0.0,0,0,9,4,1,2,0.4444,9,1,2,0.0,1,download
synthetic_user_0148,8706bbb8-8343-4edc-9af4-244b9cad76aa,2026-01-03T22:53:14,1,1,0,1,0,3,133.54,3,0,0,0,0,1,0,0.47,0.0,0,0,76,24,6,2,0.3158,1,1,0,0.0,1,repeat_view
synthetic_user_0074,fbb68aab-9b3b-4e24-9109-ea047f927347,2026-01-04T01:04:45,1,1,1,0,1,3,117.03,6,2,0,1,1,1,3,1.03,0.0,0,1,13,5,2,1,0.3846,9,1,3,0.0,1,chat
synthetic_user_0076,8706bbb8-8343-4edc-9af4-244b9cad76aa,2026-01-04T02:04:24,1,1,0,1,0,3,127.51,5,1,0,0,0,0,0,0.47,0.0,0,0,79,24,6,2,0.3038,1,1,1,0.0,1,download
synthetic_user_0017,dcd20897-e14a-43fc-b2ba-66bb4a569874,2026-01-04T06:40:41,1,1,1,0,1,3,127.07,2,1,0,0,0,1,1,0.69,0.0,0,1,13,4,2,2,0.3077,2,1,1,0.0,1,repeat_view
synthetic_user_0023,8706bbb8-8343-4edc-9af4-244b9cad76aa,2026-01-04T21:33:38,1,1,0,1,0,3,123.7,2,0,0,0,0,1,0,0.47,0.0,0,0,80,25,6,2,0.3125,1,1,0,0.0,1,download
synthetic_user_0019,b1e94dc4-e19f-4e9b-85e1-69c3b4ab0e97,2026-01-05T05:27:05,1,1,1,0,1,3,135.6,2,1,0,0,0,0,3,1.03,0.0,0,1,11,5,3,2,0.4545,3,1,1,0.0,1,repeat_view
synthetic_user_0019,b1e94dc4-e19f-4e9b-85e1-69c3b4ab0e97,2026-01-05T05:41:52,1,1,1,0,1,3,135.61,3,1,0,0,0,0,3,1.03,0.0,0,1,12,5,3,2,0.4167,4,2,1,0.0,1,download
synthetic_user_0019,b1e94dc4-e19f-4e9b-85e1-69c3b4ab0e97,2026-01-05T05:51:48,1,1,1,0,1,3,135.62,3,2,0,0,0,0,3,1.03,0.0,0,1,12,6,3,2,0.5,5,2,2,0.0,1,chat
synthetic_user_0158,dcf38bea-591e-47ae-aaaf-e01b841cc3b3,2026-01-05T21:37:24,1,1,1,0,1,3,128.9,1,0,0,0,0,1,1,0.69,0.0,0,1,16,4,3,0,0.25,1,1,0,0.0,1,repeat_view
synthetic_user_0057,98a77293-8faf-4d27-8248-6eb91f481d8f,2026-01-05T21:48:22,1,1,1,0,1,3,120.06,5,2,0,1,1,0,0,0.58,0.0,0,0,18,11,5,3,0.6111,9,4,2,0.0,1,download
synthetic_user_0158,dcf38bea-591e-47ae-aaaf-e01b841cc3b3,2026-01-05T21:48:50,1,1,1,0,1,3,128.91,2,0,0,0,0,1,1,0.69,0.0,0,1,17,4,3,0,0.2353,2,2,0,0.0,1,chat
synthetic_user_0057,98a77293-8faf-4d27-8248-6eb91f481d8f,2026-01-05T21:53:52,1,1,1,0,1,3,120.06,5,3,0,1,1,0,0,0.58,0.0,0,0,18,12,5,3,0.6667,10,4,2,0.0,1,bookmark
synthetic_user_0017,945e447f-c018-4d92-b5e5-2f1f7a11bd56,2026-01-05T23:16:48,1,1,1,0,1,3,128.76,4,1,0,0,0,1,3,1.03,0.0,0,1,9,2,1,0,0.2222,4,1,1,0.0,1,download
synthetic_user_0017,945e447f-c018-4d92-b5e5-2f1f7a11bd56,2026-01-05T23:21:59,1,1,1,0,1,3,128.76,4,2,0,0,0,1,3,1.03,0.0,0,1,9,3,1,0,0.3333,5,1,2,0.0,1,bookmark
synthetic_user_0074,40a8032b-e43c-43dc-ba5f-d650f1c0a979,2026-01-06T05:09:30,1,1,1,0,1,3,119.19,6,2,0,1,2,1,1,0.41,0.0,0,1,11,5,3,2,0.4545,10,1,4,0.0,1,repeat_view
synthetic_user_0186,45a799e0-5716-4209-b489-bd8f9ef13974,2026-01-06T07:52:23,1,1,1,0,1,3,134.41,1,0,0,0,0,1,1,0.41,0.0,0,1,4,1,0,0,0.25,1,1,0,0.0,1,download
synthetic_user_0052,8b44ea69-a5bb-4779-8c63-bf20e4da58c7,2026-01-06T22:01:20,1,1,1,0,1,3,133.08,2,2,1,0,0,0,1,0.69,0.0,0,1,15,10,3,3,0.6667,5,1,2,0.0,1,repeat_view
synthetic_user_0015,a18002e2-24a3-4da4-b558-ea8cadcb047e,2026-01-07T06:36:38,1,1,1,0,1,3,137.61,2,1,0,0,1,1,0,0.58,0.0,0,0,15,8,1,2,0.5333,4,1,1,0.0,1,repeat_view
synthetic_user_0015,a18002e2-24a3-4da4-b558-ea8cadcb047e,2026-01-07T06:42:27,1,1,1,0,1,3,137.61,3,1,0,0,1,1,0,0.58,0.0,0,0,16,8,1,2,0.5,5,2,1,0.0,1,download
synthetic_user_0015,a18002e2-24a3-4da4-b558-ea8cadcb047e,2026-01-07T06:47:45,1,1,1,0,1,3,137.62,3,2,0,0,1,1,0,0.58,0.0,0,0,16,9,1,2,0.5625,6,2,2,0.0,1,like
synthetic_user_0052,087164bc-8a57-44b1-bd06-0644f475917b,2026-01-07T06:59:12,1,1,1,0,1,3,133.45,4,2,1,0,0,0,0,0.58,0.0,0,0,13,3,2,0,0.2308,7,1,2,0.0,1,download
synthetic_user_0015,a18002e2-24a3-4da4-b558-ea8cadcb047e,2026-01-07T07:05:05,1,1,1,0,1,3,137.63,3,2,1,0,1,1,0,0.58,0.0,0,0,16,9,2,2,0.5625,7,2,2,0.0,1,chat
synthetic_user_0144,e06a75b5-86f9-4daf-b871-0fba7b7ba57d,2026-01-07T07:08:46,1,1,1,0,1,3,119.46,3,0,0,0,0,0,1,0.58,0.0,0,0,12,4,1,1,0.3333,3,1,0,0.0,1,download
synthetic_user_0144,e06a75b5-86f9-4daf-b871-0fba7b7ba57d,2026-01-07T07:16:02,1,1,1,0,1,3,119.46,3,1,0,0,0,0,1,0.58,0.0,0,0,12,5,1,1,0.4167,4,1,1,0.0,1,bookmark
synthetic_user_0144,e06a75b5-86f9-4daf-b871-0fba7b7ba57d,2026-01-07T07:18:56,1,1,1,0,1,3,119.46,3,1,0,1,0,0,1,0.58,0.0,0,0,12,5,1,2,0.4167,5,1,1,0.0,1,like
synthetic_user_0089,a18002e2-24a3-4da4-b558-ea8cadcb047e,2026-01-07T18:05:13,1,1,1,0,1,3,117.04,1,1,0,0,0,0,0,0.58,0.0,0,0,16,9,2,2,0.5625,2,1,1,0.0,1,repeat_view
synthetic_user_0183,a8231f34-c157-4fcd-b08a-5a3420cc0cee,2026-01-07T22:57:12,1,1,1,0,1,3,124.15,3,0,0,0,0,0,1,0.69,0.0,0,1,10,3,0,1,0.3,3,3,0,0.0,1,chat
synthetic_user_0128,2c1e63cb-30f5-4e05-92af-ea93368ef4ab,2026-01-08T00:01:05,1,1,1,0,1,3,128.18,1,0,0,0,0,0,1,0.41,0.0,0,1,19,6,2,2,0.3158,1,1,0,0.0,1,chat
synthetic_user_0190,dbcab77a-8d8a-4721-b07d-d5d9ecc7874d,2026-01-08T02:37:32,1,1,1,0,1,3,131.35,5,1,0,1,0,0,1,0.58,0.0,0,0,6,2,0,0,0.3333,7,1,1,0.0,1,repeat_view
synthetic_user_0140,5a0f55cf-16af-4459-9030-0c7c6e11207f,2026-01-08T07:25:34,1,1,1,0,1,3,138.5,2,1,0,1,1,0,0,0.58,0.0,0,0,10,5,1,2,0.5,5,1,1,0.0,1,chat
synthetic_user_0084,a18002e2-24a3-4da4-b558-ea8cadcb047e,2026-01-08T18:49:10,1,1,1,0,1,3,143.78,1,1,0,0,1,0,0,0.58,0.0,0,0,17,9,2,2,0.5294,3,1,1,0.0,1,repeat_view
synthetic_user_0161,a8231f34-c157-4fcd-b08a-5a3420cc0cee,2026-01-08T19:17:09,1,1,1,0,1,3,143.38,3,1,0,0,0,0,1,0.69,0.0,0,1,10,3,0,1,0.3,4,1,1,0.0,1,repeat_view
synthetic_user_0161,a8231f34-c157-4fcd-b08a-5a3420cc0cee,2026-01-08T19:23:15,1,1,1,0,1,3,143.39,4,1,0,0,0,0,1,0.69,0.0,0,1,11,3,0,1,0.2727,5,2,1,0.0,1,download
synthetic_user_0161,a8231f34-c157-4fcd-b08a-5a3420cc0cee,2026-01-08T19:29:10,1,1,1,0,1,3,143.39,4,2,0,0,0,0,1,0.69,0.0,0,1,11,4,0,1,0.3636,6,2,1,0.0,1,chat
synthetic_user_0077,a18002e2-24a3-4da4-b558-ea8cadcb047e,2026-01-08T20:40:46,1,1,1,0,1,3,127.01,6,2,2,0,1,0,0,0.58,0.0,0,0,18,9,2,2,0.5,11,1,3,0.0,1,repeat_view
synthetic_user_0077,a18002e2-24a3-4da4-b558-ea8cadcb047e,2026-01-08T20:45:20,1,1,1,0,1,3,127.01,7,2,2,0,1,0,0,0.58,0.0,0,0,19,9,2,2,0.4737,12,2,3,0.0,1,download
synthetic_user_0057,98a77293-8faf-4d27-8248-6eb91f481d8f,2026-01-08T23:31:14,1,1,1,0,1,3,123.13,6,3,0,2,1,0,0,0.58,0.0,0,0,20,12,5,4,0.6,12,5,2,0.0,1,download
synthetic_user_0136,dbcab77a-8d8a-4721-b07d-d5d9ecc7874d,2026-01-08T23:36:28,1,1,1,0,1,3,136.75,1,0,0,0,0,0,1,0.58,0.0,0,0,7,2,0,0,0.2857,1,1,0,0.0,1,repeat_view
synthetic_user_0066,85526add-cd5a-4107-a07e-62ff3f493082,2026-01-08T23:48:35,1,1,1,0,1,3,126.62,3,0,0,0,1,1,0,0.41,0.0,0,0,17,5,0,2,0.2941,4,1,1,0.0,1,download
synthetic_user_0019,5a0f55cf-16af-4459-9030-0c7c6e11207f,2026-01-09T00:48:35,1,1,1,0,1,3,139.41,4,2,0,0,1,0,0,0.58,0.0,0,0,11,5,1,2,0.4545,7,1,2,0.0,1,chat
synthetic_user_0019,5a0f55cf-16af-4459-9030-0c7c6e11207f,2026-01-09T00:51:15,1,1,1,0,1,3,139.41,4,2,0,0,2,0,0,0.58,0.0,0,0,11,5,1,2,0.4545,8,1,3,0.0,1,download
synthetic_user_0139,8706bbb8-8343-4edc-9af4-244b9cad76aa,2026-01-09T09:10:57,1,1,0,1,0,3,133.32,1,0,0,0,0,0,0,0.47,0.0,0,0,82,26,6,2,0.3171,1,1,0,0.0,1,chat
synthetic_user_0017,8706bbb8-8343-4edc-9af4-244b9cad76aa,2026-01-09T19:35:43,1,1,0,1,0,3,132.61,4,2,0,1,0,1,0,0.47,0.0,0,0,82,26,6,2,0.3171,1,1,2,0.0,1,repeat_view
synthetic_user_0017,8706bbb8-8343-4edc-9af4-244b9cad76aa,2026-01-09T19:39:52,1,1,0,1,0,3,132.61,5,2,0,1,0,1,0,0.47,0.0,0,0,83,26,6,2,0.3133,2,2,2,0.0,1,download
synthetic_user_0017,8706bbb8-8343-4edc-9af4-244b9cad76aa,2026-01-09T19:42:24,1,1,0,1,0,3,132.61,5,3,0,1,0,1,0,0.47,0.0,0,0,83,27,6,2,0.3253,3,2,3,0.0,1,like
synthetic_user_0094,8706bbb8-8343-4edc-9af4-244b9cad76aa,2026-01-09T20:05:37,1,1,0,1,0,3,146.07,1,0,0,0,0,1,0,0.47,0.0,0,0,84,27,7,2,0.3214,1,1,0,0.0,1,chat
synthetic_user_0083,8706bbb8-8343-4edc-9af4-244b9cad76aa,2026-01-09T21:18:28,1,1,0,1,0,3,143.28,1,0,0,0,0,1,0,0.47,0.0,0,0,84,27,7,2,0.3214,1,1,0,0.0,1,repeat_view
synthetic_user_0112,40a8032b-e43c-43dc-ba5f-d650f1c0a979,2026-01-09T21:19:13,1,1,1,0,1,3,139.02,3,0,0,0,0,0,1,0.41,0.0,0,1,12,5,3,2,0.4167,2,1,0,0.0,1,repeat_view
synthetic_user_0112,40a8032b-e43c-43dc-ba5f-d650f1c0a979,2026-01-09T21:21:54,1,1,1,0,1,3,139.03,4,0,0,0,0,0,1,0.41,0.0,0,1,13,5,3,2,0.3846,3,2,0,0.0,1,download
synthetic_user_0083,8706bbb8-8343-4edc-9af4-244b9cad76aa,2026-01-09T21:30:25,1,1,0,1,0,3,143.29,2,0,0,0,0,1,0,0.47,0.0,0,0,85,27,7,2,0.3176,2,2,0,0.0,1,download
synthetic_user_0083,8706bbb8-8343-4edc-9af4-244b9cad76aa,2026-01-09T21:37:45,1,1,0,1,0,3,143.3,2,1,0,0,0,1,0,0.47,0.0,0,0,85,28,7,2,0.3294,3,2,1,0.0,1,bookmark
synthetic_user_0036,45a799e0-5716-4209-b489-bd8f9ef13974,2026-01-09T22:58:05,1,1,1,0,1,3,139.41,2,1,0,0,0,0,1,0.41,0.0,0,1,5,2,0,0,0.4,3,1,1,0.0,1,chat
synthetic_user_0036,45a799e0-5716-4209-b489-bd8f9ef13974,2026-01-09T22:58:24,1,1,1,0,1,3,139.41,2,1,0,0,1,0,1,0.41,0.0,0,1,5,2,0,0,0.4,4,1,2,0.0,1,download
synthetic_user_0036,45a799e0-5716-4209-b489-bd8f9ef13974,2026-01-09T23:04:22,1,1,1,0,1,3,139.41,2,2,0,0,1,0,1,0.41,0.0,0,1,5,3,0,0,0.6,5,1,2,0.0,1,like
synthetic_user_0148,09593622-ad83-4d14-8236-17bea51dbb13,2026-01-10T01:49:13,1,1,1,0,1,3,139.66,5,0,0,0,0,1,1,0.69,0.0,0,1,22,9,2,5,0.4091,3,1,0,0.0,1,download
synthetic_user_0148,09593622-ad83-4d14-8236-17bea51dbb13,2026-01-10T02:13:19,1,1,1,0,1,3,139.68,5,1,0,0,0,1,1,0.69,0.0,0,1,22,10,2,5,0.4545,4,1,1,0.0,1,chat
synthetic_user_0179,dbcab77a-8d8a-4721-b07d-d5d9ecc7874d,2026-01-10T02:14:04,1,1,1,0,1,3,145.01,3,0,0,0,0,0,1,0.58,0.0,0,0,9,2,0,0,0.2222,3,1,0,0.0,1,chat
synthetic_user_0067,8706bbb8-8343-4edc-9af4-244b9cad76aa,2026-01-10T03:31:22,1,1,0,1,0,3,131.05,6,1,1,0,0,0,0,0.47,0.0,0,0,86,28,7,3,0.3256,1,1,1,0.0,1,chat
synthetic_user_0081,8706bbb8-8343-4edc-9af4-244b9cad76aa,2026-01-10T08:50:06,1,1,0,1,0,3,132.04,4,2,1,0,2,1,0,0.47,0.0,0,0,87,28,7,3,0.3218,6,3,2,0.0,1,download
synthetic_user_0081,8706bbb8-8343-4edc-9af4-244b9cad76aa,2026-01-10T08:57:39,1,1,0,1,0,3,132.05,4,3,1,0,2,1,0,0.47,0.0,0,0,87,29,7,3,0.3333,7,3,2,0.0,1,like
synthetic_user_0088,85526add-cd5a-4107-a07e-62ff3f493082,2026-01-10T23:29:15,1,1,1,0,1,3,120.97,3,2,1,0,0,0,0,0.41,0.0,0,0,18,6,0,2,0.3333,4,1,2,0.0,1,download
synthetic_user_0088,85526add-cd5a-4107-a07e-62ff3f493082,2026-01-10T23:35:53,1,1,1,0,1,3,120.97,3,3,1,0,0,0,0,0.41,0.0,0,0,18,7,0,2,0.3889,5,1,3,0.0,1,like
synthetic_user_0169,8b44ea69-a5bb-4779-8c63-bf20e4da58c7,2026-01-11T01:06:54,1,1,1,0,1,3,118.9,2,0,0,0,0,1,1,0.69,0.0,0,1,17,10,3,3,0.5882,1,1,0,0.0,1,download
synthetic_user_0169,8b44ea69-a5bb-4779-8c63-bf20e4da58c7,2026-01-11T01:09:34,1,1,1,0,1,3,118.9,2,1,0,0,0,1,1,0.69,0.0,0,1,17,11,3,3,0.6471,2,1,1,0.0,1,like
synthetic_user_0136,dbcab77a-8d8a-4721-b07d-d5d9ecc7874d,2026-01-11T05:03:42,1,1,1,0,1,3,138.97,3,0,0,0,0,0,1,0.58,0.0,0,0,10,2,0,0,0.2,3,3,0,0.0,1,chat
synthetic_user_0048,e72c3d3b-cf36-4cc4-9a40-d8cc5d28df84,2026-01-11T22:52:11,1,1,1,0,1,3,124.31,1,1,0,1,0,0,1,0.41,0.0,0,1,15,7,3,3,0.4667,3,1,1,0.0,1,repeat_view
synthetic_user_0080,7c1af9a0-cf09-4356-8c0d-d762fbb21208,2026-01-11T22:55:42,1,1,1,0,1,1,125.21,2,0,0,0,0,0,1,1.76,0.0,0,1,31,4,0,1,0.129,1,1,0,0.0,1,chat
synthetic_user_0080,7c1af9a0-cf09-4356-8c0d-d762fbb21208,2026-01-11T22:56:36,1,1,1,0,1,1,125.21,2,0,0,0,1,0,1,1.76,0.0,0,1,31,4,0,1,0.129,2,1,1,0.0,1,download
synthetic_user_0172,e06a75b5-86f9-4daf-b871-0fba7b7ba57d,2026-01-12T06:20:07,1,1,1,0,1,3,137.2,5,1,0,1,2,0,1,0.58,0.0,0,0,12,5,2,2,0.4167,8,1,2,0.0,1,repeat_view
synthetic_user_0039,8706bbb8-8343-4edc-9af4-244b9cad76aa,2026-01-12T07:24:26,1,1,0,1,0,3,121.86,3,0,0,0,1,1,0,0.47,0.0,0,0,88,29,8,3,0.3295,1,1,1,0.0,1,download
synthetic_user_0133,8706bbb8-8343-4edc-9af4-244b9cad76aa,2026-01-13T04:42:48,1,1,0,1,0,3,148.44,5,1,1,0,0,1,0,0.47,0.0,0,0,89,30,8,3,0.3371,1,1,1,0.0,1,download
synthetic_user_0172,e72c3d3b-cf36-4cc4-9a40-d8cc5d28df84,2026-01-14T18:20:44,1,1,1,0,1,3,139.7,6,1,0,1,2,0,1,0.41,0.0,0,1,16,7,3,3,0.4375,9,1,2,0.0,1,repeat_view
synthetic_user_0073,8706bbb8-8343-4edc-9af4-244b9cad76aa,2026-01-16T06:07:19,1,1,0,1,0,3,131.87,5,1,1,0,0,0,0,0.47,0.0,0,0,91,31,8,3,0.3407,1,1,1,0.0,1,download
synthetic_user_0076,581c8e36-7a51-4e8e-ac1d-6e9c1d54940f,2026-01-16T08:41:49,1,1,1,0,1,3,139.79,6,2,0,0,0,0,3,1.03,0.0,0,1,12,1,1,0,0.0833,6,1,2,0.0,1,download
synthetic_user_0076,581c8e36-7a51-4e8e-ac1d-6e9c1d54940f,2026-01-16T08:44:07,1,1,1,0,1,3,139.79,6,3,0,0,0,0,3,1.03,0.0,0,1,12,2,1,0,0.1667,7,1,3,0.0,1,like
synthetic_user_0120,087164bc-8a57-44b1-bd06-0644f475917b,2026-01-16T18:19:24,1,1,1,0,1,3,146.92,4,1,0,0,0,0,0,0.58,0.0,0,0,16,4,2,0,0.25,2,1,1,0.0,1,download
synthetic_user_0090,8706bbb8-8343-4edc-9af4-244b9cad76aa,2026-01-16T20:46:56,1,1,1,0,1,4,153.9,3,0,0,0,0,1,0,0.47,0.0,0,0,92,32,8,3,0.3478,1,1,0,0.0,1,repeat_view
synthetic_user_0015,85526add-cd5a-4107-a07e-62ff3f493082,2026-01-17T19:56:03,1,1,1,0,1,3,148.16,3,2,1,0,2,1,0,0.41,0.0,0,0,18,7,1,2,0.3889,8,1,2,0.0,1,repeat_view
synthetic_user_0070,8706bbb8-8343-4edc-9af4-244b9cad76aa,2026-01-17T20:50:14,1,1,1,0,1,4,148.19,1,0,0,0,0,1,0,0.47,0.0,0,0,94,32,8,3,0.3404,1,1,0,0.0,1,download
synthetic_user_0070,8706bbb8-8343-4edc-9af4-244b9cad76aa,2026-01-17T21:07:49,1,1,1,0,1,4,148.2,1,1,0,0,0,1,0,0.47,0.0,0,0,94,33,8,3,0.3511,2,1,1,0.0,1,chat
synthetic_user_0137,dbcab77a-8d8a-4721-b07d-d5d9ecc7874d,2026-01-17T21:23:10,1,1,1,0,1,3,125.2,3,0,0,0,0,0,1,0.58,0.0,0,0,11,2,0,0,0.1818,3,1,0,0.0,1,download
synthetic_user_0074,a18002e2-24a3-4da4-b558-ea8cadcb047e,2026-01-18T00:31:08,1,1,1,0,1,3,131.0,8,2,0,1,2,1,0,0.58,0.0,0,0,20,10,2,2,0.5,12,1,4,0.0,1,repeat_view
synthetic_user_0125,8706bbb8-8343-4edc-9af4-244b9cad76aa,2026-01-18T03:08:48,1,1,0,1,0,3,130.96,8,1,1,0,3,0,0,0.47,0.0,0,0,94,33,8,3,0.3511,1,1,2,0.0,1,repeat_view
synthetic_user_0125,8706bbb8-8343-4edc-9af4-244b9cad76aa,2026-01-18T03:22:53,1,1,0,1,0,3,130.97,9,1,1,0,3,0,0,0.47,0.0,0,0,95,33,8,3,0.3474,2,2,2,0.0,1,download
synthetic_user_0177,dcd20897-e14a-43fc-b2ba-66bb4a569874,2026-01-18T09:02:15,1,1,1,0,1,3,128.33,5,0,0,0,0,1,1,0.69,0.0,0,1,15,4,2,2,0.2667,4,1,0,0.0,1,chat
synthetic_user_0028,fbb68aab-9b3b-4e24-9109-ea047f927347,2026-01-18T22:26:11,1,1,1,0,1,3,134.67,3,0,0,0,1,0,3,1.03,0.0,0,1,14,5,2,1,0.3571,4,1,1,0.0,1,repeat_view
synthetic_user_0164,8b44ea69-a5bb-4779-8c63-bf20e4da58c7,2026-01-19T02:45:53,1,1,1,0,1,3,126.56,1,0,0,0,0,0,1,0.69,0.0,0,1,18,11,4,3,0.6111,1,1,0,0.0,1,repeat_view
synthetic_user_0164,8b44ea69-a5bb-4779-8c63-bf20e4da58c7,2026-01-19T02:57:18,1,1,1,0,1,3,126.57,2,0,0,0,0,0,1,0.69,0.0,0,1,19,11,4,3,0.5789,2,2,0,0.0,1,chat
synthetic_user_0014,bd6bddb1-3e29-4767-a194-6196e46f7456,2026-01-19T08:14:21,1,1,1,0,1,3,136.82,1,0,0,0,0,1,1,0.41,0.0,0,1,10,3,1,1,0.3,1,1,0,0.0,1,download
synthetic_user_0163,45a799e0-5716-4209-b489-bd8f9ef13974,2026-01-19T08:15:04,1,1,1,0,1,3,154.63,6,2,0,1,0,0,1,0.41,0.0,0,1,6,3,1,0,0.5,9,1,2,0.0,1,download
synthetic_user_0163,45a799e0-5716-4209-b489-bd8f9ef13974,2026-01-19T08:23:13,1,1,1,0,1,3,154.63,6,3,0,1,0,0,1,0.41,0.0,0,1,6,4,1,0,0.6667,10,1,3,0.0,1,bookmark
synthetic_user_0074,fbb68aab-9b3b-4e24-9109-ea047f927347,2026-01-19T08:54:40,1,1,1,0,1,3,132.35,9,2,0,1,2,1,3,1.03,0.0,0,1,15,5,2,1,0.3333,13,1,4,0.0,1,repeat_view
synthetic_user_0074,fbb68aab-9b3b-4e24-9109-ea047f927347,2026-01-19T09:01:27,1,1,1,0,1,3,132.36,10,2,0,1,2,1,3,1.03,0.0,0,1,16,5,2,1,0.3125,14,2,4,0.0,1,download
synthetic_user_0074,fbb68aab-9b3b-4e24-9109-ea047f927347,2026-01-19T09:02:39,1,1,1,0,1,3,132.36,10,3,0,1,2,1,3,1.03,0.0,0,1,16,6,2,1,0.375,15,2,4,0.0,1,chat
synthetic_user_0074,fbb68aab-9b3b-4e24-9109-ea047f927347,2026-01-19T09:04:52,1,1,1,0,1,3,132.36,10,3,0,1,3,1,3,1.03,0.0,0,1,16,6,2,1,0.375,16,2,4,0.0,1,bookmark
synthetic_user_0146,8706bbb8-8343-4edc-9af4-244b9cad76aa,2026-01-19T21:23:42,1,1,0,1,0,3,127.1,2,1,0,0,1,0,0,0.47,0.0,0,0,98,34,8,3,0.3469,2,1,2,0.0,1,repeat_view
synthetic_user_0099,830353af-6497-4bc7-bab8-08114b64b682,2026-01-19T21:25:06,1,1,1,0,1,3,138.29,1,0,0,0,0,1,0,1.05,0.0,0,0,15,6,1,1,0.4,1,1,0,0.0,1,download
synthetic_user_0099,830353af-6497-4bc7-bab8-08114b64b682,2026-01-19T21:34:31,1,1,1,0,1,3,138.29,1,1,0,0,0,1,0,1.05,0.0,0,0,15,7,1,1,0.4667,2,1,1,0.0,1,bookmark
synthetic_user_0141,bd6bddb1-3e29-4767-a194-6196e46f7456,2026-01-20T01:19:42,1,1,1,0,1,3,155.33,5,0,0,0,0,0,1,0.41,0.0,0,1,11,4,1,1,0.3636,4,3,0,0.0,1,chat
synthetic_user_0038,7c1af9a0-cf09-4356-8c0d-d762fbb21208,2026-01-20T06:13:52,1,1,1,0,1,1,135.92,1,1,0,1,0,0,1,1.76,0.0,0,1,31,5,0,1,0.1613,3,1,1,0.0,1,repeat_view
synthetic_user_0036,45a799e0-5716-4209-b489-bd8f9ef13974,2026-01-20T06:50:04,1,1,1,0,1,3,149.73,2,2,1,0,1,0,1,0.41,0.0,0,1,6,4,1,1,0.6667,6,1,2,0.0,1,repeat_view
synthetic_user_0036,45a799e0-5716-4209-b489-bd8f9ef13974,2026-01-20T06:57:48,1,1,1,0,1,3,149.74,3,2,1,0,1,0,1,0.41,0.0,0,1,7,4,1,1,0.5714,7,2,2,0.0,1,download
synthetic_user_0036,45a799e0-5716-4209-b489-bd8f9ef13974,2026-01-20T07:05:14,1,1,1,0,1,3,149.75,3,3,1,0,1,0,1,0.41,0.0,0,1,7,5,1,1,0.7143,8,2,2,0.0,1,like
synthetic_user_0088,85526add-cd5a-4107-a07e-62ff3f493082,2026-01-20T07:12:45,1,1,1,0,1,3,130.29,3,3,2,0,0,0,0,0.41,0.0,0,0,19,7,1,2,0.3684,6,1,3,0.0,1,repeat_view
synthetic_user_0088,85526add-cd5a-4107-a07e-62ff3f493082,2026-01-20T07:24:49,1,1,1,0,1,3,130.3,4,3,2,0,0,0,0,0.41,0.0,0,0,20,7,1,2,0.35,7,2,3,0.0,1,download
synthetic_user_0024,e06a75b5-86f9-4daf-b871-0fba7b7ba57d,2026-01-20T22:52:39,1,1,1,0,1,3,139.85,6,2,0,0,2,0,1,0.58,0.0,0,0,13,5,2,2,0.3846,10,1,2,0.0,1,repeat_view
synthetic_user_0139,8706bbb8-8343-4edc-9af4-244b9cad76aa,2026-01-21T05:36:06,1,1,0,1,0,3,145.17,1,0,0,0,1,0,0,0.47,0.0,0,0,100,34,8,3,0.34,2,1,1,0.0,1,repeat_view
synthetic_user_0016,b1e94dc4-e19f-4e9b-85e1-69c3b4ab0e97,2026-01-21T20:11:09,1,1,1,0,1,3,154.04,5,0,0,0,0,0,3,1.03,0.0,0,1,13,6,3,2,0.4615,5,1,0,0.0,1,download
synthetic_user_0016,b1e94dc4-e19f-4e9b-85e1-69c3b4ab0e97,2026-01-21T20:20:13,1,1,1,0,1,3,154.05,5,1,0,0,0,0,3,1.03,0.0,0,1,13,7,3,2,0.5385,6,1,1,0.0,1,like
synthetic_user_0180,dcf38bea-591e-47ae-aaaf-e01b841cc3b3,2026-01-21T22:21:15,1,1,1,0,1,3,136.95,8,3,1,1,2,0,1,0.69,0.0,0,1,20,4,3,0,0.2,10,1,4,0.0,1,chat
synthetic_user_0170,a18002e2-24a3-4da4-b558-ea8cadcb047e,2026-01-22T03:33:19,1,1,1,0,1,3,149.88,4,1,0,0,0,0,0,0.58,0.0,0,0,23,10,2,2,0.4348,5,1,1,0.0,1,chat
synthetic_user_0016,dcd20897-e14a-43fc-b2ba-66bb4a569874,2026-01-22T04:07:33,1,1,1,0,1,3,154.37,5,1,1,0,0,0,1,0.69,0.0,0,1,15,4,2,2,0.2667,7,1,1,0.0,1,repeat_view
synthetic_user_0016,dcd20897-e14a-43fc-b2ba-66bb4a569874,2026-01-22T04:23:27,1,1,1,0,1,3,154.39,6,1,1,0,0,0,1,0.69,0.0,0,1,16,4,2,2,0.25,8,2,1,0.0,1,download
synthetic_user_0016,dcd20897-e14a-43fc-b2ba-66bb4a569874,2026-01-22T04:33:59,1,1,1,0,1,3,154.39,6,2,1,0,0,0,1,0.69,0.0,0,1,16,5,2,2,0.3125,9,2,2,0.0,1,like
synthetic_user_0043,bd6bddb1-3e29-4767-a194-6196e46f7456,2026-01-22T05:46:36,1,1,1,0,1,3,142.81,2,0,0,0,0,0,1,0.41,0.0,0,1,12,4,1,1,0.3333,2,1,0,0.0,1,download
synthetic_user_0034,a18002e2-24a3-4da4-b558-ea8cadcb047e,2026-01-23T01:20:11,1,1,1,0,1,3,145.86,2,1,0,0,0,0,0,0.58,0.0,0,0,23,10,2,2,0.4348,3,1,1,0.0,1,repeat_view
synthetic_user_0034,a18002e2-24a3-4da4-b558-ea8cadcb047e,2026-01-23T01:34:26,1,1,1,0,1,3,145.87,3,1,0,0,0,0,0,0.58,0.0,0,0,24,10,2,2,0.4167,4,2,1,0.0,1,chat
synthetic_user_0144,e06a75b5-86f9-4daf-b871-0fba7b7ba57d,2026-01-23T02:46:11,1,1,1,0,1,3,135.27,5,1,1,1,0,0,1,0.58,0.0,0,0,14,5,2,2,0.3571,8,1,1,0.0,1,repeat_view
synthetic_user_0115,8b44ea69-a5bb-4779-8c63-bf20e4da58c7,2026-01-23T05:35:31,1,1,1,0,1,3,155.12,5,1,1,0,2,1,1,0.69,0.0,0,1,20,11,4,3,0.55,9,1,2,0.0,1,repeat_view
synthetic_user_0026,8706bbb8-8343-4edc-9af4-244b9cad76aa,2026-01-23T21:03:06,1,1,0,1,0,3,159.15,6,1,0,0,0,0,0,0.47,0.0,0,0,101,34,8,3,0.3366,1,1,1,0.0,1,repeat_view
synthetic_user_0147,33f6e3a9-237d-433e-b4b6-238e44c80117,2026-01-24T01:13:00,1,1,1,0,1,3,142.62,3,1,0,0,1,0,1,0.58,0.0,0,0,13,4,1,1,0.3077,5,3,1,0.0,1,download
synthetic_user_0076,581c8e36-7a51-4e8e-ac1d-6e9c1d54940f,2026-01-24T01:19:00,1,1,1,0,1,3,147.48,6,3,1,0,0,0,3,1.03,0.0,0,1,12,2,2,0,0.1667,8,1,3,0.0,1,repeat_view
synthetic_user_0147,33f6e3a9-237d-433e-b4b6-238e44c80117,2026-01-24T01:19:57,1,1,1,0,1,3,142.62,3,2,0,0,1,0,1,0.58,0.0,0,0,13,5,1,1,0.3846,6,3,1,0.0,1,like
synthetic_user_0076,581c8e36-7a51-4e8e-ac1d-6e9c1d54940f,2026-01-24T01:24:21,1,1,1,0,1,3,147.48,7,3,1,0,0,0,3,1.03,0.0,0,1,13,2,2,0,0.1538,9,2,3,0.0,1,download
synthetic_user_0104,8706bbb8-8343-4edc-9af4-244b9cad76aa,2026-01-24T07:02:21,1,1,1,0,1,4,149.62,3,1,0,1,0,1,0,0.47,0.0,0,0,103,34,8,3,0.3301,5,3,1,0.0,1,download
synthetic_user_0104,8706bbb8-8343-4edc-9af4-244b9cad76aa,2026-01-24T07:10:23,1,1,1,0,1,4,149.62,3,2,0,1,0,1,0,0.47,0.0,0,0,103,35,8,3,0.3398,6,3,1,0.0,1,like
synthetic_user_0112,8706bbb8-8343-4edc-9af4-244b9cad76aa,2026-01-24T07:56:10,1,1,0,1,0,3,153.47,4,1,0,0,0,0,0,0.47,0.0,0,0,103,35,9,3,0.3398,1,1,1,0.0,1,repeat_view
synthetic_user_0018,830353af-6497-4bc7-bab8-08114b64b682,2026-01-24T21:03:56,1,1,1,0,1,3,136.48,6,1,0,1,1,0,0,1.05,0.0,0,0,16,7,1,2,0.4375,8,3,1,0.0,1,download
synthetic_user_0018,830353af-6497-4bc7-bab8-08114b64b682,2026-01-24T21:15:54,1,1,1,0,1,3,136.49,6,2,0,1,1,0,0,1.05,0.0,0,0,16,8,1,2,0.5,9,3,1,0.0,1,chat
synthetic_user_0123,8706bbb8-8343-4edc-9af4-244b9cad76aa,2026-01-25T04:28:44,1,1,0,1,0,3,139.52,2,1,0,0,0,1,0,0.47,0.0,0,0,104,35,9,3,0.3365,2,1,1,0.0,1,repeat_view
synthetic_user_0123,8706bbb8-8343-4edc-9af4-244b9cad76aa,2026-01-25T04:43:18,1,1,0,1,0,3,139.53,3,1,0,0,0,1,0,0.47,0.0,0,0,105,35,9,3,0.3333,3,2,1,0.0,1,download
synthetic_user_0015,45a799e0-5716-4209-b489-bd8f9ef13974,2026-01-26T20:26:35,1,1,1,0,1,3,157.19,5,2,1,0,2,1,1,0.41,0.0,0,1,8,5,2,1,0.625,10,1,2,0.0,1,download
synthetic_user_0015,45a799e0-5716-4209-b489-bd8f9ef13974,2026-01-26T20:28:04,1,1,1,0,1,3,157.19,5,3,1,0,2,1,1,0.41,0.0,0,1,8,6,2,1,0.75,11,1,3,0.0,1,like
synthetic_user_0190,dbcab77a-8d8a-4721-b07d-d5d9ecc7874d,2026-01-26T22:29:41,1,1,1,0,1,3,150.17,8,1,0,1,0,0,1,0.58,0.0,0,0,12,3,0,0,0.25,10,3,1,0.0,1,chat
synthetic_user_0111,8706bbb8-8343-4edc-9af4-244b9cad76aa,2026-01-27T02:58:59,1,1,1,0,1,4,140.02,4,2,1,0,0,0,0,0.47,0.0,0,0,108,36,9,3,0.3333,7,4,1,0.0,1,chat
synthetic_user_0100,830353af-6497-4bc7-bab8-08114b64b682,2026-01-27T05:25:11,1,1,1,0,1,3,146.52,1,1,0,0,0,0,0,1.05,0.0,0,0,16,8,1,2,0.5,2,1,1,0.0,1,repeat_view
synthetic_user_0109,5a0f55cf-16af-4459-9030-0c7c6e11207f,2026-01-27T07:51:30,0,0,0,2,0,1,144.25,5,1,0,0,0,0,0,0.58,0.0,0,0,13,6,1,2,0.4615,1,1,0,0.0,1,repeat_view
synthetic_user_0095,8706bbb8-8343-4edc-9af4-244b9cad76aa,2026-01-27T18:30:58,1,1,0,1,0,3,154.82,2,0,0,0,0,1,0,0.47,0.0,0,0,110,36,9,3,0.3273,1,1,0,0.0,1,repeat_view
synthetic_user_0194,8706bbb8-8343-4edc-9af4-244b9cad76aa,2026-01-28T05:34:32,1,1,0,1,0,3,138.12,5,3,0,1,0,1,0,0.47,0.0,0,0,111,36,9,3,0.3243,2,1,2,0.0,1,repeat_view
synthetic_user_0122,59bf0b38-d7b5-4024-a66e-a03f1b47095d,2026-01-28T06:45:48,1,1,1,0,1,3,154.22,1,0,0,0,0,1,3,1.03,0.0,0,1,14,5,3,0,0.3571,1,1,0,0.0,1,download
synthetic_user_0140,33f6e3a9-237d-433e-b4b6-238e44c80117,2026-01-28T18:12:50,1,1,1,0,1,3,158.95,3,1,0,1,2,0,1,0.58,0.0,0,0,14,5,2,1,0.3571,7,1,2,0.0,1,download
synthetic_user_0140,33f6e3a9-237d-433e-b4b6-238e44c80117,2026-01-28T18:14:43,1,1,1,0,1,3,158.95,3,2,0,1,2,0,1,0.58,0.0,0,0,14,6,2,1,0.4286,8,1,3,0.0,1,like
synthetic_user_0030,7c1af9a0-cf09-4356-8c0d-d762fbb21208,2026-01-28T19:59:28,1,1,1,0,1,1,151.98,4,0,0,0,0,0,1,1.76,0.0,0,1,33,5,0,1,0.1515,1,1,0,0.0,1,repeat_view
synthetic_user_0177,8706bbb8-8343-4edc-9af4-244b9cad76aa,2026-01-28T22:03:48,1,1,0,1,0,3,138.88,5,0,0,0,1,1,0,0.47,0.0,0,0,112,36,9,3,0.3214,1,1,1,0.0,1,repeat_view
synthetic_user_0100,dcd20897-e14a-43fc-b2ba-66bb4a569874,2026-01-29T06:57:30,1,1,1,0,1,3,148.58,3,1,0,0,0,0,1,0.69,0.0,0,1,18,5,3,2,0.2778,4,1,1,0.0,1,download
synthetic_user_0100,dcd20897-e14a-43fc-b2ba-66bb4a569874,2026-01-29T07:11:34,1,1,1,0,1,3,148.59,3,2,0,0,0,0,1,0.69,0.0,0,1,18,6,3,2,0.3333,5,1,2,0.0,1,chat
synthetic_user_0093,b1e94dc4-e19f-4e9b-85e1-69c3b4ab0e97,2026-01-30T00:38:13,1,1,1,0,1,3,164.68,5,2,1,1,0,0,3,1.03,0.0,0,1,14,7,4,2,0.5,8,3,1,0.0,1,download
synthetic_user_0093,b1e94dc4-e19f-4e9b-85e1-69c3b4ab0e97,2026-01-30T00:48:12,1,1,1,0,1,3,164.68,5,3,1,1,0,0,3,1.03,0.0,0,1,14,8,4,2,0.5714,9,3,1,0.0,1,bookmark
synthetic_user_0165,dcf38bea-591e-47ae-aaaf-e01b841cc3b3,2026-01-30T00:54:39,1,1,1,0,1,3,157.89,2,0,0,0,1,0,1,0.69,0.0,0,1,23,4,3,0,0.1739,3,1,1,0.0,1,download
synthetic_user_0165,dcf38bea-591e-47ae-aaaf-e01b841cc3b3,2026-01-30T01:05:15,1,1,1,0,1,3,157.9,2,1,0,0,1,0,1,0.69,0.0,0,1,23,5,3,0,0.2174,4,1,2,0.0,1,like
synthetic_user_0165,dcf38bea-591e-47ae-aaaf-e01b841cc3b3,2026-01-30T01:07:29,1,1,1,0,1,3,157.9,2,1,1,0,1,0,1,0.69,0.0,0,1,23,5,4,0,0.2174,5,1,2,0.0,1,chat
synthetic_user_0165,dcf38bea-591e-47ae-aaaf-e01b841cc3b3,2026-01-30T01:08:09,1,1,1,0,1,3,157.9,2,1,1,0,2,0,1,0.69,0.0,0,1,23,5,4,0,0.2174,6,1,2,0.0,1,bookmark
synthetic_user_0107,e06a75b5-86f9-4daf-b871-0fba7b7ba57d,2026-01-30T18:19:56,1,1,1,0,1,3,146.83,2,1,1,0,1,1,1,0.58,0.0,0,0,18,5,2,2,0.2778,5,1,1,0.0,1,download
synthetic_user_0018,e06a75b5-86f9-4daf-b871-0fba7b7ba57d,2026-01-30T18:45:48,1,1,1,0,1,3,142.38,7,2,0,1,2,0,1,0.58,0.0,0,0,19,6,2,2,0.3158,11,1,1,0.0,1,download
synthetic_user_0097,98a77293-8faf-4d27-8248-6eb91f481d8f,2026-01-30T21:59:39,1,1,1,0,1,3,138.01,2,1,1,0,0,1,0,0.58,0.0,0,0,22,13,5,4,0.5909,4,1,1,0.0,1,repeat_view
synthetic_user_0097,98a77293-8faf-4d27-8248-6eb91f481d8f,2026-01-30T22:06:17,1,1,1,0,1,3,138.02,3,1,1,0,0,1,0,0.58,0.0,0,0,23,13,5,4,0.5652,5,2,1,0.0,1,download
synthetic_user_0097,98a77293-8faf-4d27-8248-6eb91f481d8f,2026-01-30T22:16:11,1,1,1,0,1,3,138.02,3,2,1,0,0,1,0,0.58,0.0,0,0,23,14,5,4,0.6087,6,2,1,0.0,1,bookmark
synthetic_user_0097,98a77293-8faf-4d27-8248-6eb91f481d8f,2026-01-30T22:17:14,1,1,1,0,1,3,138.02,3,2,1,1,0,1,0,0.58,0.0,0,0,23,14,5,5,0.6087,7,2,1,0.0,1,like
synthetic_user_0011,8706bbb8-8343-4edc-9af4-244b9cad76aa,2026-01-31T02:05:57,1,1,0,1,0,3,150.0,3,1,0,0,0,1,0,0.47,0.0,0,0,115,36,9,3,0.313,1,1,1,0.0,1,download
synthetic_user_0197,8706bbb8-8343-4edc-9af4-244b9cad76aa,2026-02-01T01:41:12,1,1,1,0,1,4,139.78,8,4,1,0,3,0,0,0.47,0.0,0,0,116,37,9,3,0.319,16,8,1,0.0,1,chat
synthetic_user_0108,98a77293-8faf-4d27-8248-6eb91f481d8f,2026-02-01T01:46:39,1,1,1,0,1,3,142.06,2,0,0,0,0,0,0,0.58,0.0,0,0,24,14,6,5,0.5833,2,1,0,0.0,1,download
synthetic_user_0108,98a77293-8faf-4d27-8248-6eb91f481d8f,2026-02-01T01:53:24,1,1,1,0,1,3,142.07,2,1,0,0,0,0,0,0.58,0.0,0,0,24,15,6,5,0.625,3,1,1,0.0,1,like
synthetic_user_0052,09593622-ad83-4d14-8236-17bea51dbb13,2026-02-01T22:06:04,1,1,1,0,1,3,159.08,4,3,1,0,0,0,1,0.69,0.0,0,1,22,10,2,5,0.4545,8,1,3,0.0,1,repeat_view
synthetic_user_0087,f6081dfd-75ec-4719-a05b-6ec1f95df15f,2026-02-02T19:55:12,1,1,1,0,1,3,156.45,4,1,1,0,1,0,1,1.05,0.0,0,1,10,1,0,1,0.1,7,1,2,0.0,1,download
synthetic_user_0087,f6081dfd-75ec-4719-a05b-6ec1f95df15f,2026-02-02T20:04:34,1,1,1,0,1,3,156.45,4,2,1,0,1,0,1,1.05,0.0,0,1,10,2,0,1,0.2,8,1,3,0.0,1,bookmark
synthetic_user_0125,85526add-cd5a-4107-a07e-62ff3f493082,2026-02-03T20:32:40,1,1,1,0,1,3,147.69,9,2,1,0,3,0,0,0.41,0.0,0,0,23,8,1,2,0.3478,12,1,3,0.0,1,repeat_view
synthetic_user_0125,85526add-cd5a-4107-a07e-62ff3f493082,2026-02-03T20:45:43,1,1,1,0,1,3,147.69,10,2,1,0,3,0,0,0.41,0.0,0,0,24,8,1,2,0.3333,13,2,3,0.0,1,download
synthetic_user_0125,85526add-cd5a-4107-a07e-62ff3f493082,2026-02-03T20:48:03,1,1,1,0,1,3,147.7,10,3,1,0,3,0,0,0.41,0.0,0,0,24,9,1,2,0.375,14,2,3,0.0,1,like
synthetic_user_0125,85526add-cd5a-4107-a07e-62ff3f493082,2026-02-03T21:01:03,1,1,1,0,1,3,147.7,10,3,2,0,3,0,0,0.41,0.0,0,0,24,9,2,2,0.375,15,2,3,0.0,1,bookmark
synthetic_user_0171,8706bbb8-8343-4edc-9af4-244b9cad76aa,2026-02-03T22:13:51,1,1,0,1,0,3,157.73,5,2,2,1,2,0,0,0.47,0.0,0,0,117,37,9,3,0.3162,1,1,1,0.0,1,download
synthetic_user_0147,dcd20897-e14a-43fc-b2ba-66bb4a569874,2026-02-04T01:47:53,1,1,1,0,1,3,153.64,4,2,1,0,1,0,1,0.69,0.0,0,1,19,6,3,2,0.3158,8,1,1,0.0,1,download
synthetic_user_0147,dcd20897-e14a-43fc-b2ba-66bb4a569874,2026-02-04T02:10:15,1,1,1,0,1,3,153.65,4,3,1,0,1,0,1,0.69,0.0,0,1,19,7,3,2,0.3684,9,1,2,0.0,1,chat
synthetic_user_0037,85526add-cd5a-4107-a07e-62ff3f493082,2026-02-04T05:53:28,1,1,1,0,1,3,164.44,3,1,0,1,0,0,0,0.41,0.0,0,0,24,9,2,3,0.375,4,1,1,0.0,1,repeat_view
synthetic_user_0037,85526add-cd5a-4107-a07e-62ff3f493082,2026-02-04T06:09:09,1,1,1,0,1,3,164.45,4,1,0,1,0,0,0,0.41,0.0,0,0,25,9,2,3,0.36,5,2,1,0.0,1,download
synthetic_user_0162,8706bbb8-8343-4edc-9af4-244b9cad76aa,2026-02-04T19:18:22,1,1,1,0,1,4,151.19,1,0,0,0,0,1,0,0.47,0.0,0,0,117,38,9,3,0.3248,1,1,0,0.0,1,repeat_view
synthetic_user_0171,09593622-ad83-4d14-8236-17bea51dbb13,2026-02-04T20:48:22,1,1,1,0,1,3,158.67,6,3,2,1,2,0,1,0.69,0.0,0,1,24,10,2,5,0.4167,12,1,2,0.0,1,download
synthetic_user_0195,dcf38bea-591e-47ae-aaaf-e01b841cc3b3,2026-02-04T23:38:12,1,1,1,0,1,3,155.16,2,1,0,1,1,0,1,0.69,0.0,0,1,24,5,4,1,0.2083,5,1,1,0.0,1,chat
synthetic_user_0110,c5310615-4076-41e9-9064-736593600471,2026-02-05T00:28:20,1,1,1,0,1,3,142.66,4,1,0,0,1,1,0,1.03,0.0,0,0,20,8,1,3,0.4,6,1,2,0.0,1,repeat_view
synthetic_user_0134,b1e94dc4-e19f-4e9b-85e1-69c3b4ab0e97,2026-02-05T02:24:48,1,1,1,0,1,3,153.79,2,1,1,1,0,1,3,1.03,0.0,0,1,15,8,4,3,0.5333,5,1,1,0.0,1,repeat_view
synthetic_user_0134,b1e94dc4-e19f-4e9b-85e1-69c3b4ab0e97,2026-02-05T02:27:56,1,1,1,0,1,3,153.79,3,1,1,1,0,1,3,1.03,0.0,0,1,16,8,4,3,0.5,6,2,1,0.0,1,download
synthetic_user_0094,8706bbb8-8343-4edc-9af4-244b9cad76aa,2026-02-05T04:19:31,1,1,0,1,0,3,172.41,1,0,0,0,1,1,0,0.47,0.0,0,0,118,38,9,3,0.322,2,1,1,0.0,1,repeat_view
synthetic_user_0109,7c1af9a0-cf09-4356-8c0d-d762fbb21208,2026-02-06T04:33:35,1,1,1,0,1,1,154.12,7,1,0,0,0,0,1,1.76,0.0,0,1,35,5,0,1,0.1429,6,5,1,0.0,1,chat
synthetic_user_0109,7c1af9a0-cf09-4356-8c0d-d762fbb21208,2026-02-06T04:36:14,1,1,1,0,1,1,154.12,7,1,0,0,1,0,1,1.76,0.0,0,1,35,5,0,1,0.1429,7,5,1,0.0,1,download
synthetic_user_0173,fbb68aab-9b3b-4e24-9109-ea047f927347,2026-02-06T06:25:31,1,1,1,0,1,3,167.03,7,5,1,2,2,1,3,1.03,0.0,0,1,18,6,2,2,0.3333,17,3,2,0.0,1,download
synthetic_user_0110,e06a75b5-86f9-4daf-b871-0fba7b7ba57d,2026-02-06T07:36:47,1,1,1,0,1,3,143.96,6,1,0,0,1,1,1,0.58,0.0,0,0,21,7,2,2,0.3333,8,3,2,0.0,1,download
synthetic_user_0110,e06a75b5-86f9-4daf-b871-0fba7b7ba57d,2026-02-06T07:38:35,1,1,1,0,1,3,143.96,6,2,0,0,1,1,1,0.58,0.0,0,0,21,8,2,2,0.381,9,3,2,0.0,1,chat
synthetic_user_0042,dcd20897-e14a-43fc-b2ba-66bb4a569874,2026-02-06T08:20:08,1,1,1,0,1,3,171.86,3,1,1,1,0,0,1,0.69,0.0,0,1,19,7,3,2,0.3684,6,1,1,0.0,1,repeat_view
synthetic_user_0042,dcd20897-e14a-43fc-b2ba-66bb4a569874,2026-02-06T08:31:06,1,1,1,0,1,3,171.87,4,1,1,1,0,0,1,0.69,0.0,0,1,20,7,3,2,0.35,7,2,1,0.0,1,download
synthetic_user_0042,dcd20897-e14a-43fc-b2ba-66bb4a569874,2026-02-06T08:34:40,1,1,1,0,1,3,171.87,4,2,1,1,0,0,1,0.69,0.0,0,1,20,8,3,2,0.4,8,2,1,0.0,1,like
synthetic_user_0019,b1e94dc4-e19f-4e9b-85e1-69c3b4ab0e97,2026-02-06T23:09:06,1,1,1,0,1,3,168.34,6,3,0,0,2,0,3,1.03,0.0,0,1,17,9,4,3,0.5294,11,3,3,0.0,1,download
synthetic_user_0074,40a8032b-e43c-43dc-ba5f-d650f1c0a979,2026-02-07T00:03:30,1,1,1,0,1,3,150.98,12,3,0,2,3,1,1,0.41,0.0,0,1,16,6,3,2,0.375,19,3,4,0.0,1,download
synthetic_user_0110,e06a75b5-86f9-4daf-b871-0fba7b7ba57d,2026-02-07T01:28:57,1,1,1,0,1,3,144.7,7,2,0,0,2,1,1,0.58,0.0,0,0,22,8,2,2,0.3636,11,4,2,0.0,1,chat
synthetic_user_0195,dcd20897-e14a-43fc-b2ba-66bb4a569874,2026-02-07T01:40:14,1,1,1,0,1,3,157.25,3,1,0,1,2,0,1,0.69,0.0,0,1,21,8,4,2,0.381,7,1,2,0.0,1,download
synthetic_user_0195,dcd20897-e14a-43fc-b2ba-66bb4a569874,2026-02-07T01:47:08,1,1,1,0,1,3,157.25,3,2,0,1,2,0,1,0.69,0.0,0,1,21,9,4,2,0.4286,8,1,3,0.0,1,chat
synthetic_user_0174,7c1af9a0-cf09-4356-8c0d-d762fbb21208,2026-02-08T01:43:34,1,1,1,0,1,1,175.21,4,0,0,0,0,0,1,1.76,0.0,0,1,36,6,0,1,0.1667,3,3,0,0.0,1,download
synthetic_user_0087,f6081dfd-75ec-4719-a05b-6ec1f95df15f,2026-02-08T04:08:13,1,1,1,0,1,3,161.79,4,2,1,1,1,0,1,1.05,0.0,0,1,10,2,0,2,0.2,9,1,3,0.0,1,repeat_view
synthetic_user_0188,5a0f55cf-16af-4459-9030-0c7c6e11207f,2026-02-08T05:17:58,1,1,1,0,1,3,173.92,3,1,1,1,0,0,0,0.58,0.0,0,0,15,6,1,2,0.4,6,1,1,0.0,1,download
synthetic_user_0110,8b44ea69-a5bb-4779-8c63-bf20e4da58c7,2026-02-08T20:49:12,1,1,1,0,1,3,146.51,8,2,0,0,3,1,1,0.69,0.0,0,1,22,11,4,3,0.5,13,1,2,0.0,1,download
synthetic_user_0086,a8231f34-c157-4fcd-b08a-5a3420cc0cee,2026-02-08T21:26:10,1,1,1,0,1,3,147.49,4,0,0,0,1,0,1,0.69,0.0,0,1,13,4,0,1,0.3077,5,1,1,0.0,1,download
synthetic_user_0144,fbb68aab-9b3b-4e24-9109-ea047f927347,2026-02-08T22:29:18,1,1,1,0,1,3,152.1,7,1,1,1,0,0,3,1.03,0.0,0,1,18,7,2,2,0.3889,10,1,1,0.0,1,repeat_view
synthetic_user_0129,dbcab77a-8d8a-4721-b07d-d5d9ecc7874d,2026-02-09T04:31:43,1,1,1,0,1,3,174.8,3,1,1,0,0,0,1,0.58,0.0,0,0,13,3,0,0,0.2308,4,1,1,0.0,1,download
synthetic_user_0159,8706bbb8-8343-4edc-9af4-244b9cad76aa,2026-02-09T18:10:36,1,1,1,0,1,4,153.63,3,1,1,0,0,0,0,0.47,0.0,0,0,119,38,9,3,0.3193,3,1,1,0.0,1,repeat_view
synthetic_user_0044,a8231f34-c157-4fcd-b08a-5a3420cc0cee,2026-02-09T18:47:27,1,1,1,0,1,3,165.21,3,1,1,0,0,1,1,0.69,0.0,0,1,14,5,0,1,0.3571,4,1,1,0.0,1,chat
synthetic_user_0172,40a8032b-e43c-43dc-ba5f-d650f1c0a979,2026-02-09T18:52:05,1,1,1,0,1,3,165.72,8,1,0,1,2,0,1,0.41,0.0,0,1,17,7,3,2,0.4118,11,1,2,0.0,1,download
synthetic_user_0062,a18002e2-24a3-4da4-b558-ea8cadcb047e,2026-02-10T01:21:23,1,1,1,0,1,3,162.21,1,1,1,0,0,0,0,0.58,0.0,0,0,26,10,2,2,0.3846,3,1,1,0.0,1,repeat_view
synthetic_user_0062,a18002e2-24a3-4da4-b558-ea8cadcb047e,2026-02-10T01:31:54,1,1,1,0,1,3,162.22,2,1,1,0,0,0,0,0.58,0.0,0,0,27,10,2,2,0.3704,4,2,1,0.0,1,chat
synthetic_user_0035,5a0f55cf-16af-4459-9030-0c7c6e11207f,2026-02-10T05:49:23,1,1,1,0,1,3,178.03,1,0,0,0,0,1,0,0.58,0.0,0,0,16,7,1,2,0.4375,1,1,0,0.0,1,download
synthetic_user_0084,a18002e2-24a3-4da4-b558-ea8cadcb047e,2026-02-10T08:33:18,1,1,1,0,1,3,176.35,3,1,0,0,1,0,0,0.58,0.0,0,0,28,10,2,2,0.3571,5,3,1,0.0,1,download
synthetic_user_0084,a18002e2-24a3-4da4-b558-ea8cadcb047e,2026-02-10T08:45:36,1,1,1,0,1,3,176.36,3,2,0,0,1,0,0,0.58,0.0,0,0,28,11,2,2,0.3929,6,3,1,0.0,1,chat
synthetic_user_0179,dbcab77a-8d8a-4721-b07d-d5d9ecc7874d,2026-02-11T06:08:17,1,1,1,0,1,3,177.17,3,0,0,0,1,0,1,0.58,0.0,0,0,13,4,0,0,0.3077,4,1,1,0.0,1,repeat_view
synthetic_user_0179,dbcab77a-8d8a-4721-b07d-d5d9ecc7874d,2026-02-11T06:20:47,1,1,1,0,1,3,177.18,4,0,0,0,1,0,1,0.58,0.0,0,0,14,4,0,0,0.2857,5,2,1,0.0,1,download
synthetic_user_0179,dbcab77a-8d8a-4721-b07d-d5d9ecc7874d,2026-02-11T06:34:38,1,1,1,0,1,3,177.19,4,1,0,0,1,0,1,0.58,0.0,0,0,14,5,0,0,0.3571,6,2,1,0.0,1,bookmark
synthetic_user_0154,8706bbb8-8343-4edc-9af4-244b9cad76aa,2026-02-11T08:29:57,1,1,0,1,0,3,152.74,1,0,0,0,1,1,0,0.47,0.0,0,0,120,38,9,3,0.3167,2,1,1,0.0,1,repeat_view
synthetic_user_0111,8706bbb8-8343-4edc-9af4-244b9cad76aa,2026-02-12T01:11:23,1,1,1,0,1,4,155.94,6,2,1,0,1,0,0,0.47,0.0,0,0,123,38,9,3,0.3089,9,5,1,0.0,1,download
synthetic_user_0111,8706bbb8-8343-4edc-9af4-244b9cad76aa,2026-02-12T01:23:16,1,1,1,0,1,4,155.95,6,3,1,0,1,0,0,0.47,0.0,0,0,123,39,9,3,0.3171,10,5,1,0.0,1,bookmark
synthetic_user_0183,a8231f34-c157-4fcd-b08a-5a3420cc0cee,2026-02-12T06:58:53,1,1,1,0,1,3,159.48,5,0,0,0,1,0,1,0.69,0.0,0,1,15,5,0,1,0.3333,6,5,1,0.0,1,chat
synthetic_user_0148,09593622-ad83-4d14-8236-17bea51dbb13,2026-02-12T20:47:42,1,1,1,0,1,3,173.45,6,1,0,0,1,1,1,0.69,0.0,0,1,24,11,2,5,0.4583,5,1,1,0.0,1,repeat_view
synthetic_user_0168,dcf38bea-591e-47ae-aaaf-e01b841cc3b3,2026-02-12T21:53:08,1,1,1,0,1,3,179.12,6,1,0,0,0,0,1,0.69,0.0,0,1,25,5,4,1,0.2,3,1,1,0.0,1,download
synthetic_user_0168,dcf38bea-591e-47ae-aaaf-e01b841cc3b3,2026-02-12T21:59:02,1,1,1,0,1,3,179.12,6,2,0,0,0,0,1,0.69,0.0,0,1,25,6,4,1,0.24,4,1,2,0.0,1,bookmark
synthetic_user_0174,e06a75b5-86f9-4daf-b871-0fba7b7ba57d,2026-02-13T23:34:16,0,0,0,2,0,1,181.12,4,1,0,0,0,0,1,0.58,0.0,0,0,23,8,2,2,0.3478,1,1,0,0.0,1,repeat_view
synthetic_user_0031,a8231f34-c157-4fcd-b08a-5a3420cc0cee,2026-02-14T01:38:09,1,1,1,0,1,3,167.75,5,3,1,1,1,0,1,0.69,0.0,0,1,18,5,0,1,0.2778,3,1,2,0.0,1,download
synthetic_user_0082,f6081dfd-75ec-4719-a05b-6ec1f95df15f,2026-02-14T05:09:37,1,1,1,0,1,3,175.43,5,1,1,0,0,1,1,1.05,0.0,0,1,12,2,0,2,0.1667,7,1,1,0.0,1,download
synthetic_user_0082,f6081dfd-75ec-4719-a05b-6ec1f95df15f,2026-02-14T05:15:03,1,1,1,0,1,3,175.43,5,2,1,0,0,1,1,1.05,0.0,0,1,12,3,0,2,0.25,8,1,2,0.0,1,bookmark
synthetic_user_0179,f6081dfd-75ec-4719-a05b-6ec1f95df15f,2026-02-14T06:48:42,1,1,1,0,1,3,180.2,4,1,0,1,1,0,1,1.05,0.0,0,1,12,3,0,3,0.25,7,1,1,0.0,1,repeat_view
synthetic_user_0172,8706bbb8-8343-4edc-9af4-244b9cad76aa,2026-02-14T21:29:36,1,1,0,1,0,3,170.83,8,2,0,1,2,0,0,0.47,0.0,0,0,124,39,9,4,0.3145,1,1,3,0.0,1,repeat_view
synthetic_user_0172,8706bbb8-8343-4edc-9af4-244b9cad76aa,2026-02-14T21:32:28,1,1,0,1,0,3,170.83,9,2,0,1,2,0,0,0.47,0.0,0,0,125,39,9,4,0.312,2,2,3,0.0,1,download
synthetic_user_0172,8706bbb8-8343-4edc-9af4-244b9cad76aa,2026-02-14T21:34:48,1,1,0,1,0,3,170.83,9,3,0,1,2,0,0,0.47,0.0,0,0,125,40,9,4,0.32,3,2,4,0.0,1,like
synthetic_user_0192,8706bbb8-8343-4edc-9af4-244b9cad76aa,2026-02-15T02:00:53,1,1,1,0,1,4,153.18,4,1,0,0,0,0,0,0.47,0.0,0,0,126,40,10,4,0.3175,1,1,1,0.0,1,download
synthetic_user_0192,8706bbb8-8343-4edc-9af4-244b9cad76aa,2026-02-15T02:20:00,1,1,1,0,1,4,153.2,4,2,0,0,0,0,0,0.47,0.0,0,0,126,41,10,4,0.3254,2,1,2,0.0,1,chat
synthetic_user_0180,830353af-6497-4bc7-bab8-08114b64b682,2026-02-15T03:52:30,1,1,1,0,1,3,161.18,8,3,1,1,3,0,0,1.05,0.0,0,0,17,8,1,2,0.4706,11,1,5,0.0,1,repeat_view
synthetic_user_0051,8706bbb8-8343-4edc-9af4-244b9cad76aa,2026-02-15T18:45:44,1,1,0,1,0,3,156.69,7,3,1,0,0,1,0,0.47,0.0,0,0,126,41,10,4,0.3254,1,1,2,0.0,1,repeat_view
synthetic_user_0051,8706bbb8-8343-4edc-9af4-244b9cad76aa,2026-02-15T18:59:20,1,1,0,1,0,3,156.7,8,3,1,0,0,1,0,0.47,0.0,0,0,127,41,10,4,0.3228,2,2,2,0.0,1,download
synthetic_user_0067,09593622-ad83-4d14-8236-17bea51dbb13,2026-02-15T20:57:37,1,1,1,0,1,3,167.78,10,1,1,0,1,0,1,0.69,0.0,0,1,26,11,2,5,0.4231,11,1,2,0.0,1,chat
synthetic_user_0137,2c1e63cb-30f5-4e05-92af-ea93368ef4ab,2026-02-16T21:32:23,1,1,1,0,1,3,155.21,4,1,0,0,0,0,1,0.41,0.0,0,1,21,6,2,2,0.2857,5,1,1,0.0,1,download
synthetic_user_0095,85526add-cd5a-4107-a07e-62ff3f493082,2026-02-16T21:44:41,1,1,1,0,1,3,174.96,4,0,0,0,0,1,0,0.41,0.0,0,0,27,10,2,3,0.3704,1,1,0,0.0,1,repeat_view
synthetic_user_0026,dbcab77a-8d8a-4721-b07d-d5d9ecc7874d,2026-02-17T01:06:43,1,1,1,0,1,3,183.31,8,1,0,0,0,0,1,0.58,0.0,0,0,15,5,0,1,0.3333,7,1,1,0.0,1,repeat_view
synthetic_user_0024,fbb68aab-9b3b-4e24-9109-ea047f927347,2026-02-17T04:51:22,1,1,1,0,1,3,167.1,8,2,0,0,2,0,3,1.03,0.0,0,1,22,7,2,2,0.3182,12,4,2,0.0,1,download
synthetic_user_0024,fbb68aab-9b3b-4e24-9109-ea047f927347,2026-02-17T04:53:34,1,1,1,0,1,3,167.11,8,3,0,0,2,0,3,1.03,0.0,0,1,22,8,2,2,0.3636,13,4,2,0.0,1,like
synthetic_user_0024,fbb68aab-9b3b-4e24-9109-ea047f927347,2026-02-17T04:57:48,1,1,1,0,1,3,167.11,8,3,1,0,2,0,3,1.03,0.0,0,1,22,8,3,2,0.3636,14,4,2,0.0,1,bookmark
synthetic_user_0024,fbb68aab-9b3b-4e24-9109-ea047f927347,2026-02-17T05:06:20,1,1,1,0,1,3,167.11,8,3,1,1,2,0,3,1.03,0.0,0,1,22,8,3,3,0.3636,15,4,2,0.0,1,chat
synthetic_user_0126,dcf38bea-591e-47ae-aaaf-e01b841cc3b3,2026-02-17T21:10:08,1,1,1,0,1,3,180.06,1,0,0,0,0,1,1,0.69,0.0,0,1,26,6,4,2,0.2308,1,1,0,0.0,1,chat
synthetic_user_0064,8706bbb8-8343-4edc-9af4-244b9cad76aa,2026-02-18T02:30:23,1,1,1,0,1,4,165.47,5,0,0,0,2,0,0,0.47,0.0,0,0,129,42,10,4,0.3256,7,5,1,0.0,1,download
synthetic_user_0064,8706bbb8-8343-4edc-9af4-244b9cad76aa,2026-02-18T02:35:23,1,1,1,0,1,4,165.47,5,1,0,0,2,0,0,0.47,0.0,0,0,129,43,10,4,0.3333,8,5,1,0.0,1,like
synthetic_user_0066,dcd20897-e14a-43fc-b2ba-66bb4a569874,2026-02-18T02:38:16,1,1,1,0,1,3,166.74,4,1,0,0,1,1,1,0.69,0.0,0,1,22,9,4,2,0.4091,6,1,2,0.0,1,download
synthetic_user_0066,dcd20897-e14a-43fc-b2ba-66bb4a569874,2026-02-18T02:39:27,1,1,1,0,1,3,166.74,4,2,0,0,1,1,1,0.69,0.0,0,1,22,10,4,2,0.4545,7,1,3,0.0,1,bookmark
synthetic_user_0091,a8231f34-c157-4fcd-b08a-5a3420cc0cee,2026-02-18T05:28:35,1,1,1,0,1,3,163.6,5,0,0,0,0,0,1,0.69,0.0,0,1,19,6,0,1,0.3158,5,1,0,0.0,1,chat
synthetic_user_0110,8b44ea69-a5bb-4779-8c63-bf20e4da58c7,2026-02-18T08:45:10,1,1,1,0,1,3,156.0,9,3,0,0,3,1,1,0.69,0.0,0,1,24,12,4,3,0.5,15,1,3,0.0,1,repeat_view
synthetic_user_0052,087164bc-8a57-44b1-bd06-0644f475917b,2026-02-18T23:10:56,1,1,1,0,1,3,176.13,5,3,1,0,0,0,0,0.58,0.0,0,0,18,5,2,0,0.2778,9,1,3,0.0,1,repeat_view
synthetic_user_0106,8706bbb8-8343-4edc-9af4-244b9cad76aa,2026-02-19T02:47:18,1,1,0,1,0,3,161.88,4,1,0,0,0,0,0,0.47,0.0,0,0,130,43,11,4,0.3308,5,4,1,0.0,1,download
synthetic_user_0068,830353af-6497-4bc7-bab8-08114b64b682,2026-02-19T06:50:06,1,1,1,0,1,3,181.91,4,1,1,0,0,1,0,1.05,0.0,0,0,19,8,1,2,0.4211,4,1,1,0.0,1,download
synthetic_user_0068,830353af-6497-4bc7-bab8-08114b64b682,2026-02-19T06:59:46,1,1,1,0,1,3,181.92,4,2,1,0,0,1,0,1.05,0.0,0,0,19,9,1,2,0.4737,5,1,2,0.0,1,like
synthetic_user_0086,40a8032b-e43c-43dc-ba5f-d650f1c0a979,2026-02-20T00:10:50,1,1,1,0,1,3,158.6,5,1,0,0,1,0,1,0.41,0.0,0,1,18,8,3,2,0.4444,7,1,2,0.0,1,download
synthetic_user_0151,5a0f55cf-16af-4459-9030-0c7c6e11207f,2026-02-20T04:12:45,1,1,1,0,1,3,173.01,7,3,2,1,1,0,0,0.58,0.0,0,0,17,8,1,2,0.4706,13,1,3,0.0,1,repeat_view
synthetic_user_0151,5a0f55cf-16af-4459-9030-0c7c6e11207f,2026-02-20T04:36:32,1,1,1,0,1,3,173.03,8,3,2,1,1,0,0,0.58,0.0,0,0,18,8,1,2,0.4444,14,2,3,0.0,1,chat
synthetic_user_0055,09593622-ad83-4d14-8236-17bea51dbb13,2026-02-20T22:48:06,1,1,1,0,1,3,179.53,6,0,0,0,0,1,1,0.69,0.0,0,1,27,11,2,5,0.4074,6,4,0,0.0,1,download
synthetic_user_0120,087164bc-8a57-44b1-bd06-0644f475917b,2026-02-21T05:12:30,1,1,1,0,1,3,182.38,4,2,0,0,0,0,0,0.58,0.0,0,0,19,5,2,0,0.2632,3,1,2,0.0,1,repeat_view
synthetic_user_0120,087164bc-8a57-44b1-bd06-0644f475917b,2026-02-21T05:14:52,1,1,1,0,1,3,182.38,5,2,0,0,0,0,0,0.58,0.0,0,0,20,5,2,0,0.25,4,2,2,0.0,1,download
synthetic_user_0120,087164bc-8a57-44b1-bd06-0644f475917b,2026-02-21T05:33:32,1,1,1,0,1,3,182.39,5,3,0,0,0,0,0,0.58,0.0,0,0,20,6,2,0,0.3,5,2,2,0.0,1,chat
synthetic_user_0068,830353af-6497-4bc7-bab8-08114b64b682,2026-02-21T07:18:08,1,1,1,0,1,3,183.93,4,2,2,0,0,1,0,1.05,0.0,0,0,20,9,2,2,0.45,6,1,2,0.0,1,repeat_view
synthetic_user_0013,85526add-cd5a-4107-a07e-62ff3f493082,2026-02-21T07:20:32,1,1,1,0,1,3,176.22,1,0,0,0,0,0,0,0.41,0.0,0,0,29,10,2,3,0.3448,1,1,0,0.0,1,chat
synthetic_user_0013,85526add-cd5a-4107-a07e-62ff3f493082,2026-02-21T07:21:09,1,1,1,0,1,3,176.22,1,0,0,0,1,0,0,0.41,0.0,0,0,29,10,2,3,0.3448,2,1,1,0.0,1,download
synthetic_user_0013,85526add-cd5a-4107-a07e-62ff3f493082,2026-02-21T07:24:52,1,1,1,0,1,3,176.23,1,1,0,0,1,0,0,0.41,0.0,0,0,29,11,2,3,0.3793,3,1,1,0.0,1,like
synthetic_user_0012,c5310615-4076-41e9-9064-736593600471,2026-02-21T08:47:54,1,1,1,0,1,3,183.85,4,2,0,1,1,1,0,1.03,0.0,0,0,22,8,1,3,0.3636,8,3,2,0.0,1,download
synthetic_user_0035,85526add-cd5a-4107-a07e-62ff3f493082,2026-02-22T01:49:43,1,1,1,0,1,3,189.86,2,1,0,0,0,1,0,0.41,0.0,0,0,29,11,3,3,0.3793,3,1,1,0.0,1,repeat_view
synthetic_user_0035,85526add-cd5a-4107-a07e-62ff3f493082,2026-02-22T02:02:50,1,1,1,0,1,3,189.87,3,1,0,0,0,1,0,0.41,0.0,0,0,30,11,3,3,0.3667,4,2,1,0.0,1,download
synthetic_user_0035,85526add-cd5a-4107-a07e-62ff3f493082,2026-02-22T02:09:31,1,1,1,0,1,3,189.87,3,2,0,0,0,1,0,0.41,0.0,0,0,30,12,3,3,0.4,5,2,2,0.0,1,like
synthetic_user_0035,85526add-cd5a-4107-a07e-62ff3f493082,2026-02-22T02:16:00,1,1,1,0,1,3,189.88,3,2,1,0,0,1,0,0.41,0.0,0,0,30,12,4,3,0.4,6,2,2,0.0,1,bookmark
synthetic_user_0169,8706bbb8-8343-4edc-9af4-244b9cad76aa,2026-02-22T06:59:36,1,1,0,1,0,3,161.15,2,1,1,0,0,1,0,0.47,0.0,0,0,133,44,11,4,0.3308,1,1,1,0.0,1,repeat_view
synthetic_user_0195,8706bbb8-8343-4edc-9af4-244b9cad76aa,2026-02-22T19:58:06,1,1,0,1,0,3,173.01,4,2,0,1,3,0,0,0.47,0.0,0,0,134,44,11,4,0.3284,1,1,3,0.0,1,repeat_view
synthetic_user_0195,8706bbb8-8343-4edc-9af4-244b9cad76aa,2026-02-22T20:11:59,1,1,0,1,0,3,173.02,5,2,0,1,3,0,0,0.47,0.0,0,0,135,44,11,4,0.3259,2,2,3,0.0,1,download
synthetic_user_0011,8706bbb8-8343-4edc-9af4-244b9cad76aa,2026-02-22T22:41:26,1,1,0,1,0,3,172.85,3,2,0,0,0,1,0,0.47,0.0,0,0,135,45,11,4,0.3333,2,1,2,0.0,1,repeat_view
synthetic_user_0080,e06a75b5-86f9-4daf-b871-0fba7b7ba57d,2026-02-23T03:05:07,0,0,0,2,0,1,167.38,3,1,0,0,1,0,1,0.58,0.0,0,0,24,8,2,2,0.3333,2,1,0,0.0,1,repeat_view
synthetic_user_0062,a18002e2-24a3-4da4-b558-ea8cadcb047e,2026-02-23T07:15:04,1,1,1,0,1,3,175.46,3,1,1,0,1,0,0,0.58,0.0,0,0,29,11,2,2,0.3793,6,3,1,0.0,1,download
synthetic_user_0062,a18002e2-24a3-4da4-b558-ea8cadcb047e,2026-02-23T07:22:17,1,1,1,0,1,3,175.46,3,2,1,0,1,0,0,0.58,0.0,0,0,29,12,2,2,0.4138,7,3,1,0.0,1,like
synthetic_user_0022,c5310615-4076-41e9-9064-736593600471,2026-02-23T19:02:41,1,1,1,0,1,3,170.68,1,0,0,0,0,1,0,1.03,0.0,0,0,22,9,1,3,0.4091,1,1,0,0.0,1,repeat_view
synthetic_user_0012,5a0f55cf-16af-4459-9030-0c7c6e11207f,2026-02-23T22:58:13,1,1,1,0,1,3,186.44,5,3,0,1,1,1,0,0.58,0.0,0,0,19,8,1,2,0.4211,10,1,2,0.0,1,download
synthetic_user_0012,5a0f55cf-16af-4459-9030-0c7c6e11207f,2026-02-23T23:08:53,1,1,1,0,1,3,186.45,5,4,0,1,1,1,0,0.58,0.0,0,0,19,9,1,2,0.4737,11,1,3,0.0,1,like
synthetic_user_0054,f6081dfd-75ec-4719-a05b-6ec1f95df15f,2026-02-24T01:15:43,1,1,1,0,1,3,162.25,5,3,0,0,0,1,1,1.05,0.0,0,1,14,3,0,3,0.2143,4,1,2,0.0,1,download
synthetic_user_0186,830353af-6497-4bc7-bab8-08114b64b682,2026-02-25T19:46:25,1,1,1,0,1,3,184.91,2,1,0,0,0,1,0,1.05,0.0,0,0,23,9,2,2,0.3913,3,1,1,0.0,1,download
synthetic_user_0186,830353af-6497-4bc7-bab8-08114b64b682,2026-02-25T19:51:16,1,1,1,0,1,3,184.91,2,2,0,0,0,1,0,1.05,0.0,0,0,23,10,2,2,0.4348,4,1,2,0.0,1,bookmark
synthetic_user_0124,8706bbb8-8343-4edc-9af4-244b9cad76aa,2026-02-25T22:18:42,1,1,0,1,0,3,188.23,5,1,1,1,1,0,0,0.47,0.0,0,0,137,45,11,4,0.3285,1,1,1,0.0,1,repeat_view
synthetic_user_0080,dbcab77a-8d8a-4721-b07d-d5d9ecc7874d,2026-02-26T04:26:27,0,0,0,2,0,1,170.43,4,1,0,0,1,0,1,0.58,0.0,0,0,17,5,0,1,0.2941,3,1,0,0.0,1,repeat_view
synthetic_user_0052,a18002e2-24a3-4da4-b558-ea8cadcb047e,2026-02-27T00:20:15,1,1,1,0,1,3,184.18,7,3,1,0,0,0,0,0.58,0.0,0,0,30,12,3,2,0.4,11,1,3,0.0,1,download
synthetic_user_0052,a18002e2-24a3-4da4-b558-ea8cadcb047e,2026-02-27T00:25:51,1,1,1,0,1,3,184.18,7,4,1,0,0,0,0,0.58,0.0,0,0,30,13,3,2,0.4333,12,1,4,0.0,1,like
synthetic_user_0052,a18002e2-24a3-4da4-b558-ea8cadcb047e,2026-02-27T00:33:59,1,1,1,0,1,3,184.19,7,4,2,0,0,0,0,0.58,0.0,0,0,30,13,4,2,0.4333,13,1,4,0.0,1,bookmark
synthetic_user_0111,8b44ea69-a5bb-4779-8c63-bf20e4da58c7,2026-02-27T02:12:23,1,1,0,1,0,4,170.98,7,3,1,1,1,0,1,0.69,0.0,0,1,25,12,4,3,0.48,1,1,1,0.0,1,repeat_view
synthetic_user_0168,8b44ea69-a5bb-4779-8c63-bf20e4da58c7,2026-02-27T18:23:52,1,1,1,0,1,3,193.97,6,2,0,1,0,0,1,0.69,0.0,0,1,26,12,4,3,0.4615,5,1,2,0.0,1,repeat_view
synthetic_user_0168,8b44ea69-a5bb-4779-8c63-bf20e4da58c7,2026-02-27T18:43:59,1,1,1,0,1,3,193.99,7,2,0,1,0,0,1,0.69,0.0,0,1,27,12,4,3,0.4444,6,2,2,0.0,1,chat
synthetic_user_0035,dcf38bea-591e-47ae-aaaf-e01b841cc3b3,2026-02-28T03:54:59,1,1,1,0,1,3,195.95,4,2,1,1,0,1,1,0.69,0.0,0,1,28,6,4,2,0.2143,8,1,2,0.0,1,download
synthetic_user_0035,dcf38bea-591e-47ae-aaaf-e01b841cc3b3,2026-02-28T04:02:39,1,1,1,0,1,3,195.95,4,3,1,1,0,1,1,0.69,0.0,0,1,28,7,4,2,0.25,9,1,3,0.0,1,bookmark
synthetic_user_0192,8706bbb8-8343-4edc-9af4-244b9cad76aa,2026-03-01T00:38:22,1,1,1,0,1,4,167.13,4,2,0,0,1,0,0,0.47,0.0,0,0,139,45,11,4,0.3237,3,1,2,0.0,1,repeat_view
synthetic_user_0134,95461cac-4301-4ade-8b3c-98201e8731db,2026-03-01T08:41:48,1,1,1,0,1,3,178.05,3,2,1,1,0,1,1,0.41,0.0,0,1,9,2,1,0,0.2222,7,1,1,0.0,1,repeat_view
synthetic_user_0092,ea97dfce-6731-4b1d-9b03-485d04de4867,2026-03-01T23:46:23,1,1,1,0,1,3,181.57,2,0,0,0,0,0,3,1.03,0.0,0,1,14,3,0,1,0.2143,2,1,0,0.0,1,download
synthetic_user_0092,ea97dfce-6731-4b1d-9b03-485d04de4867,2026-03-01T23:57:05,1,1,1,0,1,3,181.58,2,1,0,0,0,0,3,1.03,0.0,0,1,14,4,0,1,0.2857,3,1,1,0.0,1,like
synthetic_user_0071,a18002e2-24a3-4da4-b558-ea8cadcb047e,2026-03-02T02:26:16,1,1,1,0,1,3,179.62,5,0,0,0,0,0,0,0.58,0.0,0,0,30,13,4,3,0.4333,4,1,0,0.0,1,repeat_view
synthetic_user_0172,e06a75b5-86f9-4daf-b871-0fba7b7ba57d,2026-03-02T06:35:20,1,1,1,0,1,3,186.21,10,3,1,1,2,0,1,0.58,0.0,0,0,27,8,2,2,0.2963,13,3,4,0.0,1,download
synthetic_user_0172,e06a75b5-86f9-4daf-b871-0fba7b7ba57d,2026-03-02T06:48:52,1,1,1,0,1,3,186.22,10,4,1,1,2,0,1,0.58,0.0,0,0,27,9,2,2,0.3333,14,3,5,0.0,1,chat
synthetic_user_0107,087164bc-8a57-44b1-bd06-0644f475917b,2026-03-02T19:50:07,1,1,1,0,1,3,177.89,3,2,1,0,1,1,0,0.58,0.0,0,0,20,6,2,0,0.3,7,1,2,0.0,1,repeat_view
synthetic_user_0190,09593622-ad83-4d14-8236-17bea51dbb13,2026-03-02T23:58:32,1,1,1,0,1,3,185.24,10,1,0,1,1,0,1,0.69,0.0,0,1,28,12,2,5,0.4286,13,5,2,0.0,1,download
synthetic_user_0190,09593622-ad83-4d14-8236-17bea51dbb13,2026-03-03T00:08:15,1,1,1,0,1,3,185.24,10,2,0,1,1,0,1,0.69,0.0,0,1,28,13,2,5,0.4643,14,5,2,0.0,1,like
synthetic_user_0068,dbcab77a-8d8a-4721-b07d-d5d9ecc7874d,2026-03-03T01:38:56,1,1,1,0,1,3,193.69,6,2,2,0,0,1,1,0.58,0.0,0,0,19,5,0,1,0.2632,8,1,2,0.0,1,download
synthetic_user_0068,dbcab77a-8d8a-4721-b07d-d5d9ecc7874d,2026-03-03T01:46:18,1,1,1,0,1,3,193.7,6,3,2,0,0,1,1,0.58,0.0,0,0,19,6,0,1,0.3158,9,1,3,0.0,1,bookmark
synthetic_user_0078,8706bbb8-8343-4edc-9af4-244b9cad76aa,2026-03-03T06:45:03,1,1,0,1,0,3,173.14,6,1,0,0,0,0,0,0.47,0.0,0,0,142,45,11,4,0.3169,1,1,1,0.0,1,repeat_view
synthetic_user_0088,dcf38bea-591e-47ae-aaaf-e01b841cc3b3,2026-03-03T06:52:15,1,1,1,0,1,3,172.28,5,4,2,0,0,0,1,0.69,0.0,0,1,29,7,4,3,0.2414,9,1,3,0.0,1,download
synthetic_user_0088,dcf38bea-591e-47ae-aaaf-e01b841cc3b3,2026-03-03T06:57:07,1,1,1,0,1,3,172.28,5,5,2,0,0,0,1,0.69,0.0,0,1,29,8,4,3,0.2759,10,1,4,0.0,1,like
synthetic_user_0036,95461cac-4301-4ade-8b3c-98201e8731db,2026-03-03T07:38:31,1,1,1,0,1,3,191.77,5,3,2,0,1,0,1,0.41,0.0,0,1,11,2,1,0,0.1818,11,1,2,0.0,1,download
synthetic_user_0148,09593622-ad83-4d14-8236-17bea51dbb13,2026-03-03T08:03:52,1,1,1,0,1,3,191.92,8,1,0,0,1,1,1,0.69,0.0,0,1,29,13,3,5,0.4483,7,3,1,0.0,1,download
synthetic_user_0148,09593622-ad83-4d14-8236-17bea51dbb13,2026-03-03T08:22:46,1,1,1,0,1,3,191.93,8,2,0,0,1,1,1,0.69,0.0,0,1,29,14,3,5,0.4828,8,3,1,0.0,1,chat
synthetic_user_0034,e06a75b5-86f9-4daf-b871-0fba7b7ba57d,2026-03-04T00:20:18,1,1,1,0,1,3,185.82,3,1,0,0,1,0,1,0.58,0.0,0,0,27,9,2,2,0.3333,5,1,2,0.0,1,repeat_view
synthetic_user_0116,59bf0b38-d7b5-4024-a66e-a03f1b47095d,2026-03-04T01:31:56,1,1,1,0,1,3,191.78,3,0,0,0,0,0,3,1.03,0.0,0,1,19,6,3,0,0.3158,3,1,0,0.0,1,chat
synthetic_user_0114,95461cac-4301-4ade-8b3c-98201e8731db,2026-03-04T18:00:16,1,1,1,0,1,3,179.8,1,0,0,0,0,1,1,0.41,0.0,0,1,11,3,1,0,0.2727,1,1,0,0.0,1,repeat_view
synthetic_user_0142,98a77293-8faf-4d27-8248-6eb91f481d8f,2026-03-04T18:33:50,1,1,1,0,1,3,180.1,2,1,0,0,0,0,0,0.58,0.0,0,0,27,15,7,5,0.5556,3,1,1,0.0,1,repeat_view
synthetic_user_0142,98a77293-8faf-4d27-8248-6eb91f481d8f,2026-03-04T18:42:54,1,1,1,0,1,3,180.1,3,1,0,0,0,0,0,0.58,0.0,0,0,28,15,7,5,0.5357,4,2,1,0.0,1,download
synthetic_user_0142,98a77293-8faf-4d27-8248-6eb91f481d8f,2026-03-04T18:44:27,1,1,1,0,1,3,180.11,3,2,0,0,0,0,0,0.58,0.0,0,0,28,16,7,5,0.5714,5,2,1,0.0,1,chat
synthetic_user_0142,98a77293-8faf-4d27-8248-6eb91f481d8f,2026-03-04T18:46:07,1,1,1,0,1,3,180.11,3,2,0,0,1,0,0,0.58,0.0,0,0,28,16,7,5,0.5714,6,2,1,0.0,1,bookmark
synthetic_user_0109,7c1af9a0-cf09-4356-8c0d-d762fbb21208,2026-03-04T18:51:13,1,1,1,0,1,1,180.71,8,2,0,0,1,0,1,1.76,0.0,0,1,38,7,0,1,0.1842,9,6,1,0.0,1,chat
synthetic_user_0121,087164bc-8a57-44b1-bd06-0644f475917b,2026-03-05T19:50:39,1,1,1,0,1,3,185.93,2,0,0,0,2,0,0,0.58,0.0,0,0,21,6,2,0,0.2857,4,1,2,0.0,1,repeat_view
synthetic_user_0181,dcf38bea-591e-47ae-aaaf-e01b841cc3b3,2026-03-05T21:39:31,1,1,1,0,1,3,180.72,4,1,0,0,0,1,1,0.69,0.0,0,1,30,8,5,3,0.2667,5,3,1,0.0,1,download
synthetic_user_0172,e06a75b5-86f9-4daf-b871-0fba7b7ba57d,2026-03-05T21:41:08,1,1,1,0,1,3,189.84,11,4,1,1,3,0,1,0.58,0.0,0,0,29,9,2,2,0.3103,16,4,5,0.0,1,download
synthetic_user_0181,dcf38bea-591e-47ae-aaaf-e01b841cc3b3,2026-03-05T21:44:15,1,1,1,0,1,3,180.72,4,2,0,0,0,1,1,0.69,0.0,0,1,30,9,5,3,0.3,6,3,1,0.0,1,bookmark
synthetic_user_0172,e06a75b5-86f9-4daf-b871-0fba7b7ba57d,2026-03-05T21:51:58,1,1,1,0,1,3,189.85,11,5,1,1,3,0,1,0.58,0.0,0,0,29,10,2,2,0.3448,17,4,5,0.0,1,like
synthetic_user_0135,7c1af9a0-cf09-4356-8c0d-d762fbb21208,2026-03-05T22:30:47,1,1,1,0,1,1,172.89,4,1,0,0,0,1,1,1.76,0.0,0,1,39,7,0,1,0.1795,5,4,1,0.0,1,download
synthetic_user_0135,7c1af9a0-cf09-4356-8c0d-d762fbb21208,2026-03-05T22:32:18,1,1,1,0,1,1,172.89,4,2,0,0,0,1,1,1.76,0.0,0,1,39,8,0,1,0.2051,6,4,1,0.0,1,like
synthetic_user_0146,087164bc-8a57-44b1-bd06-0644f475917b,2026-03-06T00:37:31,1,1,1,0,1,3,172.24,4,1,0,0,1,0,0,0.58,0.0,0,0,23,6,2,0,0.2609,3,1,2,0.0,1,download
synthetic_user_0069,dcd20897-e14a-43fc-b2ba-66bb4a569874,2026-03-06T01:39:58,1,1,1,0,1,3,192.55,5,2,1,0,1,0,1,0.69,0.0,0,1,23,10,4,3,0.4348,9,1,2,0.0,1,chat
synthetic_user_0193,dcf38bea-591e-47ae-aaaf-e01b841cc3b3,2026-03-06T06:35:04,1,1,1,0,1,3,180.52,4,3,1,2,0,0,1,0.69,0.0,0,1,30,9,5,4,0.3,10,1,2,0.0,1,repeat_view
synthetic_user_0167,087164bc-8a57-44b1-bd06-0644f475917b,2026-03-06T20:06:55,1,1,1,0,1,3,173.55,9,3,0,1,1,0,0,0.58,0.0,0,0,24,7,2,0,0.2917,13,1,3,0.0,1,download
synthetic_user_0167,087164bc-8a57-44b1-bd06-0644f475917b,2026-03-06T20:20:18,1,1,1,0,1,3,173.56,9,4,0,1,1,0,0,0.58,0.0,0,0,24,8,2,0,0.3333,14,1,4,0.0,1,bookmark
synthetic_user_0130,ea97dfce-6731-4b1d-9b03-485d04de4867,2026-03-07T02:25:15,1,1,1,0,1,3,193.45,4,2,0,0,0,0,3,1.03,0.0,0,1,15,4,1,1,0.2667,6,4,1,0.0,1,download
synthetic_user_0114,95461cac-4301-4ade-8b3c-98201e8731db,2026-03-07T02:43:55,1,1,1,0,1,3,182.16,3,0,0,0,0,1,1,0.41,0.0,0,1,13,3,1,0,0.2308,3,3,0,0.0,1,download
synthetic_user_0043,bd6bddb1-3e29-4767-a194-6196e46f7456,2026-03-07T05:08:44,1,1,1,0,1,3,186.78,3,1,0,0,0,0,1,0.41,0.0,0,1,17,5,1,1,0.2941,4,1,1,0.0,1,repeat_view
synthetic_user_0078,fbb68aab-9b3b-4e24-9109-ea047f927347,2026-03-07T07:41:35,1,1,1,0,1,3,177.18,8,1,0,0,0,0,3,1.03,0.0,0,1,24,8,3,3,0.3333,7,1,1,0.0,1,download
synthetic_user_0189,dcf38bea-591e-47ae-aaaf-e01b841cc3b3,2026-03-07T08:19:24,1,1,1,0,1,3,188.09,5,1,0,0,1,1,1,0.69,0.0,0,1,32,9,5,4,0.2812,7,4,2,0.0,1,download
synthetic_user_0043,a8231f34-c157-4fcd-b08a-5a3420cc0cee,2026-03-07T18:10:31,1,1,1,0,1,3,187.33,4,1,0,0,0,0,1,0.69,0.0,0,1,20,6,0,1,0.3,5,1,1,0.0,1,repeat_view
synthetic_user_0020,33f6e3a9-237d-433e-b4b6-238e44c80117,2026-03-07T21:07:08,1,1,1,0,1,3,176.42,1,0,0,0,1,1,1,0.58,0.0,0,0,17,6,3,1,0.3529,2,1,1,0.0,1,repeat_view
synthetic_user_0020,33f6e3a9-237d-433e-b4b6-238e44c80117,2026-03-07T21:17:26,1,1,1,0,1,3,176.42,2,0,0,0,1,1,1,0.58,0.0,0,0,18,6,3,1,0.3333,3,2,1,0.0,1,download
synthetic_user_0038,7c1af9a0-cf09-4356-8c0d-d762fbb21208,2026-03-07T22:03:20,1,1,1,0,1,1,182.58,3,1,0,1,0,0,1,1.76,0.0,0,1,41,8,1,1,0.1951,5,3,1,0.0,1,download
synthetic_user_0038,7c1af9a0-cf09-4356-8c0d-d762fbb21208,2026-03-07T22:21:59,1,1,1,0,1,1,182.59,3,2,0,1,0,0,1,1.76,0.0,0,1,41,9,1,1,0.2195,6,3,1,0.0,1,chat
synthetic_user_0132,85526add-cd5a-4107-a07e-62ff3f493082,2026-03-08T00:42:20,1,1,1,0,1,3,183.57,8,2,0,1,1,1,0,0.41,0.0,0,0,34,12,4,4,0.3529,12,5,1,0.0,1,download
synthetic_user_0144,59bf0b38-d7b5-4024-a66e-a03f1b47095d,2026-03-08T00:49:36,1,1,1,0,1,3,179.19,9,1,1,1,0,0,3,1.03,0.0,0,1,20,6,3,0,0.3,12,1,1,0.0,1,download
synthetic_user_0167,087164bc-8a57-44b1-bd06-0644f475917b,2026-03-08T03:23:22,1,1,1,0,1,3,174.86,9,4,0,2,1,0,0,0.58,0.0,0,0,24,8,2,1,0.3333,15,1,4,0.0,1,repeat_view
synthetic_user_0193,2c1e63cb-30f5-4e05-92af-ea93368ef4ab,2026-03-08T21:23:34,1,1,1,0,1,3,183.14,6,3,1,2,0,0,1,0.41,0.0,0,1,23,7,2,2,0.3043,12,1,2,0.0,1,repeat_view
synthetic_user_0193,2c1e63cb-30f5-4e05-92af-ea93368ef4ab,2026-03-08T21:35:28,1,1,1,0,1,3,183.15,7,3,1,2,0,0,1,0.41,0.0,0,1,24,7,2,2,0.2917,13,2,2,0.0,1,download
synthetic_user_0080,7c1af9a0-cf09-4356-8c0d-d762fbb21208,2026-03-08T23:22:12,1,1,1,0,1,1,181.22,5,1,0,0,1,0,1,1.76,0.0,0,1,41,9,1,1,0.2195,3,1,1,0.0,1,repeat_view
synthetic_user_0178,7c1af9a0-cf09-4356-8c0d-d762fbb21208,2026-03-09T03:00:41,1,1,1,0,1,1,182.53,4,0,0,0,0,0,1,1.76,0.0,0,1,43,9,1,1,0.2093,4,4,0,0.0,1,download
synthetic_user_0197,8706bbb8-8343-4edc-9af4-244b9cad76aa,2026-03-09T07:48:54,1,1,1,0,1,4,176.03,9,4,1,0,4,0,0,0.47,0.0,0,0,147,45,11,4,0.3061,18,9,1,0.0,1,download
synthetic_user_0197,8706bbb8-8343-4edc-9af4-244b9cad76aa,2026-03-09T07:53:35,1,1,1,0,1,4,176.03,9,5,1,0,4,0,0,0.47,0.0,0,0,147,46,11,4,0.3129,19,9,1,0.0,1,like
synthetic_user_0197,8706bbb8-8343-4edc-9af4-244b9cad76aa,2026-03-09T08:00:14,1,1,1,0,1,4,176.04,9,5,2,0,4,0,0,0.47,0.0,0,0,147,46,12,4,0.3129,20,9,1,0.0,1,chat
synthetic_user_0067,7c1af9a0-cf09-4356-8c0d-d762fbb21208,2026-03-09T20:53:15,0,0,0,2,0,3,189.78,11,1,1,0,2,0,1,1.76,0.0,0,1,44,10,1,1,0.2273,1,1,0,0.0,1,download
synthetic_user_0062,8b44ea69-a5bb-4779-8c63-bf20e4da58c7,2026-03-09T22:07:22,1,1,1,0,1,3,190.08,4,2,2,0,1,0,1,0.69,0.0,0,1,29,12,4,3,0.4138,9,1,1,0.0,1,download
synthetic_user_0062,8b44ea69-a5bb-4779-8c63-bf20e4da58c7,2026-03-09T22:22:50,1,1,1,0,1,3,190.09,4,3,2,0,1,0,1,0.69,0.0,0,1,29,13,4,3,0.4483,10,1,2,0.0,1,bookmark
synthetic_user_0167,b1e94dc4-e19f-4e9b-85e1-69c3b4ab0e97,2026-03-10T19:04:11,1,1,1,0,1,3,177.51,10,4,0,2,1,0,3,1.03,0.0,0,1,18,10,4,3,0.5556,16,1,4,0.0,1,repeat_view
synthetic_user_0167,b1e94dc4-e19f-4e9b-85e1-69c3b4ab0e97,2026-03-10T19:08:15,1,1,1,0,1,3,177.51,11,4,0,2,1,0,3,1.03,0.0,0,1,19,10,4,3,0.5263,17,2,4,0.0,1,download
synthetic_user_0167,b1e94dc4-e19f-4e9b-85e1-69c3b4ab0e97,2026-03-10T19:10:34,1,1,1,0,1,3,177.51,11,5,0,2,1,0,3,1.03,0.0,0,1,19,11,4,3,0.5789,18,2,4,0.0,1,like
synthetic_user_0141,7c1af9a0-cf09-4356-8c0d-d762fbb21208,2026-03-11T04:39:23,0,0,0,2,0,3,205.46,6,0,0,0,1,0,1,1.76,0.0,0,1,44,11,1,1,0.25,1,1,0,0.0,1,repeat_view
synthetic_user_0141,7c1af9a0-cf09-4356-8c0d-d762fbb21208,2026-03-11T04:54:20,0,0,0,2,0,3,205.48,7,0,0,0,1,0,1,1.76,0.0,0,1,45,11,1,1,0.2444,2,2,0,0.0,1,download
synthetic_user_0131,b1e94dc4-e19f-4e9b-85e1-69c3b4ab0e97,2026-03-11T22:22:04,1,1,1,0,1,3,205.46,2,0,0,0,0,0,3,1.03,0.0,0,1,20,11,5,3,0.55,1,1,0,0.0,1,chat
synthetic_user_0132,581c8e36-7a51-4e8e-ac1d-6e9c1d54940f,2026-03-12T00:56:39,1,1,1,0,1,3,187.58,8,3,0,1,1,1,3,1.03,0.0,0,1,15,3,2,0,0.2,13,1,1,0.0,1,repeat_view
synthetic_user_0171,8706bbb8-8343-4edc-9af4-244b9cad76aa,2026-03-12T04:38:54,1,1,0,1,0,3,194.0,6,4,2,1,2,0,0,0.47,0.0,0,0,150,46,12,4,0.3067,2,1,3,0.0,1,repeat_view
synthetic_user_0170,59bf0b38-d7b5-4024-a66e-a03f1b47095d,2026-03-12T05:56:02,1,1,1,0,1,3,198.98,5,1,0,0,1,0,3,1.03,0.0,0,1,21,7,3,0,0.3333,7,4,2,0.0,1,download
synthetic_user_0091,b1e94dc4-e19f-4e9b-85e1-69c3b4ab0e97,2026-03-13T06:14:45,1,1,1,0,1,3,186.63,8,0,0,0,1,0,3,1.03,0.0,0,1,22,11,5,3,0.5,8,1,1,0.0,1,download
synthetic_user_0091,b1e94dc4-e19f-4e9b-85e1-69c3b4ab0e97,2026-03-13T06:23:10,1,1,1,0,1,3,186.64,8,1,0,0,1,0,3,1.03,0.0,0,1,22,12,5,3,0.5455,9,1,2,0.0,1,like
synthetic_user_0067,2c1e63cb-30f5-4e05-92af-ea93368ef4ab,2026-03-13T07:01:23,1,1,1,0,1,3,193.2,12,2,1,0,2,0,1,0.41,0.0,0,1,25,8,2,2,0.32,13,1,3,0.0,1,download
synthetic_user_0073,8706bbb8-8343-4edc-9af4-244b9cad76aa,2026-03-13T19:35:59,1,1,0,1,0,3,188.43,5,2,1,0,0,0,0,0.47,0.0,0,0,151,46,12,4,0.3046,2,1,2,0.0,1,repeat_view
synthetic_user_0091,8706bbb8-8343-4edc-9af4-244b9cad76aa,2026-03-14T05:19:46,1,1,0,1,0,3,187.6,8,1,1,0,1,0,0,0.47,0.0,0,0,153,46,12,4,0.3007,1,1,2,0.0,1,repeat_view
synthetic_user_0145,8706bbb8-8343-4edc-9af4-244b9cad76aa,2026-03-14T05:22:24,1,1,0,1,0,3,196.66,4,1,0,1,1,0,0,0.47,0.0,0,0,154,46,12,4,0.2987,1,1,1,0.0,1,download
synthetic_user_0145,8706bbb8-8343-4edc-9af4-244b9cad76aa,2026-03-14T05:24:45,1,1,0,1,0,3,196.66,4,2,0,1,1,0,0,0.47,0.0,0,0,154,47,12,4,0.3052,2,1,2,0.0,1,like
synthetic_user_0145,8706bbb8-8343-4edc-9af4-244b9cad76aa,2026-03-14T05:26:54,1,1,0,1,0,3,196.66,4,2,1,1,1,0,0,0.47,0.0,0,0,154,47,13,4,0.3052,3,1,2,0.0,1,bookmark
synthetic_user_0093,8706bbb8-8343-4edc-9af4-244b9cad76aa,2026-03-14T18:16:52,1,1,0,1,0,3,208.41,5,3,1,2,0,0,0,0.47,0.0,0,0,154,47,13,5,0.3052,1,1,1,0.0,1,repeat_view
synthetic_user_0140,85526add-cd5a-4107-a07e-62ff3f493082,2026-03-14T19:52:26,1,1,1,0,1,3,204.02,4,2,1,1,2,0,0,0.41,0.0,0,0,35,13,4,4,0.3714,10,1,3,0.0,1,download
synthetic_user_0140,85526add-cd5a-4107-a07e-62ff3f493082,2026-03-14T19:53:29,1,1,1,0,1,3,204.02,4,3,1,1,2,0,0,0.41,0.0,0,0,35,14,4,4,0.4,11,1,4,0.0,1,like
synthetic_user_0062,95461cac-4301-4ade-8b3c-98201e8731db,2026-03-14T23:48:52,1,1,1,0,1,3,195.15,5,3,2,1,1,0,1,0.41,0.0,0,1,14,4,1,0,0.2857,12,1,2,0.0,1,download
synthetic_user_0021,8b44ea69-a5bb-4779-8c63-bf20e4da58c7,2026-03-15T02:04:49,1,1,1,0,1,3,203.02,5,0,0,0,1,1,1,0.69,0.0,0,1,30,13,4,4,0.4333,6,4,1,0.0,1,download
synthetic_user_0192,8706bbb8-8343-4edc-9af4-244b9cad76aa,2026-03-15T02:43:32,1,1,1,0,1,4,181.21,6,2,0,0,1,0,0,0.47,0.0,0,0,156,47,13,5,0.3013,5,3,2,0.0,1,download
synthetic_user_0061,c5310615-4076-41e9-9064-736593600471,2026-03-15T19:37:30,1,1,1,0,1,3,192.97,2,0,0,0,0,0,0,1.03,0.0,0,0,26,9,1,3,0.3462,2,1,0,0.0,1,download
synthetic_user_0061,c5310615-4076-41e9-9064-736593600471,2026-03-15T19:40:20,1,1,1,0,1,3,192.97,2,1,0,0,0,0,0,1.03,0.0,0,0,26,10,1,3,0.3846,3,1,1,0.0,1,bookmark
synthetic_user_0067,2c1e63cb-30f5-4e05-92af-ea93368ef4ab,2026-03-16T02:18:40,1,1,1,0,1,3,196.0,12,3,1,0,2,0,1,0.41,0.0,0,1,25,9,2,2,0.36,14,1,4,0.0,1,repeat_view
synthetic_user_0120,85526add-cd5a-4107-a07e-62ff3f493082,2026-03-16T23:40:45,1,1,1,0,1,3,206.15,6,3,0,0,1,0,0,0.41,0.0,0,0,36,14,5,4,0.3889,7,1,2,0.0,1,chat
synthetic_user_0172,98a77293-8faf-4d27-8248-6eb91f481d8f,2026-03-17T00:18:38,1,1,1,0,1,3,200.95,11,5,2,1,3,0,0,0.58,0.0,0,0,29,16,7,6,0.5517,18,1,5,0.0,1,repeat_view
synthetic_user_0172,98a77293-8faf-4d27-8248-6eb91f481d8f,2026-03-17T00:34:33,1,1,1,0,1,3,200.96,12,5,2,1,3,0,0,0.58,0.0,0,0,30,16,7,6,0.5333,19,2,5,0.0,1,chat
synthetic_user_0173,8b44ea69-a5bb-4779-8c63-bf20e4da58c7,2026-03-17T01:47:54,1,1,1,0,1,3,205.83,8,6,1,2,2,1,1,0.69,0.0,0,1,31,14,4,4,0.4516,19,5,2,0.0,1,download
synthetic_user_0173,8b44ea69-a5bb-4779-8c63-bf20e4da58c7,2026-03-17T02:03:07,1,1,1,0,1,3,205.84,8,7,1,2,2,1,1,0.69,0.0,0,1,31,15,4,4,0.4839,20,5,2,0.0,1,chat
synthetic_user_0103,2c1e63cb-30f5-4e05-92af-ea93368ef4ab,2026-03-17T06:16:14,1,1,1,0,1,3,184.41,7,2,1,1,2,0,1,0.41,0.0,0,1,26,9,2,2,0.3462,13,1,1,0.0,1,repeat_view
synthetic_user_0103,2c1e63cb-30f5-4e05-92af-ea93368ef4ab,2026-03-17T06:42:49,1,1,1,0,1,3,184.43,9,2,1,1,2,0,1,0.41,0.0,0,1,27,9,2,2,0.3333,15,2,1,0.0,1,chat
synthetic_user_0124,33f6e3a9-237d-433e-b4b6-238e44c80117,2026-03-18T07:01:47,1,1,1,0,1,3,208.59,7,1,1,1,1,0,1,0.58,0.0,0,0,20,7,3,1,0.35,9,1,1,0.0,1,download
synthetic_user_0095,95461cac-4301-4ade-8b3c-98201e8731db,2026-03-19T04:06:08,1,1,1,0,1,3,205.22,7,0,0,0,0,1,1,0.41,0.0,0,1,15,5,1,0,0.3333,4,1,0,0.0,1,download
synthetic_user_0181,8b44ea69-a5bb-4779-8c63-bf20e4da58c7,2026-03-19T08:58:54,1,1,1,0,1,3,194.19,5,2,0,1,0,1,1,0.69,0.0,0,1,31,15,4,4,0.4839,7,1,1,0.0,1,repeat_view
synthetic_user_0181,8b44ea69-a5bb-4779-8c63-bf20e4da58c7,2026-03-19T09:01:57,1,1,1,0,1,3,194.19,6,2,0,1,0,1,1,0.69,0.0,0,1,32,15,4,4,0.4688,8,2,1,0.0,1,download
synthetic_user_0181,8b44ea69-a5bb-4779-8c63-bf20e4da58c7,2026-03-19T09:12:21,1,1,1,0,1,3,194.2,6,3,0,1,0,1,1,0.69,0.0,0,1,32,16,4,4,0.5,9,2,2,0.0,1,like
synthetic_user_0063,bd6bddb1-3e29-4767-a194-6196e46f7456,2026-03-19T20:34:39,1,1,1,0,1,3,199.29,6,0,0,0,0,1,1,0.41,0.0,0,1,20,5,1,1,0.25,5,1,0,0.0,1,chat
synthetic_user_0178,7c1af9a0-cf09-4356-8c0d-d762fbb21208,2026-03-20T02:16:52,1,1,1,0,1,1,193.5,5,1,0,0,0,0,1,1.76,0.0,0,1,49,12,1,1,0.2449,6,5,1,0.0,1,download
synthetic_user_0150,dcf38bea-591e-47ae-aaaf-e01b841cc3b3,2026-03-20T03:44:11,1,1,1,0,1,3,190.37,1,1,1,0,0,0,1,0.69,0.0,0,1,32,10,5,4,0.3125,3,1,1,0.0,1,repeat_view
synthetic_user_0150,dcf38bea-591e-47ae-aaaf-e01b841cc3b3,2026-03-20T03:46:44,1,1,1,0,1,3,190.37,2,1,1,0,0,0,1,0.69,0.0,0,1,33,10,5,4,0.303,4,2,1,0.0,1,download
synthetic_user_0110,a8231f34-c157-4fcd-b08a-5a3420cc0cee,2026-03-21T01:27:08,1,1,1,0,1,3,186.7,10,3,0,0,3,1,1,0.69,0.0,0,1,23,6,0,1,0.2609,16,1,3,0.0,1,repeat_view
synthetic_user_0110,a8231f34-c157-4fcd-b08a-5a3420cc0cee,2026-03-21T01:35:20,1,1,1,0,1,3,186.7,11,3,0,0,3,1,1,0.69,0.0,0,1,24,6,0,1,0.25,17,2,3,0.0,1,download
synthetic_user_0118,581c8e36-7a51-4e8e-ac1d-6e9c1d54940f,2026-03-21T01:52:34,1,1,1,0,1,3,200.34,5,1,0,1,1,0,3,1.03,0.0,0,1,17,3,2,0,0.1765,8,1,1,0.0,1,download
synthetic_user_0118,581c8e36-7a51-4e8e-ac1d-6e9c1d54940f,2026-03-21T01:57:28,1,1,1,0,1,3,200.34,5,2,0,1,1,0,3,1.03,0.0,0,1,17,4,2,0,0.2353,9,1,2,0.0,1,like
synthetic_user_0118,581c8e36-7a51-4e8e-ac1d-6e9c1d54940f,2026-03-21T02:01:09,1,1,1,0,1,3,200.34,5,2,1,1,1,0,3,1.03,0.0,0,1,17,4,3,0,0.2353,10,1,2,0.0,1,chat
synthetic_user_0118,581c8e36-7a51-4e8e-ac1d-6e9c1d54940f,2026-03-21T02:01:15,1,1,1,0,1,3,200.34,5,2,1,1,2,0,3,1.03,0.0,0,1,17,4,3,0,0.2353,11,1,2,0.0,1,bookmark
synthetic_user_0081,e72c3d3b-cf36-4cc4-9a40-d8cc5d28df84,2026-03-21T05:06:57,1,1,1,0,1,3,201.89,5,3,2,0,2,1,1,0.41,0.0,0,1,20,7,3,3,0.35,4,1,2,0.0,1,repeat_view
synthetic_user_0081,e72c3d3b-cf36-4cc4-9a40-d8cc5d28df84,2026-03-21T05:17:05,1,1,1,0,1,3,201.89,6,3,2,0,2,1,1,0.41,0.0,0,1,21,7,3,3,0.3333,5,2,2,0.0,1,download
synthetic_user_0081,e72c3d3b-cf36-4cc4-9a40-d8cc5d28df84,2026-03-21T05:20:42,1,1,1,0,1,3,201.9,6,4,2,0,2,1,1,0.41,0.0,0,1,21,8,3,3,0.381,6,2,3,0.0,1,like
synthetic_user_0095,95461cac-4301-4ade-8b3c-98201e8731db,2026-03-21T22:52:50,1,1,1,0,1,3,208.0,7,1,0,0,0,1,1,0.41,0.0,0,1,15,6,1,0,0.4,5,1,1,0.0,1,repeat_view
synthetic_user_0163,b1e94dc4-e19f-4e9b-85e1-69c3b4ab0e97,2026-03-21T23:09:24,1,1,1,0,1,3,216.25,7,3,0,2,0,0,3,1.03,0.0,0,1,22,12,6,3,0.5455,11,1,3,0.0,1,repeat_view
synthetic_user_0163,b1e94dc4-e19f-4e9b-85e1-69c3b4ab0e97,2026-03-21T23:23:09,1,1,1,0,1,3,216.26,8,3,0,2,0,0,3,1.03,0.0,0,1,23,12,6,3,0.5217,12,2,3,0.0,1,download
synthetic_user_0163,b1e94dc4-e19f-4e9b-85e1-69c3b4ab0e97,2026-03-21T23:24:53,1,1,1,0,1,3,216.26,8,4,0,2,0,0,3,1.03,0.0,0,1,23,13,6,3,0.5652,13,2,4,0.0,1,like
synthetic_user_0031,e06a75b5-86f9-4daf-b871-0fba7b7ba57d,2026-03-23T03:48:25,1,1,1,0,1,3,204.84,6,4,1,1,1,0,1,0.58,0.0,0,0,30,10,3,2,0.3333,5,1,3,0.0,1,chat
synthetic_user_0180,2c1e63cb-30f5-4e05-92af-ea93368ef4ab,2026-03-23T07:17:54,1,1,1,0,1,3,197.33,12,3,1,1,3,0,1,0.41,0.0,0,1,28,9,2,2,0.3214,15,1,5,0.0,1,download
synthetic_user_0180,2c1e63cb-30f5-4e05-92af-ea93368ef4ab,2026-03-23T07:36:18,1,1,1,0,1,3,197.34,12,4,1,1,3,0,1,0.41,0.0,0,1,28,10,2,2,0.3571,16,1,6,0.0,1,chat
synthetic_user_0092,85526add-cd5a-4107-a07e-62ff3f493082,2026-03-23T20:20:35,1,1,1,0,1,3,203.43,2,1,1,0,0,0,0,0.41,0.0,0,0,36,14,5,4,0.3889,4,1,1,0.0,1,repeat_view
synthetic_user_0140,e72c3d3b-cf36-4cc4-9a40-d8cc5d28df84,2026-03-23T20:23:08,1,1,1,0,1,3,213.04,5,3,2,1,2,0,1,0.41,0.0,0,1,22,8,4,3,0.3636,13,1,4,0.0,1,download
synthetic_user_0140,e72c3d3b-cf36-4cc4-9a40-d8cc5d28df84,2026-03-23T20:24:29,1,1,1,0,1,3,213.04,5,4,2,1,2,0,1,0.41,0.0,0,1,22,9,4,3,0.4091,14,1,5,0.0,1,like
synthetic_user_0092,85526add-cd5a-4107-a07e-62ff3f493082,2026-03-23T20:31:43,1,1,1,0,1,3,203.44,3,1,1,0,0,0,0,0.41,0.0,0,0,37,14,5,4,0.3784,5,2,1,0.0,1,download
synthetic_user_0067,dcf38bea-591e-47ae-aaaf-e01b841cc3b3,2026-03-23T20:33:39,1,1,1,0,1,3,203.76,14,3,1,0,2,0,1,0.69,0.0,0,1,35,11,5,4,0.3143,16,1,4,0.0,1,download
synthetic_user_0095,b1e94dc4-e19f-4e9b-85e1-69c3b4ab0e97,2026-03-24T19:39:05,1,1,1,0,1,3,210.87,9,1,0,0,0,1,3,1.03,0.0,0,1,24,13,7,3,0.5417,7,1,1,0.0,1,download
synthetic_user_0095,b1e94dc4-e19f-4e9b-85e1-69c3b4ab0e97,2026-03-24T19:42:44,1,1,1,0,1,3,210.87,9,2,0,0,0,1,3,1.03,0.0,0,1,24,14,7,3,0.5833,8,1,2,0.0,1,like
synthetic_user_0163,5a0f55cf-16af-4459-9030-0c7c6e11207f,2026-03-25T01:46:50,1,1,1,0,1,3,219.36,8,4,1,2,0,0,0,0.58,0.0,0,0,21,9,2,2,0.4286,14,1,4,0.0,1,repeat_view
synthetic_user_0129,8706bbb8-8343-4edc-9af4-244b9cad76aa,2026-03-25T23:01:58,1,1,0,1,0,3,219.57,4,2,1,0,0,0,0,0.47,0.0,0,0,165,48,13,5,0.2909,1,1,2,0.0,1,repeat_view
synthetic_user_0167,ea97dfce-6731-4b1d-9b03-485d04de4867,2026-03-26T05:49:29,1,1,1,0,1,3,192.96,11,5,1,2,1,0,3,1.03,0.0,0,1,16,5,1,1,0.3125,19,1,4,0.0,1,repeat_view
synthetic_user_0167,ea97dfce-6731-4b1d-9b03-485d04de4867,2026-03-26T05:51:34,1,1,1,0,1,3,192.96,12,5,1,2,1,0,3,1.03,0.0,0,1,17,5,1,1,0.2941,20,2,4,0.0,1,download
synthetic_user_0086,a18002e2-24a3-4da4-b558-ea8cadcb047e,2026-03-27T02:02:01,1,1,1,0,1,3,193.68,6,2,0,0,1,0,0,0.58,0.0,0,0,35,13,4,3,0.3714,9,3,3,0.0,1,download
synthetic_user_0091,b1e94dc4-e19f-4e9b-85e1-69c3b4ab0e97,2026-03-27T03:10:36,1,1,1,0,1,3,200.51,11,1,1,0,1,0,3,1.03,0.0,0,1,24,14,8,3,0.5833,12,1,2,0.0,1,repeat_view
synthetic_user_0089,40a8032b-e43c-43dc-ba5f-d650f1c0a979,2026-03-27T03:57:48,1,1,1,0,1,3,195.46,3,1,0,0,0,0,1,0.41,0.0,0,1,19,9,3,2,0.4737,4,1,1,0.0,1,repeat_view
synthetic_user_0089,40a8032b-e43c-43dc-ba5f-d650f1c0a979,2026-03-27T04:07:51,1,1,1,0,1,3,195.46,4,1,0,0,0,0,1,0.41,0.0,0,1,20,9,3,2,0.45,5,2,1,0.0,1,download
synthetic_user_0089,40a8032b-e43c-43dc-ba5f-d650f1c0a979,2026-03-27T04:12:43,1,1,1,0,1,3,195.47,4,2,0,0,0,0,1,0.41,0.0,0,1,20,10,3,2,0.5,6,2,2,0.0,1,chat
synthetic_user_0089,40a8032b-e43c-43dc-ba5f-d650f1c0a979,2026-03-27T04:17:43,1,1,1,0,1,3,195.47,4,2,0,0,1,0,1,0.41,0.0,0,1,20,10,3,2,0.5,7,2,2,0.0,1,like
synthetic_user_0163,b1e94dc4-e19f-4e9b-85e1-69c3b4ab0e97,2026-03-27T06:34:07,1,1,1,0,1,3,221.56,10,4,1,2,0,0,3,1.03,0.0,0,1,26,14,8,3,0.5385,16,3,4,0.0,1,download
synthetic_user_0163,b1e94dc4-e19f-4e9b-85e1-69c3b4ab0e97,2026-03-27T06:41:22,1,1,1,0,1,3,221.56,10,5,1,2,0,0,3,1.03,0.0,0,1,26,15,8,3,0.5769,17,3,4,0.0,1,chat
synthetic_user_0163,b1e94dc4-e19f-4e9b-85e1-69c3b4ab0e97,2026-03-27T06:45:00,1,1,1,0,1,3,221.57,10,5,1,2,1,0,3,1.03,0.0,0,1,26,15,8,3,0.5769,18,3,4,0.0,1,like
synthetic_user_0082,087164bc-8a57-44b1-bd06-0644f475917b,2026-03-28T00:03:51,1,1,1,0,1,3,217.22,6,2,1,1,0,1,0,0.58,0.0,0,0,29,8,2,1,0.2759,10,1,2,0.0,1,download
synthetic_user_0055,087164bc-8a57-44b1-bd06-0644f475917b,2026-03-28T02:16:10,1,1,1,0,1,3,214.68,7,1,0,0,0,1,0,0.58,0.0,0,0,30,9,2,1,0.3,8,1,1,0.0,1,download
synthetic_user_0093,09593622-ad83-4d14-8236-17bea51dbb13,2026-03-28T19:38:23,1,1,1,0,1,3,222.47,8,3,1,2,0,0,1,0.69,0.0,0,1,36,14,3,5,0.3889,12,1,1,0.0,1,chat
synthetic_user_0149,33f6e3a9-237d-433e-b4b6-238e44c80117,2026-03-29T00:41:33,1,1,1,0,1,3,197.78,2,0,0,0,0,0,1,0.58,0.0,0,0,21,8,3,1,0.381,2,1,0,0.0,1,download
synthetic_user_0140,a18002e2-24a3-4da4-b558-ea8cadcb047e,2026-03-29T05:29:31,1,1,1,0,1,3,218.42,5,4,3,1,2,0,0,0.58,0.0,0,0,35,14,4,3,0.4,15,1,5,0.0,1,repeat_view
synthetic_user_0173,09593622-ad83-4d14-8236-17bea51dbb13,2026-03-29T08:08:14,1,1,1,0,1,3,218.1,9,7,1,2,3,1,1,0.69,0.0,0,1,36,14,3,5,0.3889,22,1,2,0.0,1,repeat_view
synthetic_user_0173,09593622-ad83-4d14-8236-17bea51dbb13,2026-03-29T08:12:35,1,1,1,0,1,3,218.1,10,7,1,2,3,1,1,0.69,0.0,0,1,37,14,3,5,0.3784,23,2,2,0.0,1,download
synthetic_user_0173,09593622-ad83-4d14-8236-17bea51dbb13,2026-03-29T08:14:17,1,1,1,0,1,3,218.1,10,8,1,2,3,1,1,0.69,0.0,0,1,37,15,3,5,0.4054,24,2,3,0.0,1,bookmark
synthetic_user_0040,8706bbb8-8343-4edc-9af4-244b9cad76aa,2026-03-30T07:38:44,1,1,0,1,0,3,225.94,2,1,1,0,0,1,0,0.47,0.0,0,0,168,48,13,5,0.2857,1,1,1,0.0,1,download
synthetic_user_0078,fbb68aab-9b3b-4e24-9109-ea047f927347,2026-03-30T19:53:19,1,1,1,0,1,3,200.69,9,2,0,0,0,0,3,1.03,0.0,0,1,27,9,3,3,0.3333,9,1,2,0.0,1,repeat_view
synthetic_user_0021,b1e94dc4-e19f-4e9b-85e1-69c3b4ab0e97,2026-03-30T20:39:56,1,1,1,0,1,3,218.8,5,1,0,0,1,1,3,1.03,0.0,0,1,26,15,9,3,0.5769,7,1,1,0.0,1,repeat_view
synthetic_user_0074,40a8032b-e43c-43dc-ba5f-d650f1c0a979,2026-03-30T22:31:45,1,1,1,0,1,3,202.92,13,4,0,2,3,1,1,0.41,0.0,0,1,21,10,4,2,0.4762,21,4,4,0.0,1,download
synthetic_user_0074,40a8032b-e43c-43dc-ba5f-d650f1c0a979,2026-03-30T22:38:40,1,1,1,0,1,3,202.92,13,5,0,2,3,1,1,0.41,0.0,0,1,21,11,4,2,0.5238,22,4,4,0.0,1,like
synthetic_user_0028,dcd20897-e14a-43fc-b2ba-66bb4a569874,2026-03-31T04:52:40,1,1,1,0,1,3,205.94,6,0,0,0,1,0,1,0.69,0.0,0,1,25,10,4,3,0.4,7,3,1,0.0,1,download
synthetic_user_0028,dcd20897-e14a-43fc-b2ba-66bb4a569874,2026-03-31T05:13:07,1,1,1,0,1,3,205.96,6,1,0,0,1,0,1,0.69,0.0,0,1,25,11,4,3,0.44,8,3,1,0.0,1,chat
synthetic_user_0123,7c1af9a0-cf09-4356-8c0d-d762fbb21208,2026-03-31T06:41:25,0,0,0,2,0,3,204.61,4,2,0,0,0,1,1,1.76,0.0,0,1,52,13,1,1,0.25,1,1,0,0.0,1,repeat_view
synthetic_user_0121,2c1e63cb-30f5-4e05-92af-ea93368ef4ab,2026-03-31T19:52:35,1,1,1,0,1,3,211.93,4,0,0,0,2,0,1,0.41,0.0,0,1,28,10,2,2,0.3571,6,1,2,0.0,1,repeat_view
synthetic_user_0121,2c1e63cb-30f5-4e05-92af-ea93368ef4ab,2026-03-31T20:07:01,1,1,1,0,1,3,211.94,5,0,0,0,2,0,1,0.41,0.0,0,1,29,10,2,2,0.3448,7,2,2,0.0,1,download
synthetic_user_0179,59bf0b38-d7b5-4024-a66e-a03f1b47095d,2026-03-31T20:11:46,1,1,1,0,1,3,225.75,7,1,0,1,1,0,3,1.03,0.0,0,1,22,8,3,0,0.3636,9,1,1,0.0,1,download
synthetic_user_0179,59bf0b38-d7b5-4024-a66e-a03f1b47095d,2026-03-31T20:15:06,1,1,1,0,1,3,225.76,7,2,0,1,1,0,3,1.03,0.0,0,1,22,9,3,0,0.4091,10,1,2,0.0,1,like
synthetic_user_0179,59bf0b38-d7b5-4024-a66e-a03f1b47095d,2026-03-31T20:20:10,1,1,1,0,1,3,225.76,7,2,1,1,1,0,3,1.03,0.0,0,1,22,9,4,0,0.4091,11,1,2,0.0,1,bookmark
synthetic_user_0121,2c1e63cb-30f5-4e05-92af-ea93368ef4ab,2026-03-31T20:22:08,1,1,1,0,1,3,211.95,5,1,0,0,2,0,1,0.41,0.0,0,1,29,11,2,2,0.3793,8,2,2,0.0,1,chat
synthetic_user_0179,59bf0b38-d7b5-4024-a66e-a03f1b47095d,2026-03-31T20:24:29,1,1,1,0,1,3,225.76,7,2,1,2,1,0,3,1.03,0.0,0,1,22,9,4,1,0.4091,12,1,2,0.0,1,chat
synthetic_user_0082,59bf0b38-d7b5-4024-a66e-a03f1b47095d,2026-03-31T20:59:53,1,1,1,0,1,3,221.09,7,3,1,1,0,1,3,1.03,0.0,0,1,23,9,4,1,0.3913,12,1,3,0.0,1,download
synthetic_user_0160,7c1af9a0-cf09-4356-8c0d-d762fbb21208,2026-03-31T22:16:08,1,1,1,0,1,1,219.72,6,1,0,0,0,1,1,1.76,0.0,0,1,54,13,1,1,0.2407,7,6,1,0.0,1,download
synthetic_user_0160,7c1af9a0-cf09-4356-8c0d-d762fbb21208,2026-03-31T22:18:43,1,1,1,0,1,1,219.72,6,2,0,0,0,1,1,1.76,0.0,0,1,54,14,1,1,0.2593,8,6,1,0.0,1,chat
synthetic_user_0027,95461cac-4301-4ade-8b3c-98201e8731db,2026-04-01T00:55:03,1,1,1,0,1,3,220.78,5,0,0,0,0,0,1,0.41,0.0,0,1,17,6,1,0,0.3529,5,1,0,0.0,1,download
synthetic_user_0135,7c1af9a0-cf09-4356-8c0d-d762fbb21208,2026-04-01T00:55:13,1,1,1,0,1,1,198.99,6,2,1,0,0,1,1,1.76,0.0,0,1,55,14,1,1,0.2545,9,6,1,0.0,1,download
synthetic_user_0135,7c1af9a0-cf09-4356-8c0d-d762fbb21208,2026-04-01T01:08:13,1,1,1,0,1,1,199.0,6,3,1,0,0,1,1,1.76,0.0,0,1,55,15,1,1,0.2727,10,6,1,0.0,1,chat
synthetic_user_0130,ea97dfce-6731-4b1d-9b03-485d04de4867,2026-04-01T05:40:39,1,1,1,0,1,3,218.58,6,3,0,0,0,0,3,1.03,0.0,0,1,20,6,1,1,0.3,9,6,1,0.0,1,download
synthetic_user_0130,ea97dfce-6731-4b1d-9b03-485d04de4867,2026-04-01T05:52:53,1,1,1,0,1,3,218.59,6,4,0,0,0,0,3,1.03,0.0,0,1,20,7,1,1,0.35,10,6,1,0.0,1,bookmark
synthetic_user_0084,581c8e36-7a51-4e8e-ac1d-6e9c1d54940f,2026-04-01T20:17:57,1,1,1,0,1,3,226.84,5,2,0,0,2,0,3,1.03,0.0,0,1,18,4,3,1,0.2222,9,1,1,0.0,1,download
synthetic_user_0084,581c8e36-7a51-4e8e-ac1d-6e9c1d54940f,2026-04-01T20:19:39,1,1,1,0,1,3,226.84,5,3,0,0,2,0,3,1.03,0.0,0,1,18,5,3,1,0.2778,10,1,2,0.0,1,like
synthetic_user_0030,7c1af9a0-cf09-4356-8c0d-d762fbb21208,2026-04-02T07:32:34,1,1,1,0,1,1,215.46,6,0,0,0,0,0,1,1.76,0.0,0,1,57,15,1,1,0.2632,3,3,0,0.0,1,download
synthetic_user_0030,7c1af9a0-cf09-4356-8c0d-d762fbb21208,2026-04-02T07:41:22,1,1,1,0,1,1,215.47,6,1,0,0,0,0,1,1.76,0.0,0,1,57,16,1,1,0.2807,4,3,1,0.0,1,like
synthetic_user_0077,8706bbb8-8343-4edc-9af4-244b9cad76aa,2026-04-02T18:52:27,1,1,0,1,0,3,210.93,8,3,2,0,1,0,0,0.47,0.0,0,0,170,49,13,5,0.2882,1,1,3,0.0,1,download
synthetic_user_0176,f6081dfd-75ec-4719-a05b-6ec1f95df15f,2026-04-02T21:17:57,1,1,1,0,1,3,225.75,3,2,2,1,0,0,1,1.05,0.0,0,1,18,4,0,3,0.2222,8,1,2,0.0,1,download
synthetic_user_0176,f6081dfd-75ec-4719-a05b-6ec1f95df15f,2026-04-02T21:27:25,1,1,1,0,1,3,225.76,3,3,2,1,0,0,1,1.05,0.0,0,1,18,5,0,3,0.2778,9,1,3,0.0,1,like
synthetic_user_0167,bd6bddb1-3e29-4767-a194-6196e46f7456,2026-04-02T22:30:16,1,1,1,0,1,3,200.65,12,6,1,2,1,0,1,0.41,0.0,0,1,22,5,1,1,0.2273,21,1,5,0.0,1,repeat_view
synthetic_user_0167,bd6bddb1-3e29-4767-a194-6196e46f7456,2026-04-02T22:38:46,1,1,1,0,1,3,200.66,13,6,1,2,1,0,1,0.41,0.0,0,1,23,5,1,1,0.2174,22,2,5,0.0,1,download
synthetic_user_0167,bd6bddb1-3e29-4767-a194-6196e46f7456,2026-04-02T22:57:43,1,1,1,0,1,3,200.67,13,7,1,2,1,0,1,0.41,0.0,0,1,23,6,1,1,0.2609,23,2,5,0.0,1,chat
synthetic_user_0078,e06a75b5-86f9-4daf-b871-0fba7b7ba57d,2026-04-03T19:16:02,1,1,1,0,1,3,204.66,11,2,0,0,0,0,1,0.58,0.0,0,0,31,10,3,2,0.3226,11,1,2,0.0,1,download
synthetic_user_0078,e06a75b5-86f9-4daf-b871-0fba7b7ba57d,2026-04-03T19:22:58,1,1,1,0,1,3,204.67,11,3,0,0,0,0,1,0.58,0.0,0,0,31,11,3,2,0.3548,12,1,3,0.0,1,bookmark
synthetic_user_0069,5a0f55cf-16af-4459-9030-0c7c6e11207f,2026-04-03T20:50:01,1,1,1,0,1,3,221.35,6,2,1,0,2,0,0,0.58,0.0,0,0,23,9,2,2,0.3913,11,1,3,0.0,1,download
synthetic_user_0069,5a0f55cf-16af-4459-9030-0c7c6e11207f,2026-04-03T20:54:34,1,1,1,0,1,3,221.35,6,3,1,0,2,0,0,0.58,0.0,0,0,23,10,2,2,0.4348,12,1,4,0.0,1,like
synthetic_user_0168,dcd20897-e14a-43fc-b2ba-66bb4a569874,2026-04-05T08:11:04,1,1,1,0,1,3,230.55,10,2,0,1,1,0,1,0.69,0.0,0,1,26,11,4,3,0.4231,10,1,2,0.0,1,download
synthetic_user_0056,bd6bddb1-3e29-4767-a194-6196e46f7456,2026-04-05T19:14:22,1,1,1,0,1,3,215.02,2,1,0,0,0,1,1,0.41,0.0,0,1,23,6,1,1,0.2609,3,1,1,0.0,1,repeat_view
synthetic_user_0056,bd6bddb1-3e29-4767-a194-6196e46f7456,2026-04-05T19:25:43,1,1,1,0,1,3,215.03,3,1,0,0,0,1,1,0.41,0.0,0,1,24,6,1,1,0.25,4,2,1,0.0,1,chat
synthetic_user_0060,8b44ea69-a5bb-4779-8c63-bf20e4da58c7,2026-04-06T00:49:22,1,1,1,0,1,3,222.0,4,1,0,0,0,1,1,0.69,0.0,0,1,34,16,5,4,0.4706,4,1,1,0.0,1,repeat_view
synthetic_user_0060,8b44ea69-a5bb-4779-8c63-bf20e4da58c7,2026-04-06T00:59:54,1,1,1,0,1,3,222.01,5,1,0,0,0,1,1,0.69,0.0,0,1,35,16,5,4,0.4571,5,2,1,0.0,1,chat
synthetic_user_0060,8b44ea69-a5bb-4779-8c63-bf20e4da58c7,2026-04-06T01:04:57,1,1,1,0,1,3,222.02,5,1,0,0,1,1,1,0.69,0.0,0,1,35,16,5,4,0.4571,6,2,2,0.0,1,download
synthetic_user_0084,a18002e2-24a3-4da4-b558-ea8cadcb047e,2026-04-06T20:20:00,1,1,1,0,1,3,231.84,6,3,1,0,2,0,0,0.58,0.0,0,0,37,14,4,3,0.3784,12,5,2,0.0,1,download
synthetic_user_0084,a18002e2-24a3-4da4-b558-ea8cadcb047e,2026-04-06T20:25:39,1,1,1,0,1,3,231.85,6,4,1,0,2,0,0,0.58,0.0,0,0,37,15,4,3,0.4054,13,5,2,0.0,1,like
synthetic_user_0104,8706bbb8-8343-4edc-9af4-244b9cad76aa,2026-04-07T01:00:57,1,1,1,0,1,4,222.37,4,2,1,1,0,1,0,0.47,0.0,0,0,174,50,13,5,0.2874,8,4,1,0.0,1,download
synthetic_user_0104,8706bbb8-8343-4edc-9af4-244b9cad76aa,2026-04-07T01:06:37,1,1,1,0,1,4,222.37,4,3,1,1,0,1,0,0.47,0.0,0,0,174,51,13,5,0.2931,9,4,1,0.0,1,like
synthetic_user_0134,8b44ea69-a5bb-4779-8c63-bf20e4da58c7,2026-04-07T02:32:51,1,1,1,0,1,3,214.79,5,2,1,1,0,1,1,0.69,0.0,0,1,36,17,5,4,0.4722,9,1,1,0.0,1,download
synthetic_user_0134,8b44ea69-a5bb-4779-8c63-bf20e4da58c7,2026-04-07T02:34:02,1,1,1,0,1,3,214.79,5,3,1,1,0,1,1,0.69,0.0,0,1,36,18,5,4,0.5,10,1,2,0.0,1,like
synthetic_user_0046,85526add-cd5a-4107-a07e-62ff3f493082,2026-04-07T18:48:42,1,1,1,0,1,3,223.56,4,0,0,0,0,0,0,0.41,0.0,0,0,38,15,5,4,0.3947,2,1,0,0.0,1,repeat_view
synthetic_user_0057,8706bbb8-8343-4edc-9af4-244b9cad76aa,2026-04-07T22:18:29,1,1,0,1,0,3,212.08,9,4,0,2,1,0,0,0.47,0.0,0,0,174,51,14,5,0.2931,1,1,2,0.0,1,repeat_view
synthetic_user_0079,830353af-6497-4bc7-bab8-08114b64b682,2026-04-08T07:07:55,1,1,1,0,1,3,207.68,5,1,0,0,2,0,0,1.05,0.0,0,0,24,10,2,3,0.4167,7,1,2,0.0,1,repeat_view
synthetic_user_0051,85526add-cd5a-4107-a07e-62ff3f493082,2026-04-08T21:04:16,1,1,1,0,1,3,208.79,10,4,1,0,0,1,0,0.41,0.0,0,0,40,15,5,4,0.375,11,1,3,0.0,1,chat
synthetic_user_0117,a8231f34-c157-4fcd-b08a-5a3420cc0cee,2026-04-08T21:31:28,1,1,1,0,1,3,220.23,4,2,0,1,0,1,1,0.69,0.0,0,1,26,7,0,1,0.2692,6,1,2,0.0,1,repeat_view
synthetic_user_0144,fbb68aab-9b3b-4e24-9109-ea047f927347,2026-04-09T01:22:37,1,1,1,0,1,3,211.22,10,2,1,1,0,0,3,1.03,0.0,0,1,31,9,3,3,0.2903,14,3,2,0.0,1,chat
synthetic_user_0147,e72c3d3b-cf36-4cc4-9a40-d8cc5d28df84,2026-04-09T03:16:03,1,1,1,0,1,3,217.7,7,3,1,0,2,0,1,0.41,0.0,0,1,24,9,5,3,0.375,12,1,2,0.0,1,download
synthetic_user_0147,e72c3d3b-cf36-4cc4-9a40-d8cc5d28df84,2026-04-09T03:18:24,1,1,1,0,1,3,217.7,7,4,1,0,2,0,1,0.41,0.0,0,1,24,10,5,3,0.4167,13,1,3,0.0,1,like
synthetic_user_0124,8b44ea69-a5bb-4779-8c63-bf20e4da58c7,2026-04-09T03:50:44,1,1,1,0,1,3,230.46,8,2,1,1,1,0,1,0.69,0.0,0,1,38,18,6,4,0.4737,11,1,2,0.0,1,download
synthetic_user_0124,8b44ea69-a5bb-4779-8c63-bf20e4da58c7,2026-04-09T03:56:07,1,1,1,0,1,3,230.46,8,3,1,1,1,0,1,0.69,0.0,0,1,38,19,6,4,0.5,12,1,3,0.0,1,bookmark
synthetic_user_0124,8b44ea69-a5bb-4779-8c63-bf20e4da58c7,2026-04-09T03:59:53,1,1,1,0,1,3,230.46,8,3,1,2,1,0,1,0.69,0.0,0,1,38,19,6,5,0.5,13,1,3,0.0,1,like
synthetic_user_0080,e06a75b5-86f9-4daf-b871-0fba7b7ba57d,2026-04-09T04:07:39,0,0,0,2,0,1,212.42,8,1,0,0,1,0,1,0.58,0.0,0,0,32,11,3,3,0.3438,5,3,0,0.0,1,download
synthetic_user_0099,8b44ea69-a5bb-4779-8c63-bf20e4da58c7,2026-04-09T09:13:52,1,1,1,0,1,3,217.78,3,1,0,1,0,1,1,0.69,0.0,0,1,40,19,7,5,0.475,4,1,1,0.0,1,chat
synthetic_user_0071,33f6e3a9-237d-433e-b4b6-238e44c80117,2026-04-09T21:09:25,1,1,1,0,1,3,218.4,7,0,0,0,0,0,1,0.58,0.0,0,0,23,9,3,1,0.3913,6,1,0,0.0,1,download
synthetic_user_0071,33f6e3a9-237d-433e-b4b6-238e44c80117,2026-04-09T21:12:17,1,1,1,0,1,3,218.4,7,1,0,0,0,0,1,0.58,0.0,0,0,23,10,3,1,0.4348,7,1,1,0.0,1,like
synthetic_user_0071,33f6e3a9-237d-433e-b4b6-238e44c80117,2026-04-09T21:25:03,1,1,1,0,1,3,218.41,7,1,1,0,0,0,1,0.58,0.0,0,0,23,10,4,1,0.4348,8,1,1,0.0,1,bookmark
synthetic_user_0056,a18002e2-24a3-4da4-b558-ea8cadcb047e,2026-04-09T22:03:40,1,1,1,0,1,3,219.14,4,1,0,0,1,1,0,0.58,0.0,0,0,38,15,5,3,0.3947,6,1,1,0.0,1,download
synthetic_user_0056,a18002e2-24a3-4da4-b558-ea8cadcb047e,2026-04-09T22:06:11,1,1,1,0,1,3,219.14,4,2,0,0,1,1,0,0.58,0.0,0,0,38,16,5,3,0.4211,7,1,2,0.0,1,like
synthetic_user_0033,581c8e36-7a51-4e8e-ac1d-6e9c1d54940f,2026-04-10T00:36:56,1,1,1,0,1,3,209.55,5,3,1,1,0,0,3,1.03,0.0,0,1,19,5,4,1,0.2632,10,1,2,0.0,1,download
synthetic_user_0142,087164bc-8a57-44b1-bd06-0644f475917b,2026-04-10T00:45:19,1,1,1,0,1,3,216.36,4,2,0,1,1,0,0,0.58,0.0,0,0,32,10,2,1,0.3125,8,1,1,0.0,1,download
synthetic_user_0118,8706bbb8-8343-4edc-9af4-244b9cad76aa,2026-04-10T01:54:20,1,1,0,1,0,3,220.34,6,2,1,2,2,0,0,0.47,0.0,0,0,179,51,14,5,0.2849,1,1,2,0.0,1,download
synthetic_user_0118,8706bbb8-8343-4edc-9af4-244b9cad76aa,2026-04-10T02:01:21,1,1,0,1,0,3,220.34,6,3,1,2,2,0,0,0.47,0.0,0,0,179,52,14,5,0.2905,2,1,3,0.0,1,like
synthetic_user_0118,8706bbb8-8343-4edc-9af4-244b9cad76aa,2026-04-10T02:09:29,1,1,0,1,0,3,220.35,6,3,2,2,2,0,0,0.47,0.0,0,0,179,52,15,5,0.2905,3,1,3,0.0,1,bookmark
synthetic_user_0133,945e447f-c018-4d92-b5e5-2f1f7a11bd56,2026-04-10T06:23:02,1,1,1,0,1,3,235.51,5,2,1,0,0,1,3,1.03,0.0,0,1,13,3,1,1,0.2308,6,1,2,0.0,1,repeat_view
synthetic_user_0153,8706bbb8-8343-4edc-9af4-244b9cad76aa,2026-04-11T02:55:15,1,1,0,1,0,3,223.22,2,0,0,0,0,0,0,0.47,0.0,0,0,180,52,15,6,0.2889,1,1,0,0.0,1,download
synthetic_user_0153,8706bbb8-8343-4edc-9af4-244b9cad76aa,2026-04-11T03:01:18,1,1,0,1,0,3,223.22,2,1,0,0,0,0,0,0.47,0.0,0,0,180,53,15,6,0.2944,2,1,1,0.0,1,like
synthetic_user_0158,8706bbb8-8343-4edc-9af4-244b9cad76aa,2026-04-11T03:58:56,1,1,0,1,0,3,224.16,5,0,0,0,1,1,0,0.47,0.0,0,0,180,53,16,6,0.2944,1,1,1,0.0,1,repeat_view
synthetic_user_0149,33f6e3a9-237d-433e-b4b6-238e44c80117,2026-04-11T05:27:19,1,1,1,0,1,3,210.98,2,1,0,0,0,0,1,0.58,0.0,0,0,23,10,4,2,0.4348,3,1,1,0.0,1,repeat_view
synthetic_user_0155,581c8e36-7a51-4e8e-ac1d-6e9c1d54940f,2026-04-11T06:56:25,1,1,1,0,1,3,217.31,5,1,1,0,0,0,3,1.03,0.0,0,1,19,6,4,1,0.3158,1,1,1,0.0,1,repeat_view
synthetic_user_0155,581c8e36-7a51-4e8e-ac1d-6e9c1d54940f,2026-04-11T07:10:15,1,1,1,0,1,3,217.32,6,1,1,0,0,0,3,1.03,0.0,0,1,20,6,4,1,0.3,2,2,1,0.0,1,download
synthetic_user_0041,09593622-ad83-4d14-8236-17bea51dbb13,2026-04-11T19:08:48,1,1,1,0,1,3,233.75,3,0,0,0,0,0,1,0.69,0.0,0,1,37,15,3,6,0.4054,3,1,0,0.0,1,repeat_view
synthetic_user_0041,09593622-ad83-4d14-8236-17bea51dbb13,2026-04-11T19:20:20,1,1,1,0,1,3,233.76,4,0,0,0,0,0,1,0.69,0.0,0,1,38,15,3,6,0.3947,4,2,0,0.0,1,download
synthetic_user_0041,09593622-ad83-4d14-8236-17bea51dbb13,2026-04-11T19:27:38,1,1,1,0,1,3,233.77,4,1,0,0,0,0,1,0.69,0.0,0,1,38,16,3,6,0.4211,5,2,1,0.0,1,like
synthetic_user_0026,dbcab77a-8d8a-4721-b07d-d5d9ecc7874d,2026-04-12T00:59:14,1,1,1,0,1,3,237.31,12,1,0,0,0,0,1,0.58,0.0,0,0,23,6,0,2,0.2609,11,3,1,0.0,1,chat
synthetic_user_0140,5a0f55cf-16af-4459-9030-0c7c6e11207f,2026-04-12T01:04:05,1,1,1,0,1,3,232.23,6,4,3,1,2,0,0,0.58,0.0,0,0,24,10,3,2,0.4167,16,1,5,0.0,1,repeat_view
synthetic_user_0140,5a0f55cf-16af-4459-9030-0c7c6e11207f,2026-04-12T01:14:11,1,1,1,0,1,3,232.24,7,4,3,1,2,0,0,0.58,0.0,0,0,25,10,3,2,0.4,17,2,5,0.0,1,download
synthetic_user_0055,dcd20897-e14a-43fc-b2ba-66bb4a569874,2026-04-12T06:52:24,1,1,1,0,1,3,229.87,8,2,0,0,0,1,1,0.69,0.0,0,1,27,12,4,3,0.4444,10,1,2,0.0,1,download
synthetic_user_0018,b1e94dc4-e19f-4e9b-85e1-69c3b4ab0e97,2026-04-12T07:41:10,1,1,1,0,1,3,213.92,10,3,0,1,2,0,3,1.03,0.0,0,1,28,15,9,3,0.5357,15,1,2,0.0,1,download
synthetic_user_0018,b1e94dc4-e19f-4e9b-85e1-69c3b4ab0e97,2026-04-12T07:46:40,1,1,1,0,1,3,213.93,10,4,0,1,2,0,3,1.03,0.0,0,1,28,16,9,3,0.5714,16,1,3,0.0,1,chat
synthetic_user_0018,e06a75b5-86f9-4daf-b871-0fba7b7ba57d,2026-04-12T19:18:05,1,1,1,0,1,3,214.41,10,4,0,1,3,0,1,0.58,0.0,0,0,32,12,3,3,0.375,17,1,3,0.0,1,repeat_view
synthetic_user_0159,ea97dfce-6731-4b1d-9b03-485d04de4867,2026-04-12T21:37:44,1,1,0,1,0,4,215.77,4,1,1,0,0,0,3,1.03,0.0,0,1,20,7,1,2,0.35,2,1,1,0.0,1,repeat_view
synthetic_user_0110,09593622-ad83-4d14-8236-17bea51dbb13,2026-04-12T22:52:00,1,1,1,0,1,3,209.59,12,4,0,0,3,1,1,0.69,0.0,0,1,39,16,4,6,0.4103,19,1,4,0.0,1,download
synthetic_user_0110,09593622-ad83-4d14-8236-17bea51dbb13,2026-04-12T23:04:05,1,1,1,0,1,3,209.6,12,5,0,0,3,1,1,0.69,0.0,0,1,39,17,4,6,0.4359,20,1,5,0.0,1,bookmark
synthetic_user_0199,b1e94dc4-e19f-4e9b-85e1-69c3b4ab0e97,2026-04-13T22:34:41,1,1,1,0,1,3,222.19,3,0,0,0,0,0,3,1.03,0.0,0,1,29,16,9,3,0.5517,2,1,0,0.0,1,chat
synthetic_user_0177,8706bbb8-8343-4edc-9af4-244b9cad76aa,2026-04-14T00:44:53,1,1,0,1,0,3,213.99,8,0,0,0,1,1,0,0.47,0.0,0,0,185,53,16,6,0.2865,4,4,1,0.0,1,download
synthetic_user_0023,8706bbb8-8343-4edc-9af4-244b9cad76aa,2026-04-14T20:06:03,1,1,0,1,0,3,223.64,3,1,0,0,0,1,0,0.47,0.0,0,0,185,54,16,6,0.2919,2,1,1,0.0,1,repeat_view
synthetic_user_0023,8706bbb8-8343-4edc-9af4-244b9cad76aa,2026-04-14T20:12:34,1,1,0,1,0,3,223.64,4,1,0,0,0,1,0,0.47,0.0,0,0,186,54,16,6,0.2903,3,2,1,0.0,1,download
synthetic_user_0046,8706bbb8-8343-4edc-9af4-244b9cad76aa,2026-04-15T00:54:47,1,1,0,1,0,3,230.81,5,0,0,0,0,0,0,0.47,0.0,0,0,186,55,16,6,0.2957,1,1,0,0.0,1,repeat_view
synthetic_user_0071,087164bc-8a57-44b1-bd06-0644f475917b,2026-04-15T05:50:00,1,1,1,0,1,3,223.76,7,1,1,1,0,0,0,0.58,0.0,0,0,32,11,2,1,0.3438,9,1,1,0.0,1,repeat_view
synthetic_user_0071,087164bc-8a57-44b1-bd06-0644f475917b,2026-04-15T06:01:02,1,1,1,0,1,3,223.77,8,1,1,1,0,0,0,0.58,0.0,0,0,33,11,2,1,0.3333,10,2,1,0.0,1,download
synthetic_user_0056,bd6bddb1-3e29-4767-a194-6196e46f7456,2026-04-15T22:33:03,1,1,1,0,1,3,225.16,5,2,1,0,1,1,1,0.41,0.0,0,1,25,6,1,1,0.24,9,3,2,0.0,1,download
synthetic_user_0056,bd6bddb1-3e29-4767-a194-6196e46f7456,2026-04-15T22:46:13,1,1,1,0,1,3,225.17,5,3,1,0,1,1,1,0.41,0.0,0,1,25,7,1,1,0.28,10,3,2,0.0,1,bookmark
synthetic_user_0031,8706bbb8-8343-4edc-9af4-244b9cad76aa,2026-04-16T08:55:18,1,1,0,1,0,3,229.05,7,4,1,1,2,0,0,0.47,0.0,0,0,189,55,16,6,0.291,9,4,4,0.0,1,download
synthetic_user_0031,8706bbb8-8343-4edc-9af4-244b9cad76aa,2026-04-16T08:59:55,1,1,0,1,0,3,229.06,7,5,1,1,2,0,0,0.47,0.0,0,0,189,56,16,6,0.2963,10,4,4,0.0,1,like
synthetic_user_0031,8706bbb8-8343-4edc-9af4-244b9cad76aa,2026-04-16T09:10:03,1,1,0,1,0,3,229.06,7,5,2,1,2,0,0,0.47,0.0,0,0,189,56,17,6,0.2963,11,4,4,0.0,1,bookmark
synthetic_user_0183,95461cac-4301-4ade-8b3c-98201e8731db,2026-04-16T18:51:28,1,1,1,0,1,3,222.97,7,0,0,0,2,0,1,0.41,0.0,0,1,19,7,1,0,0.3684,9,1,1,0.0,1,download
synthetic_user_0183,95461cac-4301-4ade-8b3c-98201e8731db,2026-04-16T18:54:09,1,1,1,0,1,3,222.98,7,1,0,0,2,0,1,0.41,0.0,0,1,19,8,1,0,0.4211,10,1,2,0.0,1,bookmark
synthetic_user_0183,95461cac-4301-4ade-8b3c-98201e8731db,2026-04-16T19:02:09,1,1,1,0,1,3,222.98,7,1,0,1,2,0,1,0.41,0.0,0,1,19,8,1,1,0.4211,11,1,2,0.0,1,like
synthetic_user_0183,95461cac-4301-4ade-8b3c-98201e8731db,2026-04-16T19:05:49,1,1,1,0,1,3,222.98,7,1,1,1,2,0,1,0.41,0.0,0,1,19,8,2,1,0.4211,12,1,2,0.0,1,chat
synthetic_user_0177,dcd20897-e14a-43fc-b2ba-66bb4a569874,2026-04-17T01:51:48,1,1,1,0,1,3,217.03,8,1,0,0,1,1,1,0.69,0.0,0,1,27,13,4,3,0.4815,5,1,2,0.0,1,repeat_view
synthetic_user_0110,ea97dfce-6731-4b1d-9b03-485d04de4867,2026-04-17T02:02:40,1,1,1,0,1,3,213.72,13,5,0,1,3,1,3,1.03,0.0,0,1,23,7,1,2,0.3043,22,1,5,0.0,1,download
synthetic_user_0110,ea97dfce-6731-4b1d-9b03-485d04de4867,2026-04-17T02:15:44,1,1,1,0,1,3,213.73,13,6,0,1,3,1,3,1.03,0.0,0,1,23,8,1,2,0.3478,23,1,6,0.0,1,bookmark
synthetic_user_0077,8706bbb8-8343-4edc-9af4-244b9cad76aa,2026-04-17T02:33:07,1,1,0,1,0,3,225.25,8,4,2,0,1,0,0,0.47,0.0,0,0,189,56,17,7,0.2963,2,1,4,0.0,1,repeat_view
synthetic_user_0071,40a8032b-e43c-43dc-ba5f-d650f1c0a979,2026-04-17T03:47:59,1,1,1,0,1,3,225.67,9,2,1,1,0,0,1,0.41,0.0,0,1,22,11,5,2,0.5,12,1,2,0.0,1,download
synthetic_user_0071,40a8032b-e43c-43dc-ba5f-d650f1c0a979,2026-04-17T03:56:27,1,1,1,0,1,3,225.68,9,3,1,1,0,0,1,0.41,0.0,0,1,22,12,5,2,0.5455,13,1,3,0.0,1,like
synthetic_user_0071,40a8032b-e43c-43dc-ba5f-d650f1c0a979,2026-04-17T04:02:41,1,1,1,0,1,3,225.68,9,3,2,1,0,0,1,0.41,0.0,0,1,22,12,6,2,0.5455,14,1,3,0.0,1,bookmark
synthetic_user_0086,a8231f34-c157-4fcd-b08a-5a3420cc0cee,2026-04-17T06:02:41,1,1,1,0,1,3,214.85,6,3,0,0,1,0,1,0.69,0.0,0,1,27,7,0,1,0.2593,10,1,3,0.0,1,repeat_view
synthetic_user_0086,a8231f34-c157-4fcd-b08a-5a3420cc0cee,2026-04-17T06:10:31,1,1,1,0,1,3,214.85,7,3,0,0,1,0,1,0.69,0.0,0,1,28,7,0,1,0.25,11,2,3,0.0,1,download
synthetic_user_0086,a8231f34-c157-4fcd-b08a-5a3420cc0cee,2026-04-17T06:15:29,1,1,1,0,1,3,214.86,7,4,0,0,1,0,1,0.69,0.0,0,1,28,8,0,1,0.2857,12,2,3,0.0,1,like
synthetic_user_0086,a8231f34-c157-4fcd-b08a-5a3420cc0cee,2026-04-17T06:19:32,1,1,1,0,1,3,214.86,7,4,1,0,1,0,1,0.69,0.0,0,1,28,8,1,1,0.2857,13,2,3,0.0,1,bookmark
synthetic_user_0025,8706bbb8-8343-4edc-9af4-244b9cad76aa,2026-04-18T05:16:39,1,1,1,0,1,4,244.07,1,0,0,0,0,1,0,0.47,0.0,0,0,190,56,17,7,0.2947,1,1,0,0.0,1,repeat_view
synthetic_user_0025,8706bbb8-8343-4edc-9af4-244b9cad76aa,2026-04-18T05:31:25,1,1,1,0,1,4,244.08,2,0,0,0,0,1,0,0.47,0.0,0,0,191,56,17,7,0.2932,2,2,0,0.0,1,download
synthetic_user_0025,8706bbb8-8343-4edc-9af4-244b9cad76aa,2026-04-18T05:34:01,1,1,1,0,1,4,244.09,2,1,0,0,0,1,0,0.47,0.0,0,0,191,57,17,7,0.2984,3,2,1,0.0,1,like
synthetic_user_0148,fbb68aab-9b3b-4e24-9109-ea047f927347,2026-04-18T07:48:51,1,1,1,0,1,3,237.91,12,2,0,0,2,1,3,1.03,0.0,0,1,33,9,3,3,0.2727,11,1,1,0.0,1,download
synthetic_user_0145,ea97dfce-6731-4b1d-9b03-485d04de4867,2026-04-18T21:16:21,1,1,1,0,1,3,232.32,5,2,1,2,1,0,3,1.03,0.0,0,1,24,8,1,3,0.3333,7,1,2,0.0,1,chat
synthetic_user_0032,40a8032b-e43c-43dc-ba5f-d650f1c0a979,2026-04-19T06:34:16,1,1,1,0,1,3,229.58,2,0,0,0,0,0,1,0.41,0.0,0,1,24,12,6,3,0.5,2,1,0,0.0,1,download
synthetic_user_0032,40a8032b-e43c-43dc-ba5f-d650f1c0a979,2026-04-19T06:39:25,1,1,1,0,1,3,229.58,2,1,0,0,0,0,1,0.41,0.0,0,1,24,13,6,3,0.5417,3,1,1,0.0,1,like
synthetic_user_0054,dbcab77a-8d8a-4721-b07d-d5d9ecc7874d,2026-04-19T22:25:09,1,1,1,0,1,3,217.14,5,4,0,0,0,1,1,0.58,0.0,0,0,23,6,0,2,0.2609,5,1,3,0.0,1,repeat_view
synthetic_user_0054,dbcab77a-8d8a-4721-b07d-d5d9ecc7874d,2026-04-19T22:27:24,1,1,1,0,1,3,217.14,6,4,0,0,0,1,1,0.58,0.0,0,0,24,6,0,2,0.25,6,2,3,0.0,1,download
synthetic_user_0054,dbcab77a-8d8a-4721-b07d-d5d9ecc7874d,2026-04-19T22:29:22,1,1,1,0,1,3,217.14,6,5,0,0,0,1,1,0.58,0.0,0,0,24,7,0,2,0.2917,7,2,4,0.0,1,like
synthetic_user_0018,5a0f55cf-16af-4459-9030-0c7c6e11207f,2026-04-21T01:57:32,1,1,1,0,1,3,222.68,11,4,0,1,3,0,0,0.58,0.0,0,0,25,11,3,2,0.44,18,1,3,0.0,1,repeat_view
synthetic_user_0018,5a0f55cf-16af-4459-9030-0c7c6e11207f,2026-04-21T02:27:15,1,1,1,0,1,3,222.7,12,4,0,1,3,0,0,0.58,0.0,0,0,26,11,3,2,0.4231,19,2,3,0.0,1,chat
synthetic_user_0134,95461cac-4301-4ade-8b3c-98201e8731db,2026-04-21T02:39:43,1,1,1,0,1,3,228.8,6,3,2,1,0,1,1,0.41,0.0,0,1,20,8,2,1,0.4,12,3,2,0.0,1,download
synthetic_user_0134,95461cac-4301-4ade-8b3c-98201e8731db,2026-04-21T02:45:42,1,1,1,0,1,3,228.8,6,4,2,1,0,1,1,0.41,0.0,0,1,20,9,2,1,0.45,13,3,3,0.0,1,bookmark
synthetic_user_0132,087164bc-8a57-44b1-bd06-0644f475917b,2026-04-21T03:06:21,1,1,1,0,1,3,227.67,9,3,0,1,1,1,0,0.58,0.0,0,0,33,12,2,1,0.3636,14,1,1,0.0,1,repeat_view
synthetic_user_0018,b1e94dc4-e19f-4e9b-85e1-69c3b4ab0e97,2026-04-21T06:10:17,1,1,1,0,1,3,222.86,12,4,0,1,4,0,3,1.03,0.0,0,1,29,16,9,3,0.5517,20,1,4,0.0,1,repeat_view
synthetic_user_0018,b1e94dc4-e19f-4e9b-85e1-69c3b4ab0e97,2026-04-21T06:14:21,1,1,1,0,1,3,222.86,13,4,0,1,4,0,3,1.03,0.0,0,1,30,16,9,3,0.5333,21,2,4,0.0,1,download
synthetic_user_0018,b1e94dc4-e19f-4e9b-85e1-69c3b4ab0e97,2026-04-21T06:21:19,1,1,1,0,1,3,222.87,13,5,0,1,4,0,3,1.03,0.0,0,1,30,17,9,3,0.5667,22,2,4,0.0,1,chat
synthetic_user_0065,40a8032b-e43c-43dc-ba5f-d650f1c0a979,2026-04-21T19:24:57,1,1,1,0,1,3,223.43,3,1,0,0,0,1,1,0.41,0.0,0,1,25,13,7,3,0.52,4,1,1,0.0,1,download
synthetic_user_0009,09593622-ad83-4d14-8236-17bea51dbb13,2026-04-22T01:10:48,1,1,1,0,1,3,247.63,1,0,0,0,0,0,1,0.69,0.0,0,1,41,17,4,7,0.4146,1,1,0,0.0,1,download
synthetic_user_0009,09593622-ad83-4d14-8236-17bea51dbb13,2026-04-22T01:20:44,1,1,1,0,1,3,247.63,1,1,0,0,0,0,1,0.69,0.0,0,1,41,18,4,7,0.439,2,1,1,0.0,1,like
synthetic_user_0073,85526add-cd5a-4107-a07e-62ff3f493082,2026-04-22T03:17:11,1,1,1,0,1,3,227.75,8,2,1,0,0,0,0,0.41,0.0,0,0,41,15,5,4,0.3659,8,1,2,0.0,1,repeat_view
synthetic_user_0073,85526add-cd5a-4107-a07e-62ff3f493082,2026-04-22T03:20:31,1,1,1,0,1,3,227.76,9,2,1,0,0,0,0,0.41,0.0,0,0,42,15,5,4,0.3571,9,2,2,0.0,1,download
synthetic_user_0054,fbb68aab-9b3b-4e24-9109-ea047f927347,2026-04-22T03:43:58,1,1,1,0,1,3,219.36,7,5,1,0,0,1,3,1.03,0.0,0,1,35,10,3,3,0.2857,9,1,4,0.0,1,chat
synthetic_user_0110,ea97dfce-6731-4b1d-9b03-485d04de4867,2026-04-23T03:43:31,1,1,1,0,1,3,219.79,13,6,0,2,3,1,3,1.03,0.0,0,1,24,8,1,3,0.3333,24,1,6,0.0,1,repeat_view
synthetic_user_0110,ea97dfce-6731-4b1d-9b03-485d04de4867,2026-04-23T03:56:05,1,1,1,0,1,3,219.8,14,6,0,2,3,1,3,1.03,0.0,0,1,25,8,1,3,0.32,25,2,6,0.0,1,download
synthetic_user_0180,8b44ea69-a5bb-4779-8c63-bf20e4da58c7,2026-04-23T04:24:55,1,1,1,0,1,3,228.21,13,4,1,1,4,0,1,0.69,0.0,0,1,41,19,7,5,0.4634,18,1,6,0.0,1,repeat_view
synthetic_user_0051,8706bbb8-8343-4edc-9af4-244b9cad76aa,2026-04-23T07:55:48,1,1,0,1,0,3,223.24,11,4,1,0,1,1,0,0.47,0.0,0,0,193,57,18,7,0.2953,5,4,4,0.0,1,download
synthetic_user_0096,8b44ea69-a5bb-4779-8c63-bf20e4da58c7,2026-04-23T18:03:41,1,1,1,0,1,3,243.25,3,2,0,1,1,0,1,0.69,0.0,0,1,42,19,7,5,0.4524,7,1,2,0.0,1,repeat_view
synthetic_user_0021,5a0f55cf-16af-4459-9030-0c7c6e11207f,2026-04-23T19:27:28,1,1,1,0,1,3,242.75,7,1,0,0,1,1,0,0.58,0.0,0,0,27,11,3,2,0.4074,9,1,1,0.0,1,chat
synthetic_user_0195,98a77293-8faf-4d27-8248-6eb91f481d8f,2026-04-24T00:20:17,1,1,1,0,1,3,233.19,7,3,0,1,3,0,0,0.58,0.0,0,0,34,16,7,6,0.4706,10,1,4,0.0,1,download
synthetic_user_0195,98a77293-8faf-4d27-8248-6eb91f481d8f,2026-04-24T00:31:52,1,1,1,0,1,3,233.2,7,4,0,1,3,0,0,0.58,0.0,0,0,34,17,7,6,0.5,11,1,5,0.0,1,bookmark
synthetic_user_0189,33f6e3a9-237d-433e-b4b6-238e44c80117,2026-04-24T01:00:10,1,1,1,0,1,3,235.78,5,2,0,0,1,1,1,0.58,0.0,0,0,24,10,4,2,0.4167,8,1,2,0.0,1,repeat_view
synthetic_user_0042,b1e94dc4-e19f-4e9b-85e1-69c3b4ab0e97,2026-04-24T01:03:52,1,1,1,0,1,3,248.56,5,2,2,1,0,0,3,1.03,0.0,0,1,32,17,9,3,0.5312,10,1,1,0.0,1,chat
synthetic_user_0189,33f6e3a9-237d-433e-b4b6-238e44c80117,2026-04-24T01:04:56,1,1,1,0,1,3,235.79,6,2,0,0,1,1,1,0.58,0.0,0,0,25,10,4,2,0.4,9,2,2,0.0,1,download
synthetic_user_0042,b1e94dc4-e19f-4e9b-85e1-69c3b4ab0e97,2026-04-24T01:09:20,1,1,1,0,1,3,248.56,5,2,2,1,1,0,3,1.03,0.0,0,1,32,17,9,3,0.5312,11,1,2,0.0,1,download
synthetic_user_0148,fbb68aab-9b3b-4e24-9109-ea047f927347,2026-04-24T01:40:53,1,1,1,0,1,3,243.66,12,3,0,0,2,1,3,1.03,0.0,0,1,35,10,3,3,0.2857,12,1,2,0.0,1,repeat_view
synthetic_user_0200,59bf0b38-d7b5-4024-a66e-a03f1b47095d,2026-04-24T03:31:48,1,1,1,0,1,3,231.62,6,2,1,0,1,0,3,1.03,0.0,0,1,25,10,4,1,0.4,10,1,1,0.0,1,download
synthetic_user_0200,59bf0b38-d7b5-4024-a66e-a03f1b47095d,2026-04-24T03:35:47,1,1,1,0,1,3,231.63,6,3,1,0,1,0,3,1.03,0.0,0,1,25,11,4,1,0.44,11,1,2,0.0,1,bookmark
synthetic_user_0039,5a0f55cf-16af-4459-9030-0c7c6e11207f,2026-04-24T04:14:35,1,1,1,0,1,3,223.72,5,1,0,0,1,1,0,0.58,0.0,0,0,28,11,3,2,0.3929,5,1,2,0.0,1,chat
synthetic_user_0046,8706bbb8-8343-4edc-9af4-244b9cad76aa,2026-04-24T05:33:43,1,1,0,1,0,3,240.01,7,0,0,0,0,0,0,0.47,0.0,0,0,194,58,18,7,0.299,3,3,0,0.0,1,download
synthetic_user_0046,8706bbb8-8343-4edc-9af4-244b9cad76aa,2026-04-24T05:35:53,1,1,0,1,0,3,240.01,7,1,0,0,0,0,0,0.47,0.0,0,0,194,59,18,7,0.3041,4,3,1,0.0,1,like
synthetic_user_0131,b1e94dc4-e19f-4e9b-85e1-69c3b4ab0e97,2026-04-25T01:15:21,1,1,1,0,1,3,249.58,2,0,0,0,1,0,3,1.03,0.0,0,1,32,18,9,3,0.5625,2,1,1,0.0,1,repeat_view
synthetic_user_0073,59bf0b38-d7b5-4024-a66e-a03f1b47095d,2026-04-25T05:43:59,1,1,1,0,1,3,230.86,9,3,1,0,0,0,3,1.03,0.0,0,1,25,11,4,2,0.44,10,1,3,0.0,1,repeat_view
synthetic_user_0091,bd6bddb1-3e29-4767-a194-6196e46f7456,2026-04-25T06:47:39,1,1,1,0,1,3,229.66,13,1,1,0,1,0,1,0.41,0.0,0,1,25,7,1,2,0.28,13,1,2,0.0,1,repeat_view
synthetic_user_0114,ea97dfce-6731-4b1d-9b03-485d04de4867,2026-04-25T23:08:57,1,1,1,0,1,3,232.01,4,1,0,0,0,1,3,1.03,0.0,0,1,25,9,1,3,0.36,5,1,1,0.0,1,repeat_view
synthetic_user_0114,ea97dfce-6731-4b1d-9b03-485d04de4867,2026-04-25T23:37:28,1,1,1,0,1,3,232.03,5,1,0,0,0,1,3,1.03,0.0,0,1,26,9,1,3,0.3462,6,2,1,0.0,1,chat
synthetic_user_0071,dcf38bea-591e-47ae-aaaf-e01b841cc3b3,2026-04-26T04:13:44,1,1,1,0,1,3,234.69,10,3,2,2,0,0,1,0.69,0.0,0,1,41,12,5,4,0.2927,16,1,3,0.0,1,repeat_view
synthetic_user_0129,dbcab77a-8d8a-4721-b07d-d5d9ecc7874d,2026-04-26T05:08:41,1,1,1,0,1,3,250.82,5,2,1,0,0,0,1,0.58,0.0,0,0,24,7,1,2,0.2917,6,1,2,0.0,1,repeat_view
synthetic_user_0103,59bf0b38-d7b5-4024-a66e-a03f1b47095d,2026-04-26T06:56:08,1,1,1,0,1,3,224.44,11,2,1,1,3,0,3,1.03,0.0,0,1,27,11,4,2,0.4074,18,1,2,0.0,1,download
synthetic_user_0133,8706bbb8-8343-4edc-9af4-244b9cad76aa,2026-04-26T18:12:12,1,1,0,1,0,3,252.01,6,2,1,0,0,1,0,0.47,0.0,0,0,195,59,19,7,0.3026,2,1,2,0.0,1,repeat_view
synthetic_user_0147,45a799e0-5716-4209-b489-bd8f9ef13974,2026-04-26T21:02:57,1,1,1,0,1,3,235.44,8,4,2,0,2,0,1,0.41,0.0,0,1,18,6,3,1,0.3333,15,1,3,0.0,1,download
synthetic_user_0147,45a799e0-5716-4209-b489-bd8f9ef13974,2026-04-26T21:04:34,1,1,1,0,1,3,235.44,8,5,2,0,2,0,1,0.41,0.0,0,1,18,7,3,1,0.3889,16,1,4,0.0,1,bookmark
synthetic_user_0117,8706bbb8-8343-4edc-9af4-244b9cad76aa,2026-04-26T22:36:38,1,1,0,1,0,3,238.28,6,2,0,1,0,1,0,0.47,0.0,0,0,196,59,19,7,0.301,1,1,2,0.0,1,repeat_view
synthetic_user_0030,7c1af9a0-cf09-4356-8c0d-d762fbb21208,2026-04-27T03:09:52,1,1,1,0,1,1,240.28,7,1,1,0,0,0,1,1.76,0.0,0,1,61,16,2,1,0.2623,6,4,1,0.0,1,chat
synthetic_user_0076,830353af-6497-4bc7-bab8-08114b64b682,2026-04-27T06:43:39,1,1,1,0,1,3,240.7,8,4,1,0,0,0,0,1.05,0.0,0,0,28,10,2,3,0.3571,11,1,3,0.0,1,download
synthetic_user_0076,830353af-6497-4bc7-bab8-08114b64b682,2026-04-27T06:48:02,1,1,1,0,1,3,240.71,8,5,1,0,0,0,0,1.05,0.0,0,0,28,11,2,3,0.3929,12,1,4,0.0,1,chat
synthetic_user_0076,830353af-6497-4bc7-bab8-08114b64b682,2026-04-27T06:57:04,1,1,1,0,1,3,240.71,8,5,1,0,1,0,0,1.05,0.0,0,0,28,11,2,3,0.3929,13,1,4,0.0,1,bookmark
synthetic_user_0180,e72c3d3b-cf36-4cc4-9a40-d8cc5d28df84,2026-04-27T19:36:05,1,1,1,0,1,3,232.84,14,4,1,1,4,0,1,0.41,0.0,0,1,25,10,6,3,0.4,19,1,6,0.0,1,repeat_view
synthetic_user_0180,e72c3d3b-cf36-4cc4-9a40-d8cc5d28df84,2026-04-27T19:49:53,1,1,1,0,1,3,232.85,15,4,1,1,4,0,1,0.41,0.0,0,1,26,10,6,3,0.3846,20,2,6,0.0,1,download
synthetic_user_0018,8706bbb8-8343-4edc-9af4-244b9cad76aa,2026-04-27T20:53:27,1,1,0,1,0,3,229.47,13,5,0,1,5,0,0,0.47,0.0,0,0,197,59,19,7,0.2995,1,1,4,0.0,1,repeat_view
synthetic_user_0180,2c1e63cb-30f5-4e05-92af-ea93368ef4ab,2026-04-28T20:50:33,1,1,1,0,1,3,233.89,15,5,1,1,4,0,1,0.41,0.0,0,1,29,11,2,2,0.3793,21,1,6,0.0,1,repeat_view
synthetic_user_0180,2c1e63cb-30f5-4e05-92af-ea93368ef4ab,2026-04-28T20:52:37,1,1,1,0,1,3,233.89,16,5,1,1,4,0,1,0.41,0.0,0,1,30,11,2,2,0.3667,22,2,6,0.0,1,download
synthetic_user_0180,2c1e63cb-30f5-4e05-92af-ea93368ef4ab,2026-04-28T21:00:48,1,1,1,0,1,3,233.9,16,6,1,1,4,0,1,0.41,0.0,0,1,30,12,2,2,0.4,23,2,6,0.0,1,like
synthetic_user_0037,dbcab77a-8d8a-4721-b07d-d5d9ecc7874d,2026-04-29T01:25:12,1,1,1,0,1,3,248.26,5,2,0,1,0,0,1,0.58,0.0,0,0,26,7,1,2,0.2692,7,1,2,0.0,1,download
synthetic_user_0037,dbcab77a-8d8a-4721-b07d-d5d9ecc7874d,2026-04-29T01:38:59,1,1,1,0,1,3,248.27,5,3,0,1,0,0,1,0.58,0.0,0,0,26,8,1,2,0.3077,8,1,3,0.0,1,bookmark
synthetic_user_0144,59bf0b38-d7b5-4024-a66e-a03f1b47095d,2026-04-29T21:09:58,1,1,1,0,1,3,232.04,11,2,1,1,1,0,3,1.03,0.0,0,1,27,12,4,2,0.4444,16,1,3,0.0,1,repeat_view
synthetic_user_0031,e06a75b5-86f9-4daf-b871-0fba7b7ba57d,2026-04-30T01:42:31,1,1,1,0,1,3,242.75,7,5,2,2,2,0,1,0.58,0.0,0,0,33,12,3,3,0.3636,6,1,4,0.0,1,repeat_view
synthetic_user_0031,e06a75b5-86f9-4daf-b871-0fba7b7ba57d,2026-04-30T01:58:25,1,1,1,0,1,3,242.76,8,5,2,2,2,0,1,0.58,0.0,0,0,34,12,3,3,0.3529,7,2,4,0.0,1,download
synthetic_user_0130,e72c3d3b-cf36-4cc4-9a40-d8cc5d28df84,2026-04-30T20:11:56,1,1,1,0,1,3,248.19,7,4,0,1,0,0,1,0.41,0.0,0,1,28,11,6,3,0.3929,12,1,1,0.0,1,download
synthetic_user_0130,e72c3d3b-cf36-4cc4-9a40-d8cc5d28df84,2026-04-30T20:13:57,1,1,1,0,1,3,248.19,7,5,0,1,0,0,1,0.41,0.0,0,1,28,12,6,3,0.4286,13,1,2,0.0,1,like
synthetic_user_0034,8706bbb8-8343-4edc-9af4-244b9cad76aa,2026-04-30T21:20:24,1,1,0,1,0,3,243.69,6,1,0,0,1,0,0,0.47,0.0,0,0,199,59,19,7,0.2965,1,1,2,0.0,1,repeat_view
synthetic_user_0034,8706bbb8-8343-4edc-9af4-244b9cad76aa,2026-04-30T21:26:06,1,1,0,1,0,3,243.69,7,1,0,0,1,0,0,0.47,0.0,0,0,200,59,19,7,0.295,2,2,2,0.0,1,download
synthetic_user_0070,8706bbb8-8343-4edc-9af4-244b9cad76aa,2026-05-01T20:30:57,1,1,1,0,1,4,252.18,1,1,0,0,1,1,0,0.47,0.0,0,0,200,60,19,7,0.3,3,1,1,0.0,1,repeat_view
synthetic_user_0172,dcf38bea-591e-47ae-aaaf-e01b841cc3b3,2026-05-01T21:33:13,1,1,1,0,1,3,246.83,12,5,2,1,4,0,1,0.69,0.0,0,1,43,12,5,4,0.2791,20,1,5,0.0,1,repeat_view
synthetic_user_0133,98a77293-8faf-4d27-8248-6eb91f481d8f,2026-05-01T22:13:54,1,1,1,0,1,3,257.17,8,2,1,0,0,1,0,0.58,0.0,0,0,35,17,7,7,0.4857,8,4,2,0.0,1,download
synthetic_user_0161,a18002e2-24a3-4da4-b558-ea8cadcb047e,2026-05-02T04:38:00,1,1,1,0,1,3,256.77,4,2,0,0,1,0,0,0.58,0.0,0,0,43,16,6,3,0.3721,7,1,1,0.0,1,repeat_view
synthetic_user_0161,a18002e2-24a3-4da4-b558-ea8cadcb047e,2026-05-02T04:50:18,1,1,1,0,1,3,256.78,5,2,0,0,1,0,0,0.58,0.0,0,0,44,16,6,3,0.3636,8,2,1,0.0,1,download
synthetic_user_0161,a18002e2-24a3-4da4-b558-ea8cadcb047e,2026-05-02T04:58:01,1,1,1,0,1,3,256.79,5,3,0,0,1,0,0,0.58,0.0,0,0,44,17,6,3,0.3864,9,2,2,0.0,1,like
synthetic_user_0106,8706bbb8-8343-4edc-9af4-244b9cad76aa,2026-05-02T07:24:07,1,1,0,1,0,3,234.07,5,2,0,0,0,0,0,0.47,0.0,0,0,202,60,19,7,0.297,7,5,1,0.0,1,download
synthetic_user_0026,98a77293-8faf-4d27-8248-6eb91f481d8f,2026-05-02T09:10:06,1,1,1,0,1,3,257.65,13,1,0,0,1,0,0,0.58,0.0,0,0,36,18,7,7,0.5,13,1,1,0.0,1,download
synthetic_user_0026,98a77293-8faf-4d27-8248-6eb91f481d8f,2026-05-02T09:16:50,1,1,1,0,1,3,257.65,13,2,0,0,1,0,0,0.58,0.0,0,0,36,19,7,7,0.5278,14,1,2,0.0,1,like
synthetic_user_0026,98a77293-8faf-4d27-8248-6eb91f481d8f,2026-05-02T09:21:13,1,1,1,0,1,3,257.66,13,2,1,0,1,0,0,0.58,0.0,0,0,36,19,8,7,0.5278,15,1,2,0.0,1,bookmark
synthetic_user_0153,dcd20897-e14a-43fc-b2ba-66bb4a569874,2026-05-02T21:58:36,1,1,1,0,1,3,245.01,3,1,1,0,0,0,1,0.69,0.0,0,1,30,13,4,3,0.4333,2,1,1,0.0,1,download
synthetic_user_0153,dcd20897-e14a-43fc-b2ba-66bb4a569874,2026-05-02T22:04:06,1,1,1,0,1,3,245.02,3,2,1,0,0,0,1,0.69,0.0,0,1,30,14,4,3,0.4667,3,1,2,0.0,1,bookmark
synthetic_user_0010,5a0f55cf-16af-4459-9030-0c7c6e11207f,2026-05-03T07:30:51,1,1,1,0,1,3,252.2,1,1,0,0,0,1,0,0.58,0.0,0,0,28,11,3,2,0.3929,2,1,1,0.0,1,repeat_view
synthetic_user_0010,5a0f55cf-16af-4459-9030-0c7c6e11207f,2026-05-03T07:52:58,1,1,1,0,1,3,252.22,2,1,0,0,0,1,0,0.58,0.0,0,0,29,11,3,2,0.3793,3,2,1,0.0,1,chat
synthetic_user_0018,ea97dfce-6731-4b1d-9b03-485d04de4867,2026-05-03T20:10:26,1,1,1,0,1,3,235.44,15,5,0,1,5,0,3,1.03,0.0,0,1,27,9,1,3,0.3333,24,1,4,0.0,1,download
synthetic_user_0018,ea97dfce-6731-4b1d-9b03-485d04de4867,2026-05-03T20:12:21,1,1,1,0,1,3,235.44,15,6,0,1,5,0,3,1.03,0.0,0,1,27,10,1,3,0.3704,25,1,5,0.0,1,like
synthetic_user_0103,830353af-6497-4bc7-bab8-08114b64b682,2026-05-03T20:22:18,1,1,1,0,1,3,232.0,11,3,1,1,3,0,0,1.05,0.0,0,0,28,11,2,4,0.3929,19,1,3,0.0,1,repeat_view
synthetic_user_0103,830353af-6497-4bc7-bab8-08114b64b682,2026-05-03T20:31:38,1,1,1,0,1,3,232.01,12,3,1,1,3,0,0,1.05,0.0,0,0,29,11,2,4,0.3793,20,2,3,0.0,1,download
synthetic_user_0103,830353af-6497-4bc7-bab8-08114b64b682,2026-05-03T20:48:41,1,1,1,0,1,3,232.02,12,4,1,1,3,0,0,1.05,0.0,0,0,29,12,2,4,0.4138,21,2,4,0.0,1,chat
synthetic_user_0168,c5310615-4076-41e9-9064-736593600471,2026-05-04T05:31:41,1,1,1,0,1,3,259.44,10,3,0,1,1,0,0,1.03,0.0,0,0,30,10,1,4,0.3333,11,1,3,0.0,1,repeat_view
synthetic_user_0168,c5310615-4076-41e9-9064-736593600471,2026-05-04T05:46:04,1,1,1,0,1,3,259.45,11,3,0,1,1,0,0,1.03,0.0,0,0,31,10,1,4,0.3226,12,2,3,0.0,1,download
synthetic_user_0055,e06a75b5-86f9-4daf-b871-0fba7b7ba57d,2026-05-04T20:41:11,1,1,1,0,1,3,252.45,9,3,0,0,0,1,1,0.58,0.0,0,0,36,13,3,3,0.3611,12,1,3,0.0,1,repeat_view
synthetic_user_0071,e06a75b5-86f9-4daf-b871-0fba7b7ba57d,2026-05-04T23:08:56,1,1,1,0,1,3,243.48,13,3,2,2,0,0,1,0.58,0.0,0,0,38,13,3,3,0.3421,18,1,3,0.0,1,download
synthetic_user_0165,8706bbb8-8343-4edc-9af4-244b9cad76aa,2026-05-06T04:02:23,1,1,0,1,0,3,254.02,7,1,1,1,2,0,0,0.47,0.0,0,0,204,61,19,7,0.299,1,1,2,0.0,1,download
synthetic_user_0165,8706bbb8-8343-4edc-9af4-244b9cad76aa,2026-05-06T04:05:08,1,1,0,1,0,3,254.02,7,2,1,1,2,0,0,0.47,0.0,0,0,204,62,19,7,0.3039,2,1,3,0.0,1,like
synthetic_user_0077,945e447f-c018-4d92-b5e5-2f1f7a11bd56,2026-05-06T04:22:18,1,1,1,0,1,3,244.33,13,4,2,0,1,0,3,1.03,0.0,0,1,16,3,1,1,0.1875,17,1,4,0.0,1,chat
synthetic_user_0022,5a0f55cf-16af-4459-9030-0c7c6e11207f,2026-05-06T06:54:46,1,1,1,0,1,3,242.17,3,0,0,0,0,1,0,0.58,0.0,0,0,30,11,3,2,0.3667,3,1,0,0.0,1,chat
synthetic_user_0031,8b44ea69-a5bb-4779-8c63-bf20e4da58c7,2026-05-07T02:29:21,1,1,1,0,1,3,249.79,10,6,2,2,2,0,1,0.69,0.0,0,1,44,19,7,5,0.4318,10,1,4,0.0,1,download
synthetic_user_0060,8706bbb8-8343-4edc-9af4-244b9cad76aa,2026-05-07T03:01:55,1,1,0,1,0,3,253.1,5,2,0,0,1,1,0,0.47,0.0,0,0,205,62,20,7,0.3024,1,1,2,0.0,1,repeat_view
synthetic_user_0060,8706bbb8-8343-4edc-9af4-244b9cad76aa,2026-05-07T03:11:15,1,1,0,1,0,3,253.1,6,2,0,0,1,1,0,0.47,0.0,0,0,206,62,20,7,0.301,2,2,2,0.0,1,download
synthetic_user_0060,8706bbb8-8343-4edc-9af4-244b9cad76aa,2026-05-07T03:14:30,1,1,0,1,0,3,253.11,6,3,0,0,1,1,0,0.47,0.0,0,0,206,63,20,7,0.3058,3,2,3,0.0,1,chat
synthetic_user_0148,fbb68aab-9b3b-4e24-9109-ea047f927347,2026-05-07T05:27:10,1,1,1,0,1,3,256.81,15,3,0,0,2,1,3,1.03,0.0,0,1,37,10,3,3,0.2703,15,3,2,0.0,1,download
synthetic_user_0148,fbb68aab-9b3b-4e24-9109-ea047f927347,2026-05-07T05:35:51,1,1,1,0,1,3,256.82,15,4,0,0,2,1,3,1.03,0.0,0,1,37,11,3,3,0.2973,16,3,2,0.0,1,like
synthetic_user_0030,7c1af9a0-cf09-4356-8c0d-d762fbb21208,2026-05-07T21:10:31,1,1,1,0,1,1,251.03,8,1,1,0,1,0,1,1.76,0.0,0,1,64,16,2,1,0.25,8,5,1,0.0,1,download
synthetic_user_0039,8706bbb8-8343-4edc-9af4-244b9cad76aa,2026-05-08T06:21:57,1,1,0,1,0,3,237.81,5,1,0,0,2,1,0,0.47,0.0,0,0,207,63,20,7,0.3043,2,1,3,0.0,1,repeat_view
synthetic_user_0112,bd6bddb1-3e29-4767-a194-6196e46f7456,2026-05-10T06:41:26,1,1,1,0,1,3,259.41,7,1,0,0,0,0,1,0.41,0.0,0,1,27,7,1,2,0.2593,6,1,1,0.0,1,repeat_view
synthetic_user_0034,b1e94dc4-e19f-4e9b-85e1-69c3b4ab0e97,2026-05-10T23:06:04,1,1,1,0,1,3,253.76,8,2,0,0,1,0,3,1.03,0.0,0,1,34,18,9,3,0.5294,8,1,3,0.0,1,chat
synthetic_user_0034,b1e94dc4-e19f-4e9b-85e1-69c3b4ab0e97,2026-05-10T23:07:11,1,1,1,0,1,3,253.76,8,2,0,0,2,0,3,1.03,0.0,0,1,34,18,9,3,0.5294,9,1,4,0.0,1,download
synthetic_user_0111,8706bbb8-8343-4edc-9af4-244b9cad76aa,2026-05-11T08:07:21,1,1,1,0,1,4,244.23,13,3,1,1,1,0,0,0.47,0.0,0,0,209,63,20,7,0.3014,17,11,1,0.0,1,download
synthetic_user_0111,8706bbb8-8343-4edc-9af4-244b9cad76aa,2026-05-11T08:22:40,1,1,1,0,1,4,244.24,13,4,1,1,1,0,0,0.47,0.0,0,0,209,64,20,7,0.3062,18,11,1,0.0,1,chat
synthetic_user_0111,8706bbb8-8343-4edc-9af4-244b9cad76aa,2026-05-11T08:22:59,1,1,1,0,1,4,244.24,13,4,1,1,2,0,0,0.47,0.0,0,0,209,64,20,7,0.3062,19,11,1,0.0,1,bookmark
synthetic_user_0199,b1e94dc4-e19f-4e9b-85e1-69c3b4ab0e97,2026-05-11T20:36:20,1,1,1,0,1,3,250.1,3,0,0,0,1,0,3,1.03,0.0,0,1,34,19,9,3,0.5588,3,1,1,0.0,1,repeat_view
synthetic_user_0199,b1e94dc4-e19f-4e9b-85e1-69c3b4ab0e97,2026-05-11T20:49:47,1,1,1,0,1,3,250.11,4,0,0,0,1,0,3,1.03,0.0,0,1,35,19,9,3,0.5429,4,2,1,0.0,1,download
synthetic_user_0052,087164bc-8a57-44b1-bd06-0644f475917b,2026-05-12T05:17:12,1,1,1,0,1,3,258.38,11,4,2,1,0,0,0,0.58,0.0,0,0,35,12,2,1,0.3429,18,4,4,0.0,1,download
synthetic_user_0052,087164bc-8a57-44b1-bd06-0644f475917b,2026-05-12T05:28:09,1,1,1,0,1,3,258.39,11,5,2,1,0,0,0,0.58,0.0,0,0,35,13,2,1,0.3714,19,4,4,0.0,1,like
synthetic_user_0112,8706bbb8-8343-4edc-9af4-244b9cad76aa,2026-05-12T06:10:40,1,1,0,1,0,3,261.39,9,1,0,0,0,0,0,0.47,0.0,0,0,210,64,20,8,0.3048,3,3,1,0.0,1,download
synthetic_user_0099,95461cac-4301-4ade-8b3c-98201e8731db,2026-05-13T21:18:30,1,1,1,0,1,3,252.28,4,1,0,1,1,1,1,0.41,0.0,0,1,23,9,2,2,0.3913,6,1,2,0.0,1,chat
synthetic_user_0106,85526add-cd5a-4107-a07e-62ff3f493082,2026-05-14T00:04:01,1,1,1,0,1,3,245.77,7,3,0,0,0,0,0,0.41,0.0,0,0,44,16,5,4,0.3636,1,1,1,0.0,1,download
synthetic_user_0106,85526add-cd5a-4107-a07e-62ff3f493082,2026-05-14T00:06:03,1,1,1,0,1,3,245.77,7,4,0,0,0,0,0,0.41,0.0,0,0,44,17,5,4,0.3864,2,1,2,0.0,1,bookmark
synthetic_user_0191,40a8032b-e43c-43dc-ba5f-d650f1c0a979,2026-05-14T01:13:33,1,1,1,0,1,3,243.24,2,1,1,0,0,0,1,0.41,0.0,0,1,28,14,7,3,0.5,4,1,1,0.0,1,download
synthetic_user_0103,8b44ea69-a5bb-4779-8c63-bf20e4da58c7,2026-05-14T01:17:39,1,1,1,0,1,3,242.21,13,4,1,1,4,0,1,0.69,0.0,0,1,47,20,7,5,0.4255,23,1,4,0.0,1,download
synthetic_user_0103,8b44ea69-a5bb-4779-8c63-bf20e4da58c7,2026-05-14T01:23:58,1,1,1,0,1,3,242.21,13,5,1,1,4,0,1,0.69,0.0,0,1,47,21,7,5,0.4468,24,1,5,0.0,1,like
synthetic_user_0173,e72c3d3b-cf36-4cc4-9a40-d8cc5d28df84,2026-05-14T02:18:25,1,1,1,0,1,3,263.85,13,8,1,3,3,1,1,0.41,0.0,0,1,29,12,7,3,0.4138,28,1,3,0.0,1,chat
synthetic_user_0014,bd6bddb1-3e29-4767-a194-6196e46f7456,2026-05-14T03:32:13,1,1,1,0,1,3,251.62,3,1,0,0,0,1,1,0.41,0.0,0,1,28,7,1,2,0.25,3,1,1,0.0,1,repeat_view
synthetic_user_0014,bd6bddb1-3e29-4767-a194-6196e46f7456,2026-05-14T03:36:49,1,1,1,0,1,3,251.63,4,1,0,0,0,1,1,0.41,0.0,0,1,29,7,1,2,0.2414,4,2,1,0.0,1,download
synthetic_user_0014,bd6bddb1-3e29-4767-a194-6196e46f7456,2026-05-14T03:49:29,1,1,1,0,1,3,251.64,4,2,0,0,0,1,1,0.41,0.0,0,1,29,8,1,2,0.2759,5,2,1,0.0,1,bookmark
synthetic_user_0111,8706bbb8-8343-4edc-9af4-244b9cad76aa,2026-05-15T19:48:32,1,1,1,0,1,4,248.72,14,4,1,2,2,0,0,0.47,0.0,0,0,213,65,20,8,0.3052,21,12,1,0.0,1,download
synthetic_user_0024,fbb68aab-9b3b-4e24-9109-ea047f927347,2026-05-16T02:28:17,1,1,1,0,1,3,255.0,11,3,1,1,3,0,3,1.03,0.0,0,1,38,11,4,3,0.2895,19,5,2,0.0,1,download
synthetic_user_0063,830353af-6497-4bc7-bab8-08114b64b682,2026-05-16T06:11:37,1,1,1,0,1,3,256.69,7,0,0,0,1,1,0,1.05,0.0,0,0,31,12,2,4,0.3871,7,1,1,0.0,1,download
synthetic_user_0063,830353af-6497-4bc7-bab8-08114b64b682,2026-05-16T06:17:20,1,1,1,0,1,3,256.69,7,1,0,0,1,1,0,1.05,0.0,0,0,31,13,2,4,0.4194,8,1,2,0.0,1,like
synthetic_user_0011,087164bc-8a57-44b1-bd06-0644f475917b,2026-05-16T18:19:31,1,1,1,0,1,3,255.67,5,2,0,0,0,1,0,0.58,0.0,0,0,35,13,3,1,0.3714,4,1,2,0.0,1,repeat_view
synthetic_user_0160,7c1af9a0-cf09-4356-8c0d-d762fbb21208,2026-05-16T18:44:50,1,1,1,0,1,1,265.57,7,2,0,0,1,1,1,1.76,0.0,0,1,70,17,2,1,0.2429,10,7,1,0.0,1,download
synthetic_user_0134,b1e94dc4-e19f-4e9b-85e1-69c3b4ab0e97,2026-05-16T23:50:44,1,1,1,0,1,3,254.68,7,4,2,2,0,1,3,1.03,0.0,0,1,37,20,9,3,0.5405,15,3,3,0.0,1,download
synthetic_user_0134,b1e94dc4-e19f-4e9b-85e1-69c3b4ab0e97,2026-05-16T23:57:00,1,1,1,0,1,3,254.68,7,5,2,2,0,1,3,1.03,0.0,0,1,37,21,9,3,0.5676,16,3,3,0.0,1,like
synthetic_user_0029,8b44ea69-a5bb-4779-8c63-bf20e4da58c7,2026-05-17T06:11:44,1,1,1,0,1,3,268.41,4,1,1,0,0,1,1,0.69,0.0,0,1,48,21,8,5,0.4375,6,1,1,0.0,1,chat
synthetic_user_0129,95461cac-4301-4ade-8b3c-98201e8731db,2026-05-17T08:21:35,1,1,1,0,1,3,271.95,7,2,1,0,0,0,1,0.41,0.0,0,1,24,9,2,2,0.375,8,1,2,0.0,1,chat
synthetic_user_0125,e72c3d3b-cf36-4cc4-9a40-d8cc5d28df84,2026-05-17T20:14:16,1,1,1,0,1,3,250.67,14,3,2,1,3,0,1,0.41,0.0,0,1,30,12,7,3,0.4,19,1,3,0.0,1,chat
synthetic_user_0181,087164bc-8a57-44b1-bd06-0644f475917b,2026-05-17T21:41:12,1,1,1,0,1,3,253.72,7,3,1,1,0,1,0,0.58,0.0,0,0,37,13,3,1,0.3514,11,1,2,0.0,1,download
synthetic_user_0181,087164bc-8a57-44b1-bd06-0644f475917b,2026-05-17T21:58:07,1,1,1,0,1,3,253.73,7,4,1,1,0,1,0,0.58,0.0,0,0,37,14,3,1,0.3784,12,1,3,0.0,1,chat
synthetic_user_0104,8b44ea69-a5bb-4779-8c63-bf20e4da58c7,2026-05-18T00:22:34,1,1,0,1,0,4,263.34,5,3,2,1,0,1,1,0.69,0.0,0,1,49,21,8,5,0.4286,1,1,1,0.0,1,download
synthetic_user_0104,8b44ea69-a5bb-4779-8c63-bf20e4da58c7,2026-05-18T00:28:05,1,1,0,1,0,4,263.34,5,4,2,1,0,1,1,0.69,0.0,0,1,49,22,8,5,0.449,2,1,2,0.0,1,bookmark
synthetic_user_0062,f6081dfd-75ec-4719-a05b-6ec1f95df15f,2026-05-18T03:47:36,1,1,1,0,1,3,259.31,6,4,2,1,1,0,1,1.05,0.0,0,1,22,5,1,3,0.2273,14,1,3,0.0,1,chat
synthetic_user_0172,ea97dfce-6731-4b1d-9b03-485d04de4867,2026-05-18T05:52:26,1,1,1,0,1,3,263.18,15,5,2,1,4,0,3,1.03,0.0,0,1,28,10,2,3,0.3571,23,1,5,0.0,1,download
synthetic_user_0172,ea97dfce-6731-4b1d-9b03-485d04de4867,2026-05-18T05:58:15,1,1,1,0,1,3,263.18,15,6,2,1,4,0,3,1.03,0.0,0,1,28,11,2,3,0.3929,24,1,6,0.0,1,like
synthetic_user_0172,ea97dfce-6731-4b1d-9b03-485d04de4867,2026-05-18T06:01:49,1,1,1,0,1,3,263.19,15,6,3,1,4,0,3,1.03,0.0,0,1,28,11,3,3,0.3929,25,1,6,0.0,1,chat
synthetic_user_0068,dbcab77a-8d8a-4721-b07d-d5d9ecc7874d,2026-05-18T19:25:23,1,1,1,0,1,3,270.43,6,3,2,1,0,1,1,0.58,0.0,0,0,26,8,1,3,0.3077,10,1,3,0.0,1,repeat_view
synthetic_user_0068,dbcab77a-8d8a-4721-b07d-d5d9ecc7874d,2026-05-18T19:34:51,1,1,1,0,1,3,270.44,7,3,2,1,0,1,1,0.58,0.0,0,0,27,8,1,3,0.2963,11,2,3,0.0,1,chat
synthetic_user_0167,98a77293-8faf-4d27-8248-6eb91f481d8f,2026-05-18T19:36:31,1,1,1,0,1,3,246.53,15,7,1,2,2,0,0,0.58,0.0,0,0,38,19,8,8,0.5,26,1,5,0.0,1,repeat_view
synthetic_user_0167,98a77293-8faf-4d27-8248-6eb91f481d8f,2026-05-18T19:46:30,1,1,1,0,1,3,246.54,16,7,1,2,2,0,0,0.58,0.0,0,0,39,19,8,8,0.4872,27,2,5,0.0,1,download
synthetic_user_0167,98a77293-8faf-4d27-8248-6eb91f481d8f,2026-05-18T19:52:37,1,1,1,0,1,3,246.54,16,8,1,2,2,0,0,0.58,0.0,0,0,39,20,8,8,0.5128,28,2,6,0.0,1,like
synthetic_user_0163,fbb68aab-9b3b-4e24-9109-ea047f927347,2026-05-18T20:05:20,1,1,1,0,1,3,274.12,12,5,2,2,1,0,3,1.03,0.0,0,1,38,12,4,3,0.3158,21,1,4,0.0,1,repeat_view
synthetic_user_0163,fbb68aab-9b3b-4e24-9109-ea047f927347,2026-05-18T20:15:20,1,1,1,0,1,3,274.13,13,5,2,2,1,0,3,1.03,0.0,0,1,39,12,4,3,0.3077,22,2,4,0.0,1,chat
synthetic_user_0088,dcf38bea-591e-47ae-aaaf-e01b841cc3b3,2026-05-19T03:08:05,1,1,1,0,1,3,249.12,7,5,3,0,0,0,1,0.69,0.0,0,1,44,12,5,4,0.2727,13,1,4,0.0,1,repeat_view
synthetic_user_0088,dcf38bea-591e-47ae-aaaf-e01b841cc3b3,2026-05-19T03:17:16,1,1,1,0,1,3,249.13,8,5,3,0,0,0,1,0.69,0.0,0,1,45,12,5,4,0.2667,14,2,4,0.0,1,download
synthetic_user_0055,dcd20897-e14a-43fc-b2ba-66bb4a569874,2026-05-19T03:51:00,1,1,1,0,1,3,266.74,10,3,0,0,0,1,1,0.69,0.0,0,1,30,14,4,4,0.4667,13,1,3,0.0,1,repeat_view
synthetic_user_0055,dcd20897-e14a-43fc-b2ba-66bb4a569874,2026-05-19T03:57:54,1,1,1,0,1,3,266.75,11,3,0,0,0,1,1,0.69,0.0,0,1,31,14,4,4,0.4516,14,2,3,0.0,1,download
synthetic_user_0055,dcd20897-e14a-43fc-b2ba-66bb4a569874,2026-05-19T04:07:05,1,1,1,0,1,3,266.75,11,4,0,0,0,1,1,0.69,0.0,0,1,31,15,4,4,0.4839,15,2,3,0.0,1,like
synthetic_user_0125,dcf38bea-591e-47ae-aaaf-e01b841cc3b3,2026-05-19T05:02:52,1,1,1,0,1,3,252.04,15,3,2,1,4,0,1,0.69,0.0,0,1,46,13,5,4,0.2826,21,1,4,0.0,1,chat
synthetic_user_0150,830353af-6497-4bc7-bab8-08114b64b682,2026-05-19T18:15:30,1,1,1,0,1,3,250.98,5,2,1,0,0,0,0,1.05,0.0,0,0,32,13,3,4,0.4062,8,1,1,0.0,1,download
synthetic_user_0077,95461cac-4301-4ade-8b3c-98201e8731db,2026-05-19T21:43:03,1,1,1,0,1,3,258.05,14,4,2,0,2,0,1,0.41,0.0,0,1,25,9,2,2,0.36,19,1,5,0.0,1,download
synthetic_user_0122,2c1e63cb-30f5-4e05-92af-ea93368ef4ab,2026-05-20T06:40:04,1,1,1,0,1,3,266.21,4,1,0,0,0,1,1,0.41,0.0,0,1,32,12,3,2,0.375,4,1,1,0.0,1,download
synthetic_user_0049,95461cac-4301-4ade-8b3c-98201e8731db,2026-05-22T01:14:42,1,1,1,0,1,3,250.17,5,3,1,1,0,0,1,0.41,0.0,0,1,26,10,2,2,0.3846,10,1,1,0.0,1,download
synthetic_user_0049,95461cac-4301-4ade-8b3c-98201e8731db,2026-05-22T01:27:24,1,1,1,0,1,3,250.18,5,4,1,1,0,0,1,0.41,0.0,0,1,26,11,2,2,0.4231,11,1,2,0.0,1,chat
synthetic_user_0087,59bf0b38-d7b5-4024-a66e-a03f1b47095d,2026-05-22T05:02:29,1,1,1,0,1,3,264.83,5,2,1,1,1,0,3,1.03,0.0,0,1,29,12,4,2,0.4138,10,1,3,0.0,1,repeat_view
synthetic_user_0071,e06a75b5-86f9-4daf-b871-0fba7b7ba57d,2026-05-23T00:41:37,1,1,1,0,1,3,261.54,13,4,2,2,0,0,1,0.58,0.0,0,0,40,14,3,3,0.35,19,1,4,0.0,1,repeat_view
synthetic_user_0071,e06a75b5-86f9-4daf-b871-0fba7b7ba57d,2026-05-23T00:56:54,1,1,1,0,1,3,261.55,14,4,2,2,0,0,1,0.58,0.0,0,0,41,14,3,3,0.3415,20,2,4,0.0,1,download
synthetic_user_0071,e06a75b5-86f9-4daf-b871-0fba7b7ba57d,2026-05-23T01:01:23,1,1,1,0,1,3,261.56,14,5,2,2,0,0,1,0.58,0.0,0,0,41,15,3,3,0.3659,21,2,4,0.0,1,like
synthetic_user_0082,33f6e3a9-237d-433e-b4b6-238e44c80117,2026-05-23T01:47:59,1,1,1,0,1,3,273.29,9,4,1,1,0,1,1,0.58,0.0,0,0,27,11,4,2,0.4074,15,1,4,0.0,1,repeat_view
synthetic_user_0113,087164bc-8a57-44b1-bd06-0644f475917b,2026-05-23T02:05:13,1,1,1,0,1,3,272.03,8,1,0,0,0,1,0,0.58,0.0,0,0,39,14,3,1,0.359,9,6,1,0.0,1,chat
synthetic_user_0010,dcd20897-e14a-43fc-b2ba-66bb4a569874,2026-05-23T22:56:47,1,1,1,0,1,3,272.84,3,1,0,0,1,1,1,0.69,0.0,0,1,32,15,5,4,0.4688,5,1,1,0.0,1,download
synthetic_user_0153,dcd20897-e14a-43fc-b2ba-66bb4a569874,2026-05-24T08:52:56,1,1,1,0,1,3,266.47,3,2,1,1,0,0,1,0.69,0.0,0,1,32,16,5,4,0.5,4,1,2,0.0,1,repeat_view
synthetic_user_0051,830353af-6497-4bc7-bab8-08114b64b682,2026-05-24T20:44:28,1,1,1,0,1,3,254.78,13,5,1,0,1,1,0,1.05,0.0,0,0,33,14,3,4,0.4242,14,1,4,0.0,1,download
synthetic_user_0027,98a77293-8faf-4d27-8248-6eb91f481d8f,2026-05-25T02:51:42,1,1,1,0,1,3,274.87,6,1,0,0,0,0,0,0.58,0.0,0,0,39,20,9,8,0.5128,7,1,1,0.0,1,repeat_view
synthetic_user_0030,7c1af9a0-cf09-4356-8c0d-d762fbb21208,2026-05-25T03:17:17,1,1,1,0,1,1,268.28,10,2,1,0,1,0,1,1.76,0.0,0,1,72,18,2,1,0.25,11,7,1,0.0,1,download
synthetic_user_0030,7c1af9a0-cf09-4356-8c0d-d762fbb21208,2026-05-25T03:26:48,1,1,1,0,1,1,268.29,10,3,1,0,1,0,1,1.76,0.0,0,1,72,19,2,1,0.2639,12,7,1,0.0,1,like
synthetic_user_0030,7c1af9a0-cf09-4356-8c0d-d762fbb21208,2026-05-25T03:32:51,1,1,1,0,1,1,268.29,10,3,2,0,1,0,1,1.76,0.0,0,1,72,19,3,1,0.2639,13,7,1,0.0,1,bookmark
synthetic_user_0017,a18002e2-24a3-4da4-b558-ea8cadcb047e,2026-05-25T08:46:38,1,1,1,0,1,3,268.16,8,3,1,1,0,1,0,0.58,0.0,0,0,45,17,7,3,0.3778,9,1,3,0.0,1,download
synthetic_user_0078,e06a75b5-86f9-4daf-b871-0fba7b7ba57d,2026-05-25T19:06:46,1,1,1,0,1,3,256.66,11,3,0,1,0,0,1,0.58,0.0,0,0,41,15,4,3,0.3659,13,1,3,0.0,1,repeat_view
synthetic_user_0078,e06a75b5-86f9-4daf-b871-0fba7b7ba57d,2026-05-25T19:18:11,1,1,1,0,1,3,256.66,12,3,0,1,0,0,1,0.58,0.0,0,0,42,15,4,3,0.3571,14,2,3,0.0,1,download
synthetic_user_0078,e06a75b5-86f9-4daf-b871-0fba7b7ba57d,2026-05-25T19:20:57,1,1,1,0,1,3,256.67,12,4,0,1,0,0,1,0.58,0.0,0,0,42,16,4,3,0.381,15,2,3,0.0,1,bookmark
synthetic_user_0087,95461cac-4301-4ade-8b3c-98201e8731db,2026-05-27T01:02:58,1,1,1,0,1,3,269.66,7,2,1,1,1,0,1,0.41,0.0,0,1,28,11,2,2,0.3929,12,1,3,0.0,1,chat
synthetic_user_0026,fbb68aab-9b3b-4e24-9109-ea047f927347,2026-05-27T01:41:12,1,1,1,0,1,3,282.34,13,2,1,1,1,0,3,1.03,0.0,0,1,40,12,4,3,0.3,16,1,2,0.0,1,repeat_view
synthetic_user_0095,b1e94dc4-e19f-4e9b-85e1-69c3b4ab0e97,2026-05-27T03:51:39,1,1,1,0,1,3,274.21,12,2,1,0,0,1,3,1.03,0.0,0,1,39,21,10,3,0.5385,10,1,2,0.0,1,repeat_view
synthetic_user_0022,581c8e36-7a51-4e8e-ac1d-6e9c1d54940f,2026-05-27T04:27:09,1,1,1,0,1,3,263.07,4,0,0,0,1,1,3,1.03,0.0,0,1,24,7,4,1,0.2917,5,1,1,0.0,1,download
synthetic_user_0090,8706bbb8-8343-4edc-9af4-244b9cad76aa,2026-05-27T05:15:31,1,1,1,0,1,4,284.25,7,0,0,0,0,1,0,0.47,0.0,0,0,218,66,20,8,0.3028,4,4,0,0.0,1,chat
synthetic_user_0054,f6081dfd-75ec-4719-a05b-6ec1f95df15f,2026-05-27T05:25:02,1,1,1,0,1,3,254.43,7,5,1,0,1,1,1,1.05,0.0,0,1,22,5,1,3,0.2273,10,1,5,0.0,1,repeat_view
synthetic_user_0121,a8231f34-c157-4fcd-b08a-5a3420cc0cee,2026-05-27T18:32:06,1,1,1,0,1,3,268.88,5,1,0,0,3,0,1,0.69,0.0,0,1,30,8,1,2,0.2667,9,1,2,0.0,1,repeat_view
synthetic_user_0021,5a0f55cf-16af-4459-9030-0c7c6e11207f,2026-05-28T00:45:46,1,1,1,0,1,3,276.97,7,1,0,0,2,1,0,0.58,0.0,0,0,30,11,3,2,0.3667,10,1,2,0.0,1,repeat_view
synthetic_user_0154,8706bbb8-8343-4edc-9af4-244b9cad76aa,2026-05-28T22:37:51,1,1,0,1,0,3,259.32,6,0,0,0,1,1,0,0.47,0.0,0,0,221,66,20,8,0.2986,7,6,1,0.0,1,download
synthetic_user_0154,8706bbb8-8343-4edc-9af4-244b9cad76aa,2026-05-28T22:39:32,1,1,0,1,0,3,259.33,6,1,0,0,1,1,0,0.47,0.0,0,0,221,67,20,8,0.3032,8,6,1,0.0,1,chat
synthetic_user_0141,40a8032b-e43c-43dc-ba5f-d650f1c0a979,2026-05-29T18:04:56,1,1,1,0,1,3,285.02,7,1,0,0,1,0,1,0.41,0.0,0,1,28,15,7,3,0.5357,6,1,1,0.0,1,repeat_view
synthetic_user_0141,40a8032b-e43c-43dc-ba5f-d650f1c0a979,2026-05-29T18:12:27,1,1,1,0,1,3,285.03,8,1,0,0,1,0,1,0.41,0.0,0,1,29,15,7,3,0.5172,7,2,1,0.0,1,download
synthetic_user_0141,40a8032b-e43c-43dc-ba5f-d650f1c0a979,2026-05-29T18:13:42,1,1,1,0,1,3,285.03,8,2,0,0,1,0,1,0.41,0.0,0,1,29,16,7,3,0.5517,8,2,2,0.0,1,bookmark
synthetic_user_0141,40a8032b-e43c-43dc-ba5f-d650f1c0a979,2026-05-29T18:15:51,1,1,1,0,1,3,285.03,8,2,0,1,1,0,1,0.41,0.0,0,1,29,16,7,4,0.5517,9,2,2,0.0,1,like
synthetic_user_0029,581c8e36-7a51-4e8e-ac1d-6e9c1d54940f,2026-05-30T00:28:14,1,1,1,0,1,3,281.17,5,1,1,0,1,1,3,1.03,0.0,0,1,24,8,4,1,0.3333,8,1,2,0.0,1,repeat_view
synthetic_user_0148,a18002e2-24a3-4da4-b558-ea8cadcb047e,2026-05-30T06:21:09,1,1,1,0,1,3,279.85,15,4,1,0,2,1,0,0.58,0.0,0,0,45,18,7,3,0.4,17,1,2,0.0,1,repeat_view
synthetic_user_0025,8b44ea69-a5bb-4779-8c63-bf20e4da58c7,2025-08-17T05:29:22,1,1,0,1,0,4,0.08,0,0,0,0,0,1,1,0.69,0.0,0,1,0,0,0,0,0.0,0,0,0,0.0,0,negative_soft
synthetic_user_0025,85526add-cd5a-4107-a07e-62ff3f493082,2025-08-17T05:29:22,1,1,0,1,0,4,0.08,0,0,0,0,0,1,0,0.41,0.0,0,0,0,0,0,0,0.0,0,0,0,0.0,0,negative_soft
synthetic_user_0025,ea97dfce-6731-4b1d-9b03-485d04de4867,2025-08-17T05:29:22,1,1,0,1,0,4,0.08,0,0,0,0,0,1,3,1.03,0.0,0,1,0,0,0,0,0.0,0,0,0,0.0,0,negative_soft
synthetic_user_0025,95461cac-4301-4ade-8b3c-98201e8731db,2025-08-17T05:29:22,1,1,0,1,0,4,0.08,0,0,0,0,0,1,1,0.41,0.0,0,1,0,0,0,0,0.0,0,0,0,0.0,0,negative_soft
synthetic_user_0009,59bf0b38-d7b5-4024-a66e-a03f1b47095d,2025-08-17T12:08:37,1,1,1,0,1,3,0.08,0,0,0,0,0,0,3,1.03,0.0,0,1,0,0,0,0,0.0,0,0,0,0.0,0,negative_hard
synthetic_user_0009,dcf38bea-591e-47ae-aaaf-e01b841cc3b3,2025-08-17T12:08:37,1,1,1,0,1,3,0.08,0,0,0,0,0,0,1,0.69,0.0,0,1,0,0,0,0,0.0,0,0,0,0.0,0,negative_hard
synthetic_user_0009,33f6e3a9-237d-433e-b4b6-238e44c80117,2025-08-17T12:08:37,1,1,1,0,1,3,0.08,0,0,0,0,0,0,1,0.58,0.0,0,0,0,0,0,0,0.0,0,0,0,0.0,0,negative_hard
synthetic_user_0009,8706bbb8-8343-4edc-9af4-244b9cad76aa,2025-08-17T12:08:37,1,1,0,1,0,3,0.08,0,0,0,0,0,0,0,0.47,0.0,0,0,0,0,0,0,0.0,0,0,0,0.0,0,negative_soft
synthetic_user_0026,dcf38bea-591e-47ae-aaaf-e01b841cc3b3,2025-08-17T19:33:48,1,1,1,0,1,3,0.08,0,0,0,0,0,0,1,0.69,0.0,0,1,0,0,0,0,0.0,0,0,0,0.0,0,negative_hard
synthetic_user_0026,a18002e2-24a3-4da4-b558-ea8cadcb047e,2025-08-17T19:33:48,1,1,1,0,1,3,0.08,0,0,0,0,0,0,0,0.58,0.0,0,0,0,0,0,0,0.0,0,0,0,0.0,0,negative_hard
synthetic_user_0026,087164bc-8a57-44b1-bd06-0644f475917b,2025-08-17T19:33:48,1,1,1,0,1,3,0.08,0,0,0,0,0,0,0,0.58,0.0,0,0,0,0,0,0,0.0,0,0,0,0.0,0,negative_hard
synthetic_user_0026,7c1af9a0-cf09-4356-8c0d-d762fbb21208,2025-08-17T19:33:48,0,0,0,2,0,3,0.08,0,0,0,0,0,0,1,1.76,0.0,0,1,0,0,0,0,0.0,0,0,0,0.0,0,negative_soft
synthetic_user_0016,98a77293-8faf-4d27-8248-6eb91f481d8f,2025-08-20T21:08:29,1,1,1,0,1,3,0.08,0,0,0,0,0,0,0,0.58,0.0,0,0,0,0,0,0,0.0,0,0,0,0.0,0,negative_hard
synthetic_user_0016,45a799e0-5716-4209-b489-bd8f9ef13974,2025-08-20T21:08:29,1,1,1,0,1,3,0.08,0,0,0,0,0,0,1,0.41,0.0,0,1,0,0,0,0,0.0,0,0,0,0.0,0,negative_hard
synthetic_user_0016,8b44ea69-a5bb-4779-8c63-bf20e4da58c7,2025-08-20T21:08:29,1,1,1,0,1,3,0.08,0,0,0,0,0,0,1,0.69,0.0,0,1,0,0,0,0,0.0,0,0,0,0.0,0,negative_hard
synthetic_user_0016,7c1af9a0-cf09-4356-8c0d-d762fbb21208,2025-08-20T21:08:29,0,0,0,2,0,3,0.08,0,0,0,0,0,0,1,1.76,0.0,0,1,0,0,0,0,0.0,0,0,0,0.0,0,negative_soft
synthetic_user_0012,581c8e36-7a51-4e8e-ac1d-6e9c1d54940f,2025-08-21T14:26:03,1,1,1,0,1,3,0.08,0,0,0,0,0,1,3,1.03,0.0,0,1,0,0,0,0,0.0,0,0,0,0.0,0,negative_hard
synthetic_user_0012,087164bc-8a57-44b1-bd06-0644f475917b,2025-08-21T14:26:03,1,1,1,0,1,3,0.08,0,0,0,0,0,1,0,0.58,0.0,0,0,0,0,0,0,0.0,0,0,0,0.0,0,negative_hard
synthetic_user_0012,e06a75b5-86f9-4daf-b871-0fba7b7ba57d,2025-08-21T14:26:03,1,1,1,0,1,3,0.08,0,0,0,0,0,1,1,0.58,0.0,0,0,0,0,0,0,0.0,0,0,0,0.0,0,negative_hard
synthetic_user_0012,8706bbb8-8343-4edc-9af4-244b9cad76aa,2025-08-21T14:26:03,1,1,0,1,0,3,0.08,0,0,0,0,0,1,0,0.47,0.0,0,0,0,0,0,0,0.0,0,0,0,0.0,0,negative_soft
synthetic_user_0029,45a799e0-5716-4209-b489-bd8f9ef13974,2025-08-21T22:26:20,1,1,1,0,1,3,0.08,0,0,0,0,0,1,1,0.41,0.0,0,1,0,0,0,0,0.0,0,0,0,0.0,0,negative_hard
synthetic_user_0029,09593622-ad83-4d14-8236-17bea51dbb13,2025-08-21T22:26:20,1,1,1,0,1,3,0.08,0,0,0,0,0,1,1,0.69,0.0,0,1,0,0,0,0,0.0,0,0,0,0.0,0,negative_hard
synthetic_user_0029,dcd20897-e14a-43fc-b2ba-66bb4a569874,2025-08-21T22:26:20,1,1,1,0,1,3,0.08,0,0,0,0,0,1,1,0.69,0.0,0,1,0,0,0,0,0.0,0,0,0,0.0,0,negative_hard
synthetic_user_0029,8706bbb8-8343-4edc-9af4-244b9cad76aa,2025-08-21T22:26:20,1,1,0,1,0,3,0.08,0,0,0,0,0,1,0,0.47,0.0,0,0,0,0,0,0,0.0,0,0,0,0.0,0,negative_soft
synthetic_user_0019,2c1e63cb-30f5-4e05-92af-ea93368ef4ab,2025-08-22T17:03:18,1,1,1,0,1,3,0.08,0,0,0,0,0,0,1,0.41,0.0,0,1,0,0,0,0,0.0,0,0,0,0.0,0,negative_hard
synthetic_user_0019,a8231f34-c157-4fcd-b08a-5a3420cc0cee,2025-08-22T17:03:18,1,1,1,0,1,3,0.08,0,0,0,0,0,0,1,0.69,0.0,0,1,0,0,0,0,0.0,0,0,0,0.0,0,negative_hard
synthetic_user_0019,830353af-6497-4bc7-bab8-08114b64b682,2025-08-22T17:03:18,1,1,1,0,1,3,0.08,0,0,0,0,0,0,0,1.05,0.0,0,0,0,0,0,0,0.0,0,0,0,0.0,0,negative_hard
synthetic_user_0019,8706bbb8-8343-4edc-9af4-244b9cad76aa,2025-08-22T17:03:18,1,1,0,1,0,3,0.08,0,0,0,0,0,0,0,0.47,0.0,0,0,0,0,0,0,0.0,0,0,0,0.0,0,negative_soft
synthetic_user_0015,b1e94dc4-e19f-4e9b-85e1-69c3b4ab0e97,2025-08-22T17:58:32,1,1,1,0,1,3,0.08,0,0,0,0,0,1,3,1.03,0.0,0,1,0,0,0,0,0.0,0,0,0,0.0,0,negative_hard
synthetic_user_0015,581c8e36-7a51-4e8e-ac1d-6e9c1d54940f,2025-08-22T17:58:32,1,1,1,0,1,3,0.08,0,0,0,0,0,1,3,1.03,0.0,0,1,0,0,0,0,0.0,0,0,0,0.0,0,negative_hard
synthetic_user_0015,bd6bddb1-3e29-4767-a194-6196e46f7456,2025-08-22T17:58:32,1,1,1,0,1,3,0.08,0,0,0,0,0,1,1,0.41,0.0,0,1,0,0,0,0,0.0,0,0,0,0.0,0,negative_hard
synthetic_user_0015,8706bbb8-8343-4edc-9af4-244b9cad76aa,2025-08-22T17:58:32,1,1,0,1,0,3,0.08,0,0,0,0,0,1,0,0.47,0.0,0,0,0,0,0,0,0.0,0,0,0,0.0,0,negative_soft
synthetic_user_0027,a8231f34-c157-4fcd-b08a-5a3420cc0cee,2025-08-23T08:04:40,1,1,1,0,1,3,0.08,0,0,0,0,0,0,1,0.69,0.0,0,1,0,0,0,0,0.0,0,0,0,0.0,0,negative_hard
synthetic_user_0027,945e447f-c018-4d92-b5e5-2f1f7a11bd56,2025-08-23T08:04:40,1,1,1,0,1,3,0.08,0,0,0,0,0,0,3,1.03,0.0,0,1,0,0,0,0,0.0,0,0,0,0.0,0,negative_hard
synthetic_user_0027,c5310615-4076-41e9-9064-736593600471,2025-08-23T08:04:40,1,1,1,0,1,3,0.08,0,0,0,0,0,0,0,1.03,0.0,0,0,0,0,0,0,0.0,0,0,0,0.0,0,negative_hard
synthetic_user_0027,8706bbb8-8343-4edc-9af4-244b9cad76aa,2025-08-23T08:04:40,1,1,0,1,0,3,0.08,0,0,0,0,0,0,0,0.47,0.0,0,0,0,0,0,0,0.0,0,0,0,0.0,0,negative_soft
synthetic_user_0021,a8231f34-c157-4fcd-b08a-5a3420cc0cee,2025-08-24T03:33:58,1,1,1,0,1,3,0.08,0,0,0,0,0,1,1,0.69,0.0,0,1,0,0,0,0,0.0,0,0,0,0.0,0,negative_hard
synthetic_user_0021,98a77293-8faf-4d27-8248-6eb91f481d8f,2025-08-24T03:33:58,1,1,1,0,1,3,0.08,0,0,0,0,0,1,0,0.58,0.0,0,0,0,0,0,0,0.0,0,0,0,0.0,0,negative_hard
synthetic_user_0021,dcd20897-e14a-43fc-b2ba-66bb4a569874,2025-08-24T03:33:58,1,1,1,0,1,3,0.08,0,0,0,0,0,1,1,0.69,0.0,0,1,0,0,0,0,0.0,0,0,0,0.0,0,negative_hard
synthetic_user_0021,8706bbb8-8343-4edc-9af4-244b9cad76aa,2025-08-24T03:33:58,1,1,0,1,0,3,0.08,0,0,0,0,0,1,0,0.47,0.0,0,0,0,0,0,0,0.0,0,0,0,0.0,0,negative_soft
synthetic_user_0010,087164bc-8a57-44b1-bd06-0644f475917b,2025-08-24T04:40:24,1,1,1,0,1,3,0.08,0,0,0,0,0,1,0,0.58,0.0,0,0,0,0,0,0,0.0,0,0,0,0.0,0,negative_hard
synthetic_user_0010,59bf0b38-d7b5-4024-a66e-a03f1b47095d,2025-08-24T04:40:24,1,1,1,0,1,3,0.08,0,0,0,0,0,1,3,1.03,0.0,0,1,0,0,0,0,0.0,0,0,0,0.0,0,negative_hard
synthetic_user_0010,a18002e2-24a3-4da4-b558-ea8cadcb047e,2025-08-24T04:40:24,1,1,1,0,1,3,0.08,0,0,0,0,0,1,0,0.58,0.0,0,0,0,0,0,0,0.0,0,0,0,0.0,0,negative_hard
synthetic_user_0010,8706bbb8-8343-4edc-9af4-244b9cad76aa,2025-08-24T04:40:24,1,1,0,1,0,3,0.08,0,0,0,0,0,1,0,0.47,0.0,0,0,0,0,0,0,0.0,0,0,0,0.0,0,negative_soft
synthetic_user_0013,95461cac-4301-4ade-8b3c-98201e8731db,2025-08-29T04:00:13,1,1,1,0,1,3,0.08,0,0,0,0,0,0,1,0.41,0.0,0,1,0,0,0,0,0.0,0,0,0,0.0,0,negative_hard
synthetic_user_0013,dcd20897-e14a-43fc-b2ba-66bb4a569874,2025-08-29T04:00:13,1,1,1,0,1,3,0.08,0,0,0,0,0,0,1,0.69,0.0,0,1,0,0,0,0,0.0,0,0,0,0.0,0,negative_hard
synthetic_user_0013,5a0f55cf-16af-4459-9030-0c7c6e11207f,2025-08-29T04:00:13,1,1,1,0,1,3,0.08,0,0,0,0,0,0,0,0.58,0.0,0,0,0,0,0,0,0.0,0,0,0,0.0,0,negative_hard
synthetic_user_0013,8706bbb8-8343-4edc-9af4-244b9cad76aa,2025-08-29T04:00:13,1,1,0,1,0,3,0.08,0,0,0,0,0,0,0,0.47,0.0,0,0,0,0,0,0,0.0,0,0,0,0.0,0,negative_soft
synthetic_user_0030,c5310615-4076-41e9-9064-736593600471,2025-08-29T22:30:41,0,0,0,2,0,1,0.08,0,0,0,0,0,0,0,1.03,0.0,0,0,0,0,0,0,0.0,0,0,0,0.0,0,negative_soft
synthetic_user_0030,85526add-cd5a-4107-a07e-62ff3f493082,2025-08-29T22:30:41,0,0,0,2,0,1,0.08,0,0,0,0,0,0,0,0.41,0.0,0,0,0,0,0,0,0.0,0,0,0,0.0,0,negative_soft
synthetic_user_0030,dbcab77a-8d8a-4721-b07d-d5d9ecc7874d,2025-08-29T22:30:41,0,0,0,2,0,1,0.08,0,0,0,0,0,0,1,0.58,0.0,0,0,0,0,0,0,0.0,0,0,0,0.0,0,negative_soft
synthetic_user_0030,f6081dfd-75ec-4719-a05b-6ec1f95df15f,2025-08-29T22:30:41,0,0,0,2,0,1,0.08,0,0,0,0,0,0,1,1.05,0.0,0,1,0,0,0,0,0.0,0,0,0,0.0,0,negative_soft
synthetic_user_0017,09593622-ad83-4d14-8236-17bea51dbb13,2025-08-30T07:02:12,1,1,1,0,1,3,0.08,0,0,0,0,0,1,1,0.69,0.0,0,1,0,0,0,0,0.0,0,0,0,0.0,0,negative_hard
synthetic_user_0017,dbcab77a-8d8a-4721-b07d-d5d9ecc7874d,2025-08-30T07:02:12,1,1,1,0,1,3,0.08,0,0,0,0,0,1,1,0.58,0.0,0,0,0,0,0,0,0.0,0,0,0,0.0,0,negative_hard
synthetic_user_0017,85526add-cd5a-4107-a07e-62ff3f493082,2025-08-30T07:02:12,1,1,1,0,1,3,0.08,0,0,0,0,0,1,0,0.41,0.0,0,0,0,0,0,0,0.0,0,0,0,0.0,0,negative_hard
synthetic_user_0017,7c1af9a0-cf09-4356-8c0d-d762fbb21208,2025-08-30T07:02:12,0,0,0,2,0,3,0.08,0,0,0,0,0,1,1,1.76,0.0,0,1,0,0,0,0,0.0,0,0,0,0.0,0,negative_soft
synthetic_user_0031,dbcab77a-8d8a-4721-b07d-d5d9ecc7874d,2025-08-30T09:36:56,1,1,1,0,1,3,0.08,0,0,0,0,0,0,1,0.58,0.0,0,0,0,0,0,0,0.0,0,0,0,0.0,0,negative_hard
synthetic_user_0031,ea97dfce-6731-4b1d-9b03-485d04de4867,2025-08-30T09:36:56,1,1,1,0,1,3,0.08,0,0,0,0,0,0,3,1.03,0.0,0,1,0,0,0,0,0.0,0,0,0,0.0,0,negative_hard
synthetic_user_0031,f6081dfd-75ec-4719-a05b-6ec1f95df15f,2025-08-30T09:36:56,1,1,1,0,1,3,0.08,0,0,0,0,0,0,1,1.05,0.0,0,1,0,0,0,0,0.0,0,0,0,0.0,0,negative_hard
synthetic_user_0031,7c1af9a0-cf09-4356-8c0d-d762fbb21208,2025-08-30T09:36:56,0,0,0,2,0,3,0.08,0,0,0,0,0,0,1,1.76,0.0,0,1,0,0,0,0,0.0,0,0,0,0.0,0,negative_soft
synthetic_user_0032,c5310615-4076-41e9-9064-736593600471,2025-09-01T18:45:38,1,1,1,0,1,3,0.08,0,0,0,0,0,0,0,1.03,0.0,0,0,0,0,0,0,0.0,0,0,0,0.0,0,negative_hard
synthetic_user_0032,09593622-ad83-4d14-8236-17bea51dbb13,2025-09-01T18:45:38,1,1,1,0,1,3,0.08,0,0,0,0,0,0,1,0.69,0.0,0,1,0,0,0,0,0.0,0,0,0,0.0,0,negative_hard
synthetic_user_0032,f6081dfd-75ec-4719-a05b-6ec1f95df15f,2025-09-01T18:45:38,1,1,1,0,1,3,0.08,0,0,0,0,0,0,1,1.05,0.0,0,1,0,0,0,0,0.0,0,0,0,0.0,0,negative_hard
synthetic_user_0032,8706bbb8-8343-4edc-9af4-244b9cad76aa,2025-09-01T18:45:38,1,1,0,1,0,3,0.08,0,0,0,0,0,0,0,0.47,0.0,0,0,0,0,0,0,0.0,0,0,0,0.0,0,negative_soft
synthetic_user_0011,fbb68aab-9b3b-4e24-9109-ea047f927347,2025-09-03T04:12:33,1,1,1,0,1,3,0.08,0,0,0,0,0,1,3,1.03,0.0,0,1,0,0,0,0,0.0,0,0,0,0.0,0,negative_hard
synthetic_user_0011,2c1e63cb-30f5-4e05-92af-ea93368ef4ab,2025-09-03T04:12:33,1,1,1,0,1,3,0.08,0,0,0,0,0,1,1,0.41,0.0,0,1,0,0,0,0,0.0,0,0,0,0.0,0,negative_hard
synthetic_user_0011,ea97dfce-6731-4b1d-9b03-485d04de4867,2025-09-03T04:12:33,1,1,1,0,1,3,0.08,0,0,0,0,0,1,3,1.03,0.0,0,1,0,0,0,0,0.0,0,0,0,0.0,0,negative_hard
synthetic_user_0011,7c1af9a0-cf09-4356-8c0d-d762fbb21208,2025-09-03T04:12:33,0,0,0,2,0,3,0.08,0,0,0,0,0,1,1,1.76,0.0,0,1,0,0,0,0,0.0,0,0,0,0.0,0,negative_soft
synthetic_user_0024,087164bc-8a57-44b1-bd06-0644f475917b,2025-09-03T04:21:33,1,1,1,0,1,3,0.08,0,0,0,0,0,0,0,0.58,0.0,0,0,0,0,0,0,0.0,0,0,0,0.0,0,negative_hard
synthetic_user_0024,581c8e36-7a51-4e8e-ac1d-6e9c1d54940f,2025-09-03T04:21:33,1,1,1,0,1,3,0.08,0,0,0,0,0,0,3,1.03,0.0,0,1,0,0,0,0,0.0,0,0,0,0.0,0,negative_hard
synthetic_user_0024,40a8032b-e43c-43dc-ba5f-d650f1c0a979,2025-09-03T04:21:33,1,1,1,0,1,3,0.08,0,0,0,0,0,0,1,0.41,0.0,0,1,0,0,0,0,0.0,0,0,0,0.0,0,negative_hard
synthetic_user_0024,8706bbb8-8343-4edc-9af4-244b9cad76aa,2025-09-03T04:21:33,1,1,0,1,0,3,0.08,0,0,0,0,0,0,0,0.47,0.0,0,0,0,0,0,0,0.0,0,0,0,0.0,0,negative_soft
synthetic_user_0023,945e447f-c018-4d92-b5e5-2f1f7a11bd56,2025-09-03T06:44:26,1,1,1,0,1,3,0.08,0,0,0,0,0,1,3,1.03,0.0,0,1,0,0,0,0,0.0,0,0,0,0.0,0,negative_hard
synthetic_user_0023,8b44ea69-a5bb-4779-8c63-bf20e4da58c7,2025-09-03T06:44:26,1,1,1,0,1,3,0.08,0,0,0,0,0,1,1,0.69,0.0,0,1,0,0,0,0,0.0,0,0,0,0.0,0,negative_hard
synthetic_user_0023,45a799e0-5716-4209-b489-bd8f9ef13974,2025-09-03T06:44:26,1,1,1,0,1,3,0.08,0,0,0,0,0,1,1,0.41,0.0,0,1,0,0,0,0,0.0,0,0,0,0.0,0,negative_hard
synthetic_user_0023,7c1af9a0-cf09-4356-8c0d-d762fbb21208,2025-09-03T06:44:26,0,0,0,2,0,3,0.08,0,0,0,0,0,1,1,1.76,0.0,0,1,0,0,0,0,0.0,0,0,0,0.0,0,negative_soft
synthetic_user_0014,2c1e63cb-30f5-4e05-92af-ea93368ef4ab,2025-09-04T14:34:59,1,1,1,0,1,3,0.08,0,0,0,0,0,1,1,0.41,0.0,0,1,0,0,0,0,0.0,0,0,0,0.0,0,negative_hard
synthetic_user_0014,dcd20897-e14a-43fc-b2ba-66bb4a569874,2025-09-04T14:34:59,1,1,1,0,1,3,0.08,0,0,0,0,0,1,1,0.69,0.0,0,1,0,0,0,0,0.0,0,0,0,0.0,0,negative_hard
synthetic_user_0014,830353af-6497-4bc7-bab8-08114b64b682,2025-09-04T14:34:59,1,1,1,0,1,3,0.08,0,0,0,0,0,1,0,1.05,0.0,0,0,0,0,0,0,0.0,0,0,0,0.0,0,negative_hard
synthetic_user_0014,7c1af9a0-cf09-4356-8c0d-d762fbb21208,2025-09-04T14:34:59,0,0,0,2,0,3,0.08,0,0,0,0,0,1,1,1.76,0.0,0,1,0,0,0,0,0.0,0,0,0,0.0,0,negative_soft
synthetic_user_0022,fbb68aab-9b3b-4e24-9109-ea047f927347,2025-09-06T04:43:08,1,1,1,0,1,3,0.08,0,0,0,0,0,1,3,1.03,0.0,0,1,0,0,0,0,0.0,0,0,0,0.0,0,negative_hard
synthetic_user_0022,a8231f34-c157-4fcd-b08a-5a3420cc0cee,2025-09-06T04:43:08,1,1,1,0,1,3,0.08,0,0,0,0,0,1,1,0.69,0.0,0,1,0,0,0,0,0.0,0,0,0,0.0,0,negative_hard
synthetic_user_0022,f6081dfd-75ec-4719-a05b-6ec1f95df15f,2025-09-06T04:43:08,1,1,1,0,1,3,0.08,0,0,0,0,0,1,1,1.05,0.0,0,1,0,0,0,0,0.0,0,0,0,0.0,0,negative_hard
synthetic_user_0022,8706bbb8-8343-4edc-9af4-244b9cad76aa,2025-09-06T04:43:08,1,1,0,1,0,3,0.08,0,0,0,0,0,1,0,0.47,0.0,0,0,0,0,0,0,0.0,0,0,0,0.0,0,negative_soft
synthetic_user_0028,dbcab77a-8d8a-4721-b07d-d5d9ecc7874d,2025-09-06T08:15:03,1,1,1,0,1,3,0.08,0,0,0,0,0,0,1,0.58,0.0,0,0,0,0,0,0,0.0,0,0,0,0.0,0,negative_hard
synthetic_user_0028,087164bc-8a57-44b1-bd06-0644f475917b,2025-09-06T08:15:03,1,1,1,0,1,3,0.08,0,0,0,0,0,0,0,0.58,0.0,0,0,0,0,0,0,0.0,0,0,0,0.0,0,negative_hard
synthetic_user_0028,85526add-cd5a-4107-a07e-62ff3f493082,2025-09-06T08:15:03,1,1,1,0,1,3,0.08,0,0,0,0,0,0,0,0.41,0.0,0,0,0,0,0,0,0.0,0,0,0,0.0,0,negative_hard
synthetic_user_0028,8706bbb8-8343-4edc-9af4-244b9cad76aa,2025-09-06T08:15:03,1,1,0,1,0,3,0.08,0,0,0,0,0,0,0,0.47,0.0,0,0,0,0,0,0,0.0,0,0,0,0.0,0,negative_soft
synthetic_user_0018,dbcab77a-8d8a-4721-b07d-d5d9ecc7874d,2025-09-10T11:32:14,1,1,1,0,1,3,0.08,0,0,0,0,0,0,1,0.58,0.0,0,0,0,0,0,0,0.0,0,0,0,0.0,0,negative_hard
synthetic_user_0018,dcd20897-e14a-43fc-b2ba-66bb4a569874,2025-09-10T11:32:14,1,1,1,0,1,3,0.08,0,0,0,0,0,0,1,0.69,0.0,0,1,0,0,0,0,0.0,0,0,0,0.0,0,negative_hard
synthetic_user_0018,c5310615-4076-41e9-9064-736593600471,2025-09-10T11:32:14,1,1,1,0,1,3,0.08,0,0,0,0,0,0,0,1.03,0.0,0,0,0,0,0,0,0.0,0,0,0,0.0,0,negative_hard
synthetic_user_0018,7c1af9a0-cf09-4356-8c0d-d762fbb21208,2025-09-10T11:32:14,0,0,0,2,0,3,0.08,0,0,0,0,0,0,1,1.76,0.0,0,1,0,0,0,0,0.0,0,0,0,0.0,0,negative_soft
synthetic_user_0020,dcf38bea-591e-47ae-aaaf-e01b841cc3b3,2025-09-12T13:08:05,1,1,1,0,1,3,0.08,0,0,0,0,0,1,1,0.69,0.0,0,1,0,0,0,0,0.0,0,0,0,0.0,0,negative_hard
synthetic_user_0020,a8231f34-c157-4fcd-b08a-5a3420cc0cee,2025-09-12T13:08:05,1,1,1,0,1,3,0.08,0,0,0,0,0,1,1,0.69,0.0,0,1,0,0,0,0,0.0,0,0,0,0.0,0,negative_hard
synthetic_user_0020,2c1e63cb-30f5-4e05-92af-ea93368ef4ab,2025-09-12T13:08:05,1,1,1,0,1,3,0.08,0,0,0,0,0,1,1,0.41,0.0,0,1,0,0,0,0,0.0,0,0,0,0.0,0,negative_hard
synthetic_user_0020,8706bbb8-8343-4edc-9af4-244b9cad76aa,2025-09-12T13:08:05,1,1,0,1,0,3,0.08,0,0,0,0,0,1,0,0.47,0.0,0,0,0,0,0,0,0.0,0,0,0,0.0,0,negative_soft
synthetic_user_0033,b1e94dc4-e19f-4e9b-85e1-69c3b4ab0e97,2025-09-12T13:30:16,1,1,1,0,1,3,0.08,0,0,0,0,0,0,3,1.03,0.0,0,1,0,0,0,0,0.0,0,0,0,0.0,0,negative_hard
synthetic_user_0033,45a799e0-5716-4209-b489-bd8f9ef13974,2025-09-12T13:30:16,1,1,1,0,1,3,0.08,0,0,0,0,0,0,1,0.41,0.0,0,1,0,0,0,0,0.0,0,0,0,0.0,0,negative_hard
synthetic_user_0033,e06a75b5-86f9-4daf-b871-0fba7b7ba57d,2025-09-12T13:30:16,1,1,1,0,1,3,0.08,0,0,0,0,0,0,1,0.58,0.0,0,0,0,0,0,0,0.0,0,0,0,0.0,0,negative_hard
synthetic_user_0033,8706bbb8-8343-4edc-9af4-244b9cad76aa,2025-09-12T13:30:16,1,1,0,1,0,3,0.08,0,0,0,0,0,0,0,0.47,0.0,0,0,0,0,0,0,0.0,0,0,0,0.0,0,negative_soft
synthetic_user_0190,087164bc-8a57-44b1-bd06-0644f475917b,2025-10-03T20:39:03,1,1,1,0,1,3,35.1,1,0,0,0,0,0,0,0.58,0.0,0,0,0,0,0,0,0.0,1,0,0,0.0,0,negative_hard
synthetic_user_0190,2c1e63cb-30f5-4e05-92af-ea93368ef4ab,2025-10-03T20:39:03,1,1,1,0,1,3,35.1,1,0,0,0,0,0,1,0.41,0.0,0,1,0,0,0,0,0.0,1,0,0,0.0,0,negative_hard
synthetic_user_0190,fbb68aab-9b3b-4e24-9109-ea047f927347,2025-10-03T20:39:03,1,1,1,0,1,3,35.1,1,0,0,0,0,0,3,1.03,0.0,0,1,0,0,0,0,0.0,1,0,0,0.0,0,negative_hard
synthetic_user_0190,7c1af9a0-cf09-4356-8c0d-d762fbb21208,2025-10-03T20:39:03,0,0,0,2,0,3,35.1,1,0,0,0,0,0,1,1.76,0.0,0,1,0,0,0,0,0.0,0,0,0,0.0,0,negative_soft
synthetic_user_0190,a8231f34-c157-4fcd-b08a-5a3420cc0cee,2025-10-03T20:42:21,1,1,1,0,1,3,35.1,1,1,0,0,0,0,1,0.69,0.0,0,1,0,0,0,0,0.0,2,0,1,0.0,0,negative_hard
synthetic_user_0190,945e447f-c018-4d92-b5e5-2f1f7a11bd56,2025-10-03T20:42:21,1,1,1,0,1,3,35.1,1,1,0,0,0,0,3,1.03,0.0,0,1,0,0,0,0,0.0,2,0,1,0.0,0,negative_hard
synthetic_user_0190,8b44ea69-a5bb-4779-8c63-bf20e4da58c7,2025-10-03T20:42:21,1,1,1,0,1,3,35.1,1,1,0,0,0,0,1,0.69,0.0,0,1,0,0,0,0,0.0,2,0,1,0.0,0,negative_hard
synthetic_user_0190,7c1af9a0-cf09-4356-8c0d-d762fbb21208,2025-10-03T20:42:21,0,0,0,2,0,3,35.1,1,1,0,0,0,0,1,1.76,0.0,0,1,0,0,0,0,0.0,0,0,0,0.0,0,negative_soft
synthetic_user_0124,40a8032b-e43c-43dc-ba5f-d650f1c0a979,2025-10-03T23:26:28,1,1,1,0,1,3,43.27,1,0,0,0,0,0,1,0.41,0.0,0,1,0,0,0,0,0.0,1,0,0,0.0,0,negative_hard
synthetic_user_0124,945e447f-c018-4d92-b5e5-2f1f7a11bd56,2025-10-03T23:26:28,1,1,1,0,1,3,43.27,1,0,0,0,0,0,3,1.03,0.0,0,1,0,0,0,0,0.0,1,0,0,0.0,0,negative_hard
synthetic_user_0124,f6081dfd-75ec-4719-a05b-6ec1f95df15f,2025-10-03T23:26:28,1,1,1,0,1,3,43.27,1,0,0,0,0,0,1,1.05,0.0,0,1,0,0,0,0,0.0,1,0,0,0.0,0,negative_hard
synthetic_user_0124,7c1af9a0-cf09-4356-8c0d-d762fbb21208,2025-10-03T23:26:28,0,0,0,2,0,3,43.27,1,0,0,0,0,0,1,1.76,0.0,0,1,0,0,0,0,0.0,0,0,0,0.0,0,negative_soft
synthetic_user_0124,830353af-6497-4bc7-bab8-08114b64b682,2025-10-03T23:32:57,1,1,1,0,1,3,43.28,1,1,0,0,0,0,0,1.05,0.0,0,0,0,0,0,0,0.0,2,0,1,0.0,0,negative_hard
synthetic_user_0124,b1e94dc4-e19f-4e9b-85e1-69c3b4ab0e97,2025-10-03T23:32:57,1,1,1,0,1,3,43.28,1,1,0,0,0,0,3,1.03,0.0,0,1,0,0,0,0,0.0,2,0,1,0.0,0,negative_hard
synthetic_user_0124,85526add-cd5a-4107-a07e-62ff3f493082,2025-10-03T23:32:57,1,1,1,0,1,3,43.28,1,1,0,0,0,0,0,0.41,0.0,0,0,0,0,0,0,0.0,2,0,1,0.0,0,negative_hard
synthetic_user_0124,7c1af9a0-cf09-4356-8c0d-d762fbb21208,2025-10-03T23:32:57,0,0,0,2,0,3,43.28,1,1,0,0,0,0,1,1.76,0.0,0,1,0,0,0,0,0.0,0,0,0,0.0,0,negative_soft
synthetic_user_0124,a18002e2-24a3-4da4-b558-ea8cadcb047e,2025-10-03T23:38:55,1,1,1,0,1,3,43.28,1,1,1,0,0,0,0,0.58,0.0,0,0,1,0,0,0,0.0,3,0,1,0.0,0,negative_hard
synthetic_user_0124,581c8e36-7a51-4e8e-ac1d-6e9c1d54940f,2025-10-03T23:38:55,1,1,1,0,1,3,43.28,1,1,1,0,0,0,3,1.03,0.0,0,1,0,0,0,0,0.0,3,0,1,0.0,0,negative_hard
synthetic_user_0124,830353af-6497-4bc7-bab8-08114b64b682,2025-10-03T23:38:55,1,1,1,0,1,3,43.28,1,1,1,0,0,0,0,1.05,0.0,0,0,0,0,0,0,0.0,3,0,1,0.0,0,negative_hard
synthetic_user_0124,7c1af9a0-cf09-4356-8c0d-d762fbb21208,2025-10-03T23:38:55,0,0,0,2,0,3,43.28,1,1,1,0,0,0,1,1.76,0.0,0,1,0,0,0,0,0.0,0,0,0,0.0,0,negative_soft
synthetic_user_0036,b1e94dc4-e19f-4e9b-85e1-69c3b4ab0e97,2025-10-04T05:28:44,1,1,1,0,1,3,41.68,1,0,0,0,0,0,3,1.03,0.0,0,1,0,0,0,0,0.0,1,0,0,0.0,0,negative_hard
synthetic_user_0036,fbb68aab-9b3b-4e24-9109-ea047f927347,2025-10-04T05:28:44,1,1,1,0,1,3,41.68,1,0,0,0,0,0,3,1.03,0.0,0,1,0,0,0,0,0.0,1,0,0,0.0,0,negative_hard
synthetic_user_0036,c5310615-4076-41e9-9064-736593600471,2025-10-04T05:28:44,1,1,1,0,1,3,41.68,1,0,0,0,0,0,0,1.03,0.0,0,0,0,0,0,0,0.0,1,0,0,0.0,0,negative_hard
synthetic_user_0036,8706bbb8-8343-4edc-9af4-244b9cad76aa,2025-10-04T05:28:44,1,1,0,1,0,3,41.68,1,0,0,0,0,0,0,0.47,0.0,0,0,2,0,0,0,0.0,0,0,0,0.0,0,negative_soft
synthetic_user_0045,c5310615-4076-41e9-9064-736593600471,2025-10-04T23:19:55,1,1,1,0,1,3,22.05,1,0,0,0,0,1,0,1.03,0.0,0,0,1,0,0,0,0.0,1,0,0,0.0,0,negative_hard
synthetic_user_0045,dcf38bea-591e-47ae-aaaf-e01b841cc3b3,2025-10-04T23:19:55,1,1,1,0,1,3,22.05,1,0,0,0,0,1,1,0.69,0.0,0,1,0,0,0,0,0.0,1,0,0,0.0,0,negative_hard
synthetic_user_0045,830353af-6497-4bc7-bab8-08114b64b682,2025-10-04T23:19:55,1,1,1,0,1,3,22.05,1,0,0,0,0,1,0,1.05,0.0,0,0,1,0,0,0,0.0,1,0,0,0.0,0,negative_hard
synthetic_user_0045,8706bbb8-8343-4edc-9af4-244b9cad76aa,2025-10-04T23:19:55,1,1,0,1,0,3,22.05,1,0,0,0,0,1,0,0.47,0.0,0,0,2,0,0,0,0.0,0,0,0,0.0,0,negative_soft
synthetic_user_0040,e72c3d3b-cf36-4cc4-9a40-d8cc5d28df84,2025-10-05T00:06:13,1,1,1,0,1,3,49.62,1,0,0,0,0,1,1,0.41,0.0,0,1,1,1,1,1,1.0,1,0,0,0.0,0,negative_hard
synthetic_user_0040,087164bc-8a57-44b1-bd06-0644f475917b,2025-10-05T00:06:13,1,1,1,0,1,3,49.62,1,0,0,0,0,1,0,0.58,0.0,0,0,0,0,0,0,0.0,1,0,0,0.0,0,negative_hard
synthetic_user_0040,dcd20897-e14a-43fc-b2ba-66bb4a569874,2025-10-05T00:06:13,1,1,1,0,1,3,49.62,1,0,0,0,0,1,1,0.69,0.0,0,1,0,0,0,0,0.0,1,0,0,0.0,0,negative_hard
synthetic_user_0040,7c1af9a0-cf09-4356-8c0d-d762fbb21208,2025-10-05T00:06:13,0,0,0,2,0,3,49.62,1,0,0,0,0,1,1,1.76,0.0,0,1,1,0,0,0,0.0,0,0,0,0.0,0,negative_soft
synthetic_user_0040,830353af-6497-4bc7-bab8-08114b64b682,2025-10-05T00:13:09,1,1,1,0,1,3,49.63,1,1,0,0,0,1,0,1.05,0.0,0,0,1,0,0,0,0.0,2,0,1,0.0,0,negative_hard
synthetic_user_0040,a18002e2-24a3-4da4-b558-ea8cadcb047e,2025-10-05T00:13:09,1,1,1,0,1,3,49.63,1,1,0,0,0,1,0,0.58,0.0,0,0,1,0,0,0,0.0,2,0,1,0.0,0,negative_hard
synthetic_user_0040,2c1e63cb-30f5-4e05-92af-ea93368ef4ab,2025-10-05T00:13:09,1,1,1,0,1,3,49.63,1,1,0,0,0,1,1,0.41,0.0,0,1,0,0,0,0,0.0,2,0,1,0.0,0,negative_hard
synthetic_user_0040,7c1af9a0-cf09-4356-8c0d-d762fbb21208,2025-10-05T00:13:09,0,0,0,2,0,3,49.63,1,1,0,0,0,1,1,1.76,0.0,0,1,1,0,0,0,0.0,0,0,0,0.0,0,negative_soft
synthetic_user_0037,2c1e63cb-30f5-4e05-92af-ea93368ef4ab,2025-10-05T00:41:46,1,1,1,0,1,3,42.23,1,0,0,0,0,0,1,0.41,0.0,0,1,0,0,0,0,0.0,1,0,0,0.0,0,negative_hard
synthetic_user_0037,e06a75b5-86f9-4daf-b871-0fba7b7ba57d,2025-10-05T00:41:46,1,1,1,0,1,3,42.23,1,0,0,0,0,0,1,0.58,0.0,0,0,0,0,0,0,0.0,1,0,0,0.0,0,negative_hard
synthetic_user_0037,95461cac-4301-4ade-8b3c-98201e8731db,2025-10-05T00:41:46,1,1,1,0,1,3,42.23,1,0,0,0,0,0,1,0.41,0.0,0,1,0,0,0,0,0.0,1,0,0,0.0,0,negative_hard
synthetic_user_0037,8706bbb8-8343-4edc-9af4-244b9cad76aa,2025-10-05T00:41:46,1,1,0,1,0,3,42.23,1,0,0,0,0,0,0,0.47,0.0,0,0,2,0,0,0,0.0,0,0,0,0.0,0,negative_soft
synthetic_user_0037,a8231f34-c157-4fcd-b08a-5a3420cc0cee,2025-10-05T00:50:22,1,1,1,0,1,3,42.23,1,1,0,0,0,0,1,0.69,0.0,0,1,0,0,0,0,0.0,2,0,1,0.0,0,negative_hard
synthetic_user_0037,dcd20897-e14a-43fc-b2ba-66bb4a569874,2025-10-05T00:50:22,1,1,1,0,1,3,42.23,1,1,0,0,0,0,1,0.69,0.0,0,1,0,0,0,0,0.0,2,0,1,0.0,0,negative_hard
synthetic_user_0037,dcf38bea-591e-47ae-aaaf-e01b841cc3b3,2025-10-05T00:50:22,1,1,1,0,1,3,42.23,1,1,0,0,0,0,1,0.69,0.0,0,1,0,0,0,0,0.0,2,0,1,0.0,0,negative_hard
synthetic_user_0037,8706bbb8-8343-4edc-9af4-244b9cad76aa,2025-10-05T00:50:22,1,1,0,1,0,3,42.23,1,1,0,0,0,0,0,0.47,0.0,0,0,2,0,0,0,0.0,0,0,1,0.0,0,negative_soft
synthetic_user_0024,45a799e0-5716-4209-b489-bd8f9ef13974,2025-10-05T06:35:08,1,1,1,0,1,3,32.18,1,0,0,0,0,0,1,0.41,0.0,0,1,0,0,0,0,0.0,1,0,0,0.0,0,negative_hard
synthetic_user_0024,830353af-6497-4bc7-bab8-08114b64b682,2025-10-05T06:35:08,1,1,1,0,1,3,32.18,1,0,0,0,0,0,0,1.05,0.0,0,0,1,0,0,0,0.0,1,0,0,0.0,0,negative_hard
synthetic_user_0024,5a0f55cf-16af-4459-9030-0c7c6e11207f,2025-10-05T06:35:08,1,1,1,0,1,3,32.18,1,0,0,0,0,0,0,0.58,0.0,0,0,0,0,0,0,0.0,1,0,0,0.0,0,negative_hard
synthetic_user_0024,8706bbb8-8343-4edc-9af4-244b9cad76aa,2025-10-05T06:35:08,1,1,0,1,0,3,32.18,1,0,0,0,0,0,0,0.47,0.0,0,0,2,0,0,0,0.0,0,0,0,0.0,0,negative_soft
synthetic_user_0170,c5310615-4076-41e9-9064-736593600471,2025-10-05T06:42:50,1,1,1,0,1,3,41.01,1,0,0,0,0,0,0,1.03,0.0,0,0,1,0,0,0,0.0,1,0,0,0.0,0,negative_hard
synthetic_user_0170,581c8e36-7a51-4e8e-ac1d-6e9c1d54940f,2025-10-05T06:42:50,1,1,1,0,1,3,41.01,1,0,0,0,0,0,3,1.03,0.0,0,1,0,0,0,0,0.0,1,0,0,0.0,0,negative_hard
synthetic_user_0170,dcd20897-e14a-43fc-b2ba-66bb4a569874,2025-10-05T06:42:50,1,1,1,0,1,3,41.01,1,0,0,0,0,0,1,0.69,0.0,0,1,0,0,0,0,0.0,1,0,0,0.0,0,negative_hard
synthetic_user_0170,8706bbb8-8343-4edc-9af4-244b9cad76aa,2025-10-05T06:42:50,1,1,0,1,0,3,41.01,1,0,0,0,0,0,0,0.47,0.0,0,0,2,0,0,0,0.0,0,0,0,0.0,0,negative_soft
synthetic_user_0081,dcd20897-e14a-43fc-b2ba-66bb4a569874,2025-10-05T08:09:11,1,1,1,0,1,3,35.01,1,0,0,0,0,1,1,0.69,0.0,0,1,0,0,0,0,0.0,0,0,0,0.0,0,negative_hard
synthetic_user_0081,bd6bddb1-3e29-4767-a194-6196e46f7456,2025-10-05T08:09:11,1,1,1,0,1,3,35.01,1,0,0,0,0,1,1,0.41,0.0,0,1,0,0,0,0,0.0,0,0,0,0.0,0,negative_hard
synthetic_user_0081,09593622-ad83-4d14-8236-17bea51dbb13,2025-10-05T08:09:11,1,1,1,0,1,3,35.01,1,0,0,0,0,1,1,0.69,0.0,0,1,1,1,0,1,1.0,0,0,0,0.0,0,negative_hard
synthetic_user_0081,7c1af9a0-cf09-4356-8c0d-d762fbb21208,2025-10-05T08:09:11,0,0,0,2,0,3,35.01,1,0,0,0,0,1,1,1.76,0.0,0,1,1,0,0,0,0.0,0,0,0,0.0,0,negative_soft
synthetic_user_0081,33f6e3a9-237d-433e-b4b6-238e44c80117,2025-10-05T08:20:01,1,1,1,0,1,3,35.02,1,1,0,0,0,1,1,0.58,0.0,0,0,0,0,0,0,0.0,0,0,1,0.0,0,negative_hard
synthetic_user_0081,f6081dfd-75ec-4719-a05b-6ec1f95df15f,2025-10-05T08:20:01,1,1,1,0,1,3,35.02,1,1,0,0,0,1,1,1.05,0.0,0,1,0,0,0,0,0.0,0,0,1,0.0,0,negative_hard
synthetic_user_0081,bd6bddb1-3e29-4767-a194-6196e46f7456,2025-10-05T08:20:01,1,1,1,0,1,3,35.02,1,1,0,0,0,1,1,0.41,0.0,0,1,0,0,0,0,0.0,0,0,1,0.0,0,negative_hard
synthetic_user_0081,7c1af9a0-cf09-4356-8c0d-d762fbb21208,2025-10-05T08:20:01,0,0,0,2,0,3,35.02,1,1,0,0,0,1,1,1.76,0.0,0,1,1,0,0,0,0.0,0,0,0,0.0,0,negative_soft
synthetic_user_0196,fbb68aab-9b3b-4e24-9109-ea047f927347,2025-10-05T21:21:24,1,1,1,0,1,3,43.5,1,0,0,0,0,0,3,1.03,0.0,0,1,2,1,1,0,0.5,0,0,0,0.0,0,negative_hard
synthetic_user_0196,f6081dfd-75ec-4719-a05b-6ec1f95df15f,2025-10-05T21:21:24,1,1,1,0,1,3,43.5,1,0,0,0,0,0,1,1.05,0.0,0,1,0,0,0,0,0.0,0,0,0,0.0,0,negative_hard
synthetic_user_0196,bd6bddb1-3e29-4767-a194-6196e46f7456,2025-10-05T21:21:24,1,1,1,0,1,3,43.5,1,0,0,0,0,0,1,0.41,0.0,0,1,0,0,0,0,0.0,0,0,0,0.0,0,negative_hard
synthetic_user_0196,7c1af9a0-cf09-4356-8c0d-d762fbb21208,2025-10-05T21:21:24,0,0,0,2,0,3,43.5,1,0,0,0,0,0,1,1.76,0.0,0,1,1,0,0,0,0.0,0,0,0,0.0,0,negative_soft
synthetic_user_0057,2c1e63cb-30f5-4e05-92af-ea93368ef4ab,2025-10-06T07:33:12,1,1,1,0,1,3,28.46,1,0,0,0,0,0,1,0.41,0.0,0,1,1,0,0,0,0.0,1,0,0,0.0,0,negative_hard
synthetic_user_0057,581c8e36-7a51-4e8e-ac1d-6e9c1d54940f,2025-10-06T07:33:12,1,1,1,0,1,3,28.46,1,0,0,0,0,0,3,1.03,0.0,0,1,0,0,0,0,0.0,1,0,0,0.0,0,negative_hard
synthetic_user_0057,bd6bddb1-3e29-4767-a194-6196e46f7456,2025-10-06T07:33:12,1,1,1,0,1,3,28.46,1,0,0,0,0,0,1,0.41,0.0,0,1,0,0,0,0,0.0,1,0,0,0.0,0,negative_hard
synthetic_user_0057,7c1af9a0-cf09-4356-8c0d-d762fbb21208,2025-10-06T07:33:12,0,0,0,2,0,3,28.46,1,0,0,0,0,0,1,1.76,0.0,0,1,1,0,0,0,0.0,0,0,0,0.0,0,negative_soft
synthetic_user_0057,5a0f55cf-16af-4459-9030-0c7c6e11207f,2025-10-06T07:38:22,1,1,1,0,1,3,28.47,2,0,0,0,0,0,0,0.58,0.0,0,0,0,0,0,0,0.0,2,0,0,0.0,0,negative_hard
synthetic_user_0057,e72c3d3b-cf36-4cc4-9a40-d8cc5d28df84,2025-10-06T07:38:22,1,1,1,0,1,3,28.47,2,0,0,0,0,0,1,0.41,0.0,0,1,3,2,1,2,0.6667,2,0,0,0.0,0,negative_hard
synthetic_user_0057,b1e94dc4-e19f-4e9b-85e1-69c3b4ab0e97,2025-10-06T07:38:22,1,1,1,0,1,3,28.47,2,0,0,0,0,0,3,1.03,0.0,0,1,0,0,0,0,0.0,2,0,0,0.0,0,negative_hard
synthetic_user_0057,7c1af9a0-cf09-4356-8c0d-d762fbb21208,2025-10-06T07:38:22,0,0,0,2,0,3,28.47,2,0,0,0,0,0,1,1.76,0.0,0,1,1,0,0,0,0.0,0,0,0,0.0,0,negative_soft
synthetic_user_0067,945e447f-c018-4d92-b5e5-2f1f7a11bd56,2025-10-06T18:44:54,1,1,1,0,1,3,35.69,1,0,0,0,0,0,3,1.03,0.0,0,1,0,0,0,0,0.0,1,0,0,0.0,0,negative_hard
synthetic_user_0067,59bf0b38-d7b5-4024-a66e-a03f1b47095d,2025-10-06T18:44:54,1,1,1,0,1,3,35.69,1,0,0,0,0,0,3,1.03,0.0,0,1,1,1,0,0,1.0,1,0,0,0.0,0,negative_hard
synthetic_user_0067,bd6bddb1-3e29-4767-a194-6196e46f7456,2025-10-06T18:44:54,1,1,1,0,1,3,35.69,1,0,0,0,0,0,1,0.41,0.0,0,1,0,0,0,0,0.0,1,0,0,0.0,0,negative_hard
synthetic_user_0118,8b44ea69-a5bb-4779-8c63-bf20e4da58c7,2025-10-06T21:01:25,1,1,1,0,1,3,35.14,1,0,0,0,0,0,1,0.69,0.0,0,1,0,0,0,0,0.0,1,0,0,0.0,0,negative_hard
synthetic_user_0118,dbcab77a-8d8a-4721-b07d-d5d9ecc7874d,2025-10-06T21:01:25,1,1,1,0,1,3,35.14,1,0,0,0,0,0,1,0.58,0.0,0,0,0,0,0,0,0.0,1,0,0,0.0,0,negative_hard
synthetic_user_0118,09593622-ad83-4d14-8236-17bea51dbb13,2025-10-06T21:01:25,1,1,1,0,1,3,35.14,1,0,0,0,0,0,1,0.69,0.0,0,1,1,1,0,1,1.0,1,0,0,0.0,0,negative_hard
synthetic_user_0118,7c1af9a0-cf09-4356-8c0d-d762fbb21208,2025-10-06T21:01:25,0,0,0,2,0,3,35.14,1,0,0,0,0,0,1,1.76,0.0,0,1,1,0,0,0,0.0,0,0,0,0.0,0,negative_soft
synthetic_user_0118,ea97dfce-6731-4b1d-9b03-485d04de4867,2025-10-06T21:04:41,1,1,1,0,1,3,35.14,1,0,0,0,1,0,3,1.03,0.0,0,1,2,0,0,0,0.0,2,0,1,0.0,0,negative_hard
synthetic_user_0118,087164bc-8a57-44b1-bd06-0644f475917b,2025-10-06T21:04:41,1,1,1,0,1,3,35.14,1,0,0,0,1,0,0,0.58,0.0,0,0,0,0,0,0,0.0,2,0,1,0.0,0,negative_hard
synthetic_user_0118,40a8032b-e43c-43dc-ba5f-d650f1c0a979,2025-10-06T21:04:41,1,1,1,0,1,3,35.14,1,0,0,0,1,0,1,0.41,0.0,0,1,1,1,0,0,1.0,2,0,1,0.0,0,negative_hard
synthetic_user_0118,7c1af9a0-cf09-4356-8c0d-d762fbb21208,2025-10-06T21:04:41,0,0,0,2,0,3,35.14,1,0,0,0,1,0,1,1.76,0.0,0,1,1,0,0,0,0.0,0,0,0,0.0,0,negative_soft
synthetic_user_0118,8b44ea69-a5bb-4779-8c63-bf20e4da58c7,2025-10-06T21:13:42,1,1,1,0,1,3,35.14,1,1,0,0,1,0,1,0.69,0.0,0,1,0,0,0,0,0.0,3,0,1,0.0,0,negative_hard
synthetic_user_0118,09593622-ad83-4d14-8236-17bea51dbb13,2025-10-06T21:13:42,1,1,1,0,1,3,35.14,1,1,0,0,1,0,1,0.69,0.0,0,1,1,1,0,1,1.0,3,0,1,0.0,0,negative_hard
synthetic_user_0118,5a0f55cf-16af-4459-9030-0c7c6e11207f,2025-10-06T21:13:42,1,1,1,0,1,3,35.14,1,1,0,0,1,0,0,0.58,0.0,0,0,0,0,0,0,0.0,3,0,1,0.0,0,negative_hard
synthetic_user_0118,7c1af9a0-cf09-4356-8c0d-d762fbb21208,2025-10-06T21:13:42,0,0,0,2,0,3,35.14,1,1,0,0,1,0,1,1.76,0.0,0,1,1,0,0,0,0.0,0,0,0,0.0,0,negative_soft
synthetic_user_0029,c5310615-4076-41e9-9064-736593600471,2025-10-06T21:23:22,1,1,1,0,1,3,46.04,1,0,0,0,0,1,0,1.03,0.0,0,0,2,0,0,0,0.0,1,0,0,0.0,0,negative_hard
synthetic_user_0029,945e447f-c018-4d92-b5e5-2f1f7a11bd56,2025-10-06T21:23:22,1,1,1,0,1,3,46.04,1,0,0,0,0,1,3,1.03,0.0,0,1,0,0,0,0,0.0,1,0,0,0.0,0,negative_hard
synthetic_user_0029,09593622-ad83-4d14-8236-17bea51dbb13,2025-10-06T21:23:22,1,1,1,0,1,3,46.04,1,0,0,0,0,1,1,0.69,0.0,0,1,1,1,0,1,1.0,1,0,0,0.0,0,negative_hard
synthetic_user_0029,8706bbb8-8343-4edc-9af4-244b9cad76aa,2025-10-06T21:23:22,1,1,0,1,0,3,46.04,1,0,0,0,0,1,0,0.47,0.0,0,0,4,2,0,0,0.5,0,0,0,0.0,0,negative_soft
synthetic_user_0029,2c1e63cb-30f5-4e05-92af-ea93368ef4ab,2025-10-06T21:33:42,1,1,1,0,1,3,46.05,1,1,0,0,0,1,1,0.41,0.0,0,1,1,0,0,0,0.0,2,0,1,0.0,0,negative_hard
synthetic_user_0029,a18002e2-24a3-4da4-b558-ea8cadcb047e,2025-10-06T21:33:42,1,1,1,0,1,3,46.05,1,1,0,0,0,1,0,0.58,0.0,0,0,1,0,0,0,0.0,2,0,1,0.0,0,negative_hard
synthetic_user_0029,85526add-cd5a-4107-a07e-62ff3f493082,2025-10-06T21:33:42,1,1,1,0,1,3,46.05,1,1,0,0,0,1,0,0.41,0.0,0,0,1,1,0,0,1.0,2,0,1,0.0,0,negative_hard
synthetic_user_0029,8706bbb8-8343-4edc-9af4-244b9cad76aa,2025-10-06T21:33:42,1,1,0,1,0,3,46.05,1,1,0,0,0,1,0,0.47,0.0,0,0,4,2,0,0,0.5,0,0,1,0.0,0,negative_soft
synthetic_user_0161,e06a75b5-86f9-4daf-b871-0fba7b7ba57d,2025-10-07T19:02:45,1,1,1,0,1,3,50.37,1,0,0,0,0,0,1,0.58,0.0,0,0,0,0,0,0,0.0,1,0,0,0.0,0,negative_hard
synthetic_user_0161,830353af-6497-4bc7-bab8-08114b64b682,2025-10-07T19:02:45,1,1,1,0,1,3,50.37,1,0,0,0,0,0,0,1.05,0.0,0,0,1,0,0,0,0.0,1,0,0,0.0,0,negative_hard
synthetic_user_0161,dbcab77a-8d8a-4721-b07d-d5d9ecc7874d,2025-10-07T19:02:45,1,1,1,0,1,3,50.37,1,0,0,0,0,0,1,0.58,0.0,0,0,0,0,0,0,0.0,1,0,0,0.0,0,negative_hard
synthetic_user_0161,8706bbb8-8343-4edc-9af4-244b9cad76aa,2025-10-07T19:02:45,1,1,0,1,0,3,50.37,1,0,0,0,0,0,0,0.47,0.0,0,0,5,2,0,0,0.4,0,0,0,0.0,0,negative_soft
synthetic_user_0171,e72c3d3b-cf36-4cc4-9a40-d8cc5d28df84,2025-10-07T22:05:13,1,1,1,0,1,3,38.73,1,0,0,0,0,0,1,0.41,0.0,0,1,3,2,1,2,0.6667,1,0,0,0.0,0,negative_hard
synthetic_user_0171,33f6e3a9-237d-433e-b4b6-238e44c80117,2025-10-07T22:05:13,1,1,1,0,1,3,38.73,1,0,0,0,0,0,1,0.58,0.0,0,0,0,0,0,0,0.0,1,0,0,0.0,0,negative_hard
synthetic_user_0171,dcd20897-e14a-43fc-b2ba-66bb4a569874,2025-10-07T22:05:13,1,1,1,0,1,3,38.73,1,0,0,0,0,0,1,0.69,0.0,0,1,0,0,0,0,0.0,1,0,0,0.0,0,negative_hard
synthetic_user_0171,7c1af9a0-cf09-4356-8c0d-d762fbb21208,2025-10-07T22:05:13,0,0,0,2,0,3,38.73,1,0,0,0,0,0,1,1.76,0.0,0,1,1,0,0,0,0.0,0,0,0,0.0,0,negative_soft
synthetic_user_0103,bd6bddb1-3e29-4767-a194-6196e46f7456,2025-10-07T23:31:30,1,1,1,0,1,3,24.13,1,0,0,0,0,0,1,0.41,0.0,0,1,0,0,0,0,0.0,1,0,0,0.0,0,negative_hard
synthetic_user_0103,087164bc-8a57-44b1-bd06-0644f475917b,2025-10-07T23:31:30,1,1,1,0,1,3,24.13,1,0,0,0,0,0,0,0.58,0.0,0,0,0,0,0,0,0.0,1,0,0,0.0,0,negative_hard
synthetic_user_0103,ea97dfce-6731-4b1d-9b03-485d04de4867,2025-10-07T23:31:30,1,1,1,0,1,3,24.13,1,0,0,0,0,0,3,1.03,0.0,0,1,2,0,0,0,0.0,1,0,0,0.0,0,negative_hard
synthetic_user_0103,8706bbb8-8343-4edc-9af4-244b9cad76aa,2025-10-07T23:31:30,1,1,0,1,0,3,24.13,1,0,0,0,0,0,0,0.47,0.0,0,0,5,2,0,0,0.4,0,0,0,0.0,0,negative_soft
synthetic_user_0103,dcf38bea-591e-47ae-aaaf-e01b841cc3b3,2025-10-07T23:41:41,1,1,1,0,1,3,24.14,1,1,0,0,0,0,1,0.69,0.0,0,1,0,0,0,0,0.0,2,0,1,0.0,0,negative_hard
synthetic_user_0103,f6081dfd-75ec-4719-a05b-6ec1f95df15f,2025-10-07T23:41:41,1,1,1,0,1,3,24.14,1,1,0,0,0,0,1,1.05,0.0,0,1,1,1,0,1,1.0,2,0,1,0.0,0,negative_hard
synthetic_user_0103,c5310615-4076-41e9-9064-736593600471,2025-10-07T23:41:41,1,1,1,0,1,3,24.14,1,1,0,0,0,0,0,1.03,0.0,0,0,2,0,0,0,0.0,2,0,1,0.0,0,negative_hard
synthetic_user_0103,8706bbb8-8343-4edc-9af4-244b9cad76aa,2025-10-07T23:41:41,1,1,0,1,0,3,24.14,1,1,0,0,0,0,0,0.47,0.0,0,0,5,2,0,0,0.4,0,0,1,0.0,0,negative_soft
synthetic_user_0103,dcd20897-e14a-43fc-b2ba-66bb4a569874,2025-10-07T23:49:17,1,1,1,0,1,3,24.14,2,1,0,0,0,0,1,0.69,0.0,0,1,0,0,0,0,0.0,3,0,1,0.0,0,negative_hard
synthetic_user_0103,581c8e36-7a51-4e8e-ac1d-6e9c1d54940f,2025-10-07T23:49:17,1,1,1,0,1,3,24.14,2,1,0,0,0,0,3,1.03,0.0,0,1,0,0,0,0,0.0,3,0,1,0.0,0,negative_hard
synthetic_user_0103,98a77293-8faf-4d27-8248-6eb91f481d8f,2025-10-07T23:49:17,1,1,1,0,1,3,24.14,2,1,0,0,0,0,0,0.58,0.0,0,0,2,1,0,0,0.5,3,0,1,0.0,0,negative_hard
synthetic_user_0103,8706bbb8-8343-4edc-9af4-244b9cad76aa,2025-10-07T23:49:17,1,1,0,1,0,3,24.14,2,1,0,0,0,0,0,0.47,0.0,0,0,5,2,0,0,0.4,0,0,1,0.0,0,negative_soft
synthetic_user_0103,b1e94dc4-e19f-4e9b-85e1-69c3b4ab0e97,2025-10-07T23:54:40,1,1,1,0,1,3,24.15,2,2,0,0,0,0,3,1.03,0.0,0,1,0,0,0,0,0.0,4,0,1,0.0,0,negative_hard
synthetic_user_0103,dcd20897-e14a-43fc-b2ba-66bb4a569874,2025-10-07T23:54:40,1,1,1,0,1,3,24.15,2,2,0,0,0,0,1,0.69,0.0,0,1,0,0,0,0,0.0,4,0,1,0.0,0,negative_hard
synthetic_user_0103,ea97dfce-6731-4b1d-9b03-485d04de4867,2025-10-07T23:54:40,1,1,1,0,1,3,24.15,2,2,0,0,0,0,3,1.03,0.0,0,1,2,0,0,0,0.0,4,0,1,0.0,0,negative_hard
synthetic_user_0103,8706bbb8-8343-4edc-9af4-244b9cad76aa,2025-10-07T23:54:40,1,1,0,1,0,3,24.15,2,2,0,0,0,0,0,0.47,0.0,0,0,5,2,0,0,0.4,0,0,1,0.0,0,negative_soft
synthetic_user_0103,40a8032b-e43c-43dc-ba5f-d650f1c0a979,2025-10-07T23:57:03,1,1,1,0,1,3,24.15,2,2,1,0,0,0,1,0.41,0.0,0,1,2,1,0,0,0.5,5,0,1,0.0,0,negative_hard
synthetic_user_0103,45a799e0-5716-4209-b489-bd8f9ef13974,2025-10-07T23:57:03,1,1,1,0,1,3,24.15,2,2,1,0,0,0,1,0.41,0.0,0,1,0,0,0,0,0.0,5,0,1,0.0,0,negative_hard
synthetic_user_0103,a18002e2-24a3-4da4-b558-ea8cadcb047e,2025-10-07T23:57:03,1,1,1,0,1,3,24.15,2,2,1,0,0,0,0,0.58,0.0,0,0,1,0,0,0,0.0,5,0,1,0.0,0,negative_hard
synthetic_user_0103,8706bbb8-8343-4edc-9af4-244b9cad76aa,2025-10-07T23:57:03,1,1,0,1,0,3,24.15,2,2,1,0,0,0,0,0.47,0.0,0,0,5,2,0,0,0.4,0,0,1,0.0,0,negative_soft
synthetic_user_0103,5a0f55cf-16af-4459-9030-0c7c6e11207f,2025-10-07T23:59:02,1,1,1,0,1,3,24.15,2,2,1,0,1,0,0,0.58,0.0,0,0,0,0,0,0,0.0,6,0,1,0.0,0,negative_hard
synthetic_user_0103,98a77293-8faf-4d27-8248-6eb91f481d8f,2025-10-07T23:59:02,1,1,1,0,1,3,24.15,2,2,1,0,1,0,0,0.58,0.0,0,0,2,1,0,0,0.5,6,0,1,0.0,0,negative_hard
synthetic_user_0103,40a8032b-e43c-43dc-ba5f-d650f1c0a979,2025-10-07T23:59:02,1,1,1,0,1,3,24.15,2,2,1,0,1,0,1,0.41,0.0,0,1,2,1,0,0,0.5,6,0,1,0.0,0,negative_hard
synthetic_user_0103,8706bbb8-8343-4edc-9af4-244b9cad76aa,2025-10-07T23:59:02,1,1,0,1,0,3,24.15,2,2,1,0,1,0,0,0.47,0.0,0,0,5,2,0,0,0.4,0,0,1,0.0,0,negative_soft
synthetic_user_0049,09593622-ad83-4d14-8236-17bea51dbb13,2025-10-08T04:31:15,1,1,1,0,1,3,24.31,1,0,0,0,0,0,1,0.69,0.0,0,1,3,3,1,2,1.0,1,0,0,0.0,0,negative_hard
synthetic_user_0049,dcd20897-e14a-43fc-b2ba-66bb4a569874,2025-10-08T04:31:15,1,1,1,0,1,3,24.31,1,0,0,0,0,0,1,0.69,0.0,0,1,0,0,0,0,0.0,1,0,0,0.0,0,negative_hard
synthetic_user_0049,b1e94dc4-e19f-4e9b-85e1-69c3b4ab0e97,2025-10-08T04:31:15,1,1,1,0,1,3,24.31,1,0,0,0,0,0,3,1.03,0.0,0,1,0,0,0,0,0.0,1,0,0,0.0,0,negative_hard
synthetic_user_0049,8706bbb8-8343-4edc-9af4-244b9cad76aa,2025-10-08T04:31:15,1,1,0,1,0,3,24.31,1,0,0,0,0,0,0,0.47,0.0,0,0,5,2,0,0,0.4,0,0,0,0.0,0,negative_soft
synthetic_user_0049,bd6bddb1-3e29-4767-a194-6196e46f7456,2025-10-08T04:36:13,1,1,1,0,1,3,24.31,1,1,0,0,0,0,1,0.41,0.0,0,1,0,0,0,0,0.0,2,0,1,0.0,0,negative_hard
synthetic_user_0049,087164bc-8a57-44b1-bd06-0644f475917b,2025-10-08T04:36:13,1,1,1,0,1,3,24.31,1,1,0,0,0,0,0,0.58,0.0,0,0,0,0,0,0,0.0,2,0,1,0.0,0,negative_hard
synthetic_user_0049,33f6e3a9-237d-433e-b4b6-238e44c80117,2025-10-08T04:36:13,1,1,1,0,1,3,24.31,1,1,0,0,0,0,1,0.58,0.0,0,0,0,0,0,0,0.0,2,0,1,0.0,0,negative_hard
synthetic_user_0049,8706bbb8-8343-4edc-9af4-244b9cad76aa,2025-10-08T04:36:13,1,1,0,1,0,3,24.31,1,1,0,0,0,0,0,0.47,0.0,0,0,5,2,0,0,0.4,0,0,1,0.0,0,negative_soft
synthetic_user_0170,945e447f-c018-4d92-b5e5-2f1f7a11bd56,2025-10-08T18:39:45,1,1,1,0,1,3,44.51,1,1,0,0,0,0,3,1.03,0.0,0,1,0,0,0,0,0.0,2,0,1,0.0,0,negative_hard
synthetic_user_0170,5a0f55cf-16af-4459-9030-0c7c6e11207f,2025-10-08T18:39:45,1,1,1,0,1,3,44.51,1,1,0,0,0,0,0,0.58,0.0,0,0,0,0,0,0,0.0,2,0,1,0.0,0,negative_hard
synthetic_user_0170,581c8e36-7a51-4e8e-ac1d-6e9c1d54940f,2025-10-08T18:39:45,1,1,1,0,1,3,44.51,1,1,0,0,0,0,3,1.03,0.0,0,1,0,0,0,0,0.0,2,0,1,0.0,0,negative_hard
synthetic_user_0170,8706bbb8-8343-4edc-9af4-244b9cad76aa,2025-10-08T18:39:45,1,1,0,1,0,3,44.51,1,1,0,0,0,0,0,0.47,0.0,0,0,5,2,0,0,0.4,0,0,1,0.0,0,negative_soft
synthetic_user_0180,dcd20897-e14a-43fc-b2ba-66bb4a569874,2025-10-08T19:01:29,1,1,1,0,1,3,31.81,1,0,0,0,0,0,1,0.69,0.0,0,1,0,0,0,0,0.0,1,0,0,0.0,0,negative_hard
synthetic_user_0180,59bf0b38-d7b5-4024-a66e-a03f1b47095d,2025-10-08T19:01:29,1,1,1,0,1,3,31.81,1,0,0,0,0,0,3,1.03,0.0,0,1,3,2,1,0,0.6667,1,0,0,0.0,0,negative_hard
synthetic_user_0180,945e447f-c018-4d92-b5e5-2f1f7a11bd56,2025-10-08T19:01:29,1,1,1,0,1,3,31.81,1,0,0,0,0,0,3,1.03,0.0,0,1,0,0,0,0,0.0,1,0,0,0.0,0,negative_hard
synthetic_user_0180,7c1af9a0-cf09-4356-8c0d-d762fbb21208,2025-10-08T19:01:29,0,0,0,2,0,3,31.81,1,0,0,0,0,0,1,1.76,0.0,0,1,1,0,0,0,0.0,0,0,0,0.0,0,negative_soft
synthetic_user_0180,40a8032b-e43c-43dc-ba5f-d650f1c0a979,2025-10-08T19:07:28,1,1,1,0,1,3,31.82,1,1,0,0,0,0,1,0.41,0.0,0,1,2,1,0,0,0.5,2,0,1,0.0,0,negative_hard
synthetic_user_0180,ea97dfce-6731-4b1d-9b03-485d04de4867,2025-10-08T19:07:28,1,1,1,0,1,3,31.82,1,1,0,0,0,0,3,1.03,0.0,0,1,2,0,0,0,0.0,2,0,1,0.0,0,negative_hard
synthetic_user_0180,581c8e36-7a51-4e8e-ac1d-6e9c1d54940f,2025-10-08T19:07:28,1,1,1,0,1,3,31.82,1,1,0,0,0,0,3,1.03,0.0,0,1,0,0,0,0,0.0,2,0,1,0.0,0,negative_hard
synthetic_user_0180,7c1af9a0-cf09-4356-8c0d-d762fbb21208,2025-10-08T19:07:28,0,0,0,2,0,3,31.82,1,1,0,0,0,0,1,1.76,0.0,0,1,1,0,0,0,0.0,0,0,0,0.0,0,negative_soft
synthetic_user_0011,945e447f-c018-4d92-b5e5-2f1f7a11bd56,2025-10-09T03:28:25,1,1,1,0,1,3,36.05,1,0,0,0,0,1,3,1.03,0.0,0,1,0,0,0,0,0.0,1,0,0,0.0,0,negative_hard
synthetic_user_0011,a8231f34-c157-4fcd-b08a-5a3420cc0cee,2025-10-09T03:28:25,1,1,1,0,1,3,36.05,1,0,0,0,0,1,1,0.69,0.0,0,1,1,1,0,0,1.0,1,0,0,0.0,0,negative_hard
synthetic_user_0011,c5310615-4076-41e9-9064-736593600471,2025-10-09T03:28:25,1,1,1,0,1,3,36.05,1,0,0,0,0,1,0,1.03,0.0,0,0,2,0,0,0,0.0,1,0,0,0.0,0,negative_hard
synthetic_user_0011,7c1af9a0-cf09-4356-8c0d-d762fbb21208,2025-10-09T03:28:25,0,0,0,2,0,3,36.05,1,0,0,0,0,1,1,1.76,0.0,0,1,1,0,0,0,0.0,0,0,0,0.0,0,negative_soft
synthetic_user_0182,95461cac-4301-4ade-8b3c-98201e8731db,2025-10-09T04:04:36,1,1,1,0,1,3,26.97,1,0,0,0,0,1,1,0.41,0.0,0,1,1,0,0,0,0.0,1,0,0,0.0,0,negative_hard
synthetic_user_0182,830353af-6497-4bc7-bab8-08114b64b682,2025-10-09T04:04:36,1,1,1,0,1,3,26.97,1,0,0,0,0,1,0,1.05,0.0,0,0,1,0,0,0,0.0,1,0,0,0.0,0,negative_hard
synthetic_user_0182,98a77293-8faf-4d27-8248-6eb91f481d8f,2025-10-09T04:04:36,1,1,1,0,1,3,26.97,1,0,0,0,0,1,0,0.58,0.0,0,0,2,1,0,0,0.5,1,0,0,0.0,0,negative_hard
synthetic_user_0182,8706bbb8-8343-4edc-9af4-244b9cad76aa,2025-10-09T04:04:36,1,1,0,1,0,3,26.97,1,0,0,0,0,1,0,0.47,0.0,0,0,5,2,0,0,0.4,0,0,0,0.0,0,negative_soft
synthetic_user_0100,b1e94dc4-e19f-4e9b-85e1-69c3b4ab0e97,2025-10-09T06:23:12,1,1,1,0,1,3,36.56,1,0,0,0,0,0,3,1.03,0.0,0,1,0,0,0,0,0.0,1,0,0,0.0,0,negative_hard
synthetic_user_0100,bd6bddb1-3e29-4767-a194-6196e46f7456,2025-10-09T06:23:12,1,1,1,0,1,3,36.56,1,0,0,0,0,0,1,0.41,0.0,0,1,0,0,0,0,0.0,1,0,0,0.0,0,negative_hard
synthetic_user_0100,8b44ea69-a5bb-4779-8c63-bf20e4da58c7,2025-10-09T06:23:12,1,1,1,0,1,3,36.56,1,0,0,0,0,0,1,0.69,0.0,0,1,0,0,0,0,0.0,1,0,0,0.0,0,negative_hard
synthetic_user_0100,7c1af9a0-cf09-4356-8c0d-d762fbb21208,2025-10-09T06:23:12,0,0,0,2,0,3,36.56,1,0,0,0,0,0,1,1.76,0.0,0,1,1,0,0,0,0.0,0,0,0,0.0,0,negative_soft
synthetic_user_0177,40a8032b-e43c-43dc-ba5f-d650f1c0a979,2025-10-09T22:50:15,1,1,1,0,1,3,27.91,1,0,0,0,0,1,1,0.41,0.0,0,1,2,1,0,0,0.5,1,0,0,0.0,0,negative_hard
synthetic_user_0177,830353af-6497-4bc7-bab8-08114b64b682,2025-10-09T22:50:15,1,1,1,0,1,3,27.91,1,0,0,0,0,1,0,1.05,0.0,0,0,2,1,0,0,0.5,1,0,0,0.0,0,negative_hard
synthetic_user_0177,b1e94dc4-e19f-4e9b-85e1-69c3b4ab0e97,2025-10-09T22:50:15,1,1,1,0,1,3,27.91,1,0,0,0,0,1,3,1.03,0.0,0,1,0,0,0,0,0.0,1,0,0,0.0,0,negative_hard
synthetic_user_0177,7c1af9a0-cf09-4356-8c0d-d762fbb21208,2025-10-09T22:50:15,0,0,0,2,0,3,27.91,1,0,0,0,0,1,1,1.76,0.0,0,1,1,0,0,0,0.0,0,0,0,0.0,0,negative_soft
synthetic_user_0031,dcd20897-e14a-43fc-b2ba-66bb4a569874,2025-10-10T18:53:51,1,1,1,0,1,3,41.47,1,0,0,0,0,0,1,0.69,0.0,0,1,1,0,0,0,0.0,1,0,0,0.0,0,negative_hard
synthetic_user_0031,fbb68aab-9b3b-4e24-9109-ea047f927347,2025-10-10T18:53:51,1,1,1,0,1,3,41.47,1,0,0,0,0,0,3,1.03,0.0,0,1,2,1,1,0,0.5,1,0,0,0.0,0,negative_hard
synthetic_user_0031,c5310615-4076-41e9-9064-736593600471,2025-10-10T18:53:51,1,1,1,0,1,3,41.47,1,0,0,0,0,0,0,1.03,0.0,0,0,3,1,0,0,0.3333,1,0,0,0.0,0,negative_hard
synthetic_user_0031,7c1af9a0-cf09-4356-8c0d-d762fbb21208,2025-10-10T18:53:51,0,0,0,2,0,3,41.47,1,0,0,0,0,0,1,1.76,0.0,0,1,1,0,0,0,0.0,0,0,0,0.0,0,negative_soft
synthetic_user_0172,087164bc-8a57-44b1-bd06-0644f475917b,2025-10-10T23:30:41,1,1,1,0,1,3,43.91,2,0,0,0,0,0,0,0.58,0.0,0,0,0,0,0,0,0.0,2,0,0,0.0,0,negative_hard
synthetic_user_0172,bd6bddb1-3e29-4767-a194-6196e46f7456,2025-10-10T23:30:41,1,1,1,0,1,3,43.91,2,0,0,0,0,0,1,0.41,0.0,0,1,0,0,0,0,0.0,2,0,0,0.0,0,negative_hard
synthetic_user_0172,2c1e63cb-30f5-4e05-92af-ea93368ef4ab,2025-10-10T23:30:41,1,1,1,0,1,3,43.91,2,0,0,0,0,0,1,0.41,0.0,0,1,2,1,0,1,0.5,2,0,0,0.0,0,negative_hard
synthetic_user_0172,7c1af9a0-cf09-4356-8c0d-d762fbb21208,2025-10-10T23:30:41,0,0,0,2,0,3,43.91,2,0,0,0,0,0,1,1.76,0.0,0,1,1,0,0,0,0.0,0,0,0,0.0,0,negative_soft
synthetic_user_0172,945e447f-c018-4d92-b5e5-2f1f7a11bd56,2025-10-10T23:36:07,1,1,1,0,1,3,43.92,2,1,0,0,0,0,3,1.03,0.0,0,1,0,0,0,0,0.0,3,0,1,0.0,0,negative_hard
synthetic_user_0172,087164bc-8a57-44b1-bd06-0644f475917b,2025-10-10T23:36:07,1,1,1,0,1,3,43.92,2,1,0,0,0,0,0,0.58,0.0,0,0,0,0,0,0,0.0,3,0,1,0.0,0,negative_hard
synthetic_user_0172,bd6bddb1-3e29-4767-a194-6196e46f7456,2025-10-10T23:36:07,1,1,1,0,1,3,43.92,2,1,0,0,0,0,1,0.41,0.0,0,1,0,0,0,0,0.0,3,0,1,0.0,0,negative_hard
synthetic_user_0172,7c1af9a0-cf09-4356-8c0d-d762fbb21208,2025-10-10T23:36:07,0,0,0,2,0,3,43.92,2,1,0,0,0,0,1,1.76,0.0,0,1,1,0,0,0,0.0,0,0,0,0.0,0,negative_soft
synthetic_user_0172,581c8e36-7a51-4e8e-ac1d-6e9c1d54940f,2025-10-10T23:47:00,1,1,1,0,1,3,43.93,2,1,0,1,0,0,3,1.03,0.0,0,1,0,0,0,0,0.0,4,0,1,0.0,0,negative_hard
synthetic_user_0172,830353af-6497-4bc7-bab8-08114b64b682,2025-10-10T23:47:00,1,1,1,0,1,3,43.93,2,1,0,1,0,0,0,1.05,0.0,0,0,2,1,0,0,0.5,4,0,1,0.0,0,negative_hard
synthetic_user_0172,5a0f55cf-16af-4459-9030-0c7c6e11207f,2025-10-10T23:47:00,1,1,1,0,1,3,43.93,2,1,0,1,0,0,0,0.58,0.0,0,0,0,0,0,0,0.0,4,0,1,0.0,0,negative_hard
synthetic_user_0172,7c1af9a0-cf09-4356-8c0d-d762fbb21208,2025-10-10T23:47:00,0,0,0,2,0,3,43.93,2,1,0,1,0,0,1,1.76,0.0,0,1,1,0,0,0,0.0,0,0,0,0.0,0,negative_soft
synthetic_user_0155,f6081dfd-75ec-4719-a05b-6ec1f95df15f,2025-10-11T01:46:07,1,1,1,0,1,3,35.09,1,0,0,0,0,0,1,1.05,0.0,0,1,1,1,0,1,1.0,0,0,0,0.0,0,negative_hard
synthetic_user_0155,2c1e63cb-30f5-4e05-92af-ea93368ef4ab,2025-10-11T01:46:07,1,1,1,0,1,3,35.09,1,0,0,0,0,0,1,0.41,0.0,0,1,2,1,0,1,0.5,0,0,0,0.0,0,negative_hard
synthetic_user_0155,40a8032b-e43c-43dc-ba5f-d650f1c0a979,2025-10-11T01:46:07,1,1,1,0,1,3,35.09,1,0,0,0,0,0,1,0.41,0.0,0,1,2,1,0,0,0.5,0,0,0,0.0,0,negative_hard
synthetic_user_0155,7c1af9a0-cf09-4356-8c0d-d762fbb21208,2025-10-11T01:46:07,0,0,0,2,0,3,35.09,1,0,0,0,0,0,1,1.76,0.0,0,1,1,0,0,0,0.0,0,0,0,0.0,0,negative_soft
synthetic_user_0155,e06a75b5-86f9-4daf-b871-0fba7b7ba57d,2025-10-11T01:49:29,1,1,1,0,1,3,35.09,1,1,0,0,0,0,1,0.58,0.0,0,0,1,0,0,0,0.0,0,0,1,0.0,0,negative_hard
synthetic_user_0155,95461cac-4301-4ade-8b3c-98201e8731db,2025-10-11T01:49:29,1,1,1,0,1,3,35.09,1,1,0,0,0,0,1,0.41,0.0,0,1,1,0,0,0,0.0,0,0,1,0.0,0,negative_hard
synthetic_user_0155,bd6bddb1-3e29-4767-a194-6196e46f7456,2025-10-11T01:49:29,1,1,1,0,1,3,35.09,1,1,0,0,0,0,1,0.41,0.0,0,1,0,0,0,0,0.0,0,0,1,0.0,0,negative_hard
synthetic_user_0155,7c1af9a0-cf09-4356-8c0d-d762fbb21208,2025-10-11T01:49:29,0,0,0,2,0,3,35.09,1,1,0,0,0,0,1,1.76,0.0,0,1,1,0,0,0,0.0,0,0,0,0.0,0,negative_soft
synthetic_user_0064,59bf0b38-d7b5-4024-a66e-a03f1b47095d,2025-10-11T07:56:22,1,1,0,1,0,4,35.69,1,0,0,0,0,0,3,1.03,0.0,0,1,3,2,1,0,0.6667,0,0,0,0.0,0,negative_soft
synthetic_user_0064,95461cac-4301-4ade-8b3c-98201e8731db,2025-10-11T07:56:22,1,1,0,1,0,4,35.69,1,0,0,0,0,0,1,0.41,0.0,0,1,1,0,0,0,0.0,0,0,0,0.0,0,negative_soft
synthetic_user_0064,087164bc-8a57-44b1-bd06-0644f475917b,2025-10-11T07:56:22,1,1,0,1,0,4,35.69,1,0,0,0,0,0,0,0.58,0.0,0,0,0,0,0,0,0.0,0,0,0,0.0,0,negative_soft
synthetic_user_0064,33f6e3a9-237d-433e-b4b6-238e44c80117,2025-10-11T07:56:22,1,1,0,1,0,4,35.69,1,0,0,0,0,0,1,0.58,0.0,0,0,0,0,0,0,0.0,0,0,0,0.0,0,negative_soft
synthetic_user_0057,5a0f55cf-16af-4459-9030-0c7c6e11207f,2025-10-11T18:45:37,1,1,1,0,1,3,33.93,3,1,0,0,0,0,0,0.58,0.0,0,0,0,0,0,0,0.0,4,0,1,0.0,0,negative_hard
synthetic_user_0057,85526add-cd5a-4107-a07e-62ff3f493082,2025-10-11T18:45:37,1,1,1,0,1,3,33.93,3,1,0,0,0,0,0,0.41,0.0,0,0,1,1,0,0,1.0,4,0,1,0.0,0,negative_hard
synthetic_user_0057,bd6bddb1-3e29-4767-a194-6196e46f7456,2025-10-11T18:45:37,1,1,1,0,1,3,33.93,3,1,0,0,0,0,1,0.41,0.0,0,1,0,0,0,0,0.0,4,0,1,0.0,0,negative_hard
synthetic_user_0057,7c1af9a0-cf09-4356-8c0d-d762fbb21208,2025-10-11T18:45:37,0,0,0,2,0,3,33.93,3,1,0,0,0,0,1,1.76,0.0,0,1,1,0,0,0,0.0,0,0,0,0.0,0,negative_soft
synthetic_user_0057,830353af-6497-4bc7-bab8-08114b64b682,2025-10-11T18:58:18,1,1,1,0,1,3,33.94,3,2,0,0,0,0,0,1.05,0.0,0,0,2,1,0,0,0.5,5,0,1,0.0,0,negative_hard
synthetic_user_0057,a8231f34-c157-4fcd-b08a-5a3420cc0cee,2025-10-11T18:58:18,1,1,1,0,1,3,33.94,3,2,0,0,0,0,1,0.69,0.0,0,1,1,1,0,0,1.0,5,0,1,0.0,0,negative_hard
synthetic_user_0057,40a8032b-e43c-43dc-ba5f-d650f1c0a979,2025-10-11T18:58:18,1,1,1,0,1,3,33.94,3,2,0,0,0,0,1,0.41,0.0,0,1,2,1,0,0,0.5,5,0,1,0.0,0,negative_hard
synthetic_user_0057,7c1af9a0-cf09-4356-8c0d-d762fbb21208,2025-10-11T18:58:18,0,0,0,2,0,3,33.94,3,2,0,0,0,0,1,1.76,0.0,0,1,1,0,0,0,0.0,0,0,0,0.0,0,negative_soft
synthetic_user_0079,c5310615-4076-41e9-9064-736593600471,2025-10-12T07:06:04,1,1,1,0,1,3,29.68,1,0,0,0,0,0,0,1.03,0.0,0,0,3,1,0,0,0.3333,1,0,0,0.0,0,negative_hard
synthetic_user_0079,dcf38bea-591e-47ae-aaaf-e01b841cc3b3,2025-10-12T07:06:04,1,1,1,0,1,3,29.68,1,0,0,0,0,0,1,0.69,0.0,0,1,1,0,0,0,0.0,1,0,0,0.0,0,negative_hard
synthetic_user_0079,45a799e0-5716-4209-b489-bd8f9ef13974,2025-10-12T07:06:04,1,1,1,0,1,3,29.68,1,0,0,0,0,0,1,0.41,0.0,0,1,0,0,0,0,0.0,1,0,0,0.0,0,negative_hard
synthetic_user_0079,8706bbb8-8343-4edc-9af4-244b9cad76aa,2025-10-12T07:06:04,1,1,0,1,0,3,29.68,1,0,0,0,0,0,0,0.47,0.0,0,0,9,3,1,0,0.3333,0,0,0,0.0,0,negative_soft
synthetic_user_0121,f6081dfd-75ec-4719-a05b-6ec1f95df15f,2025-10-15T02:06:14,1,1,1,0,1,3,44.19,1,0,0,0,0,0,1,1.05,0.0,0,1,1,1,0,1,1.0,1,0,0,0.0,0,negative_hard
synthetic_user_0121,b1e94dc4-e19f-4e9b-85e1-69c3b4ab0e97,2025-10-15T02:06:14,1,1,1,0,1,3,44.19,1,0,0,0,0,0,3,1.03,0.0,0,1,0,0,0,0,0.0,1,0,0,0.0,0,negative_hard
synthetic_user_0121,fbb68aab-9b3b-4e24-9109-ea047f927347,2025-10-15T02:06:14,1,1,1,0,1,3,44.19,1,0,0,0,0,0,3,1.03,0.0,0,1,3,1,1,0,0.3333,1,0,0,0.0,0,negative_hard
synthetic_user_0121,8706bbb8-8343-4edc-9af4-244b9cad76aa,2025-10-15T02:06:14,1,1,0,1,0,3,44.19,1,0,0,0,0,0,0,0.47,0.0,0,0,13,3,1,0,0.2308,0,0,0,0.0,0,negative_soft
synthetic_user_0031,dcd20897-e14a-43fc-b2ba-66bb4a569874,2025-10-15T07:43:47,1,1,1,0,1,3,46.0,2,0,0,0,1,0,1,0.69,0.0,0,1,1,0,0,0,0.0,2,0,1,0.0,0,negative_hard
synthetic_user_0031,85526add-cd5a-4107-a07e-62ff3f493082,2025-10-15T07:43:47,1,1,1,0,1,3,46.0,2,0,0,0,1,0,0,0.41,0.0,0,0,1,1,0,0,1.0,2,0,1,0.0,0,negative_hard
synthetic_user_0031,581c8e36-7a51-4e8e-ac1d-6e9c1d54940f,2025-10-15T07:43:47,1,1,1,0,1,3,46.0,2,0,0,0,1,0,3,1.03,0.0,0,1,0,0,0,0,0.0,2,0,1,0.0,0,negative_hard
synthetic_user_0031,7c1af9a0-cf09-4356-8c0d-d762fbb21208,2025-10-15T07:43:47,0,0,0,2,0,3,46.0,2,0,0,0,1,0,1,1.76,0.0,0,1,3,0,0,0,0.0,0,0,0,0.0,0,negative_soft
synthetic_user_0031,a18002e2-24a3-4da4-b558-ea8cadcb047e,2025-10-15T07:48:26,1,1,1,0,1,3,46.01,2,1,0,0,1,0,0,0.58,0.0,0,0,2,1,0,0,0.5,2,0,2,0.0,0,negative_hard
synthetic_user_0031,09593622-ad83-4d14-8236-17bea51dbb13,2025-10-15T07:48:26,1,1,1,0,1,3,46.01,2,1,0,0,1,0,1,0.69,0.0,0,1,3,3,1,2,1.0,2,0,2,0.0,0,negative_hard
synthetic_user_0031,ea97dfce-6731-4b1d-9b03-485d04de4867,2025-10-15T07:48:26,1,1,1,0,1,3,46.01,2,1,0,0,1,0,3,1.03,0.0,0,1,4,0,0,0,0.0,2,0,2,0.0,0,negative_hard
synthetic_user_0031,7c1af9a0-cf09-4356-8c0d-d762fbb21208,2025-10-15T07:48:26,0,0,0,2,0,3,46.01,2,1,0,0,1,0,1,1.76,0.0,0,1,3,0,0,0,0.0,0,0,0,0.0,0,negative_soft
synthetic_user_0078,dcd20897-e14a-43fc-b2ba-66bb4a569874,2025-10-15T09:09:29,1,1,1,0,1,3,34.24,2,0,0,0,0,0,1,0.69,0.0,0,1,1,0,0,0,0.0,2,0,0,0.0,0,negative_hard
synthetic_user_0078,5a0f55cf-16af-4459-9030-0c7c6e11207f,2025-10-15T09:09:29,1,1,1,0,1,3,34.24,2,0,0,0,0,0,0,0.58,0.0,0,0,0,0,0,0,0.0,2,0,0,0.0,0,negative_hard
synthetic_user_0078,dbcab77a-8d8a-4721-b07d-d5d9ecc7874d,2025-10-15T09:09:29,1,1,1,0,1,3,34.24,2,0,0,0,0,0,1,0.58,0.0,0,0,0,0,0,0,0.0,2,0,0,0.0,0,negative_hard
synthetic_user_0078,7c1af9a0-cf09-4356-8c0d-d762fbb21208,2025-10-15T09:09:29,0,0,0,2,0,3,34.24,2,0,0,0,0,0,1,1.76,0.0,0,1,3,0,0,0,0.0,0,0,0,0.0,0,negative_soft
synthetic_user_0115,581c8e36-7a51-4e8e-ac1d-6e9c1d54940f,2025-10-15T20:09:43,1,1,1,0,1,3,55.73,1,0,0,0,0,1,3,1.03,0.0,0,1,0,0,0,0,0.0,1,0,0,0.0,0,negative_hard
synthetic_user_0115,e72c3d3b-cf36-4cc4-9a40-d8cc5d28df84,2025-10-15T20:09:43,1,1,1,0,1,3,55.73,1,0,0,0,0,1,1,0.41,0.0,0,1,4,3,2,2,0.75,1,0,0,0.0,0,negative_hard
synthetic_user_0115,09593622-ad83-4d14-8236-17bea51dbb13,2025-10-15T20:09:43,1,1,1,0,1,3,55.73,1,0,0,0,0,1,1,0.69,0.0,0,1,3,3,1,2,1.0,1,0,0,0.0,0,negative_hard
synthetic_user_0115,8706bbb8-8343-4edc-9af4-244b9cad76aa,2025-10-15T20:09:43,1,1,0,1,0,3,55.73,1,0,0,0,0,1,0,0.47,0.0,0,0,14,4,2,0,0.2857,0,0,0,0.0,0,negative_soft
synthetic_user_0132,8b44ea69-a5bb-4779-8c63-bf20e4da58c7,2025-10-16T19:56:07,1,1,1,0,1,3,41.37,1,0,0,0,0,1,1,0.69,0.0,0,1,0,0,0,0,0.0,1,0,0,0.0,0,negative_hard
synthetic_user_0132,5a0f55cf-16af-4459-9030-0c7c6e11207f,2025-10-16T19:56:07,1,1,1,0,1,3,41.37,1,0,0,0,0,1,0,0.58,0.0,0,0,0,0,0,0,0.0,1,0,0,0.0,0,negative_hard
synthetic_user_0132,bd6bddb1-3e29-4767-a194-6196e46f7456,2025-10-16T19:56:07,1,1,1,0,1,3,41.37,1,0,0,0,0,1,1,0.41,0.0,0,1,1,0,0,0,0.0,1,0,0,0.0,0,negative_hard
synthetic_user_0132,7c1af9a0-cf09-4356-8c0d-d762fbb21208,2025-10-16T19:56:07,0,0,0,2,0,3,41.37,1,0,0,0,0,1,1,1.76,0.0,0,1,3,0,0,0,0.0,0,0,0,0.0,0,negative_soft
synthetic_user_0051,2c1e63cb-30f5-4e05-92af-ea93368ef4ab,2025-10-17T06:23:36,1,1,1,0,1,3,35.18,1,0,0,0,0,1,1,0.41,0.0,0,1,4,2,0,1,0.5,1,0,0,0.0,0,negative_hard
synthetic_user_0051,dcf38bea-591e-47ae-aaaf-e01b841cc3b3,2025-10-17T06:23:36,1,1,1,0,1,3,35.18,1,0,0,0,0,1,1,0.69,0.0,0,1,2,0,0,0,0.0,1,0,0,0.0,0,negative_hard
synthetic_user_0051,087164bc-8a57-44b1-bd06-0644f475917b,2025-10-17T06:23:36,1,1,1,0,1,3,35.18,1,0,0,0,0,1,0,0.58,0.0,0,0,1,0,0,0,0.0,1,0,0,0.0,0,negative_hard
synthetic_user_0051,7c1af9a0-cf09-4356-8c0d-d762fbb21208,2025-10-17T06:23:36,0,0,0,2,0,3,35.18,1,0,0,0,0,1,1,1.76,0.0,0,1,3,0,0,0,0.0,0,0,0,0.0,0,negative_soft
synthetic_user_0173,33f6e3a9-237d-433e-b4b6-238e44c80117,2025-10-17T18:49:08,1,1,1,0,1,3,55.54,1,0,0,0,0,1,1,0.58,0.0,0,0,0,0,0,0,0.0,1,0,0,0.0,0,negative_hard
synthetic_user_0173,40a8032b-e43c-43dc-ba5f-d650f1c0a979,2025-10-17T18:49:08,1,1,1,0,1,3,55.54,1,0,0,0,0,1,1,0.41,0.0,0,1,2,1,0,0,0.5,1,0,0,0.0,0,negative_hard
synthetic_user_0173,dbcab77a-8d8a-4721-b07d-d5d9ecc7874d,2025-10-17T18:49:08,1,1,1,0,1,3,55.54,1,0,0,0,0,1,1,0.58,0.0,0,0,0,0,0,0,0.0,1,0,0,0.0,0,negative_hard
synthetic_user_0173,8706bbb8-8343-4edc-9af4-244b9cad76aa,2025-10-17T18:49:08,1,1,0,1,0,3,55.54,1,0,0,0,0,1,0,0.47,0.0,0,0,14,4,2,0,0.2857,0,0,0,0.0,0,negative_soft
synthetic_user_0173,945e447f-c018-4d92-b5e5-2f1f7a11bd56,2025-10-17T18:50:28,1,1,1,0,1,3,55.54,1,1,0,0,0,1,3,1.03,0.0,0,1,0,0,0,0,0.0,2,0,1,0.0,0,negative_hard
synthetic_user_0173,dbcab77a-8d8a-4721-b07d-d5d9ecc7874d,2025-10-17T18:50:28,1,1,1,0,1,3,55.54,1,1,0,0,0,1,1,0.58,0.0,0,0,0,0,0,0,0.0,2,0,1,0.0,0,negative_hard
synthetic_user_0173,85526add-cd5a-4107-a07e-62ff3f493082,2025-10-17T18:50:28,1,1,1,0,1,3,55.54,1,1,0,0,0,1,0,0.41,0.0,0,0,2,2,0,0,1.0,2,0,1,0.0,0,negative_hard
synthetic_user_0173,8706bbb8-8343-4edc-9af4-244b9cad76aa,2025-10-17T18:50:28,1,1,0,1,0,3,55.54,1,1,0,0,0,1,0,0.47,0.0,0,0,14,4,2,0,0.2857,0,0,1,0.0,0,negative_soft
synthetic_user_0173,087164bc-8a57-44b1-bd06-0644f475917b,2025-10-17T18:58:04,1,1,1,0,1,3,55.55,1,1,0,0,1,1,0,0.58,0.0,0,0,1,0,0,0,0.0,3,0,1,0.0,0,negative_hard
synthetic_user_0173,5a0f55cf-16af-4459-9030-0c7c6e11207f,2025-10-17T18:58:04,1,1,1,0,1,3,55.55,1,1,0,0,1,1,0,0.58,0.0,0,0,0,0,0,0,0.0,3,0,1,0.0,0,negative_hard
synthetic_user_0173,dbcab77a-8d8a-4721-b07d-d5d9ecc7874d,2025-10-17T18:58:04,1,1,1,0,1,3,55.55,1,1,0,0,1,1,1,0.58,0.0,0,0,0,0,0,0,0.0,3,0,1,0.0,0,negative_hard
synthetic_user_0173,8706bbb8-8343-4edc-9af4-244b9cad76aa,2025-10-17T18:58:04,1,1,0,1,0,3,55.55,1,1,0,0,1,1,0,0.47,0.0,0,0,14,4,2,0,0.2857,0,0,1,0.0,0,negative_soft
synthetic_user_0031,b1e94dc4-e19f-4e9b-85e1-69c3b4ab0e97,2025-10-17T19:45:09,1,1,1,0,1,3,48.51,2,1,1,0,1,0,3,1.03,0.0,0,1,0,0,0,0,0.0,2,0,2,0.0,0,negative_hard
synthetic_user_0031,c5310615-4076-41e9-9064-736593600471,2025-10-17T19:45:09,1,1,1,0,1,3,48.51,2,1,1,0,1,0,0,1.03,0.0,0,0,4,1,0,0,0.25,2,0,2,0.0,0,negative_hard
synthetic_user_0031,fbb68aab-9b3b-4e24-9109-ea047f927347,2025-10-17T19:45:09,1,1,1,0,1,3,48.51,2,1,1,0,1,0,3,1.03,0.0,0,1,3,1,1,0,0.3333,2,0,2,0.0,0,negative_hard
synthetic_user_0031,7c1af9a0-cf09-4356-8c0d-d762fbb21208,2025-10-17T19:45:09,0,0,0,2,0,3,48.51,2,1,1,0,1,0,1,1.76,0.0,0,1,3,0,0,0,0.0,0,0,0,0.0,0,negative_soft
synthetic_user_0031,dbcab77a-8d8a-4721-b07d-d5d9ecc7874d,2025-10-17T19:53:38,1,1,1,0,1,3,48.51,3,1,1,0,1,0,1,0.58,0.0,0,0,0,0,0,0,0.0,2,0,2,0.0,0,negative_hard
synthetic_user_0031,98a77293-8faf-4d27-8248-6eb91f481d8f,2025-10-17T19:53:38,1,1,1,0,1,3,48.51,3,1,1,0,1,0,0,0.58,0.0,0,0,4,3,0,2,0.75,2,0,2,0.0,0,negative_hard
synthetic_user_0031,b1e94dc4-e19f-4e9b-85e1-69c3b4ab0e97,2025-10-17T19:53:38,1,1,1,0,1,3,48.51,3,1,1,0,1,0,3,1.03,0.0,0,1,0,0,0,0,0.0,2,0,2,0.0,0,negative_hard
synthetic_user_0031,7c1af9a0-cf09-4356-8c0d-d762fbb21208,2025-10-17T19:53:38,0,0,0,2,0,3,48.51,3,1,1,0,1,0,1,1.76,0.0,0,1,3,0,0,0,0.0,0,0,0,0.0,0,negative_soft
synthetic_user_0107,09593622-ad83-4d14-8236-17bea51dbb13,2025-10-17T20:05:17,1,1,1,0,1,3,41.9,1,0,0,0,0,1,1,0.69,0.0,0,1,3,3,1,2,1.0,1,0,0,0.0,0,negative_hard
synthetic_user_0107,830353af-6497-4bc7-bab8-08114b64b682,2025-10-17T20:05:17,1,1,1,0,1,3,41.9,1,0,0,0,0,1,0,1.05,0.0,0,0,3,1,0,0,0.3333,1,0,0,0.0,0,negative_hard
synthetic_user_0107,c5310615-4076-41e9-9064-736593600471,2025-10-17T20:05:17,1,1,1,0,1,3,41.9,1,0,0,0,0,1,0,1.03,0.0,0,0,4,1,0,0,0.25,1,0,0,0.0,0,negative_hard
synthetic_user_0107,8706bbb8-8343-4edc-9af4-244b9cad76aa,2025-10-17T20:05:17,1,1,0,1,0,3,41.9,1,0,0,0,0,1,0,0.47,0.0,0,0,15,5,2,0,0.3333,0,0,0,0.0,0,negative_soft
synthetic_user_0107,fbb68aab-9b3b-4e24-9109-ea047f927347,2025-10-17T20:10:54,1,1,1,0,1,3,41.9,1,1,0,0,0,1,3,1.03,0.0,0,1,3,1,1,0,0.3333,2,0,1,0.0,0,negative_hard
synthetic_user_0107,bd6bddb1-3e29-4767-a194-6196e46f7456,2025-10-17T20:10:54,1,1,1,0,1,3,41.9,1,1,0,0,0,1,1,0.41,0.0,0,1,1,0,0,0,0.0,2,0,1,0.0,0,negative_hard
synthetic_user_0107,2c1e63cb-30f5-4e05-92af-ea93368ef4ab,2025-10-17T20:10:54,1,1,1,0,1,3,41.9,1,1,0,0,0,1,1,0.41,0.0,0,1,4,2,0,1,0.5,2,0,1,0.0,0,negative_hard
synthetic_user_0107,8706bbb8-8343-4edc-9af4-244b9cad76aa,2025-10-17T20:10:54,1,1,0,1,0,3,41.9,1,1,0,0,0,1,0,0.47,0.0,0,0,16,5,2,0,0.3125,0,0,1,0.0,0,negative_soft
synthetic_user_0107,830353af-6497-4bc7-bab8-08114b64b682,2025-10-17T20:20:05,1,1,1,0,1,3,41.91,1,1,1,0,0,1,0,1.05,0.0,0,0,3,1,0,0,0.3333,3,0,1,0.0,0,negative_hard
synthetic_user_0107,45a799e0-5716-4209-b489-bd8f9ef13974,2025-10-17T20:20:05,1,1,1,0,1,3,41.91,1,1,1,0,0,1,1,0.41,0.0,0,1,0,0,0,0,0.0,3,0,1,0.0,0,negative_hard
synthetic_user_0107,dcd20897-e14a-43fc-b2ba-66bb4a569874,2025-10-17T20:20:05,1,1,1,0,1,3,41.91,1,1,1,0,0,1,1,0.69,0.0,0,1,1,0,0,0,0.0,3,0,1,0.0,0,negative_hard
synthetic_user_0107,8706bbb8-8343-4edc-9af4-244b9cad76aa,2025-10-17T20:20:05,1,1,0,1,0,3,41.91,1,1,1,0,0,1,0,0.47,0.0,0,0,16,5,2,0,0.3125,0,0,1,0.0,0,negative_soft
synthetic_user_0132,f6081dfd-75ec-4719-a05b-6ec1f95df15f,2025-10-18T02:03:18,1,1,1,0,1,3,42.63,1,1,0,0,0,1,1,1.05,0.0,0,1,2,1,0,1,0.5,2,0,1,0.0,0,negative_hard
synthetic_user_0132,c5310615-4076-41e9-9064-736593600471,2025-10-18T02:03:18,1,1,1,0,1,3,42.63,1,1,0,0,0,1,0,1.03,0.0,0,0,4,1,0,0,0.25,2,0,1,0.0,0,negative_hard
synthetic_user_0132,dcd20897-e14a-43fc-b2ba-66bb4a569874,2025-10-18T02:03:18,1,1,1,0,1,3,42.63,1,1,0,0,0,1,1,0.69,0.0,0,1,1,0,0,0,0.0,2,0,1,0.0,0,negative_hard
synthetic_user_0132,7c1af9a0-cf09-4356-8c0d-d762fbb21208,2025-10-18T02:03:18,0,0,0,2,0,3,42.63,1,1,0,0,0,1,1,1.76,0.0,0,1,3,0,0,0,0.0,0,0,0,0.0,0,negative_soft
synthetic_user_0132,95461cac-4301-4ade-8b3c-98201e8731db,2025-10-18T02:12:37,1,1,1,0,1,3,42.64,2,1,0,0,0,1,1,0.41,0.0,0,1,1,0,0,0,0.0,3,0,1,0.0,0,negative_hard
synthetic_user_0132,a18002e2-24a3-4da4-b558-ea8cadcb047e,2025-10-18T02:12:37,1,1,1,0,1,3,42.64,2,1,0,0,0,1,0,0.58,0.0,0,0,2,1,0,0,0.5,3,0,1,0.0,0,negative_hard
synthetic_user_0132,09593622-ad83-4d14-8236-17bea51dbb13,2025-10-18T02:12:37,1,1,1,0,1,3,42.64,2,1,0,0,0,1,1,0.69,0.0,0,1,3,3,1,2,1.0,3,0,1,0.0,0,negative_hard
synthetic_user_0132,7c1af9a0-cf09-4356-8c0d-d762fbb21208,2025-10-18T02:12:37,0,0,0,2,0,3,42.64,2,1,0,0,0,1,1,1.76,0.0,0,1,3,0,0,0,0.0,0,0,0,0.0,0,negative_soft
synthetic_user_0132,45a799e0-5716-4209-b489-bd8f9ef13974,2025-10-18T02:13:04,1,1,1,0,1,3,42.64,2,1,0,0,1,1,1,0.41,0.0,0,1,0,0,0,0,0.0,4,0,1,0.0,0,negative_hard
synthetic_user_0132,f6081dfd-75ec-4719-a05b-6ec1f95df15f,2025-10-18T02:13:04,1,1,1,0,1,3,42.64,2,1,0,0,1,1,1,1.05,0.0,0,1,2,1,0,1,0.5,4,0,1,0.0,0,negative_hard
synthetic_user_0132,09593622-ad83-4d14-8236-17bea51dbb13,2025-10-18T02:13:04,1,1,1,0,1,3,42.64,2,1,0,0,1,1,1,0.69,0.0,0,1,3,3,1,2,1.0,4,0,1,0.0,0,negative_hard
synthetic_user_0132,7c1af9a0-cf09-4356-8c0d-d762fbb21208,2025-10-18T02:13:04,0,0,0,2,0,3,42.64,2,1,0,0,1,1,1,1.76,0.0,0,1,3,0,0,0,0.0,0,0,0,0.0,0,negative_soft
synthetic_user_0132,bd6bddb1-3e29-4767-a194-6196e46f7456,2025-10-18T02:16:55,1,1,1,0,1,3,42.64,2,2,0,0,1,1,1,0.41,0.0,0,1,1,0,0,0,0.0,5,0,1,0.0,0,negative_hard
synthetic_user_0132,e06a75b5-86f9-4daf-b871-0fba7b7ba57d,2025-10-18T02:16:55,1,1,1,0,1,3,42.64,2,2,0,0,1,1,1,0.58,0.0,0,0,1,0,0,0,0.0,5,0,1,0.0,0,negative_hard
synthetic_user_0132,59bf0b38-d7b5-4024-a66e-a03f1b47095d,2025-10-18T02:16:55,1,1,1,0,1,3,42.64,2,2,0,0,1,1,3,1.03,0.0,0,1,3,2,1,0,0.6667,5,0,1,0.0,0,negative_hard
synthetic_user_0132,7c1af9a0-cf09-4356-8c0d-d762fbb21208,2025-10-18T02:16:55,0,0,0,2,0,3,42.64,2,2,0,0,1,1,1,1.76,0.0,0,1,3,0,0,0,0.0,0,0,0,0.0,0,negative_soft
synthetic_user_0049,e72c3d3b-cf36-4cc4-9a40-d8cc5d28df84,2025-10-18T20:05:57,1,1,1,0,1,3,34.96,1,1,0,1,0,0,1,0.41,0.0,0,1,5,4,2,2,0.8,3,0,1,0.0,0,negative_hard
synthetic_user_0049,581c8e36-7a51-4e8e-ac1d-6e9c1d54940f,2025-10-18T20:05:57,1,1,1,0,1,3,34.96,1,1,0,1,0,0,3,1.03,0.0,0,1,0,0,0,0,0.0,3,0,1,0.0,0,negative_hard
synthetic_user_0049,85526add-cd5a-4107-a07e-62ff3f493082,2025-10-18T20:05:57,1,1,1,0,1,3,34.96,1,1,0,1,0,0,0,0.41,0.0,0,0,3,3,0,1,1.0,3,0,1,0.0,0,negative_hard
synthetic_user_0049,8706bbb8-8343-4edc-9af4-244b9cad76aa,2025-10-18T20:05:57,1,1,0,1,0,3,34.96,1,1,0,1,0,0,0,0.47,0.0,0,0,16,5,2,0,0.3125,0,0,1,0.0,0,negative_soft
synthetic_user_0049,830353af-6497-4bc7-bab8-08114b64b682,2025-10-18T20:17:36,1,1,1,0,1,3,34.97,2,1,0,1,0,0,0,1.05,0.0,0,0,3,1,0,0,0.3333,4,0,1,0.0,0,negative_hard
synthetic_user_0049,59bf0b38-d7b5-4024-a66e-a03f1b47095d,2025-10-18T20:17:36,1,1,1,0,1,3,34.97,2,1,0,1,0,0,3,1.03,0.0,0,1,3,2,1,0,0.6667,4,0,1,0.0,0,negative_hard
synthetic_user_0049,581c8e36-7a51-4e8e-ac1d-6e9c1d54940f,2025-10-18T20:17:36,1,1,1,0,1,3,34.97,2,1,0,1,0,0,3,1.03,0.0,0,1,0,0,0,0,0.0,4,0,1,0.0,0,negative_hard
synthetic_user_0049,8706bbb8-8343-4edc-9af4-244b9cad76aa,2025-10-18T20:17:36,1,1,0,1,0,3,34.97,2,1,0,1,0,0,0,0.47,0.0,0,0,16,5,2,0,0.3125,0,0,1,0.0,0,negative_soft
synthetic_user_0049,bd6bddb1-3e29-4767-a194-6196e46f7456,2025-10-18T20:23:07,1,1,1,0,1,3,34.97,2,2,0,1,0,0,1,0.41,0.0,0,1,1,0,0,0,0.0,5,0,1,0.0,0,negative_hard
synthetic_user_0049,98a77293-8faf-4d27-8248-6eb91f481d8f,2025-10-18T20:23:07,1,1,1,0,1,3,34.97,2,2,0,1,0,0,0,0.58,0.0,0,0,4,3,0,2,0.75,5,0,1,0.0,0,negative_hard
synthetic_user_0049,fbb68aab-9b3b-4e24-9109-ea047f927347,2025-10-18T20:23:07,1,1,1,0,1,3,34.97,2,2,0,1,0,0,3,1.03,0.0,0,1,3,1,1,0,0.3333,5,0,1,0.0,0,negative_hard
synthetic_user_0049,8706bbb8-8343-4edc-9af4-244b9cad76aa,2025-10-18T20:23:07,1,1,0,1,0,3,34.97,2,2,0,1,0,0,0,0.47,0.0,0,0,16,5,2,0,0.3125,0,0,1,0.0,0,negative_soft
synthetic_user_0120,98a77293-8faf-4d27-8248-6eb91f481d8f,2025-10-19T01:14:17,1,1,1,0,1,3,57.21,1,0,0,0,0,0,0,0.58,0.0,0,0,4,3,0,2,0.75,0,0,0,0.0,0,negative_hard
synthetic_user_0120,b1e94dc4-e19f-4e9b-85e1-69c3b4ab0e97,2025-10-19T01:14:17,1,1,1,0,1,3,57.21,1,0,0,0,0,0,3,1.03,0.0,0,1,0,0,0,0,0.0,0,0,0,0.0,0,negative_hard
synthetic_user_0120,45a799e0-5716-4209-b489-bd8f9ef13974,2025-10-19T01:14:17,1,1,1,0,1,3,57.21,1,0,0,0,0,0,1,0.41,0.0,0,1,0,0,0,0,0.0,0,0,0,0.0,0,negative_hard
synthetic_user_0120,7c1af9a0-cf09-4356-8c0d-d762fbb21208,2025-10-19T01:14:17,0,0,0,2,0,3,57.21,1,0,0,0,0,0,1,1.76,0.0,0,1,3,0,0,0,0.0,0,0,0,0.0,0,negative_soft
synthetic_user_0103,40a8032b-e43c-43dc-ba5f-d650f1c0a979,2025-10-19T06:34:38,1,1,1,0,1,3,35.43,3,2,1,1,1,0,1,0.41,0.0,0,1,2,1,0,0,0.5,8,0,1,0.0,0,negative_hard
synthetic_user_0103,dcd20897-e14a-43fc-b2ba-66bb4a569874,2025-10-19T06:34:38,1,1,1,0,1,3,35.43,3,2,1,1,1,0,1,0.69,0.0,0,1,1,0,0,0,0.0,8,0,1,0.0,0,negative_hard
synthetic_user_0103,dbcab77a-8d8a-4721-b07d-d5d9ecc7874d,2025-10-19T06:34:38,1,1,1,0,1,3,35.43,3,2,1,1,1,0,1,0.58,0.0,0,0,1,0,0,0,0.0,8,0,1,0.0,0,negative_hard
synthetic_user_0103,8706bbb8-8343-4edc-9af4-244b9cad76aa,2025-10-19T06:34:38,1,1,0,1,0,3,35.43,3,2,1,1,1,0,0,0.47,0.0,0,0,17,6,2,0,0.3529,0,0,1,0.0,0,negative_soft
synthetic_user_0081,dbcab77a-8d8a-4721-b07d-d5d9ecc7874d,2025-10-19T23:55:06,1,1,1,0,1,3,49.67,1,1,0,0,1,1,1,0.58,0.0,0,0,1,0,0,0,0.0,0,0,1,0.0,0,negative_hard
synthetic_user_0081,ea97dfce-6731-4b1d-9b03-485d04de4867,2025-10-19T23:55:06,1,1,1,0,1,3,49.67,1,1,0,0,1,1,3,1.03,0.0,0,1,4,0,0,0,0.0,0,0,1,0.0,0,negative_hard
synthetic_user_0081,fbb68aab-9b3b-4e24-9109-ea047f927347,2025-10-19T23:55:06,1,1,1,0,1,3,49.67,1,1,0,0,1,1,3,1.03,0.0,0,1,3,1,1,0,0.3333,0,0,1,0.0,0,negative_hard
synthetic_user_0081,7c1af9a0-cf09-4356-8c0d-d762fbb21208,2025-10-19T23:55:06,0,0,0,2,0,3,49.67,1,1,0,0,1,1,1,1.76,0.0,0,1,3,0,0,0,0.0,0,0,0,0.0,0,negative_soft
synthetic_user_0081,a18002e2-24a3-4da4-b558-ea8cadcb047e,2025-10-20T00:21:28,1,1,1,0,1,3,49.69,2,1,0,0,1,1,0,0.58,0.0,0,0,2,1,0,0,0.5,0,0,1,0.0,0,negative_hard
synthetic_user_0081,581c8e36-7a51-4e8e-ac1d-6e9c1d54940f,2025-10-20T00:21:28,1,1,1,0,1,3,49.69,2,1,0,0,1,1,3,1.03,0.0,0,1,0,0,0,0,0.0,0,0,1,0.0,0,negative_hard
synthetic_user_0081,59bf0b38-d7b5-4024-a66e-a03f1b47095d,2025-10-20T00:21:28,1,1,1,0,1,3,49.69,2,1,0,0,1,1,3,1.03,0.0,0,1,3,2,1,0,0.6667,0,0,1,0.0,0,negative_hard
synthetic_user_0081,7c1af9a0-cf09-4356-8c0d-d762fbb21208,2025-10-20T00:21:28,0,0,0,2,0,3,49.69,2,1,0,0,1,1,1,1.76,0.0,0,1,3,0,0,0,0.0,0,0,0,0.0,0,negative_soft
synthetic_user_0065,581c8e36-7a51-4e8e-ac1d-6e9c1d54940f,2025-10-20T02:16:14,1,1,1,0,1,3,39.72,1,0,0,0,0,1,3,1.03,0.0,0,1,0,0,0,0,0.0,1,0,0,0.0,0,negative_hard
synthetic_user_0065,c5310615-4076-41e9-9064-736593600471,2025-10-20T02:16:14,1,1,1,0,1,3,39.72,1,0,0,0,0,1,0,1.03,0.0,0,0,4,1,0,0,0.25,1,0,0,0.0,0,negative_hard
synthetic_user_0065,e72c3d3b-cf36-4cc4-9a40-d8cc5d28df84,2025-10-20T02:16:14,1,1,1,0,1,3,39.72,1,0,0,0,0,1,1,0.41,0.0,0,1,5,4,2,2,0.8,1,0,0,0.0,0,negative_hard
synthetic_user_0065,8706bbb8-8343-4edc-9af4-244b9cad76aa,2025-10-20T02:16:14,1,1,0,1,0,3,39.72,1,0,0,0,0,1,0,0.47,0.0,0,0,18,6,2,0,0.3333,0,0,0,0.0,0,negative_soft
synthetic_user_0012,e72c3d3b-cf36-4cc4-9a40-d8cc5d28df84,2025-10-20T03:28:07,1,1,1,0,1,3,59.63,1,0,0,0,0,1,1,0.41,0.0,0,1,5,4,2,2,0.8,1,0,0,0.0,0,negative_hard
synthetic_user_0012,b1e94dc4-e19f-4e9b-85e1-69c3b4ab0e97,2025-10-20T03:28:07,1,1,1,0,1,3,59.63,1,0,0,0,0,1,3,1.03,0.0,0,1,1,0,0,0,0.0,1,0,0,0.0,0,negative_hard
synthetic_user_0012,087164bc-8a57-44b1-bd06-0644f475917b,2025-10-20T03:28:07,1,1,1,0,1,3,59.63,1,0,0,0,0,1,0,0.58,0.0,0,0,3,1,1,0,0.3333,1,0,0,0.0,0,negative_hard
synthetic_user_0012,8706bbb8-8343-4edc-9af4-244b9cad76aa,2025-10-20T03:28:07,1,1,0,1,0,3,59.63,1,0,0,0,0,1,0,0.47,0.0,0,0,18,6,2,0,0.3333,0,0,0,0.0,0,negative_soft
synthetic_user_0012,bd6bddb1-3e29-4767-a194-6196e46f7456,2025-10-20T03:32:25,1,1,1,0,1,3,59.63,1,1,0,0,0,1,1,0.41,0.0,0,1,1,0,0,0,0.0,2,0,1,0.0,0,negative_hard
synthetic_user_0012,8b44ea69-a5bb-4779-8c63-bf20e4da58c7,2025-10-20T03:32:25,1,1,1,0,1,3,59.63,1,1,0,0,0,1,1,0.69,0.0,0,1,1,1,0,1,1.0,2,0,1,0.0,0,negative_hard
synthetic_user_0012,fbb68aab-9b3b-4e24-9109-ea047f927347,2025-10-20T03:32:25,1,1,1,0,1,3,59.63,1,1,0,0,0,1,3,1.03,0.0,0,1,3,1,1,0,0.3333,2,0,1,0.0,0,negative_hard
synthetic_user_0012,8706bbb8-8343-4edc-9af4-244b9cad76aa,2025-10-20T03:32:25,1,1,0,1,0,3,59.63,1,1,0,0,0,1,0,0.47,0.0,0,0,18,6,2,0,0.3333,0,0,1,0.0,0,negative_soft
synthetic_user_0012,581c8e36-7a51-4e8e-ac1d-6e9c1d54940f,2025-10-20T03:33:10,1,1,1,0,1,3,59.63,1,1,0,0,1,1,3,1.03,0.0,0,1,0,0,0,0,0.0,3,0,1,0.0,0,negative_hard
synthetic_user_0012,fbb68aab-9b3b-4e24-9109-ea047f927347,2025-10-20T03:33:10,1,1,1,0,1,3,59.63,1,1,0,0,1,1,3,1.03,0.0,0,1,3,1,1,0,0.3333,3,0,1,0.0,0,negative_hard
synthetic_user_0012,dcd20897-e14a-43fc-b2ba-66bb4a569874,2025-10-20T03:33:10,1,1,1,0,1,3,59.63,1,1,0,0,1,1,1,0.69,0.0,0,1,1,0,0,0,0.0,3,0,1,0.0,0,negative_hard
synthetic_user_0012,8706bbb8-8343-4edc-9af4-244b9cad76aa,2025-10-20T03:33:10,1,1,0,1,0,3,59.63,1,1,0,0,1,1,0,0.47,0.0,0,0,18,6,2,0,0.3333,0,0,1,0.0,0,negative_soft
synthetic_user_0105,98a77293-8faf-4d27-8248-6eb91f481d8f,2025-10-20T03:36:45,1,1,1,0,1,3,62.32,1,0,0,0,0,0,0,0.58,0.0,0,0,5,4,0,2,0.8,1,0,0,0.0,0,negative_hard
synthetic_user_0105,e06a75b5-86f9-4daf-b871-0fba7b7ba57d,2025-10-20T03:36:45,1,1,1,0,1,3,62.32,1,0,0,0,0,0,1,0.58,0.0,0,0,1,0,0,0,0.0,1,0,0,0.0,0,negative_hard
synthetic_user_0105,ea97dfce-6731-4b1d-9b03-485d04de4867,2025-10-20T03:36:45,1,1,1,0,1,3,62.32,1,0,0,0,0,0,3,1.03,0.0,0,1,4,0,0,0,0.0,1,0,0,0.0,0,negative_hard
synthetic_user_0105,8706bbb8-8343-4edc-9af4-244b9cad76aa,2025-10-20T03:36:45,1,1,0,1,0,3,62.32,1,0,0,0,0,0,0,0.47,0.0,0,0,18,6,2,0,0.3333,0,0,0,0.0,0,negative_soft
synthetic_user_0140,945e447f-c018-4d92-b5e5-2f1f7a11bd56,2025-10-21T00:01:32,1,1,1,0,1,3,59.19,1,0,0,0,0,0,3,1.03,0.0,0,1,0,0,0,0,0.0,1,0,0,0.0,0,negative_hard
synthetic_user_0140,e06a75b5-86f9-4daf-b871-0fba7b7ba57d,2025-10-21T00:01:32,1,1,1,0,1,3,59.19,1,0,0,0,0,0,1,0.58,0.0,0,0,1,0,0,0,0.0,1,0,0,0.0,0,negative_hard
synthetic_user_0140,c5310615-4076-41e9-9064-736593600471,2025-10-21T00:01:32,1,1,1,0,1,3,59.19,1,0,0,0,0,0,0,1.03,0.0,0,0,6,2,0,1,0.3333,1,0,0,0.0,0,negative_hard
synthetic_user_0140,8706bbb8-8343-4edc-9af4-244b9cad76aa,2025-10-21T00:01:32,1,1,0,1,0,3,59.19,1,0,0,0,0,0,0,0.47,0.0,0,0,18,6,2,0,0.3333,0,0,0,0.0,0,negative_soft
synthetic_user_0140,dcf38bea-591e-47ae-aaaf-e01b841cc3b3,2025-10-21T00:02:42,1,1,1,0,1,3,59.19,1,0,0,0,1,0,1,0.69,0.0,0,1,2,0,0,0,0.0,2,0,1,0.0,0,negative_hard
synthetic_user_0140,a8231f34-c157-4fcd-b08a-5a3420cc0cee,2025-10-21T00:02:42,1,1,1,0,1,3,59.19,1,0,0,0,1,0,1,0.69,0.0,0,1,1,1,0,0,1.0,2,0,1,0.0,0,negative_hard
synthetic_user_0140,c5310615-4076-41e9-9064-736593600471,2025-10-21T00:02:42,1,1,1,0,1,3,59.19,1,0,0,0,1,0,0,1.03,0.0,0,0,6,2,0,1,0.3333,2,0,1,0.0,0,negative_hard
synthetic_user_0140,8706bbb8-8343-4edc-9af4-244b9cad76aa,2025-10-21T00:02:42,1,1,0,1,0,3,59.19,1,0,0,0,1,0,0,0.47,0.0,0,0,18,6,2,0,0.3333,0,0,1,0.0,0,negative_soft
synthetic_user_0140,581c8e36-7a51-4e8e-ac1d-6e9c1d54940f,2025-10-21T00:04:20,1,1,1,0,1,3,59.19,1,1,0,0,1,0,3,1.03,0.0,0,1,0,0,0,0,0.0,3,0,1,0.0,0,negative_hard
synthetic_user_0140,dcd20897-e14a-43fc-b2ba-66bb4a569874,2025-10-21T00:04:20,1,1,1,0,1,3,59.19,1,1,0,0,1,0,1,0.69,0.0,0,1,1,0,0,0,0.0,3,0,1,0.0,0,negative_hard
synthetic_user_0140,dcf38bea-591e-47ae-aaaf-e01b841cc3b3,2025-10-21T00:04:20,1,1,1,0,1,3,59.19,1,1,0,0,1,0,1,0.69,0.0,0,1,2,0,0,0,0.0,3,0,1,0.0,0,negative_hard
synthetic_user_0140,8706bbb8-8343-4edc-9af4-244b9cad76aa,2025-10-21T00:04:20,1,1,0,1,0,3,59.19,1,1,0,0,1,0,0,0.47,0.0,0,0,18,6,2,0,0.3333,0,0,1,0.0,0,negative_soft
synthetic_user_0171,dcd20897-e14a-43fc-b2ba-66bb4a569874,2025-10-21T00:56:20,1,1,1,0,1,3,51.85,1,0,0,0,1,0,1,0.69,0.0,0,1,1,0,0,0,0.0,2,0,1,0.0,0,negative_hard
synthetic_user_0171,f6081dfd-75ec-4719-a05b-6ec1f95df15f,2025-10-21T00:56:20,1,1,1,0,1,3,51.85,1,0,0,0,1,0,1,1.05,0.0,0,1,4,1,0,1,0.25,2,0,1,0.0,0,negative_hard
synthetic_user_0171,45a799e0-5716-4209-b489-bd8f9ef13974,2025-10-21T00:56:20,1,1,1,0,1,3,51.85,1,0,0,0,1,0,1,0.41,0.0,0,1,0,0,0,0,0.0,2,0,1,0.0,0,negative_hard
synthetic_user_0171,7c1af9a0-cf09-4356-8c0d-d762fbb21208,2025-10-21T00:56:20,0,0,0,2,0,3,51.85,1,0,0,0,1,0,1,1.76,0.0,0,1,3,0,0,0,0.0,0,0,0,0.0,0,negative_soft
synthetic_user_0171,a8231f34-c157-4fcd-b08a-5a3420cc0cee,2025-10-21T00:58:54,1,1,1,0,1,3,51.85,2,0,0,0,1,0,1,0.69,0.0,0,1,1,1,0,0,1.0,3,0,1,0.0,0,negative_hard
synthetic_user_0171,830353af-6497-4bc7-bab8-08114b64b682,2025-10-21T00:58:54,1,1,1,0,1,3,51.85,2,0,0,0,1,0,0,1.05,0.0,0,0,3,1,0,0,0.3333,3,0,1,0.0,0,negative_hard
synthetic_user_0171,dcf38bea-591e-47ae-aaaf-e01b841cc3b3,2025-10-21T00:58:54,1,1,1,0,1,3,51.85,2,0,0,0,1,0,1,0.69,0.0,0,1,2,0,0,0,0.0,3,0,1,0.0,0,negative_hard
synthetic_user_0171,7c1af9a0-cf09-4356-8c0d-d762fbb21208,2025-10-21T00:58:54,0,0,0,2,0,3,51.85,2,0,0,0,1,0,1,1.76,0.0,0,1,3,0,0,0,0.0,0,0,0,0.0,0,negative_soft
synthetic_user_0171,087164bc-8a57-44b1-bd06-0644f475917b,2025-10-21T01:07:21,1,1,1,0,1,3,51.85,2,1,0,0,1,0,0,0.58,0.0,0,0,3,1,1,0,0.3333,4,0,1,0.0,0,negative_hard
synthetic_user_0171,95461cac-4301-4ade-8b3c-98201e8731db,2025-10-21T01:07:21,1,1,1,0,1,3,51.85,2,1,0,0,1,0,1,0.41,0.0,0,1,1,0,0,0,0.0,4,0,1,0.0,0,negative_hard
synthetic_user_0171,ea97dfce-6731-4b1d-9b03-485d04de4867,2025-10-21T01:07:21,1,1,1,0,1,3,51.85,2,1,0,0,1,0,3,1.03,0.0,0,1,4,0,0,0,0.0,4,0,1,0.0,0,negative_hard
synthetic_user_0171,7c1af9a0-cf09-4356-8c0d-d762fbb21208,2025-10-21T01:07:21,0,0,0,2,0,3,51.85,2,1,0,0,1,0,1,1.76,0.0,0,1,3,0,0,0,0.0,0,0,0,0.0,0,negative_soft
synthetic_user_0171,ea97dfce-6731-4b1d-9b03-485d04de4867,2025-10-21T01:08:42,1,1,1,0,1,3,51.86,2,1,0,0,2,0,3,1.03,0.0,0,1,4,0,0,0,0.0,5,0,1,0.0,0,negative_hard
synthetic_user_0171,98a77293-8faf-4d27-8248-6eb91f481d8f,2025-10-21T01:08:42,1,1,1,0,1,3,51.86,2,1,0,0,2,0,0,0.58,0.0,0,0,5,4,0,2,0.8,5,0,1,0.0,0,negative_hard
synthetic_user_0171,e06a75b5-86f9-4daf-b871-0fba7b7ba57d,2025-10-21T01:08:42,1,1,1,0,1,3,51.86,2,1,0,0,2,0,1,0.58,0.0,0,0,1,0,0,0,0.0,5,0,1,0.0,0,negative_hard
synthetic_user_0171,7c1af9a0-cf09-4356-8c0d-d762fbb21208,2025-10-21T01:08:42,0,0,0,2,0,3,51.86,2,1,0,0,2,0,1,1.76,0.0,0,1,3,0,0,0,0.0,0,0,0,0.0,0,negative_soft
synthetic_user_0171,33f6e3a9-237d-433e-b4b6-238e44c80117,2025-10-21T01:13:17,1,1,1,0,1,3,51.86,2,1,1,0,2,0,1,0.58,0.0,0,0,0,0,0,0,0.0,6,0,1,0.0,0,negative_hard
synthetic_user_0171,a18002e2-24a3-4da4-b558-ea8cadcb047e,2025-10-21T01:13:17,1,1,1,0,1,3,51.86,2,1,1,0,2,0,0,0.58,0.0,0,0,3,2,0,1,0.6667,6,0,1,0.0,0,negative_hard
synthetic_user_0171,5a0f55cf-16af-4459-9030-0c7c6e11207f,2025-10-21T01:13:17,1,1,1,0,1,3,51.86,2,1,1,0,2,0,0,0.58,0.0,0,0,0,0,0,0,0.0,6,0,1,0.0,0,negative_hard
synthetic_user_0171,7c1af9a0-cf09-4356-8c0d-d762fbb21208,2025-10-21T01:13:17,0,0,0,2,0,3,51.86,2,1,1,0,2,0,1,1.76,0.0,0,1,3,0,0,0,0.0,0,0,0,0.0,0,negative_soft
synthetic_user_0028,f6081dfd-75ec-4719-a05b-6ec1f95df15f,2025-10-21T09:13:11,1,1,1,0,1,3,45.12,2,0,0,0,0,0,1,1.05,0.0,0,1,4,1,0,1,0.25,2,0,0,0.0,0,negative_hard
synthetic_user_0028,e72c3d3b-cf36-4cc4-9a40-d8cc5d28df84,2025-10-21T09:13:11,1,1,1,0,1,3,45.12,2,0,0,0,0,0,1,0.41,0.0,0,1,5,4,2,2,0.8,2,0,0,0.0,0,negative_hard
synthetic_user_0028,5a0f55cf-16af-4459-9030-0c7c6e11207f,2025-10-21T09:13:11,1,1,1,0,1,3,45.12,2,0,0,0,0,0,0,0.58,0.0,0,0,0,0,0,0,0.0,2,0,0,0.0,0,negative_hard
synthetic_user_0028,8706bbb8-8343-4edc-9af4-244b9cad76aa,2025-10-21T09:13:11,1,1,0,1,0,3,45.12,2,0,0,0,0,0,0,0.47,0.0,0,0,18,6,2,0,0.3333,0,0,0,0.0,0,negative_soft
synthetic_user_0031,830353af-6497-4bc7-bab8-08114b64b682,2025-10-21T18:21:56,1,1,1,0,1,3,52.45,4,2,1,0,1,0,0,1.05,0.0,0,0,3,1,0,0,0.3333,2,0,2,0.0,0,negative_hard
synthetic_user_0031,b1e94dc4-e19f-4e9b-85e1-69c3b4ab0e97,2025-10-21T18:21:56,1,1,1,0,1,3,52.45,4,2,1,0,1,0,3,1.03,0.0,0,1,1,0,0,0,0.0,2,0,2,0.0,0,negative_hard
synthetic_user_0031,2c1e63cb-30f5-4e05-92af-ea93368ef4ab,2025-10-21T18:21:56,1,1,1,0,1,3,52.45,4,2,1,0,1,0,1,0.41,0.0,0,1,5,3,1,1,0.6,2,0,2,0.0,0,negative_hard
synthetic_user_0031,7c1af9a0-cf09-4356-8c0d-d762fbb21208,2025-10-21T18:21:56,0,0,0,2,0,3,52.45,4,2,1,0,1,0,1,1.76,0.0,0,1,3,0,0,0,0.0,0,0,0,0.0,0,negative_soft
synthetic_user_0031,5a0f55cf-16af-4459-9030-0c7c6e11207f,2025-10-21T18:23:40,1,1,1,0,1,3,52.45,4,3,1,0,1,0,0,0.58,0.0,0,0,0,0,0,0,0.0,2,0,2,0.0,0,negative_hard
synthetic_user_0031,945e447f-c018-4d92-b5e5-2f1f7a11bd56,2025-10-21T18:23:40,1,1,1,0,1,3,52.45,4,3,1,0,1,0,3,1.03,0.0,0,1,0,0,0,0,0.0,2,0,2,0.0,0,negative_hard
synthetic_user_0031,f6081dfd-75ec-4719-a05b-6ec1f95df15f,2025-10-21T18:23:40,1,1,1,0,1,3,52.45,4,3,1,0,1,0,1,1.05,0.0,0,1,4,1,0,1,0.25,2,0,2,0.0,0,negative_hard
synthetic_user_0031,7c1af9a0-cf09-4356-8c0d-d762fbb21208,2025-10-21T18:23:40,0,0,0,2,0,3,52.45,4,3,1,0,1,0,1,1.76,0.0,0,1,3,0,0,0,0.0,0,0,0,0.0,0,negative_soft
synthetic_user_0173,59bf0b38-d7b5-4024-a66e-a03f1b47095d,2025-10-21T21:31:06,1,1,1,0,1,3,59.65,1,1,0,1,1,1,3,1.03,0.0,0,1,3,2,1,0,0.6667,4,0,1,0.0,0,negative_hard
synthetic_user_0173,f6081dfd-75ec-4719-a05b-6ec1f95df15f,2025-10-21T21:31:06,1,1,1,0,1,3,59.65,1,1,0,1,1,1,1,1.05,0.0,0,1,4,1,0,1,0.25,4,0,1,0.0,0,negative_hard
synthetic_user_0173,98a77293-8faf-4d27-8248-6eb91f481d8f,2025-10-21T21:31:06,1,1,1,0,1,3,59.65,1,1,0,1,1,1,0,0.58,0.0,0,0,5,4,0,2,0.8,4,0,1,0.0,0,negative_hard
synthetic_user_0173,8706bbb8-8343-4edc-9af4-244b9cad76aa,2025-10-21T21:31:06,1,1,0,1,0,3,59.65,1,1,0,1,1,1,0,0.47,0.0,0,0,19,7,2,1,0.3684,0,0,1,0.0,0,negative_soft
synthetic_user_0173,59bf0b38-d7b5-4024-a66e-a03f1b47095d,2025-10-21T21:33:36,1,1,1,0,1,3,59.66,2,1,0,1,1,1,3,1.03,0.0,0,1,3,2,1,0,0.6667,5,0,1,0.0,0,negative_hard
synthetic_user_0173,dcf38bea-591e-47ae-aaaf-e01b841cc3b3,2025-10-21T21:33:36,1,1,1,0,1,3,59.66,2,1,0,1,1,1,1,0.69,0.0,0,1,2,0,0,0,0.0,5,0,1,0.0,0,negative_hard
synthetic_user_0173,087164bc-8a57-44b1-bd06-0644f475917b,2025-10-21T21:33:36,1,1,1,0,1,3,59.66,2,1,0,1,1,1,0,0.58,0.0,0,0,3,1,1,0,0.3333,5,0,1,0.0,0,negative_hard
synthetic_user_0173,8706bbb8-8343-4edc-9af4-244b9cad76aa,2025-10-21T21:33:36,1,1,0,1,0,3,59.66,2,1,0,1,1,1,0,0.47,0.0,0,0,19,7,2,1,0.3684,0,0,1,0.0,0,negative_soft
synthetic_user_0151,98a77293-8faf-4d27-8248-6eb91f481d8f,2025-10-21T22:48:56,1,1,1,0,1,3,51.79,1,0,0,0,0,0,0,0.58,0.0,0,0,5,4,0,2,0.8,1,0,0,0.0,0,negative_hard
synthetic_user_0151,45a799e0-5716-4209-b489-bd8f9ef13974,2025-10-21T22:48:56,1,1,1,0,1,3,51.79,1,0,0,0,0,0,1,0.41,0.0,0,1,0,0,0,0,0.0,1,0,0,0.0,0,negative_hard
synthetic_user_0151,945e447f-c018-4d92-b5e5-2f1f7a11bd56,2025-10-21T22:48:56,1,1,1,0,1,3,51.79,1,0,0,0,0,0,3,1.03,0.0,0,1,0,0,0,0,0.0,1,0,0,0.0,0,negative_hard
synthetic_user_0151,7c1af9a0-cf09-4356-8c0d-d762fbb21208,2025-10-21T22:48:56,0,0,0,2,0,3,51.79,1,0,0,0,0,0,1,1.76,0.0,0,1,3,0,0,0,0.0,0,0,0,0.0,0,negative_soft
synthetic_user_0165,945e447f-c018-4d92-b5e5-2f1f7a11bd56,2025-10-22T00:05:41,1,1,1,0,1,3,57.86,1,0,0,0,0,0,3,1.03,0.0,0,1,0,0,0,0,0.0,1,0,0,0.0,0,negative_hard
synthetic_user_0165,59bf0b38-d7b5-4024-a66e-a03f1b47095d,2025-10-22T00:05:41,1,1,1,0,1,3,57.86,1,0,0,0,0,0,3,1.03,0.0,0,1,3,2,1,0,0.6667,1,0,0,0.0,0,negative_hard
synthetic_user_0165,e72c3d3b-cf36-4cc4-9a40-d8cc5d28df84,2025-10-22T00:05:41,1,1,1,0,1,3,57.86,1,0,0,0,0,0,1,0.41,0.0,0,1,5,4,2,2,0.8,1,0,0,0.0,0,negative_hard
synthetic_user_0165,7c1af9a0-cf09-4356-8c0d-d762fbb21208,2025-10-22T00:05:41,0,0,0,2,0,3,57.86,1,0,0,0,0,0,1,1.76,0.0,0,1,3,0,0,0,0.0,0,0,0,0.0,0,negative_soft
synthetic_user_0173,dcd20897-e14a-43fc-b2ba-66bb4a569874,2025-10-22T02:00:56,1,1,1,0,1,3,59.84,3,2,0,1,1,1,1,0.69,0.0,0,1,2,0,0,0,0.0,7,0,1,0.0,0,negative_hard
synthetic_user_0173,ea97dfce-6731-4b1d-9b03-485d04de4867,2025-10-22T02:00:56,1,1,1,0,1,3,59.84,3,2,0,1,1,1,3,1.03,0.0,0,1,4,0,0,0,0.0,7,0,1,0.0,0,negative_hard
synthetic_user_0173,a18002e2-24a3-4da4-b558-ea8cadcb047e,2025-10-22T02:00:56,1,1,1,0,1,3,59.84,3,2,0,1,1,1,0,0.58,0.0,0,0,3,2,0,1,0.6667,7,0,1,0.0,0,negative_hard
synthetic_user_0173,8706bbb8-8343-4edc-9af4-244b9cad76aa,2025-10-22T02:00:56,1,1,0,1,0,3,59.84,3,2,0,1,1,1,0,0.47,0.0,0,0,19,7,2,1,0.3684,0,0,1,0.0,0,negative_soft
synthetic_user_0197,8b44ea69-a5bb-4779-8c63-bf20e4da58c7,2025-10-22T02:51:28,1,1,0,1,0,4,37.82,1,0,0,0,0,0,1,0.69,0.0,0,1,3,3,0,1,1.0,0,0,0,0.0,0,negative_soft
synthetic_user_0197,5a0f55cf-16af-4459-9030-0c7c6e11207f,2025-10-22T02:51:28,1,1,0,1,0,4,37.82,1,0,0,0,0,0,0,0.58,0.0,0,0,0,0,0,0,0.0,0,0,0,0.0,0,negative_soft
synthetic_user_0197,dcf38bea-591e-47ae-aaaf-e01b841cc3b3,2025-10-22T02:51:28,1,1,0,1,0,4,37.82,1,0,0,0,0,0,1,0.69,0.0,0,1,2,0,0,0,0.0,0,0,0,0.0,0,negative_soft
synthetic_user_0197,09593622-ad83-4d14-8236-17bea51dbb13,2025-10-22T02:51:28,1,1,0,1,0,4,37.82,1,0,0,0,0,0,1,0.69,0.0,0,1,4,3,1,2,0.75,0,0,0,0.0,0,negative_soft
synthetic_user_0197,945e447f-c018-4d92-b5e5-2f1f7a11bd56,2025-10-22T03:08:22,1,1,0,1,0,4,37.84,2,0,0,0,0,0,3,1.03,0.0,0,1,2,0,0,0,0.0,0,0,0,0.0,0,negative_soft
synthetic_user_0197,830353af-6497-4bc7-bab8-08114b64b682,2025-10-22T03:08:22,1,1,0,1,0,4,37.84,2,0,0,0,0,0,0,1.05,0.0,0,0,3,1,0,0,0.3333,0,0,0,0.0,0,negative_soft
synthetic_user_0197,b1e94dc4-e19f-4e9b-85e1-69c3b4ab0e97,2025-10-22T03:08:22,1,1,0,1,0,4,37.84,2,0,0,0,0,0,3,1.03,0.0,0,1,1,0,0,0,0.0,0,0,0,0.0,0,negative_soft
synthetic_user_0197,98a77293-8faf-4d27-8248-6eb91f481d8f,2025-10-22T03:08:22,1,1,0,1,0,4,37.84,2,0,0,0,0,0,0,0.58,0.0,0,0,5,4,0,2,0.8,0,0,0,0.0,0,negative_soft
synthetic_user_0188,95461cac-4301-4ade-8b3c-98201e8731db,2025-10-22T03:56:11,1,1,1,0,1,3,64.86,1,0,0,0,0,0,1,0.41,0.0,0,1,1,0,0,0,0.0,1,0,0,0.0,0,negative_hard
synthetic_user_0188,40a8032b-e43c-43dc-ba5f-d650f1c0a979,2025-10-22T03:56:11,1,1,1,0,1,3,64.86,1,0,0,0,0,0,1,0.41,0.0,0,1,3,2,1,1,0.6667,1,0,0,0.0,0,negative_hard
synthetic_user_0188,2c1e63cb-30f5-4e05-92af-ea93368ef4ab,2025-10-22T03:56:11,1,1,1,0,1,3,64.86,1,0,0,0,0,0,1,0.41,0.0,0,1,5,3,1,1,0.6,1,0,0,0.0,0,negative_hard
synthetic_user_0188,8706bbb8-8343-4edc-9af4-244b9cad76aa,2025-10-22T03:56:11,1,1,0,1,0,3,64.86,1,0,0,0,0,0,0,0.47,0.0,0,0,20,7,2,1,0.35,0,0,0,0.0,0,negative_soft
synthetic_user_0188,dbcab77a-8d8a-4721-b07d-d5d9ecc7874d,2025-10-22T04:00:32,1,1,1,0,1,3,64.87,1,1,0,0,0,0,1,0.58,0.0,0,0,1,0,0,0,0.0,2,0,1,0.0,0,negative_hard
synthetic_user_0188,59bf0b38-d7b5-4024-a66e-a03f1b47095d,2025-10-22T04:00:32,1,1,1,0,1,3,64.87,1,1,0,0,0,0,3,1.03,0.0,0,1,3,2,1,0,0.6667,2,0,1,0.0,0,negative_hard
synthetic_user_0188,e72c3d3b-cf36-4cc4-9a40-d8cc5d28df84,2025-10-22T04:00:32,1,1,1,0,1,3,64.87,1,1,0,0,0,0,1,0.41,0.0,0,1,5,4,2,2,0.8,2,0,1,0.0,0,negative_hard
synthetic_user_0188,8706bbb8-8343-4edc-9af4-244b9cad76aa,2025-10-22T04:00:32,1,1,0,1,0,3,64.87,1,1,0,0,0,0,0,0.47,0.0,0,0,20,7,2,1,0.35,0,0,1,0.0,0,negative_soft
synthetic_user_0188,40a8032b-e43c-43dc-ba5f-d650f1c0a979,2025-10-22T04:09:34,1,1,1,0,1,3,64.87,1,1,1,0,0,0,1,0.41,0.0,0,1,3,2,1,1,0.6667,3,0,1,0.0,0,negative_hard
synthetic_user_0188,59bf0b38-d7b5-4024-a66e-a03f1b47095d,2025-10-22T04:09:34,1,1,1,0,1,3,64.87,1,1,1,0,0,0,3,1.03,0.0,0,1,3,2,1,0,0.6667,3,0,1,0.0,0,negative_hard
synthetic_user_0188,b1e94dc4-e19f-4e9b-85e1-69c3b4ab0e97,2025-10-22T04:09:34,1,1,1,0,1,3,64.87,1,1,1,0,0,0,3,1.03,0.0,0,1,1,0,0,0,0.0,3,0,1,0.0,0,negative_hard
synthetic_user_0188,8706bbb8-8343-4edc-9af4-244b9cad76aa,2025-10-22T04:09:34,1,1,0,1,0,3,64.87,1,1,1,0,0,0,0,0.47,0.0,0,0,20,7,2,1,0.35,0,0,1,0.0,0,negative_soft
synthetic_user_0171,ea97dfce-6731-4b1d-9b03-485d04de4867,2025-10-22T05:11:36,1,1,1,0,1,3,53.02,3,1,1,1,2,0,3,1.03,0.0,0,1,4,0,0,0,0.0,8,0,1,0.0,0,negative_hard
synthetic_user_0171,dcf38bea-591e-47ae-aaaf-e01b841cc3b3,2025-10-22T05:11:36,1,1,1,0,1,3,53.02,3,1,1,1,2,0,1,0.69,0.0,0,1,2,0,0,0,0.0,8,0,1,0.0,0,negative_hard
synthetic_user_0171,dbcab77a-8d8a-4721-b07d-d5d9ecc7874d,2025-10-22T05:11:36,1,1,1,0,1,3,53.02,3,1,1,1,2,0,1,0.58,0.0,0,0,1,0,0,0,0.0,8,0,1,0.0,0,negative_hard
synthetic_user_0171,7c1af9a0-cf09-4356-8c0d-d762fbb21208,2025-10-22T05:11:36,0,0,0,2,0,3,53.02,3,1,1,1,2,0,1,1.76,0.0,0,1,3,0,0,0,0.0,0,0,0,0.0,0,negative_soft
synthetic_user_0171,a8231f34-c157-4fcd-b08a-5a3420cc0cee,2025-10-22T05:19:48,1,1,1,0,1,3,53.03,3,2,1,1,2,0,1,0.69,0.0,0,1,2,1,0,0,0.5,9,0,1,0.0,0,negative_hard
synthetic_user_0171,dcf38bea-591e-47ae-aaaf-e01b841cc3b3,2025-10-22T05:19:48,1,1,1,0,1,3,53.03,3,2,1,1,2,0,1,0.69,0.0,0,1,2,0,0,0,0.0,9,0,1,0.0,0,negative_hard
synthetic_user_0171,5a0f55cf-16af-4459-9030-0c7c6e11207f,2025-10-22T05:19:48,1,1,1,0,1,3,53.03,3,2,1,1,2,0,0,0.58,0.0,0,0,0,0,0,0,0.0,9,0,1,0.0,0,negative_hard
synthetic_user_0171,7c1af9a0-cf09-4356-8c0d-d762fbb21208,2025-10-22T05:19:48,0,0,0,2,0,3,53.03,3,2,1,1,2,0,1,1.76,0.0,0,1,3,0,0,0,0.0,0,0,0,0.0,0,negative_soft
synthetic_user_0049,e06a75b5-86f9-4daf-b871-0fba7b7ba57d,2025-10-22T08:02:03,1,1,1,0,1,3,38.46,3,2,1,1,0,0,1,0.58,0.0,0,0,1,0,0,0,0.0,7,0,1,0.0,0,negative_hard
synthetic_user_0049,f6081dfd-75ec-4719-a05b-6ec1f95df15f,2025-10-22T08:02:03,1,1,1,0,1,3,38.46,3,2,1,1,0,0,1,1.05,0.0,0,1,5,1,0,1,0.2,7,0,1,0.0,0,negative_hard
synthetic_user_0049,a8231f34-c157-4fcd-b08a-5a3420cc0cee,2025-10-22T08:02:03,1,1,1,0,1,3,38.46,3,2,1,1,0,0,1,0.69,0.0,0,1,2,1,0,0,0.5,7,0,1,0.0,0,negative_hard
synthetic_user_0049,8706bbb8-8343-4edc-9af4-244b9cad76aa,2025-10-22T08:02:03,1,1,0,1,0,3,38.46,3,2,1,1,0,0,0,0.47,0.0,0,0,20,7,2,1,0.35,0,0,1,0.0,0,negative_soft
synthetic_user_0093,a18002e2-24a3-4da4-b558-ea8cadcb047e,2025-10-22T08:52:34,1,1,1,0,1,3,65.02,1,0,0,0,0,0,0,0.58,0.0,0,0,3,2,0,1,0.6667,1,0,0,0.0,0,negative_hard
synthetic_user_0093,8b44ea69-a5bb-4779-8c63-bf20e4da58c7,2025-10-22T08:52:34,1,1,1,0,1,3,65.02,1,0,0,0,0,0,1,0.69,0.0,0,1,3,3,0,1,1.0,1,0,0,0.0,0,negative_hard
synthetic_user_0093,f6081dfd-75ec-4719-a05b-6ec1f95df15f,2025-10-22T08:52:34,1,1,1,0,1,3,65.02,1,0,0,0,0,0,1,1.05,0.0,0,1,5,1,0,1,0.2,1,0,0,0.0,0,negative_hard
synthetic_user_0093,7c1af9a0-cf09-4356-8c0d-d762fbb21208,2025-10-22T08:52:34,0,0,0,2,0,3,65.02,1,0,0,0,0,0,1,1.76,0.0,0,1,3,0,0,0,0.0,0,0,0,0.0,0,negative_soft
synthetic_user_0093,8b44ea69-a5bb-4779-8c63-bf20e4da58c7,2025-10-22T08:53:38,1,1,1,0,1,3,65.02,1,1,0,0,0,0,1,0.69,0.0,0,1,3,3,0,1,1.0,2,0,1,0.0,0,negative_hard
synthetic_user_0093,2c1e63cb-30f5-4e05-92af-ea93368ef4ab,2025-10-22T08:53:38,1,1,1,0,1,3,65.02,1,1,0,0,0,0,1,0.41,0.0,0,1,6,4,1,1,0.6667,2,0,1,0.0,0,negative_hard
synthetic_user_0093,59bf0b38-d7b5-4024-a66e-a03f1b47095d,2025-10-22T08:53:38,1,1,1,0,1,3,65.02,1,1,0,0,0,0,3,1.03,0.0,0,1,3,2,1,0,0.6667,2,0,1,0.0,0,negative_hard
synthetic_user_0093,7c1af9a0-cf09-4356-8c0d-d762fbb21208,2025-10-22T08:53:38,0,0,0,2,0,3,65.02,1,1,0,0,0,0,1,1.76,0.0,0,1,3,0,0,0,0.0,0,0,0,0.0,0,negative_soft
synthetic_user_0093,8b44ea69-a5bb-4779-8c63-bf20e4da58c7,2025-10-22T09:04:50,1,1,1,0,1,3,65.03,1,1,1,0,0,0,1,0.69,0.0,0,1,3,3,0,1,1.0,3,0,1,0.0,0,negative_hard
synthetic_user_0093,087164bc-8a57-44b1-bd06-0644f475917b,2025-10-22T09:04:50,1,1,1,0,1,3,65.03,1,1,1,0,0,0,0,0.58,0.0,0,0,3,1,1,0,0.3333,3,0,1,0.0,0,negative_hard
synthetic_user_0093,5a0f55cf-16af-4459-9030-0c7c6e11207f,2025-10-22T09:04:50,1,1,1,0,1,3,65.03,1,1,1,0,0,0,0,0.58,0.0,0,0,0,0,0,0,0.0,3,0,1,0.0,0,negative_hard
synthetic_user_0093,7c1af9a0-cf09-4356-8c0d-d762fbb21208,2025-10-22T09:04:50,0,0,0,2,0,3,65.03,1,1,1,0,0,0,1,1.76,0.0,0,1,3,0,0,0,0.0,0,0,0,0.0,0,negative_soft
synthetic_user_0190,95461cac-4301-4ade-8b3c-98201e8731db,2025-10-24T03:17:49,1,1,1,0,1,3,55.38,1,1,0,1,0,0,1,0.41,0.0,0,1,2,0,0,0,0.0,3,0,1,0.0,0,negative_hard
synthetic_user_0190,fbb68aab-9b3b-4e24-9109-ea047f927347,2025-10-24T03:17:49,1,1,1,0,1,3,55.38,1,1,0,1,0,0,3,1.03,0.0,0,1,3,1,1,0,0.3333,3,0,1,0.0,0,negative_hard
synthetic_user_0190,bd6bddb1-3e29-4767-a194-6196e46f7456,2025-10-24T03:17:49,1,1,1,0,1,3,55.38,1,1,0,1,0,0,1,0.41,0.0,0,1,1,0,0,0,0.0,3,0,1,0.0,0,negative_hard
synthetic_user_0190,7c1af9a0-cf09-4356-8c0d-d762fbb21208,2025-10-24T03:17:49,0,0,0,2,0,3,55.38,1,1,0,1,0,0,1,1.76,0.0,0,1,3,0,0,0,0.0,0,0,0,0.0,0,negative_soft
synthetic_user_0109,dbcab77a-8d8a-4721-b07d-d5d9ecc7874d,2025-10-24T05:28:08,0,0,0,2,0,1,49.16,1,0,0,0,0,0,1,0.58,0.0,0,0,1,0,0,0,0.0,0,0,0,0.0,0,negative_soft
synthetic_user_0109,bd6bddb1-3e29-4767-a194-6196e46f7456,2025-10-24T05:28:08,0,0,0,2,0,1,49.16,1,0,0,0,0,0,1,0.41,0.0,0,1,1,0,0,0,0.0,0,0,0,0.0,0,negative_soft
synthetic_user_0109,e72c3d3b-cf36-4cc4-9a40-d8cc5d28df84,2025-10-24T05:28:08,0,0,0,2,0,1,49.16,1,0,0,0,0,0,1,0.41,0.0,0,1,5,4,2,2,0.8,0,0,0,0.0,0,negative_soft
synthetic_user_0109,33f6e3a9-237d-433e-b4b6-238e44c80117,2025-10-24T05:28:08,0,0,0,2,0,1,49.16,1,0,0,0,0,0,1,0.58,0.0,0,0,0,0,0,0,0.0,0,0,0,0.0,0,negative_soft
synthetic_user_0145,59bf0b38-d7b5-4024-a66e-a03f1b47095d,2025-10-25T00:02:54,1,1,1,0,1,3,56.44,1,0,0,0,0,0,3,1.03,0.0,0,1,3,2,1,0,0.6667,1,0,0,0.0,0,negative_hard
synthetic_user_0145,a18002e2-24a3-4da4-b558-ea8cadcb047e,2025-10-25T00:02:54,1,1,1,0,1,3,56.44,1,0,0,0,0,0,0,0.58,0.0,0,0,4,2,0,1,0.5,1,0,0,0.0,0,negative_hard
synthetic_user_0145,dcf38bea-591e-47ae-aaaf-e01b841cc3b3,2025-10-25T00:02:54,1,1,1,0,1,3,56.44,1,0,0,0,0,0,1,0.69,0.0,0,1,2,0,0,0,0.0,1,0,0,0.0,0,negative_hard
synthetic_user_0088,c5310615-4076-41e9-9064-736593600471,2025-10-25T05:00:27,1,1,1,0,1,3,43.2,1,0,0,0,0,0,0,1.03,0.0,0,0,7,2,0,1,0.2857,0,0,0,0.0,0,negative_hard
synthetic_user_0088,e06a75b5-86f9-4daf-b871-0fba7b7ba57d,2025-10-25T05:00:27,1,1,1,0,1,3,43.2,1,0,0,0,0,0,1,0.58,0.0,0,0,1,0,0,0,0.0,0,0,0,0.0,0,negative_hard
synthetic_user_0088,e72c3d3b-cf36-4cc4-9a40-d8cc5d28df84,2025-10-25T05:00:27,1,1,1,0,1,3,43.2,1,0,0,0,0,0,1,0.41,0.0,0,1,5,4,2,2,0.8,0,0,0,0.0,0,negative_hard
synthetic_user_0088,7c1af9a0-cf09-4356-8c0d-d762fbb21208,2025-10-25T05:00:27,0,0,0,2,0,3,43.2,1,0,0,0,0,0,1,1.76,0.0,0,1,5,1,0,0,0.2,0,0,0,0.0,0,negative_soft
synthetic_user_0104,f6081dfd-75ec-4719-a05b-6ec1f95df15f,2025-10-25T05:42:24,1,1,0,1,0,4,58.56,1,0,0,0,0,1,1,1.05,0.0,0,1,6,1,0,1,0.1667,0,0,0,0.0,0,negative_soft
synthetic_user_0104,59bf0b38-d7b5-4024-a66e-a03f1b47095d,2025-10-25T05:42:24,1,1,0,1,0,4,58.56,1,0,0,0,0,1,3,1.03,0.0,0,1,3,2,1,0,0.6667,0,0,0,0.0,0,negative_soft
synthetic_user_0104,dcd20897-e14a-43fc-b2ba-66bb4a569874,2025-10-25T05:42:24,1,1,0,1,0,4,58.56,1,0,0,0,0,1,1,0.69,0.0,0,1,2,0,0,0,0.0,0,0,0,0.0,0,negative_soft
synthetic_user_0104,e06a75b5-86f9-4daf-b871-0fba7b7ba57d,2025-10-25T05:42:24,1,1,0,1,0,4,58.56,1,0,0,0,0,1,1,0.58,0.0,0,0,1,0,0,0,0.0,0,0,0,0.0,0,negative_soft
synthetic_user_0104,33f6e3a9-237d-433e-b4b6-238e44c80117,2025-10-25T05:53:12,1,1,0,1,0,4,58.57,1,1,0,0,0,1,1,0.58,0.0,0,0,0,0,0,0,0.0,0,0,1,0.0,0,negative_soft
synthetic_user_0104,dbcab77a-8d8a-4721-b07d-d5d9ecc7874d,2025-10-25T05:53:12,1,1,0,1,0,4,58.57,1,1,0,0,0,1,1,0.58,0.0,0,0,1,0,0,0,0.0,0,0,1,0.0,0,negative_soft
synthetic_user_0104,bd6bddb1-3e29-4767-a194-6196e46f7456,2025-10-25T05:53:12,1,1,0,1,0,4,58.57,1,1,0,0,0,1,1,0.41,0.0,0,1,1,0,0,0,0.0,0,0,1,0.0,0,negative_soft
synthetic_user_0104,09593622-ad83-4d14-8236-17bea51dbb13,2025-10-25T05:53:12,1,1,0,1,0,4,58.57,1,1,0,0,0,1,1,0.69,0.0,0,1,6,3,1,2,0.5,0,0,1,0.0,0,negative_soft
synthetic_user_0113,8b44ea69-a5bb-4779-8c63-bf20e4da58c7,2025-10-25T07:25:55,1,1,1,0,1,3,62.25,1,0,0,0,0,1,1,0.69,0.0,0,1,3,3,0,1,1.0,1,0,0,0.0,0,negative_hard
synthetic_user_0113,c5310615-4076-41e9-9064-736593600471,2025-10-25T07:25:55,1,1,1,0,1,3,62.25,1,0,0,0,0,1,0,1.03,0.0,0,0,7,2,0,1,0.2857,1,0,0,0.0,0,negative_hard
synthetic_user_0113,ea97dfce-6731-4b1d-9b03-485d04de4867,2025-10-25T07:25:55,1,1,1,0,1,3,62.25,1,0,0,0,0,1,3,1.03,0.0,0,1,4,0,0,0,0.0,1,0,0,0.0,0,negative_hard
synthetic_user_0113,8706bbb8-8343-4edc-9af4-244b9cad76aa,2025-10-25T07:25:55,1,1,0,1,0,3,62.25,1,0,0,0,0,1,0,0.47,0.0,0,0,23,9,2,2,0.3913,0,0,0,0.0,0,negative_soft
synthetic_user_0180,59bf0b38-d7b5-4024-a66e-a03f1b47095d,2025-10-25T08:23:38,1,1,1,0,1,3,48.37,2,1,1,0,0,0,3,1.03,0.0,0,1,3,2,1,0,0.6667,3,0,1,0.0,0,negative_hard
synthetic_user_0180,e06a75b5-86f9-4daf-b871-0fba7b7ba57d,2025-10-25T08:23:38,1,1,1,0,1,3,48.37,2,1,1,0,0,0,1,0.58,0.0,0,0,1,0,0,0,0.0,3,0,1,0.0,0,negative_hard
synthetic_user_0180,c5310615-4076-41e9-9064-736593600471,2025-10-25T08:23:38,1,1,1,0,1,3,48.37,2,1,1,0,0,0,0,1.03,0.0,0,0,7,2,0,1,0.2857,3,0,1,0.0,0,negative_hard
synthetic_user_0180,7c1af9a0-cf09-4356-8c0d-d762fbb21208,2025-10-25T08:23:38,0,0,0,2,0,3,48.37,2,1,1,0,0,0,1,1.76,0.0,0,1,5,1,0,0,0.2,0,0,0,0.0,0,negative_soft
synthetic_user_0200,c5310615-4076-41e9-9064-736593600471,2025-10-25T21:19:53,1,1,1,0,1,3,51.37,1,0,0,0,0,0,0,1.03,0.0,0,0,7,2,0,1,0.2857,1,0,0,0.0,0,negative_hard
synthetic_user_0200,5a0f55cf-16af-4459-9030-0c7c6e11207f,2025-10-25T21:19:53,1,1,1,0,1,3,51.37,1,0,0,0,0,0,0,0.58,0.0,0,0,0,0,0,0,0.0,1,0,0,0.0,0,negative_hard
synthetic_user_0200,98a77293-8faf-4d27-8248-6eb91f481d8f,2025-10-25T21:19:53,1,1,1,0,1,3,51.37,1,0,0,0,0,0,0,0.58,0.0,0,0,6,5,1,3,0.8333,1,0,0,0.0,0,negative_hard
synthetic_user_0200,8706bbb8-8343-4edc-9af4-244b9cad76aa,2025-10-25T21:19:53,1,1,0,1,0,3,51.37,1,0,0,0,0,0,0,0.47,0.0,0,0,24,9,2,2,0.375,0,0,0,0.0,0,negative_soft
synthetic_user_0200,a8231f34-c157-4fcd-b08a-5a3420cc0cee,2025-10-25T21:36:34,1,1,1,0,1,3,51.38,1,1,0,0,0,0,1,0.69,0.0,0,1,2,1,0,0,0.5,2,0,1,0.0,0,negative_hard
synthetic_user_0200,dcf38bea-591e-47ae-aaaf-e01b841cc3b3,2025-10-25T21:36:34,1,1,1,0,1,3,51.38,1,1,0,0,0,0,1,0.69,0.0,0,1,2,0,0,0,0.0,2,0,1,0.0,0,negative_hard
synthetic_user_0200,087164bc-8a57-44b1-bd06-0644f475917b,2025-10-25T21:36:34,1,1,1,0,1,3,51.38,1,1,0,0,0,0,0,0.58,0.0,0,0,4,2,1,0,0.5,2,0,1,0.0,0,negative_hard
synthetic_user_0200,8706bbb8-8343-4edc-9af4-244b9cad76aa,2025-10-25T21:36:34,1,1,0,1,0,3,51.38,1,1,0,0,0,0,0,0.47,0.0,0,0,24,9,2,2,0.375,0,0,1,0.0,0,negative_soft
synthetic_user_0197,dbcab77a-8d8a-4721-b07d-d5d9ecc7874d,2025-10-26T00:53:26,1,1,0,1,0,4,41.74,3,0,0,0,1,0,1,0.58,0.0,0,0,1,0,0,0,0.0,0,0,1,0.0,0,negative_soft
synthetic_user_0197,e06a75b5-86f9-4daf-b871-0fba7b7ba57d,2025-10-26T00:53:26,1,1,0,1,0,4,41.74,3,0,0,0,1,0,1,0.58,0.0,0,0,1,0,0,0,0.0,0,0,1,0.0,0,negative_soft
synthetic_user_0197,40a8032b-e43c-43dc-ba5f-d650f1c0a979,2025-10-26T00:53:26,1,1,0,1,0,4,41.74,3,0,0,0,1,0,1,0.41,0.0,0,1,4,3,2,1,0.75,0,0,1,0.0,0,negative_soft
synthetic_user_0197,ea97dfce-6731-4b1d-9b03-485d04de4867,2025-10-26T00:53:26,1,1,0,1,0,4,41.74,3,0,0,0,1,0,3,1.03,0.0,0,1,4,0,0,0,0.0,0,0,1,0.0,0,negative_soft
synthetic_user_0085,b1e94dc4-e19f-4e9b-85e1-69c3b4ab0e97,2025-10-26T00:53:35,1,1,1,0,1,3,70.35,1,0,0,0,0,0,3,1.03,0.0,0,1,2,1,1,1,0.5,0,0,0,0.0,0,negative_hard
synthetic_user_0085,40a8032b-e43c-43dc-ba5f-d650f1c0a979,2025-10-26T00:53:35,1,1,1,0,1,3,70.35,1,0,0,0,0,0,1,0.41,0.0,0,1,4,3,2,1,0.75,0,0,0,0.0,0,negative_hard
synthetic_user_0085,5a0f55cf-16af-4459-9030-0c7c6e11207f,2025-10-26T00:53:35,1,1,1,0,1,3,70.35,1,0,0,0,0,0,0,0.58,0.0,0,0,0,0,0,0,0.0,0,0,0,0.0,0,negative_hard
synthetic_user_0085,8706bbb8-8343-4edc-9af4-244b9cad76aa,2025-10-26T00:53:35,1,1,0,1,0,3,70.35,1,0,0,0,0,0,0,0.47,0.0,0,0,25,10,2,2,0.4,0,0,0,0.0,0,negative_soft
synthetic_user_0079,40a8032b-e43c-43dc-ba5f-d650f1c0a979,2025-10-26T20:00:12,1,1,1,0,1,3,44.22,2,0,0,0,1,0,1,0.41,0.0,0,1,4,3,2,1,0.75,3,0,1,0.0,0,negative_hard
synthetic_user_0079,45a799e0-5716-4209-b489-bd8f9ef13974,2025-10-26T20:00:12,1,1,1,0,1,3,44.22,2,0,0,0,1,0,1,0.41,0.0,0,1,0,0,0,0,0.0,3,0,1,0.0,0,negative_hard
synthetic_user_0079,dcd20897-e14a-43fc-b2ba-66bb4a569874,2025-10-26T20:00:12,1,1,1,0,1,3,44.22,2,0,0,0,1,0,1,0.69,0.0,0,1,2,0,0,0,0.0,3,0,1,0.0,0,negative_hard
synthetic_user_0079,8706bbb8-8343-4edc-9af4-244b9cad76aa,2025-10-26T20:00:12,1,1,0,1,0,3,44.22,2,0,0,0,1,0,0,0.47,0.0,0,0,25,10,2,2,0.4,0,0,1,0.0,0,negative_soft
synthetic_user_0079,e72c3d3b-cf36-4cc4-9a40-d8cc5d28df84,2025-10-26T20:15:49,1,1,1,0,1,3,44.23,2,1,0,0,1,0,1,0.41,0.0,0,1,5,4,2,2,0.8,4,0,2,0.0,0,negative_hard
synthetic_user_0079,b1e94dc4-e19f-4e9b-85e1-69c3b4ab0e97,2025-10-26T20:15:49,1,1,1,0,1,3,44.23,2,1,0,0,1,0,3,1.03,0.0,0,1,2,1,1,1,0.5,4,0,2,0.0,0,negative_hard
synthetic_user_0079,98a77293-8faf-4d27-8248-6eb91f481d8f,2025-10-26T20:15:49,1,1,1,0,1,3,44.23,2,1,0,0,1,0,0,0.58,0.0,0,0,6,5,1,3,0.8333,4,0,2,0.0,0,negative_hard
synthetic_user_0079,8706bbb8-8343-4edc-9af4-244b9cad76aa,2025-10-26T20:15:49,1,1,0,1,0,3,44.23,2,1,0,0,1,0,0,0.47,0.0,0,0,25,10,2,2,0.4,0,0,2,0.0,0,negative_soft
synthetic_user_0180,59bf0b38-d7b5-4024-a66e-a03f1b47095d,2025-10-27T06:26:36,1,1,1,0,1,3,50.29,2,1,1,0,1,0,3,1.03,0.0,0,1,4,2,1,0,0.5,3,0,2,0.0,0,negative_hard
synthetic_user_0180,b1e94dc4-e19f-4e9b-85e1-69c3b4ab0e97,2025-10-27T06:26:36,1,1,1,0,1,3,50.29,2,1,1,0,1,0,3,1.03,0.0,0,1,2,1,1,1,0.5,3,0,2,0.0,0,negative_hard
synthetic_user_0180,ea97dfce-6731-4b1d-9b03-485d04de4867,2025-10-27T06:26:36,1,1,1,0,1,3,50.29,2,1,1,0,1,0,3,1.03,0.0,0,1,4,0,0,0,0.0,3,0,2,0.0,0,negative_hard
synthetic_user_0180,7c1af9a0-cf09-4356-8c0d-d762fbb21208,2025-10-27T06:26:36,0,0,0,2,0,3,50.29,2,1,1,0,1,0,1,1.76,0.0,0,1,6,1,0,0,0.1667,0,0,0,0.0,0,negative_soft
synthetic_user_0180,a18002e2-24a3-4da4-b558-ea8cadcb047e,2025-10-27T06:54:33,1,1,1,0,1,3,50.31,3,1,1,0,1,0,0,0.58,0.0,0,0,5,2,0,1,0.4,3,0,2,0.0,0,negative_hard
synthetic_user_0180,fbb68aab-9b3b-4e24-9109-ea047f927347,2025-10-27T06:54:33,1,1,1,0,1,3,50.31,3,1,1,0,1,0,3,1.03,0.0,0,1,3,1,1,0,0.3333,3,0,2,0.0,0,negative_hard
synthetic_user_0180,f6081dfd-75ec-4719-a05b-6ec1f95df15f,2025-10-27T06:54:33,1,1,1,0,1,3,50.31,3,1,1,0,1,0,1,1.05,0.0,0,1,6,1,0,1,0.1667,3,0,2,0.0,0,negative_hard
synthetic_user_0180,7c1af9a0-cf09-4356-8c0d-d762fbb21208,2025-10-27T06:54:33,0,0,0,2,0,3,50.31,3,1,1,0,1,0,1,1.76,0.0,0,1,6,1,0,0,0.1667,0,0,0,0.0,0,negative_soft
synthetic_user_0054,e06a75b5-86f9-4daf-b871-0fba7b7ba57d,2025-10-28T00:06:24,1,1,1,0,1,3,43.21,1,0,0,0,0,1,1,0.58,0.0,0,0,1,0,0,0,0.0,0,0,0,0.0,0,negative_hard
synthetic_user_0054,85526add-cd5a-4107-a07e-62ff3f493082,2025-10-28T00:06:24,1,1,1,0,1,3,43.21,1,0,0,0,0,1,0,0.41,0.0,0,0,4,3,0,1,0.75,0,0,0,0.0,0,negative_hard
synthetic_user_0054,087164bc-8a57-44b1-bd06-0644f475917b,2025-10-28T00:06:24,1,1,1,0,1,3,43.21,1,0,0,0,0,1,0,0.58,0.0,0,0,4,2,1,0,0.5,0,0,0,0.0,0,negative_hard
synthetic_user_0054,7c1af9a0-cf09-4356-8c0d-d762fbb21208,2025-10-28T00:06:24,0,0,0,2,0,3,43.21,1,0,0,0,0,1,1,1.76,0.0,0,1,6,1,0,0,0.1667,0,0,0,0.0,0,negative_soft
synthetic_user_0194,fbb68aab-9b3b-4e24-9109-ea047f927347,2025-10-28T01:26:43,1,1,1,0,1,3,45.95,2,0,0,0,0,1,3,1.03,0.0,0,1,3,1,1,0,0.3333,2,0,0,0.0,0,negative_hard
synthetic_user_0194,dcf38bea-591e-47ae-aaaf-e01b841cc3b3,2025-10-28T01:26:43,1,1,1,0,1,3,45.95,2,0,0,0,0,1,1,0.69,0.0,0,1,2,0,0,0,0.0,2,0,0,0.0,0,negative_hard
synthetic_user_0194,09593622-ad83-4d14-8236-17bea51dbb13,2025-10-28T01:26:43,1,1,1,0,1,3,45.95,2,0,0,0,0,1,1,0.69,0.0,0,1,7,3,1,2,0.4286,2,0,0,0.0,0,negative_hard
synthetic_user_0194,7c1af9a0-cf09-4356-8c0d-d762fbb21208,2025-10-28T01:26:43,0,0,0,2,0,3,45.95,2,0,0,0,0,1,1,1.76,0.0,0,1,6,1,0,0,0.1667,0,0,0,0.0,0,negative_soft
synthetic_user_0052,dbcab77a-8d8a-4721-b07d-d5d9ecc7874d,2025-10-28T06:46:35,1,1,1,0,1,3,62.44,1,0,0,0,0,0,1,0.58,0.0,0,0,1,0,0,0,0.0,1,0,0,0.0,0,negative_hard
synthetic_user_0052,ea97dfce-6731-4b1d-9b03-485d04de4867,2025-10-28T06:46:35,1,1,1,0,1,3,62.44,1,0,0,0,0,0,3,1.03,0.0,0,1,4,0,0,0,0.0,1,0,0,0.0,0,negative_hard
synthetic_user_0052,dcf38bea-591e-47ae-aaaf-e01b841cc3b3,2025-10-28T06:46:35,1,1,1,0,1,3,62.44,1,0,0,0,0,0,1,0.69,0.0,0,1,2,0,0,0,0.0,1,0,0,0.0,0,negative_hard
synthetic_user_0052,8706bbb8-8343-4edc-9af4-244b9cad76aa,2025-10-28T06:46:35,1,1,0,1,0,3,62.44,1,0,0,0,0,0,0,0.47,0.0,0,0,27,11,2,2,0.4074,0,0,0,0.0,0,negative_soft
synthetic_user_0052,dcd20897-e14a-43fc-b2ba-66bb4a569874,2025-10-28T06:51:01,1,1,1,0,1,3,62.45,1,1,0,0,0,0,1,0.69,0.0,0,1,2,0,0,0,0.0,2,0,1,0.0,0,negative_hard
synthetic_user_0052,40a8032b-e43c-43dc-ba5f-d650f1c0a979,2025-10-28T06:51:01,1,1,1,0,1,3,62.45,1,1,0,0,0,0,1,0.41,0.0,0,1,4,3,2,1,0.75,2,0,1,0.0,0,negative_hard
synthetic_user_0052,dbcab77a-8d8a-4721-b07d-d5d9ecc7874d,2025-10-28T06:51:01,1,1,1,0,1,3,62.45,1,1,0,0,0,0,1,0.58,0.0,0,0,1,0,0,0,0.0,2,0,1,0.0,0,negative_hard
synthetic_user_0052,8706bbb8-8343-4edc-9af4-244b9cad76aa,2025-10-28T06:51:01,1,1,0,1,0,3,62.45,1,1,0,0,0,0,0,0.47,0.0,0,0,27,11,2,2,0.4074,0,0,1,0.0,0,negative_soft
synthetic_user_0051,95461cac-4301-4ade-8b3c-98201e8731db,2025-10-28T07:51:24,1,1,1,0,1,3,46.24,1,1,0,0,0,1,1,0.41,0.0,0,1,2,0,0,0,0.0,2,0,1,0.0,0,negative_hard
synthetic_user_0051,40a8032b-e43c-43dc-ba5f-d650f1c0a979,2025-10-28T07:51:24,1,1,1,0,1,3,46.24,1,1,0,0,0,1,1,0.41,0.0,0,1,4,3,2,1,0.75,2,0,1,0.0,0,negative_hard
synthetic_user_0051,09593622-ad83-4d14-8236-17bea51dbb13,2025-10-28T07:51:24,1,1,1,0,1,3,46.24,1,1,0,0,0,1,1,0.69,0.0,0,1,7,3,1,2,0.4286,2,0,1,0.0,0,negative_hard
synthetic_user_0051,7c1af9a0-cf09-4356-8c0d-d762fbb21208,2025-10-28T07:51:24,0,0,0,2,0,3,46.24,1,1,0,0,0,1,1,1.76,0.0,0,1,6,1,0,0,0.1667,0,0,0,0.0,0,negative_soft
synthetic_user_0121,95461cac-4301-4ade-8b3c-98201e8731db,2025-10-29T08:04:28,1,1,1,0,1,3,58.44,2,0,0,0,1,0,1,0.41,0.0,0,1,2,0,0,0,0.0,3,0,1,0.0,0,negative_hard
synthetic_user_0121,40a8032b-e43c-43dc-ba5f-d650f1c0a979,2025-10-29T08:04:28,1,1,1,0,1,3,58.44,2,0,0,0,1,0,1,0.41,0.0,0,1,4,3,2,1,0.75,3,0,1,0.0,0,negative_hard
synthetic_user_0121,dcd20897-e14a-43fc-b2ba-66bb4a569874,2025-10-29T08:04:28,1,1,1,0,1,3,58.44,2,0,0,0,1,0,1,0.69,0.0,0,1,2,0,0,0,0.0,3,0,1,0.0,0,negative_hard
synthetic_user_0121,8706bbb8-8343-4edc-9af4-244b9cad76aa,2025-10-29T08:04:28,1,1,0,1,0,3,58.44,2,0,0,0,1,0,0,0.47,0.0,0,0,27,11,2,2,0.4074,0,0,1,0.0,0,negative_soft
synthetic_user_0024,e72c3d3b-cf36-4cc4-9a40-d8cc5d28df84,2025-10-29T18:25:03,1,1,1,0,1,3,56.67,1,0,0,0,1,0,1,0.41,0.0,0,1,6,4,2,2,0.6667,2,0,1,0.0,0,negative_hard
synthetic_user_0024,98a77293-8faf-4d27-8248-6eb91f481d8f,2025-10-29T18:25:03,1,1,1,0,1,3,56.67,1,0,0,0,1,0,0,0.58,0.0,0,0,6,5,1,3,0.8333,2,0,1,0.0,0,negative_hard
synthetic_user_0024,8b44ea69-a5bb-4779-8c63-bf20e4da58c7,2025-10-29T18:25:03,1,1,1,0,1,3,56.67,1,0,0,0,1,0,1,0.69,0.0,0,1,4,4,1,1,1.0,2,0,1,0.0,0,negative_hard
synthetic_user_0024,8706bbb8-8343-4edc-9af4-244b9cad76aa,2025-10-29T18:25:03,1,1,0,1,0,3,56.67,1,0,0,0,1,0,0,0.47,0.0,0,0,27,11,2,2,0.4074,0,0,1,0.0,0,negative_soft
synthetic_user_0024,ea97dfce-6731-4b1d-9b03-485d04de4867,2025-10-29T18:46:11,1,1,1,0,1,3,56.68,2,0,0,0,1,0,3,1.03,0.0,0,1,4,0,0,0,0.0,3,0,1,0.0,0,negative_hard
synthetic_user_0024,830353af-6497-4bc7-bab8-08114b64b682,2025-10-29T18:46:11,1,1,1,0,1,3,56.68,2,0,0,0,1,0,0,1.05,0.0,0,0,5,3,0,0,0.6,3,0,1,0.0,0,negative_hard
synthetic_user_0024,45a799e0-5716-4209-b489-bd8f9ef13974,2025-10-29T18:46:11,1,1,1,0,1,3,56.68,2,0,0,0,1,0,1,0.41,0.0,0,1,0,0,0,0,0.0,3,0,1,0.0,0,negative_hard
synthetic_user_0024,8706bbb8-8343-4edc-9af4-244b9cad76aa,2025-10-29T18:46:11,1,1,0,1,0,3,56.68,2,0,0,0,1,0,0,0.47,0.0,0,0,27,11,2,2,0.4074,0,0,1,0.0,0,negative_soft
synthetic_user_0054,5a0f55cf-16af-4459-9030-0c7c6e11207f,2025-10-29T22:24:41,1,1,1,0,1,3,45.14,2,1,0,0,0,1,0,0.58,0.0,0,0,1,0,0,0,0.0,1,0,1,0.0,0,negative_hard
synthetic_user_0054,b1e94dc4-e19f-4e9b-85e1-69c3b4ab0e97,2025-10-29T22:24:41,1,1,1,0,1,3,45.14,2,1,0,0,0,1,3,1.03,0.0,0,1,2,1,1,1,0.5,1,0,1,0.0,0,negative_hard
synthetic_user_0054,c5310615-4076-41e9-9064-736593600471,2025-10-29T22:24:41,1,1,1,0,1,3,45.14,2,1,0,0,0,1,0,1.03,0.0,0,0,7,2,0,1,0.2857,1,0,1,0.0,0,negative_hard
synthetic_user_0054,7c1af9a0-cf09-4356-8c0d-d762fbb21208,2025-10-29T22:24:41,0,0,0,2,0,3,45.14,2,1,0,0,0,1,1,1.76,0.0,0,1,6,1,0,0,0.1667,0,0,0,0.0,0,negative_soft
synthetic_user_0054,ea97dfce-6731-4b1d-9b03-485d04de4867,2025-10-29T22:38:09,1,1,1,0,1,3,45.14,3,1,0,0,0,1,3,1.03,0.0,0,1,4,0,0,0,0.0,1,0,1,0.0,0,negative_hard
synthetic_user_0054,2c1e63cb-30f5-4e05-92af-ea93368ef4ab,2025-10-29T22:38:09,1,1,1,0,1,3,45.14,3,1,0,0,0,1,1,0.41,0.0,0,1,8,4,1,1,0.5,1,0,1,0.0,0,negative_hard
synthetic_user_0054,830353af-6497-4bc7-bab8-08114b64b682,2025-10-29T22:38:09,1,1,1,0,1,3,45.14,3,1,0,0,0,1,0,1.05,0.0,0,0,5,3,0,0,0.6,1,0,1,0.0,0,negative_hard
synthetic_user_0054,7c1af9a0-cf09-4356-8c0d-d762fbb21208,2025-10-29T22:38:09,0,0,0,2,0,3,45.14,3,1,0,0,0,1,1,1.76,0.0,0,1,6,1,0,0,0.1667,0,0,0,0.0,0,negative_soft
synthetic_user_0145,5a0f55cf-16af-4459-9030-0c7c6e11207f,2025-10-29T22:47:13,1,1,1,0,1,3,61.39,1,0,0,0,1,0,0,0.58,0.0,0,0,1,0,0,0,0.0,2,0,1,0.0,0,negative_hard
synthetic_user_0145,e06a75b5-86f9-4daf-b871-0fba7b7ba57d,2025-10-29T22:47:13,1,1,1,0,1,3,61.39,1,0,0,0,1,0,1,0.58,0.0,0,0,1,0,0,0,0.0,2,0,1,0.0,0,negative_hard
synthetic_user_0145,85526add-cd5a-4107-a07e-62ff3f493082,2025-10-29T22:47:13,1,1,1,0,1,3,61.39,1,0,0,0,1,0,0,0.41,0.0,0,0,4,3,0,1,0.75,2,0,1,0.0,0,negative_hard
synthetic_user_0145,e72c3d3b-cf36-4cc4-9a40-d8cc5d28df84,2025-10-29T22:50:41,1,1,1,0,1,3,61.39,2,0,0,0,1,0,1,0.41,0.0,0,1,6,4,2,2,0.6667,3,0,1,0.0,0,negative_hard
synthetic_user_0145,fbb68aab-9b3b-4e24-9109-ea047f927347,2025-10-29T22:50:41,1,1,1,0,1,3,61.39,2,0,0,0,1,0,3,1.03,0.0,0,1,4,1,1,0,0.25,3,0,1,0.0,0,negative_hard
synthetic_user_0145,dcf38bea-591e-47ae-aaaf-e01b841cc3b3,2025-10-29T22:50:41,1,1,1,0,1,3,61.39,2,0,0,0,1,0,1,0.69,0.0,0,1,2,0,0,0,0.0,3,0,1,0.0,0,negative_hard
synthetic_user_0145,95461cac-4301-4ade-8b3c-98201e8731db,2025-10-29T22:54:44,1,1,1,0,1,3,61.39,2,1,0,0,1,0,1,0.41,0.0,0,1,2,0,0,0,0.0,4,0,1,0.0,0,negative_hard
synthetic_user_0145,33f6e3a9-237d-433e-b4b6-238e44c80117,2025-10-29T22:54:44,1,1,1,0,1,3,61.39,2,1,0,0,1,0,1,0.58,0.0,0,0,0,0,0,0,0.0,4,0,1,0.0,0,negative_hard
synthetic_user_0145,fbb68aab-9b3b-4e24-9109-ea047f927347,2025-10-29T22:54:44,1,1,1,0,1,3,61.39,2,1,0,0,1,0,3,1.03,0.0,0,1,4,1,1,0,0.25,4,0,1,0.0,0,negative_hard
synthetic_user_0193,087164bc-8a57-44b1-bd06-0644f475917b,2025-10-30T18:59:15,1,1,1,0,1,3,54.04,1,0,0,0,0,0,0,0.58,0.0,0,0,4,2,1,0,0.5,1,0,0,0.0,0,negative_hard
synthetic_user_0193,a18002e2-24a3-4da4-b558-ea8cadcb047e,2025-10-30T18:59:15,1,1,1,0,1,3,54.04,1,0,0,0,0,0,0,0.58,0.0,0,0,6,3,0,1,0.5,1,0,0,0.0,0,negative_hard
synthetic_user_0193,e72c3d3b-cf36-4cc4-9a40-d8cc5d28df84,2025-10-30T18:59:15,1,1,1,0,1,3,54.04,1,0,0,0,0,0,1,0.41,0.0,0,1,6,4,2,2,0.6667,1,0,0,0.0,0,negative_hard
synthetic_user_0193,8706bbb8-8343-4edc-9af4-244b9cad76aa,2025-10-30T18:59:15,1,1,0,1,0,3,54.04,1,0,0,0,0,0,0,0.47,0.0,0,0,28,12,2,2,0.4286,0,0,0,0.0,0,negative_soft
synthetic_user_0193,e72c3d3b-cf36-4cc4-9a40-d8cc5d28df84,2025-10-30T19:03:13,1,1,1,0,1,3,54.04,1,1,0,0,0,0,1,0.41,0.0,0,1,6,4,2,2,0.6667,2,0,1,0.0,0,negative_hard
synthetic_user_0193,40a8032b-e43c-43dc-ba5f-d650f1c0a979,2025-10-30T19:03:13,1,1,1,0,1,3,54.04,1,1,0,0,0,0,1,0.41,0.0,0,1,4,3,2,1,0.75,2,0,1,0.0,0,negative_hard
synthetic_user_0193,dcd20897-e14a-43fc-b2ba-66bb4a569874,2025-10-30T19:03:13,1,1,1,0,1,3,54.04,1,1,0,0,0,0,1,0.69,0.0,0,1,2,0,0,0,0.0,2,0,1,0.0,0,negative_hard
synthetic_user_0193,8706bbb8-8343-4edc-9af4-244b9cad76aa,2025-10-30T19:03:13,1,1,0,1,0,3,54.04,1,1,0,0,0,0,0,0.47,0.0,0,0,28,12,2,2,0.4286,0,0,1,0.0,0,negative_soft
synthetic_user_0042,dbcab77a-8d8a-4721-b07d-d5d9ecc7874d,2025-10-30T21:41:29,1,1,1,0,1,3,73.41,1,0,0,0,0,0,1,0.58,0.0,0,0,2,0,0,0,0.0,1,0,0,0.0,0,negative_hard
synthetic_user_0042,830353af-6497-4bc7-bab8-08114b64b682,2025-10-30T21:41:29,1,1,1,0,1,3,73.41,1,0,0,0,0,0,0,1.05,0.0,0,0,5,3,0,0,0.6,1,0,0,0.0,0,negative_hard
synthetic_user_0042,bd6bddb1-3e29-4767-a194-6196e46f7456,2025-10-30T21:41:29,1,1,1,0,1,3,73.41,1,0,0,0,0,0,1,0.41,0.0,0,1,1,0,0,0,0.0,1,0,0,0.0,0,negative_hard
synthetic_user_0042,8706bbb8-8343-4edc-9af4-244b9cad76aa,2025-10-30T21:41:29,1,1,0,1,0,3,73.41,1,0,0,0,0,0,0,0.47,0.0,0,0,29,12,2,2,0.4138,0,0,0,0.0,0,negative_soft
synthetic_user_0042,830353af-6497-4bc7-bab8-08114b64b682,2025-10-30T21:45:31,1,1,1,0,1,3,73.42,1,1,0,0,0,0,0,1.05,0.0,0,0,5,3,0,0,0.6,2,0,1,0.0,0,negative_hard
synthetic_user_0042,40a8032b-e43c-43dc-ba5f-d650f1c0a979,2025-10-30T21:45:31,1,1,1,0,1,3,73.42,1,1,0,0,0,0,1,0.41,0.0,0,1,4,3,2,1,0.75,2,0,1,0.0,0,negative_hard
synthetic_user_0042,e06a75b5-86f9-4daf-b871-0fba7b7ba57d,2025-10-30T21:45:31,1,1,1,0,1,3,73.42,1,1,0,0,0,0,1,0.58,0.0,0,0,1,0,0,0,0.0,2,0,1,0.0,0,negative_hard
synthetic_user_0042,8706bbb8-8343-4edc-9af4-244b9cad76aa,2025-10-30T21:45:31,1,1,0,1,0,3,73.42,1,1,0,0,0,0,0,0.47,0.0,0,0,29,12,2,2,0.4138,0,0,1,0.0,0,negative_soft
synthetic_user_0042,e72c3d3b-cf36-4cc4-9a40-d8cc5d28df84,2025-10-30T21:51:33,1,1,1,0,1,3,73.42,1,1,0,1,0,0,1,0.41,0.0,0,1,6,4,2,2,0.6667,3,0,1,0.0,0,negative_hard
synthetic_user_0042,8b44ea69-a5bb-4779-8c63-bf20e4da58c7,2025-10-30T21:51:33,1,1,1,0,1,3,73.42,1,1,0,1,0,0,1,0.69,0.0,0,1,4,4,1,1,1.0,3,0,1,0.0,0,negative_hard
synthetic_user_0042,581c8e36-7a51-4e8e-ac1d-6e9c1d54940f,2025-10-30T21:51:33,1,1,1,0,1,3,73.42,1,1,0,1,0,0,3,1.03,0.0,0,1,2,0,0,0,0.0,3,0,1,0.0,0,negative_hard
synthetic_user_0042,8706bbb8-8343-4edc-9af4-244b9cad76aa,2025-10-30T21:51:33,1,1,0,1,0,3,73.42,1,1,0,1,0,0,0,0.47,0.0,0,0,29,12,2,2,0.4138,0,0,1,0.0,0,negative_soft
synthetic_user_0157,945e447f-c018-4d92-b5e5-2f1f7a11bd56,2025-10-30T23:45:26,1,1,1,0,1,3,48.83,1,0,0,0,0,0,3,1.03,0.0,0,1,2,0,0,0,0.0,1,0,0,0.0,0,negative_hard
synthetic_user_0157,b1e94dc4-e19f-4e9b-85e1-69c3b4ab0e97,2025-10-30T23:45:26,1,1,1,0,1,3,48.83,1,0,0,0,0,0,3,1.03,0.0,0,1,2,1,1,1,0.5,1,0,0,0.0,0,negative_hard
synthetic_user_0157,fbb68aab-9b3b-4e24-9109-ea047f927347,2025-10-30T23:45:26,1,1,1,0,1,3,48.83,1,0,0,0,0,0,3,1.03,0.0,0,1,4,1,1,0,0.25,1,0,0,0.0,0,negative_hard
synthetic_user_0157,8706bbb8-8343-4edc-9af4-244b9cad76aa,2025-10-30T23:45:26,1,1,0,1,0,3,48.83,1,0,0,0,0,0,0,0.47,0.0,0,0,29,12,2,2,0.4138,0,0,0,0.0,0,negative_soft
synthetic_user_0157,98a77293-8faf-4d27-8248-6eb91f481d8f,2025-10-30T23:55:42,1,1,1,0,1,3,48.84,2,0,0,0,0,0,0,0.58,0.0,0,0,6,5,1,3,0.8333,2,0,0,0.0,0,negative_hard
synthetic_user_0157,c5310615-4076-41e9-9064-736593600471,2025-10-30T23:55:42,1,1,1,0,1,3,48.84,2,0,0,0,0,0,0,1.03,0.0,0,0,7,2,0,1,0.2857,2,0,0,0.0,0,negative_hard
synthetic_user_0157,85526add-cd5a-4107-a07e-62ff3f493082,2025-10-30T23:55:42,1,1,1,0,1,3,48.84,2,0,0,0,0,0,0,0.41,0.0,0,0,4,3,0,1,0.75,2,0,0,0.0,0,negative_hard
synthetic_user_0157,8706bbb8-8343-4edc-9af4-244b9cad76aa,2025-10-30T23:55:42,1,1,0,1,0,3,48.84,2,0,0,0,0,0,0,0.47,0.0,0,0,29,12,2,2,0.4138,0,0,0,0.0,0,negative_soft
synthetic_user_0096,a8231f34-c157-4fcd-b08a-5a3420cc0cee,2025-10-31T05:09:54,1,1,1,0,1,3,68.72,1,0,0,0,0,0,1,0.69,0.0,0,1,2,1,0,0,0.5,1,0,0,0.0,0,negative_hard
synthetic_user_0096,59bf0b38-d7b5-4024-a66e-a03f1b47095d,2025-10-31T05:09:54,1,1,1,0,1,3,68.72,1,0,0,0,0,0,3,1.03,0.0,0,1,5,2,1,0,0.4,1,0,0,0.0,0,negative_hard
synthetic_user_0096,45a799e0-5716-4209-b489-bd8f9ef13974,2025-10-31T05:09:54,1,1,1,0,1,3,68.72,1,0,0,0,0,0,1,0.41,0.0,0,1,0,0,0,0,0.0,1,0,0,0.0,0,negative_hard
synthetic_user_0096,8706bbb8-8343-4edc-9af4-244b9cad76aa,2025-10-31T05:09:54,1,1,0,1,0,3,68.72,1,0,0,0,0,0,0,0.47,0.0,0,0,29,12,2,2,0.4138,0,0,0,0.0,0,negative_soft
synthetic_user_0096,b1e94dc4-e19f-4e9b-85e1-69c3b4ab0e97,2025-10-31T05:21:57,1,1,1,0,1,3,68.72,1,1,0,0,0,0,3,1.03,0.0,0,1,2,1,1,1,0.5,2,0,1,0.0,0,negative_hard
synthetic_user_0096,bd6bddb1-3e29-4767-a194-6196e46f7456,2025-10-31T05:21:57,1,1,1,0,1,3,68.72,1,1,0,0,0,0,1,0.41,0.0,0,1,1,0,0,0,0.0,2,0,1,0.0,0,negative_hard
synthetic_user_0096,c5310615-4076-41e9-9064-736593600471,2025-10-31T05:21:57,1,1,1,0,1,3,68.72,1,1,0,0,0,0,0,1.03,0.0,0,0,7,2,0,1,0.2857,2,0,1,0.0,0,negative_hard
synthetic_user_0096,8706bbb8-8343-4edc-9af4-244b9cad76aa,2025-10-31T05:21:57,1,1,0,1,0,3,68.72,1,1,0,0,0,0,0,0.47,0.0,0,0,29,12,2,2,0.4138,0,0,1,0.0,0,negative_soft
synthetic_user_0060,bd6bddb1-3e29-4767-a194-6196e46f7456,2025-10-31T08:44:30,1,1,1,0,1,3,65.33,2,0,0,0,0,1,1,0.41,0.0,0,1,1,0,0,0,0.0,1,0,0,0.0,0,negative_hard
synthetic_user_0060,fbb68aab-9b3b-4e24-9109-ea047f927347,2025-10-31T08:44:30,1,1,1,0,1,3,65.33,2,0,0,0,0,1,3,1.03,0.0,0,1,4,1,1,0,0.25,1,0,0,0.0,0,negative_hard
synthetic_user_0060,98a77293-8faf-4d27-8248-6eb91f481d8f,2025-10-31T08:44:30,1,1,1,0,1,3,65.33,2,0,0,0,0,1,0,0.58,0.0,0,0,6,5,1,3,0.8333,1,0,0,0.0,0,negative_hard
synthetic_user_0060,7c1af9a0-cf09-4356-8c0d-d762fbb21208,2025-10-31T08:44:30,0,0,0,2,0,3,65.33,2,0,0,0,0,1,1,1.76,0.0,0,1,6,1,0,0,0.1667,0,0,0,0.0,0,negative_soft
synthetic_user_0118,e06a75b5-86f9-4daf-b871-0fba7b7ba57d,2025-10-31T18:05:26,1,1,1,0,1,3,60.01,1,1,0,1,1,0,1,0.58,0.0,0,0,1,0,0,0,0.0,4,0,1,0.0,0,negative_hard
synthetic_user_0118,dcf38bea-591e-47ae-aaaf-e01b841cc3b3,2025-10-31T18:05:26,1,1,1,0,1,3,60.01,1,1,0,1,1,0,1,0.69,0.0,0,1,3,1,1,0,0.3333,4,0,1,0.0,0,negative_hard
synthetic_user_0118,fbb68aab-9b3b-4e24-9109-ea047f927347,2025-10-31T18:05:26,1,1,1,0,1,3,60.01,1,1,0,1,1,0,3,1.03,0.0,0,1,4,1,1,0,0.25,4,0,1,0.0,0,negative_hard
synthetic_user_0118,7c1af9a0-cf09-4356-8c0d-d762fbb21208,2025-10-31T18:05:26,0,0,0,2,0,3,60.01,1,1,0,1,1,0,1,1.76,0.0,0,1,7,1,0,0,0.1429,0,0,0,0.0,0,negative_soft
synthetic_user_0066,33f6e3a9-237d-433e-b4b6-238e44c80117,2025-10-31T22:31:32,1,1,1,0,1,3,57.57,1,0,0,0,0,1,1,0.58,0.0,0,0,0,0,0,0,0.0,1,0,0,0.0,0,negative_hard
synthetic_user_0066,dbcab77a-8d8a-4721-b07d-d5d9ecc7874d,2025-10-31T22:31:32,1,1,1,0,1,3,57.57,1,0,0,0,0,1,1,0.58,0.0,0,0,2,0,0,0,0.0,1,0,0,0.0,0,negative_hard
synthetic_user_0066,bd6bddb1-3e29-4767-a194-6196e46f7456,2025-10-31T22:31:32,1,1,1,0,1,3,57.57,1,0,0,0,0,1,1,0.41,0.0,0,1,1,0,0,0,0.0,1,0,0,0.0,0,negative_hard
synthetic_user_0066,8706bbb8-8343-4edc-9af4-244b9cad76aa,2025-10-31T22:31:32,1,1,0,1,0,3,57.57,1,0,0,0,0,1,0,0.47,0.0,0,0,29,12,2,2,0.4138,0,0,0,0.0,0,negative_soft
synthetic_user_0086,45a799e0-5716-4209-b489-bd8f9ef13974,2025-11-01T05:36:39,1,1,1,0,1,3,47.83,1,0,0,0,0,0,1,0.41,0.0,0,1,0,0,0,0,0.0,1,0,0,0.0,0,negative_hard
synthetic_user_0086,b1e94dc4-e19f-4e9b-85e1-69c3b4ab0e97,2025-11-01T05:36:39,1,1,1,0,1,3,47.83,1,0,0,0,0,0,3,1.03,0.0,0,1,2,1,1,1,0.5,1,0,0,0.0,0,negative_hard
synthetic_user_0086,f6081dfd-75ec-4719-a05b-6ec1f95df15f,2025-11-01T05:36:39,1,1,1,0,1,3,47.83,1,0,0,0,0,0,1,1.05,0.0,0,1,8,1,0,1,0.125,1,0,0,0.0,0,negative_hard
synthetic_user_0086,8706bbb8-8343-4edc-9af4-244b9cad76aa,2025-11-01T05:36:39,1,1,0,1,0,3,47.83,1,0,0,0,0,0,0,0.47,0.0,0,0,29,12,2,2,0.4138,0,0,0,0.0,0,negative_soft
synthetic_user_0086,f6081dfd-75ec-4719-a05b-6ec1f95df15f,2025-11-01T05:57:58,1,1,1,0,1,3,47.84,2,0,0,0,0,0,1,1.05,0.0,0,1,8,1,0,1,0.125,2,0,0,0.0,0,negative_hard
synthetic_user_0086,85526add-cd5a-4107-a07e-62ff3f493082,2025-11-01T05:57:58,1,1,1,0,1,3,47.84,2,0,0,0,0,0,0,0.41,0.0,0,0,4,3,0,1,0.75,2,0,0,0.0,0,negative_hard
synthetic_user_0086,945e447f-c018-4d92-b5e5-2f1f7a11bd56,2025-11-01T05:57:58,1,1,1,0,1,3,47.84,2,0,0,0,0,0,3,1.03,0.0,0,1,2,0,0,0,0.0,2,0,0,0.0,0,negative_hard
synthetic_user_0086,8706bbb8-8343-4edc-9af4-244b9cad76aa,2025-11-01T05:57:58,1,1,0,1,0,3,47.84,2,0,0,0,0,0,0,0.47,0.0,0,0,29,12,2,2,0.4138,0,0,0,0.0,0,negative_soft
synthetic_user_0109,a18002e2-24a3-4da4-b558-ea8cadcb047e,2025-11-01T07:28:14,0,0,0,2,0,1,57.24,1,1,0,0,0,0,0,0.58,0.0,0,0,8,3,0,1,0.375,0,0,0,0.0,0,negative_soft
synthetic_user_0109,e06a75b5-86f9-4daf-b871-0fba7b7ba57d,2025-11-01T07:28:14,0,0,0,2,0,1,57.24,1,1,0,0,0,0,1,0.58,0.0,0,0,1,0,0,0,0.0,0,0,0,0.0,0,negative_soft
synthetic_user_0109,09593622-ad83-4d14-8236-17bea51dbb13,2025-11-01T07:28:14,0,0,0,2,0,1,57.24,1,1,0,0,0,0,1,0.69,0.0,0,1,7,3,1,2,0.4286,0,0,0,0.0,0,negative_soft
synthetic_user_0109,a8231f34-c157-4fcd-b08a-5a3420cc0cee,2025-11-01T07:28:14,0,0,0,2,0,1,57.24,1,1,0,0,0,0,1,0.69,0.0,0,1,3,1,0,0,0.3333,0,0,0,0.0,0,negative_soft
synthetic_user_0067,e72c3d3b-cf36-4cc4-9a40-d8cc5d28df84,2025-11-02T02:06:18,1,1,1,0,1,3,61.99,3,0,0,0,0,0,1,0.41,0.0,0,1,6,4,2,2,0.6667,3,0,0,0.0,0,negative_hard
synthetic_user_0067,33f6e3a9-237d-433e-b4b6-238e44c80117,2025-11-02T02:06:18,1,1,1,0,1,3,61.99,3,0,0,0,0,0,1,0.58,0.0,0,0,0,0,0,0,0.0,3,0,0,0.0,0,negative_hard
synthetic_user_0067,45a799e0-5716-4209-b489-bd8f9ef13974,2025-11-02T02:06:18,1,1,1,0,1,3,61.99,3,0,0,0,0,0,1,0.41,0.0,0,1,0,0,0,0,0.0,3,0,0,0.0,0,negative_hard
synthetic_user_0117,98a77293-8faf-4d27-8248-6eb91f481d8f,2025-11-02T08:24:24,1,1,1,0,1,3,62.69,1,0,0,0,0,1,0,0.58,0.0,0,0,6,5,1,3,0.8333,1,0,0,0.0,0,negative_hard
synthetic_user_0117,59bf0b38-d7b5-4024-a66e-a03f1b47095d,2025-11-02T08:24:24,1,1,1,0,1,3,62.69,1,0,0,0,0,1,3,1.03,0.0,0,1,5,2,1,0,0.4,1,0,0,0.0,0,negative_hard
synthetic_user_0117,95461cac-4301-4ade-8b3c-98201e8731db,2025-11-02T08:24:24,1,1,1,0,1,3,62.69,1,0,0,0,0,1,1,0.41,0.0,0,1,2,0,0,0,0.0,1,0,0,0.0,0,negative_hard
synthetic_user_0117,7c1af9a0-cf09-4356-8c0d-d762fbb21208,2025-11-02T08:24:24,0,0,0,2,0,3,62.69,1,0,0,0,0,1,1,1.76,0.0,0,1,8,1,0,0,0.125,0,0,0,0.0,0,negative_soft
synthetic_user_0117,dbcab77a-8d8a-4721-b07d-d5d9ecc7874d,2025-11-02T08:33:45,1,1,1,0,1,3,62.69,1,1,0,0,0,1,1,0.58,0.0,0,0,2,0,0,0,0.0,2,0,1,0.0,0,negative_hard
synthetic_user_0117,40a8032b-e43c-43dc-ba5f-d650f1c0a979,2025-11-02T08:33:45,1,1,1,0,1,3,62.69,1,1,0,0,0,1,1,0.41,0.0,0,1,5,3,2,1,0.6,2,0,1,0.0,0,negative_hard
synthetic_user_0117,09593622-ad83-4d14-8236-17bea51dbb13,2025-11-02T08:33:45,1,1,1,0,1,3,62.69,1,1,0,0,0,1,1,0.69,0.0,0,1,7,3,1,2,0.4286,2,0,1,0.0,0,negative_hard
synthetic_user_0117,7c1af9a0-cf09-4356-8c0d-d762fbb21208,2025-11-02T08:33:45,0,0,0,2,0,3,62.69,1,1,0,0,0,1,1,1.76,0.0,0,1,8,1,0,0,0.125,0,0,0,0.0,0,negative_soft
synthetic_user_0077,087164bc-8a57-44b1-bd06-0644f475917b,2025-11-02T18:12:29,1,1,1,0,1,3,59.9,1,0,0,0,0,0,0,0.58,0.0,0,0,5,2,1,0,0.4,1,0,0,0.0,0,negative_hard
synthetic_user_0077,dbcab77a-8d8a-4721-b07d-d5d9ecc7874d,2025-11-02T18:12:29,1,1,1,0,1,3,59.9,1,0,0,0,0,0,1,0.58,0.0,0,0,2,0,0,0,0.0,1,0,0,0.0,0,negative_hard
synthetic_user_0077,a8231f34-c157-4fcd-b08a-5a3420cc0cee,2025-11-02T18:12:29,1,1,1,0,1,3,59.9,1,0,0,0,0,0,1,0.69,0.0,0,1,4,2,0,1,0.5,1,0,0,0.0,0,negative_hard
synthetic_user_0077,7c1af9a0-cf09-4356-8c0d-d762fbb21208,2025-11-02T18:12:29,0,0,0,2,0,3,59.9,1,0,0,0,0,0,1,1.76,0.0,0,1,8,1,0,0,0.125,0,0,0,0.0,0,negative_soft
synthetic_user_0124,dcf38bea-591e-47ae-aaaf-e01b841cc3b3,2025-11-03T05:37:36,1,1,1,0,1,3,73.53,1,1,1,1,0,0,1,0.69,0.0,0,1,3,1,1,0,0.3333,4,0,1,0.0,0,negative_hard
synthetic_user_0124,a18002e2-24a3-4da4-b558-ea8cadcb047e,2025-11-03T05:37:36,1,1,1,0,1,3,73.53,1,1,1,1,0,0,0,0.58,0.0,0,0,8,3,0,1,0.375,4,0,1,0.0,0,negative_hard
synthetic_user_0124,087164bc-8a57-44b1-bd06-0644f475917b,2025-11-03T05:37:36,1,1,1,0,1,3,73.53,1,1,1,1,0,0,0,0.58,0.0,0,0,5,2,1,0,0.4,4,0,1,0.0,0,negative_hard
synthetic_user_0124,7c1af9a0-cf09-4356-8c0d-d762fbb21208,2025-11-03T05:37:36,0,0,0,2,0,3,73.53,1,1,1,1,0,0,1,1.76,0.0,0,1,9,1,0,0,0.1111,0,0,0,0.0,0,negative_soft
synthetic_user_0124,dcf38bea-591e-47ae-aaaf-e01b841cc3b3,2025-11-03T05:49:04,1,1,1,0,1,3,73.54,2,1,1,1,0,0,1,0.69,0.0,0,1,3,1,1,0,0.3333,5,0,1,0.0,0,negative_hard
synthetic_user_0124,a8231f34-c157-4fcd-b08a-5a3420cc0cee,2025-11-03T05:49:04,1,1,1,0,1,3,73.54,2,1,1,1,0,0,1,0.69,0.0,0,1,4,2,0,1,0.5,5,0,1,0.0,0,negative_hard
synthetic_user_0124,fbb68aab-9b3b-4e24-9109-ea047f927347,2025-11-03T05:49:04,1,1,1,0,1,3,73.54,2,1,1,1,0,0,3,1.03,0.0,0,1,4,1,1,0,0.25,5,0,1,0.0,0,negative_hard
synthetic_user_0124,7c1af9a0-cf09-4356-8c0d-d762fbb21208,2025-11-03T05:49:04,0,0,0,2,0,3,73.54,2,1,1,1,0,0,1,1.76,0.0,0,1,9,1,0,0,0.1111,0,0,0,0.0,0,negative_soft
synthetic_user_0168,ea97dfce-6731-4b1d-9b03-485d04de4867,2025-11-04T05:12:26,1,1,1,0,1,3,78.42,1,0,0,0,0,0,3,1.03,0.0,0,1,6,1,0,1,0.1667,0,0,0,0.0,0,negative_hard
synthetic_user_0168,09593622-ad83-4d14-8236-17bea51dbb13,2025-11-04T05:12:26,1,1,1,0,1,3,78.42,1,0,0,0,0,0,1,0.69,0.0,0,1,7,3,1,2,0.4286,0,0,0,0.0,0,negative_hard
synthetic_user_0168,e72c3d3b-cf36-4cc4-9a40-d8cc5d28df84,2025-11-04T05:12:26,1,1,1,0,1,3,78.42,1,0,0,0,0,0,1,0.41,0.0,0,1,7,4,2,2,0.5714,0,0,0,0.0,0,negative_hard
synthetic_user_0168,7c1af9a0-cf09-4356-8c0d-d762fbb21208,2025-11-04T05:12:26,0,0,0,2,0,3,78.42,1,0,0,0,0,0,1,1.76,0.0,0,1,9,1,0,0,0.1111,0,0,0,0.0,0,negative_soft
synthetic_user_0151,581c8e36-7a51-4e8e-ac1d-6e9c1d54940f,2025-11-04T08:10:25,1,1,1,0,1,3,65.18,1,0,0,0,1,0,3,1.03,0.0,0,1,3,0,0,0,0.0,2,0,1,0.0,0,negative_hard
synthetic_user_0151,e06a75b5-86f9-4daf-b871-0fba7b7ba57d,2025-11-04T08:10:25,1,1,1,0,1,3,65.18,1,0,0,0,1,0,1,0.58,0.0,0,0,1,0,0,0,0.0,2,0,1,0.0,0,negative_hard
synthetic_user_0151,fbb68aab-9b3b-4e24-9109-ea047f927347,2025-11-04T08:10:25,1,1,1,0,1,3,65.18,1,0,0,0,1,0,3,1.03,0.0,0,1,4,1,1,0,0.25,2,0,1,0.0,0,negative_hard
synthetic_user_0151,7c1af9a0-cf09-4356-8c0d-d762fbb21208,2025-11-04T08:10:25,0,0,0,2,0,3,65.18,1,0,0,0,1,0,1,1.76,0.0,0,1,9,1,0,0,0.1111,0,0,0,0.0,0,negative_soft
synthetic_user_0181,ea97dfce-6731-4b1d-9b03-485d04de4867,2025-11-05T00:42:57,1,1,1,0,1,3,59.85,1,0,0,0,0,1,3,1.03,0.0,0,1,6,1,0,1,0.1667,1,0,0,0.0,0,negative_hard
synthetic_user_0181,bd6bddb1-3e29-4767-a194-6196e46f7456,2025-11-05T00:42:57,1,1,1,0,1,3,59.85,1,0,0,0,0,1,1,0.41,0.0,0,1,1,0,0,0,0.0,1,0,0,0.0,0,negative_hard
synthetic_user_0181,45a799e0-5716-4209-b489-bd8f9ef13974,2025-11-05T00:42:57,1,1,1,0,1,3,59.85,1,0,0,0,0,1,1,0.41,0.0,0,1,0,0,0,0,0.0,1,0,0,0.0,0,negative_hard
synthetic_user_0181,8706bbb8-8343-4edc-9af4-244b9cad76aa,2025-11-05T00:42:57,1,1,0,1,0,3,59.85,1,0,0,0,0,1,0,0.47,0.0,0,0,32,12,2,2,0.375,0,0,0,0.0,0,negative_soft
synthetic_user_0193,85526add-cd5a-4107-a07e-62ff3f493082,2025-11-05T06:26:53,1,1,1,0,1,3,59.51,2,1,1,0,0,0,0,0.41,0.0,0,0,4,3,0,1,0.75,4,0,1,0.0,0,negative_hard
synthetic_user_0193,33f6e3a9-237d-433e-b4b6-238e44c80117,2025-11-05T06:26:53,1,1,1,0,1,3,59.51,2,1,1,0,0,0,1,0.58,0.0,0,0,0,0,0,0,0.0,4,0,1,0.0,0,negative_hard
synthetic_user_0193,45a799e0-5716-4209-b489-bd8f9ef13974,2025-11-05T06:26:53,1,1,1,0,1,3,59.51,2,1,1,0,0,0,1,0.41,0.0,0,1,0,0,0,0,0.0,4,0,1,0.0,0,negative_hard
synthetic_user_0193,8706bbb8-8343-4edc-9af4-244b9cad76aa,2025-11-05T06:26:53,1,1,0,1,0,3,59.51,2,1,1,0,0,0,0,0.47,0.0,0,0,32,12,2,2,0.375,0,0,1,0.0,0,negative_soft
synthetic_user_0193,45a799e0-5716-4209-b489-bd8f9ef13974,2025-11-05T06:34:43,1,1,1,0,1,3,59.52,2,2,1,0,0,0,1,0.41,0.0,0,1,0,0,0,0,0.0,5,0,2,0.0,0,negative_hard
synthetic_user_0193,087164bc-8a57-44b1-bd06-0644f475917b,2025-11-05T06:34:43,1,1,1,0,1,3,59.52,2,2,1,0,0,0,0,0.58,0.0,0,0,5,2,1,0,0.4,5,0,2,0.0,0,negative_hard
synthetic_user_0193,85526add-cd5a-4107-a07e-62ff3f493082,2025-11-05T06:34:43,1,1,1,0,1,3,59.52,2,2,1,0,0,0,0,0.41,0.0,0,0,4,3,0,1,0.75,5,0,2,0.0,0,negative_hard
synthetic_user_0193,8706bbb8-8343-4edc-9af4-244b9cad76aa,2025-11-05T06:34:43,1,1,0,1,0,3,59.52,2,2,1,0,0,0,0,0.47,0.0,0,0,32,12,2,2,0.375,0,0,2,0.0,0,negative_soft
synthetic_user_0024,ea97dfce-6731-4b1d-9b03-485d04de4867,2025-11-06T03:46:59,1,1,1,0,1,3,64.06,3,0,0,0,2,0,3,1.03,0.0,0,1,6,1,0,1,0.1667,5,0,1,0.0,0,negative_hard
synthetic_user_0024,945e447f-c018-4d92-b5e5-2f1f7a11bd56,2025-11-06T03:46:59,1,1,1,0,1,3,64.06,3,0,0,0,2,0,3,1.03,0.0,0,1,2,0,0,0,0.0,5,0,1,0.0,0,negative_hard
synthetic_user_0024,59bf0b38-d7b5-4024-a66e-a03f1b47095d,2025-11-06T03:46:59,1,1,1,0,1,3,64.06,3,0,0,0,2,0,3,1.03,0.0,0,1,5,2,1,0,0.4,5,0,1,0.0,0,negative_hard
synthetic_user_0024,8706bbb8-8343-4edc-9af4-244b9cad76aa,2025-11-06T03:46:59,1,1,0,1,0,3,64.06,3,0,0,0,2,0,0,0.47,0.0,0,0,32,12,2,2,0.375,0,0,1,0.0,0,negative_soft
synthetic_user_0082,09593622-ad83-4d14-8236-17bea51dbb13,2025-11-06T09:03:21,1,1,1,0,1,3,75.59,1,0,0,0,0,1,1,0.69,0.0,0,1,7,3,1,2,0.4286,1,0,0,0.0,0,negative_hard
synthetic_user_0082,dbcab77a-8d8a-4721-b07d-d5d9ecc7874d,2025-11-06T09:03:21,1,1,1,0,1,3,75.59,1,0,0,0,0,1,1,0.58,0.0,0,0,2,0,0,0,0.0,1,0,0,0.0,0,negative_hard
synthetic_user_0082,a18002e2-24a3-4da4-b558-ea8cadcb047e,2025-11-06T09:03:21,1,1,1,0,1,3,75.59,1,0,0,0,0,1,0,0.58,0.0,0,0,8,3,0,1,0.375,1,0,0,0.0,0,negative_hard
synthetic_user_0082,8706bbb8-8343-4edc-9af4-244b9cad76aa,2025-11-06T09:03:21,1,1,0,1,0,3,75.59,1,0,0,0,0,1,0,0.47,0.0,0,0,32,12,2,2,0.375,0,0,0,0.0,0,negative_soft
synthetic_user_0082,95461cac-4301-4ade-8b3c-98201e8731db,2025-11-06T09:06:22,1,1,1,0,1,3,75.59,1,1,0,0,0,1,1,0.41,0.0,0,1,2,0,0,0,0.0,2,0,1,0.0,0,negative_hard
synthetic_user_0082,e72c3d3b-cf36-4cc4-9a40-d8cc5d28df84,2025-11-06T09:06:22,1,1,1,0,1,3,75.59,1,1,0,0,0,1,1,0.41,0.0,0,1,7,4,2,2,0.5714,2,0,1,0.0,0,negative_hard
synthetic_user_0082,5a0f55cf-16af-4459-9030-0c7c6e11207f,2025-11-06T09:06:22,1,1,1,0,1,3,75.59,1,1,0,0,0,1,0,0.58,0.0,0,0,3,1,0,0,0.3333,2,0,1,0.0,0,negative_hard
synthetic_user_0082,8706bbb8-8343-4edc-9af4-244b9cad76aa,2025-11-06T09:06:22,1,1,0,1,0,3,75.59,1,1,0,0,0,1,0,0.47,0.0,0,0,32,12,2,2,0.375,0,0,1,0.0,0,negative_soft
synthetic_user_0082,bd6bddb1-3e29-4767-a194-6196e46f7456,2025-11-07T04:59:36,1,1,1,0,1,3,76.42,1,1,1,0,0,1,1,0.41,0.0,0,1,1,0,0,0,0.0,3,0,1,0.0,0,negative_hard
synthetic_user_0082,fbb68aab-9b3b-4e24-9109-ea047f927347,2025-11-07T04:59:36,1,1,1,0,1,3,76.42,1,1,1,0,0,1,3,1.03,0.0,0,1,5,2,1,0,0.4,3,0,1,0.0,0,negative_hard
synthetic_user_0082,e72c3d3b-cf36-4cc4-9a40-d8cc5d28df84,2025-11-07T04:59:36,1,1,1,0,1,3,76.42,1,1,1,0,0,1,1,0.41,0.0,0,1,7,4,2,2,0.5714,3,0,1,0.0,0,negative_hard
synthetic_user_0082,8706bbb8-8343-4edc-9af4-244b9cad76aa,2025-11-07T04:59:36,1,1,0,1,0,3,76.42,1,1,1,0,0,1,0,0.47,0.0,0,0,32,12,2,2,0.375,0,0,1,0.0,0,negative_soft
synthetic_user_0125,fbb68aab-9b3b-4e24-9109-ea047f927347,2025-11-07T18:51:04,1,1,1,0,1,3,59.61,3,0,0,0,0,0,3,1.03,0.0,0,1,5,2,1,0,0.4,2,0,0,0.0,0,negative_hard
synthetic_user_0125,dbcab77a-8d8a-4721-b07d-d5d9ecc7874d,2025-11-07T18:51:04,1,1,1,0,1,3,59.61,3,0,0,0,0,0,1,0.58,0.0,0,0,2,0,0,0,0.0,2,0,0,0.0,0,negative_hard
synthetic_user_0125,45a799e0-5716-4209-b489-bd8f9ef13974,2025-11-07T18:51:04,1,1,1,0,1,3,59.61,3,0,0,0,0,0,1,0.41,0.0,0,1,0,0,0,0,0.0,2,0,0,0.0,0,negative_hard
synthetic_user_0125,7c1af9a0-cf09-4356-8c0d-d762fbb21208,2025-11-07T18:51:04,0,0,0,2,0,3,59.61,3,0,0,0,0,0,1,1.76,0.0,0,1,10,1,0,0,0.1,0,0,0,0.0,0,negative_soft
synthetic_user_0176,dcf38bea-591e-47ae-aaaf-e01b841cc3b3,2025-11-07T21:31:34,1,1,1,0,1,3,79.76,1,0,0,0,0,0,1,0.69,0.0,0,1,4,2,1,0,0.5,1,0,0,0.0,0,negative_hard
synthetic_user_0176,ea97dfce-6731-4b1d-9b03-485d04de4867,2025-11-07T21:31:34,1,1,1,0,1,3,79.76,1,0,0,0,0,0,3,1.03,0.0,0,1,6,1,0,1,0.1667,1,0,0,0.0,0,negative_hard
synthetic_user_0176,5a0f55cf-16af-4459-9030-0c7c6e11207f,2025-11-07T21:31:34,1,1,1,0,1,3,79.76,1,0,0,0,0,0,0,0.58,0.0,0,0,3,1,0,0,0.3333,1,0,0,0.0,0,negative_hard
synthetic_user_0176,8706bbb8-8343-4edc-9af4-244b9cad76aa,2025-11-07T21:31:34,1,1,0,1,0,3,79.76,1,0,0,0,0,0,0,0.47,0.0,0,0,32,12,2,2,0.375,0,0,0,0.0,0,negative_soft
synthetic_user_0176,98a77293-8faf-4d27-8248-6eb91f481d8f,2025-11-07T21:37:12,1,1,1,0,1,3,79.76,1,1,0,0,0,0,0,0.58,0.0,0,0,6,5,1,3,0.8333,2,0,1,0.0,0,negative_hard
synthetic_user_0176,087164bc-8a57-44b1-bd06-0644f475917b,2025-11-07T21:37:12,1,1,1,0,1,3,79.76,1,1,0,0,0,0,0,0.58,0.0,0,0,5,2,1,0,0.4,2,0,1,0.0,0,negative_hard
synthetic_user_0176,40a8032b-e43c-43dc-ba5f-d650f1c0a979,2025-11-07T21:37:12,1,1,1,0,1,3,79.76,1,1,0,0,0,0,1,0.41,0.0,0,1,6,3,2,1,0.5,2,0,1,0.0,0,negative_hard
synthetic_user_0176,8706bbb8-8343-4edc-9af4-244b9cad76aa,2025-11-07T21:37:12,1,1,0,1,0,3,79.76,1,1,0,0,0,0,0,0.47,0.0,0,0,32,12,2,2,0.375,0,0,1,0.0,0,negative_soft
synthetic_user_0197,8b44ea69-a5bb-4779-8c63-bf20e4da58c7,2025-11-07T23:27:05,1,1,0,1,0,4,54.68,4,1,0,0,1,0,1,0.69,0.0,0,1,5,5,2,1,1.0,0,0,1,0.0,0,negative_soft
synthetic_user_0197,087164bc-8a57-44b1-bd06-0644f475917b,2025-11-07T23:27:05,1,1,0,1,0,4,54.68,4,1,0,0,1,0,0,0.58,0.0,0,0,5,2,1,0,0.4,0,0,1,0.0,0,negative_soft
synthetic_user_0197,581c8e36-7a51-4e8e-ac1d-6e9c1d54940f,2025-11-07T23:27:05,1,1,0,1,0,4,54.68,4,1,0,0,1,0,3,1.03,0.0,0,1,3,0,0,0,0.0,0,0,1,0.0,0,negative_soft
synthetic_user_0197,a18002e2-24a3-4da4-b558-ea8cadcb047e,2025-11-07T23:27:05,1,1,0,1,0,4,54.68,4,1,0,0,1,0,0,0.58,0.0,0,0,8,3,0,1,0.375,0,0,1,0.0,0,negative_soft
synthetic_user_0197,087164bc-8a57-44b1-bd06-0644f475917b,2025-11-07T23:37:24,1,1,0,1,0,4,54.69,4,2,0,0,1,0,0,0.58,0.0,0,0,5,2,1,0,0.4,0,0,1,0.0,0,negative_soft
synthetic_user_0197,8b44ea69-a5bb-4779-8c63-bf20e4da58c7,2025-11-07T23:37:24,1,1,0,1,0,4,54.69,4,2,0,0,1,0,1,0.69,0.0,0,1,5,5,2,1,1.0,0,0,1,0.0,0,negative_soft
synthetic_user_0197,09593622-ad83-4d14-8236-17bea51dbb13,2025-11-07T23:37:24,1,1,0,1,0,4,54.69,4,2,0,0,1,0,1,0.69,0.0,0,1,7,3,1,2,0.4286,0,0,1,0.0,0,negative_soft
synthetic_user_0197,a8231f34-c157-4fcd-b08a-5a3420cc0cee,2025-11-07T23:37:24,1,1,0,1,0,4,54.69,4,2,0,0,1,0,1,0.69,0.0,0,1,5,2,0,1,0.4,0,0,1,0.0,0,negative_soft
synthetic_user_0178,8b44ea69-a5bb-4779-8c63-bf20e4da58c7,2025-11-08T20:52:47,0,0,0,2,0,1,62.28,1,0,0,0,0,0,1,0.69,0.0,0,1,5,5,2,1,1.0,0,0,0,0.0,0,negative_soft
synthetic_user_0178,fbb68aab-9b3b-4e24-9109-ea047f927347,2025-11-08T20:52:47,0,0,0,2,0,1,62.28,1,0,0,0,0,0,3,1.03,0.0,0,1,5,2,1,0,0.4,0,0,0,0.0,0,negative_soft
synthetic_user_0178,09593622-ad83-4d14-8236-17bea51dbb13,2025-11-08T20:52:47,0,0,0,2,0,1,62.28,1,0,0,0,0,0,1,0.69,0.0,0,1,8,3,1,2,0.375,0,0,0,0.0,0,negative_soft
synthetic_user_0178,bd6bddb1-3e29-4767-a194-6196e46f7456,2025-11-08T20:52:47,0,0,0,2,0,1,62.28,1,0,0,0,0,0,1,0.41,0.0,0,1,1,0,0,0,0.0,0,0,0,0.0,0,negative_soft
synthetic_user_0053,830353af-6497-4bc7-bab8-08114b64b682,2025-11-08T21:51:12,1,1,1,0,1,3,85.24,1,0,0,0,0,1,0,1.05,0.0,0,0,6,3,0,0,0.5,0,0,0,0.0,0,negative_hard
synthetic_user_0053,2c1e63cb-30f5-4e05-92af-ea93368ef4ab,2025-11-08T21:51:12,1,1,1,0,1,3,85.24,1,0,0,0,0,1,1,0.41,0.0,0,1,12,6,2,2,0.5,0,0,0,0.0,0,negative_hard
synthetic_user_0053,f6081dfd-75ec-4719-a05b-6ec1f95df15f,2025-11-08T21:51:12,1,1,1,0,1,3,85.24,1,0,0,0,0,1,1,1.05,0.0,0,1,8,1,0,1,0.125,0,0,0,0.0,0,negative_hard
synthetic_user_0053,7c1af9a0-cf09-4356-8c0d-d762fbb21208,2025-11-08T21:51:12,0,0,0,2,0,3,85.24,1,0,0,0,0,1,1,1.76,0.0,0,1,11,1,0,0,0.0909,0,0,0,0.0,0,negative_soft
synthetic_user_0053,bd6bddb1-3e29-4767-a194-6196e46f7456,2025-11-08T22:01:37,1,1,1,0,1,3,85.25,2,0,0,0,0,1,1,0.41,0.0,0,1,1,0,0,0,0.0,0,0,0,0.0,0,negative_hard
synthetic_user_0053,95461cac-4301-4ade-8b3c-98201e8731db,2025-11-08T22:01:37,1,1,1,0,1,3,85.25,2,0,0,0,0,1,1,0.41,0.0,0,1,2,0,0,0,0.0,0,0,0,0.0,0,negative_hard
synthetic_user_0053,40a8032b-e43c-43dc-ba5f-d650f1c0a979,2025-11-08T22:01:37,1,1,1,0,1,3,85.25,2,0,0,0,0,1,1,0.41,0.0,0,1,6,3,2,1,0.5,0,0,0,0.0,0,negative_hard
synthetic_user_0053,7c1af9a0-cf09-4356-8c0d-d762fbb21208,2025-11-08T22:01:37,0,0,0,2,0,3,85.25,2,0,0,0,0,1,1,1.76,0.0,0,1,11,1,0,0,0.0909,0,0,0,0.0,0,negative_soft
synthetic_user_0123,c5310615-4076-41e9-9064-736593600471,2025-11-08T22:03:58,1,1,1,0,1,3,62.25,1,0,0,0,0,1,0,1.03,0.0,0,0,8,3,0,2,0.375,0,0,0,0.0,0,negative_hard
synthetic_user_0123,8b44ea69-a5bb-4779-8c63-bf20e4da58c7,2025-11-08T22:03:58,1,1,1,0,1,3,62.25,1,0,0,0,0,1,1,0.69,0.0,0,1,5,5,2,1,1.0,0,0,0,0.0,0,negative_hard
synthetic_user_0123,dcd20897-e14a-43fc-b2ba-66bb4a569874,2025-11-08T22:03:58,1,1,1,0,1,3,62.25,1,0,0,0,0,1,1,0.69,0.0,0,1,6,1,1,1,0.1667,0,0,0,0.0,0,negative_hard
synthetic_user_0197,33f6e3a9-237d-433e-b4b6-238e44c80117,2025-11-09T06:20:56,1,1,0,1,0,4,55.97,5,2,1,0,1,0,1,0.58,0.0,0,0,0,0,0,0,0.0,0,0,1,0.0,0,negative_soft
synthetic_user_0197,45a799e0-5716-4209-b489-bd8f9ef13974,2025-11-09T06:20:56,1,1,0,1,0,4,55.97,5,2,1,0,1,0,1,0.41,0.0,0,1,0,0,0,0,0.0,0,0,1,0.0,0,negative_soft
synthetic_user_0197,dcf38bea-591e-47ae-aaaf-e01b841cc3b3,2025-11-09T06:20:56,1,1,0,1,0,4,55.97,5,2,1,0,1,0,1,0.69,0.0,0,1,4,2,1,0,0.5,0,0,1,0.0,0,negative_soft
synthetic_user_0197,ea97dfce-6731-4b1d-9b03-485d04de4867,2025-11-09T06:20:56,1,1,0,1,0,4,55.97,5,2,1,0,1,0,3,1.03,0.0,0,1,6,1,0,1,0.1667,0,0,1,0.0,0,negative_soft
synthetic_user_0163,40a8032b-e43c-43dc-ba5f-d650f1c0a979,2025-11-09T19:27:25,1,1,1,0,1,3,84.09,1,0,0,0,0,0,1,0.41,0.0,0,1,6,3,2,1,0.5,1,0,0,0.0,0,negative_hard
synthetic_user_0163,a8231f34-c157-4fcd-b08a-5a3420cc0cee,2025-11-09T19:27:25,1,1,1,0,1,3,84.09,1,0,0,0,0,0,1,0.69,0.0,0,1,5,2,0,1,0.4,1,0,0,0.0,0,negative_hard
synthetic_user_0163,c5310615-4076-41e9-9064-736593600471,2025-11-09T19:27:25,1,1,1,0,1,3,84.09,1,0,0,0,0,0,0,1.03,0.0,0,0,8,3,0,2,0.375,1,0,0,0.0,0,negative_hard
synthetic_user_0163,7c1af9a0-cf09-4356-8c0d-d762fbb21208,2025-11-09T19:27:25,0,0,0,2,0,3,84.09,1,0,0,0,0,0,1,1.76,0.0,0,1,11,1,0,0,0.0909,0,0,0,0.0,0,negative_soft
synthetic_user_0096,a18002e2-24a3-4da4-b558-ea8cadcb047e,2025-11-10T01:31:11,1,1,1,0,1,3,78.56,1,1,0,1,0,0,0,0.58,0.0,0,0,8,3,0,1,0.375,3,0,1,0.0,0,negative_hard
synthetic_user_0096,40a8032b-e43c-43dc-ba5f-d650f1c0a979,2025-11-10T01:31:11,1,1,1,0,1,3,78.56,1,1,0,1,0,0,1,0.41,0.0,0,1,6,3,2,1,0.5,3,0,1,0.0,0,negative_hard
synthetic_user_0096,85526add-cd5a-4107-a07e-62ff3f493082,2025-11-10T01:31:11,1,1,1,0,1,3,78.56,1,1,0,1,0,0,0,0.41,0.0,0,0,6,3,0,1,0.5,3,0,1,0.0,0,negative_hard
synthetic_user_0096,8706bbb8-8343-4edc-9af4-244b9cad76aa,2025-11-10T01:31:11,1,1,0,1,0,3,78.56,1,1,0,1,0,0,0,0.47,0.0,0,0,38,15,3,2,0.3947,0,0,1,0.0,0,negative_soft
synthetic_user_0096,945e447f-c018-4d92-b5e5-2f1f7a11bd56,2025-11-10T01:43:57,1,1,1,0,1,3,78.57,2,1,0,1,0,0,3,1.03,0.0,0,1,2,0,0,0,0.0,4,0,1,0.0,0,negative_hard
synthetic_user_0096,95461cac-4301-4ade-8b3c-98201e8731db,2025-11-10T01:43:57,1,1,1,0,1,3,78.57,2,1,0,1,0,0,1,0.41,0.0,0,1,2,0,0,0,0.0,4,0,1,0.0,0,negative_hard
synthetic_user_0096,dcf38bea-591e-47ae-aaaf-e01b841cc3b3,2025-11-10T01:43:57,1,1,1,0,1,3,78.57,2,1,0,1,0,0,1,0.69,0.0,0,1,4,2,1,0,0.5,4,0,1,0.0,0,negative_hard
synthetic_user_0096,8706bbb8-8343-4edc-9af4-244b9cad76aa,2025-11-10T01:43:57,1,1,0,1,0,3,78.57,2,1,0,1,0,0,0,0.47,0.0,0,0,38,15,3,2,0.3947,0,0,1,0.0,0,negative_soft
synthetic_user_0069,945e447f-c018-4d92-b5e5-2f1f7a11bd56,2025-11-10T07:33:14,1,1,1,0,1,3,76.8,1,0,0,0,0,0,3,1.03,0.0,0,1,2,0,0,0,0.0,1,0,0,0.0,0,negative_hard
synthetic_user_0069,ea97dfce-6731-4b1d-9b03-485d04de4867,2025-11-10T07:33:14,1,1,1,0,1,3,76.8,1,0,0,0,0,0,3,1.03,0.0,0,1,7,1,0,1,0.1429,1,0,0,0.0,0,negative_hard
synthetic_user_0069,dcf38bea-591e-47ae-aaaf-e01b841cc3b3,2025-11-10T07:33:14,1,1,1,0,1,3,76.8,1,0,0,0,0,0,1,0.69,0.0,0,1,4,2,1,0,0.5,1,0,0,0.0,0,negative_hard
synthetic_user_0069,8706bbb8-8343-4edc-9af4-244b9cad76aa,2025-11-10T07:33:14,1,1,0,1,0,3,76.8,1,0,0,0,0,0,0,0.47,0.0,0,0,38,15,3,2,0.3947,0,0,0,0.0,0,negative_soft
synthetic_user_0033,09593622-ad83-4d14-8236-17bea51dbb13,2025-11-10T19:15:05,1,1,1,0,1,3,59.32,1,0,0,0,0,0,1,0.69,0.0,0,1,9,3,1,2,0.3333,1,0,0,0.0,0,negative_hard
synthetic_user_0033,45a799e0-5716-4209-b489-bd8f9ef13974,2025-11-10T19:15:05,1,1,1,0,1,3,59.32,1,0,0,0,0,0,1,0.41,0.0,0,1,1,0,0,0,0.0,1,0,0,0.0,0,negative_hard
synthetic_user_0033,dbcab77a-8d8a-4721-b07d-d5d9ecc7874d,2025-11-10T19:15:05,1,1,1,0,1,3,59.32,1,0,0,0,0,0,1,0.58,0.0,0,0,2,0,0,0,0.0,1,0,0,0.0,0,negative_hard
synthetic_user_0033,8706bbb8-8343-4edc-9af4-244b9cad76aa,2025-11-10T19:15:05,1,1,0,1,0,3,59.32,1,0,0,0,0,0,0,0.47,0.0,0,0,38,15,3,2,0.3947,0,0,0,0.0,0,negative_soft
synthetic_user_0069,40a8032b-e43c-43dc-ba5f-d650f1c0a979,2025-11-11T21:26:51,1,1,1,0,1,3,78.38,1,0,0,0,1,0,1,0.41,0.0,0,1,6,3,2,1,0.5,2,0,1,0.0,0,negative_hard
synthetic_user_0069,945e447f-c018-4d92-b5e5-2f1f7a11bd56,2025-11-11T21:26:51,1,1,1,0,1,3,78.38,1,0,0,0,1,0,3,1.03,0.0,0,1,3,0,0,0,0.0,2,0,1,0.0,0,negative_hard
synthetic_user_0069,ea97dfce-6731-4b1d-9b03-485d04de4867,2025-11-11T21:26:51,1,1,1,0,1,3,78.38,1,0,0,0,1,0,3,1.03,0.0,0,1,7,1,0,1,0.1429,2,0,1,0.0,0,negative_hard
synthetic_user_0069,8706bbb8-8343-4edc-9af4-244b9cad76aa,2025-11-11T21:26:51,1,1,0,1,0,3,78.38,1,0,0,0,1,0,0,0.47,0.0,0,0,38,15,3,2,0.3947,0,0,1,0.0,0,negative_soft
synthetic_user_0069,f6081dfd-75ec-4719-a05b-6ec1f95df15f,2025-11-11T21:33:50,1,1,1,0,1,3,78.38,2,0,0,0,1,0,1,1.05,0.0,0,1,8,1,0,1,0.125,3,0,1,0.0,0,negative_hard
synthetic_user_0069,85526add-cd5a-4107-a07e-62ff3f493082,2025-11-11T21:33:50,1,1,1,0,1,3,78.38,2,0,0,0,1,0,0,0.41,0.0,0,0,6,3,0,1,0.5,3,0,1,0.0,0,negative_hard
synthetic_user_0069,fbb68aab-9b3b-4e24-9109-ea047f927347,2025-11-11T21:33:50,1,1,1,0,1,3,78.38,2,0,0,0,1,0,3,1.03,0.0,0,1,6,3,1,0,0.5,3,0,1,0.0,0,negative_hard
synthetic_user_0069,8706bbb8-8343-4edc-9af4-244b9cad76aa,2025-11-11T21:33:50,1,1,0,1,0,3,78.38,2,0,0,0,1,0,0,0.47,0.0,0,0,38,15,3,2,0.3947,0,0,1,0.0,0,negative_soft
synthetic_user_0069,45a799e0-5716-4209-b489-bd8f9ef13974,2025-11-11T21:41:28,1,1,1,0,1,3,78.39,2,1,0,0,1,0,1,0.41,0.0,0,1,1,0,0,0,0.0,4,0,1,0.0,0,negative_hard
synthetic_user_0069,dcf38bea-591e-47ae-aaaf-e01b841cc3b3,2025-11-11T21:41:28,1,1,1,0,1,3,78.39,2,1,0,0,1,0,1,0.69,0.0,0,1,4,2,1,0,0.5,4,0,1,0.0,0,negative_hard
synthetic_user_0069,ea97dfce-6731-4b1d-9b03-485d04de4867,2025-11-11T21:41:28,1,1,1,0,1,3,78.39,2,1,0,0,1,0,3,1.03,0.0,0,1,7,1,0,1,0.1429,4,0,1,0.0,0,negative_hard
synthetic_user_0069,8706bbb8-8343-4edc-9af4-244b9cad76aa,2025-11-11T21:41:28,1,1,0,1,0,3,78.39,2,1,0,0,1,0,0,0.47,0.0,0,0,38,15,3,2,0.3947,0,0,1,0.0,0,negative_soft
synthetic_user_0051,ea97dfce-6731-4b1d-9b03-485d04de4867,2025-11-12T00:13:51,1,1,1,0,1,3,60.92,3,1,0,0,0,1,3,1.03,0.0,0,1,7,1,0,1,0.1429,4,0,1,0.0,0,negative_hard
synthetic_user_0051,33f6e3a9-237d-433e-b4b6-238e44c80117,2025-11-12T00:13:51,1,1,1,0,1,3,60.92,3,1,0,0,0,1,1,0.58,0.0,0,0,1,0,0,0,0.0,4,0,1,0.0,0,negative_hard
synthetic_user_0051,dcf38bea-591e-47ae-aaaf-e01b841cc3b3,2025-11-12T00:13:51,1,1,1,0,1,3,60.92,3,1,0,0,0,1,1,0.69,0.0,0,1,4,2,1,0,0.5,4,0,1,0.0,0,negative_hard
synthetic_user_0051,7c1af9a0-cf09-4356-8c0d-d762fbb21208,2025-11-12T00:13:51,0,0,0,2,0,3,60.92,3,1,0,0,0,1,1,1.76,0.0,0,1,11,1,0,0,0.0909,0,0,0,0.0,0,negative_soft
synthetic_user_0051,a18002e2-24a3-4da4-b558-ea8cadcb047e,2025-11-12T00:16:45,1,1,1,0,1,3,60.92,3,2,0,0,0,1,0,0.58,0.0,0,0,8,3,0,1,0.375,5,0,1,0.0,0,negative_hard
synthetic_user_0051,e06a75b5-86f9-4daf-b871-0fba7b7ba57d,2025-11-12T00:16:45,1,1,1,0,1,3,60.92,3,2,0,0,0,1,1,0.58,0.0,0,0,2,0,0,0,0.0,5,0,1,0.0,0,negative_hard
synthetic_user_0051,dcd20897-e14a-43fc-b2ba-66bb4a569874,2025-11-12T00:16:45,1,1,1,0,1,3,60.92,3,2,0,0,0,1,1,0.69,0.0,0,1,6,1,1,1,0.1667,5,0,1,0.0,0,negative_hard
synthetic_user_0051,7c1af9a0-cf09-4356-8c0d-d762fbb21208,2025-11-12T00:16:45,0,0,0,2,0,3,60.92,3,2,0,0,0,1,1,1.76,0.0,0,1,11,1,0,0,0.0909,0,0,0,0.0,0,negative_soft
synthetic_user_0084,95461cac-4301-4ade-8b3c-98201e8731db,2025-11-12T00:39:31,1,1,1,0,1,3,86.02,1,0,0,0,0,0,1,0.41,0.0,0,1,2,0,0,0,0.0,1,0,0,0.0,0,negative_hard
synthetic_user_0084,5a0f55cf-16af-4459-9030-0c7c6e11207f,2025-11-12T00:39:31,1,1,1,0,1,3,86.02,1,0,0,0,0,0,0,0.58,0.0,0,0,3,1,0,0,0.3333,1,0,0,0.0,0,negative_hard
synthetic_user_0084,85526add-cd5a-4107-a07e-62ff3f493082,2025-11-12T00:39:31,1,1,1,0,1,3,86.02,1,0,0,0,0,0,0,0.41,0.0,0,0,6,3,0,1,0.5,1,0,0,0.0,0,negative_hard
synthetic_user_0084,8706bbb8-8343-4edc-9af4-244b9cad76aa,2025-11-12T00:39:31,1,1,0,1,0,3,86.02,1,0,0,0,0,0,0,0.47,0.0,0,0,38,15,3,2,0.3947,0,0,0,0.0,0,negative_soft
synthetic_user_0017,830353af-6497-4bc7-bab8-08114b64b682,2025-11-12T00:56:40,1,1,1,0,1,3,73.83,1,0,0,0,0,1,0,1.05,0.0,0,0,7,3,0,0,0.4286,1,0,0,0.0,0,negative_hard
synthetic_user_0017,85526add-cd5a-4107-a07e-62ff3f493082,2025-11-12T00:56:40,1,1,1,0,1,3,73.83,1,0,0,0,0,1,0,0.41,0.0,0,0,6,3,0,1,0.5,1,0,0,0.0,0,negative_hard
synthetic_user_0017,95461cac-4301-4ade-8b3c-98201e8731db,2025-11-12T00:56:40,1,1,1,0,1,3,73.83,1,0,0,0,0,1,1,0.41,0.0,0,1,2,0,0,0,0.0,1,0,0,0.0,0,negative_hard
synthetic_user_0017,7c1af9a0-cf09-4356-8c0d-d762fbb21208,2025-11-12T00:56:40,0,0,0,2,0,3,73.83,1,0,0,0,0,1,1,1.76,0.0,0,1,11,1,0,0,0.0909,0,0,0,0.0,0,negative_soft
synthetic_user_0084,98a77293-8faf-4d27-8248-6eb91f481d8f,2025-11-12T01:04:40,1,1,1,0,1,3,86.04,1,1,0,0,0,0,0,0.58,0.0,0,0,6,5,1,3,0.8333,2,0,1,0.0,0,negative_hard
synthetic_user_0084,40a8032b-e43c-43dc-ba5f-d650f1c0a979,2025-11-12T01:04:40,1,1,1,0,1,3,86.04,1,1,0,0,0,0,1,0.41,0.0,0,1,6,3,2,1,0.5,2,0,1,0.0,0,negative_hard
synthetic_user_0084,95461cac-4301-4ade-8b3c-98201e8731db,2025-11-12T01:04:40,1,1,1,0,1,3,86.04,1,1,0,0,0,0,1,0.41,0.0,0,1,2,0,0,0,0.0,2,0,1,0.0,0,negative_hard
synthetic_user_0084,8706bbb8-8343-4edc-9af4-244b9cad76aa,2025-11-12T01:04:40,1,1,0,1,0,3,86.04,1,1,0,0,0,0,0,0.47,0.0,0,0,38,15,3,2,0.3947,0,0,1,0.0,0,negative_soft
synthetic_user_0055,45a799e0-5716-4209-b489-bd8f9ef13974,2025-11-12T18:10:54,1,1,1,0,1,3,79.34,1,0,0,0,0,1,1,0.41,0.0,0,1,1,0,0,0,0.0,1,0,0,0.0,0,negative_hard
synthetic_user_0055,a8231f34-c157-4fcd-b08a-5a3420cc0cee,2025-11-12T18:10:54,1,1,1,0,1,3,79.34,1,0,0,0,0,1,1,0.69,0.0,0,1,5,2,0,1,0.4,1,0,0,0.0,0,negative_hard
synthetic_user_0055,bd6bddb1-3e29-4767-a194-6196e46f7456,2025-11-12T18:10:54,1,1,1,0,1,3,79.34,1,0,0,0,0,1,1,0.41,0.0,0,1,1,0,0,0,0.0,1,0,0,0.0,0,negative_hard
synthetic_user_0055,8706bbb8-8343-4edc-9af4-244b9cad76aa,2025-11-12T18:10:54,1,1,0,1,0,3,79.34,1,0,0,0,0,1,0,0.47,0.0,0,0,38,15,3,2,0.3947,0,0,0,0.0,0,negative_soft
synthetic_user_0155,ea97dfce-6731-4b1d-9b03-485d04de4867,2025-11-12T19:26:31,1,1,1,0,1,3,67.83,1,1,1,0,0,0,3,1.03,0.0,0,1,7,1,0,1,0.1429,0,0,1,0.0,0,negative_hard
synthetic_user_0155,f6081dfd-75ec-4719-a05b-6ec1f95df15f,2025-11-12T19:26:31,1,1,1,0,1,3,67.83,1,1,1,0,0,0,1,1.05,0.0,0,1,8,1,0,1,0.125,0,0,1,0.0,0,negative_hard
synthetic_user_0155,fbb68aab-9b3b-4e24-9109-ea047f927347,2025-11-12T19:26:31,1,1,1,0,1,3,67.83,1,1,1,0,0,0,3,1.03,0.0,0,1,6,3,1,0,0.5,0,0,1,0.0,0,negative_hard
synthetic_user_0155,7c1af9a0-cf09-4356-8c0d-d762fbb21208,2025-11-12T19:26:31,0,0,0,2,0,3,67.83,1,1,1,0,0,0,1,1.76,0.0,0,1,11,1,0,0,0.0909,0,0,0,0.0,0,negative_soft
synthetic_user_0159,f6081dfd-75ec-4719-a05b-6ec1f95df15f,2025-11-14T00:32:13,1,1,0,1,0,4,65.89,2,0,0,0,0,0,1,1.05,0.0,0,1,8,1,0,1,0.125,1,0,0,0.0,0,negative_soft
synthetic_user_0159,2c1e63cb-30f5-4e05-92af-ea93368ef4ab,2025-11-14T00:32:13,1,1,0,1,0,4,65.89,2,0,0,0,0,0,1,0.41,0.0,0,1,12,6,2,2,0.5,1,0,0,0.0,0,negative_soft
synthetic_user_0159,b1e94dc4-e19f-4e9b-85e1-69c3b4ab0e97,2025-11-14T00:32:13,1,1,0,1,0,4,65.89,2,0,0,0,0,0,3,1.03,0.0,0,1,2,1,1,1,0.5,1,0,0,0.0,0,negative_soft
synthetic_user_0159,bd6bddb1-3e29-4767-a194-6196e46f7456,2025-11-14T00:32:13,1,1,0,1,0,4,65.89,2,0,0,0,0,0,1,0.41,0.0,0,1,1,0,0,0,0.0,1,0,0,0.0,0,negative_soft
synthetic_user_0159,bd6bddb1-3e29-4767-a194-6196e46f7456,2025-11-14T00:36:15,1,1,0,1,0,4,65.89,2,1,0,0,0,0,1,0.41,0.0,0,1,1,0,0,0,0.0,1,0,1,0.0,0,negative_soft
synthetic_user_0159,a8231f34-c157-4fcd-b08a-5a3420cc0cee,2025-11-14T00:36:15,1,1,0,1,0,4,65.89,2,1,0,0,0,0,1,0.69,0.0,0,1,6,2,0,1,0.3333,1,0,1,0.0,0,negative_soft
synthetic_user_0159,8b44ea69-a5bb-4779-8c63-bf20e4da58c7,2025-11-14T00:36:15,1,1,0,1,0,4,65.89,2,1,0,0,0,0,1,0.69,0.0,0,1,5,5,2,1,1.0,1,0,1,0.0,0,negative_soft
synthetic_user_0159,59bf0b38-d7b5-4024-a66e-a03f1b47095d,2025-11-14T00:36:15,1,1,0,1,0,4,65.89,2,1,0,0,0,0,3,1.03,0.0,0,1,5,2,1,0,0.4,1,0,1,0.0,0,negative_soft
synthetic_user_0197,b1e94dc4-e19f-4e9b-85e1-69c3b4ab0e97,2025-11-14T02:28:00,1,1,0,1,0,4,60.81,6,2,1,0,2,0,3,1.03,0.0,0,1,2,1,1,1,0.5,0,0,1,0.0,0,negative_soft
synthetic_user_0197,5a0f55cf-16af-4459-9030-0c7c6e11207f,2025-11-14T02:28:00,1,1,0,1,0,4,60.81,6,2,1,0,2,0,0,0.58,0.0,0,0,3,1,0,0,0.3333,0,0,1,0.0,0,negative_soft
synthetic_user_0197,dcd20897-e14a-43fc-b2ba-66bb4a569874,2025-11-14T02:28:00,1,1,0,1,0,4,60.81,6,2,1,0,2,0,1,0.69,0.0,0,1,7,2,1,1,0.2857,0,0,1,0.0,0,negative_soft
synthetic_user_0197,33f6e3a9-237d-433e-b4b6-238e44c80117,2025-11-14T02:28:00,1,1,0,1,0,4,60.81,6,2,1,0,2,0,1,0.58,0.0,0,0,1,0,0,0,0.0,0,0,1,0.0,0,negative_soft
synthetic_user_0106,f6081dfd-75ec-4719-a05b-6ec1f95df15f,2025-11-14T04:55:51,1,1,1,0,1,3,64.97,1,0,0,0,0,0,1,1.05,0.0,0,1,8,1,0,1,0.125,0,0,0,0.0,0,negative_hard
synthetic_user_0106,45a799e0-5716-4209-b489-bd8f9ef13974,2025-11-14T04:55:51,1,1,1,0,1,3,64.97,1,0,0,0,0,0,1,0.41,0.0,0,1,1,0,0,0,0.0,0,0,0,0.0,0,negative_hard
synthetic_user_0106,581c8e36-7a51-4e8e-ac1d-6e9c1d54940f,2025-11-14T04:55:51,1,1,1,0,1,3,64.97,1,0,0,0,0,0,3,1.03,0.0,0,1,5,1,1,0,0.2,0,0,0,0.0,0,negative_hard
synthetic_user_0106,7c1af9a0-cf09-4356-8c0d-d762fbb21208,2025-11-14T04:55:51,0,0,0,2,0,3,64.97,1,0,0,0,0,0,1,1.76,0.0,0,1,11,1,0,0,0.0909,0,0,0,0.0,0,negative_soft
synthetic_user_0021,a8231f34-c157-4fcd-b08a-5a3420cc0cee,2025-11-15T19:28:31,1,1,1,0,1,3,83.75,1,0,0,0,0,1,1,0.69,0.0,0,1,6,2,0,1,0.3333,1,0,0,0.0,0,negative_hard
synthetic_user_0021,59bf0b38-d7b5-4024-a66e-a03f1b47095d,2025-11-15T19:28:31,1,1,1,0,1,3,83.75,1,0,0,0,0,1,3,1.03,0.0,0,1,5,2,1,0,0.4,1,0,0,0.0,0,negative_hard
synthetic_user_0021,33f6e3a9-237d-433e-b4b6-238e44c80117,2025-11-15T19:28:31,1,1,1,0,1,3,83.75,1,0,0,0,0,1,1,0.58,0.0,0,0,1,0,0,0,0.0,1,0,0,0.0,0,negative_hard
synthetic_user_0021,8706bbb8-8343-4edc-9af4-244b9cad76aa,2025-11-15T19:28:31,1,1,0,1,0,3,83.75,1,0,0,0,0,1,0,0.47,0.0,0,0,43,18,4,2,0.4186,0,0,0,0.0,0,negative_soft
synthetic_user_0088,087164bc-8a57-44b1-bd06-0644f475917b,2025-11-17T05:36:04,1,1,1,0,1,3,66.22,2,1,0,0,0,0,0,0.58,0.0,0,0,6,2,1,0,0.3333,1,0,1,0.0,0,negative_hard
synthetic_user_0088,f6081dfd-75ec-4719-a05b-6ec1f95df15f,2025-11-17T05:36:04,1,1,1,0,1,3,66.22,2,1,0,0,0,0,1,1.05,0.0,0,1,8,1,0,1,0.125,1,0,1,0.0,0,negative_hard
synthetic_user_0088,581c8e36-7a51-4e8e-ac1d-6e9c1d54940f,2025-11-17T05:36:04,1,1,1,0,1,3,66.22,2,1,0,0,0,0,3,1.03,0.0,0,1,6,1,1,0,0.1667,1,0,1,0.0,0,negative_hard
synthetic_user_0088,7c1af9a0-cf09-4356-8c0d-d762fbb21208,2025-11-17T05:36:04,0,0,0,2,0,3,66.22,2,1,0,0,0,0,1,1.76,0.0,0,1,12,1,0,0,0.0833,0,0,0,0.0,0,negative_soft
synthetic_user_0088,dcd20897-e14a-43fc-b2ba-66bb4a569874,2025-11-17T05:42:54,1,1,1,0,1,3,66.23,2,2,0,0,0,0,1,0.69,0.0,0,1,7,2,1,1,0.2857,2,0,2,0.0,0,negative_hard
synthetic_user_0088,087164bc-8a57-44b1-bd06-0644f475917b,2025-11-17T05:42:54,1,1,1,0,1,3,66.23,2,2,0,0,0,0,0,0.58,0.0,0,0,6,2,1,0,0.3333,2,0,2,0.0,0,negative_hard
synthetic_user_0088,fbb68aab-9b3b-4e24-9109-ea047f927347,2025-11-17T05:42:54,1,1,1,0,1,3,66.23,2,2,0,0,0,0,3,1.03,0.0,0,1,7,3,1,0,0.4286,2,0,2,0.0,0,negative_hard
synthetic_user_0088,7c1af9a0-cf09-4356-8c0d-d762fbb21208,2025-11-17T05:42:54,0,0,0,2,0,3,66.23,2,2,0,0,0,0,1,1.76,0.0,0,1,12,1,0,0,0.0833,0,0,0,0.0,0,negative_soft
synthetic_user_0125,95461cac-4301-4ade-8b3c-98201e8731db,2025-11-18T03:19:36,1,1,1,0,1,3,69.97,4,0,0,0,1,0,1,0.41,0.0,0,1,2,0,0,0,0.0,4,0,1,0.0,0,negative_hard
synthetic_user_0125,830353af-6497-4bc7-bab8-08114b64b682,2025-11-18T03:19:36,1,1,1,0,1,3,69.97,4,0,0,0,1,0,0,1.05,0.0,0,0,7,3,0,0,0.4286,4,0,1,0.0,0,negative_hard
synthetic_user_0125,8b44ea69-a5bb-4779-8c63-bf20e4da58c7,2025-11-18T03:19:36,1,1,1,0,1,3,69.97,4,0,0,0,1,0,1,0.69,0.0,0,1,6,5,2,1,0.8333,4,0,1,0.0,0,negative_hard
synthetic_user_0125,7c1af9a0-cf09-4356-8c0d-d762fbb21208,2025-11-18T03:19:36,0,0,0,2,0,3,69.97,4,0,0,0,1,0,1,1.76,0.0,0,1,12,1,0,0,0.0833,0,0,0,0.0,0,negative_soft
synthetic_user_0125,830353af-6497-4bc7-bab8-08114b64b682,2025-11-18T03:24:53,1,1,1,0,1,3,69.97,5,0,0,0,1,0,0,1.05,0.0,0,0,7,3,0,0,0.4286,5,0,1,0.0,0,negative_hard
synthetic_user_0125,2c1e63cb-30f5-4e05-92af-ea93368ef4ab,2025-11-18T03:24:53,1,1,1,0,1,3,69.97,5,0,0,0,1,0,1,0.41,0.0,0,1,13,6,2,2,0.4615,5,0,1,0.0,0,negative_hard
synthetic_user_0125,45a799e0-5716-4209-b489-bd8f9ef13974,2025-11-18T03:24:53,1,1,1,0,1,3,69.97,5,0,0,0,1,0,1,0.41,0.0,0,1,1,0,0,0,0.0,5,0,1,0.0,0,negative_hard
synthetic_user_0125,7c1af9a0-cf09-4356-8c0d-d762fbb21208,2025-11-18T03:24:53,0,0,0,2,0,3,69.97,5,0,0,0,1,0,1,1.76,0.0,0,1,12,1,0,0,0.0833,0,0,0,0.0,0,negative_soft
synthetic_user_0111,830353af-6497-4bc7-bab8-08114b64b682,2025-11-18T07:47:29,1,1,0,1,0,4,70.22,1,0,0,0,0,0,0,1.05,0.0,0,0,7,3,0,0,0.4286,0,0,0,0.0,0,negative_soft
synthetic_user_0111,40a8032b-e43c-43dc-ba5f-d650f1c0a979,2025-11-18T07:47:29,1,1,0,1,0,4,70.22,1,0,0,0,0,0,1,0.41,0.0,0,1,7,4,3,1,0.5714,0,0,0,0.0,0,negative_soft
synthetic_user_0111,98a77293-8faf-4d27-8248-6eb91f481d8f,2025-11-18T07:47:29,1,1,0,1,0,4,70.22,1,0,0,0,0,0,0,0.58,0.0,0,0,6,5,1,3,0.8333,0,0,0,0.0,0,negative_soft
synthetic_user_0111,5a0f55cf-16af-4459-9030-0c7c6e11207f,2025-11-18T07:47:29,1,1,0,1,0,4,70.22,1,0,0,0,0,0,0,0.58,0.0,0,0,3,1,0,0,0.3333,0,0,0,0.0,0,negative_soft
synthetic_user_0111,98a77293-8faf-4d27-8248-6eb91f481d8f,2025-11-18T07:49:44,1,1,0,1,0,4,70.22,2,0,0,0,0,0,0,0.58,0.0,0,0,6,5,1,3,0.8333,0,0,0,0.0,0,negative_soft
synthetic_user_0111,830353af-6497-4bc7-bab8-08114b64b682,2025-11-18T07:49:44,1,1,0,1,0,4,70.22,2,0,0,0,0,0,0,1.05,0.0,0,0,7,3,0,0,0.4286,0,0,0,0.0,0,negative_soft
synthetic_user_0111,bd6bddb1-3e29-4767-a194-6196e46f7456,2025-11-18T07:49:44,1,1,0,1,0,4,70.22,2,0,0,0,0,0,1,0.41,0.0,0,1,1,0,0,0,0.0,0,0,0,0.0,0,negative_soft
synthetic_user_0111,945e447f-c018-4d92-b5e5-2f1f7a11bd56,2025-11-18T07:49:44,1,1,0,1,0,4,70.22,2,0,0,0,0,0,3,1.03,0.0,0,1,3,0,0,0,0.0,0,0,0,0.0,0,negative_soft
synthetic_user_0111,e72c3d3b-cf36-4cc4-9a40-d8cc5d28df84,2025-11-18T23:05:48,1,1,0,1,0,4,70.85,3,1,0,0,0,0,1,0.41,0.0,0,1,8,5,3,2,0.625,0,0,1,0.0,0,negative_soft
synthetic_user_0111,581c8e36-7a51-4e8e-ac1d-6e9c1d54940f,2025-11-18T23:05:48,1,1,0,1,0,4,70.85,3,1,0,0,0,0,3,1.03,0.0,0,1,6,1,1,0,0.1667,0,0,1,0.0,0,negative_soft
synthetic_user_0111,dbcab77a-8d8a-4721-b07d-d5d9ecc7874d,2025-11-18T23:05:48,1,1,0,1,0,4,70.85,3,1,0,0,0,0,1,0.58,0.0,0,0,2,0,0,0,0.0,0,0,1,0.0,0,negative_soft
synthetic_user_0111,830353af-6497-4bc7-bab8-08114b64b682,2025-11-18T23:05:48,1,1,0,1,0,4,70.85,3,1,0,0,0,0,0,1.05,0.0,0,0,7,3,0,0,0.4286,0,0,1,0.0,0,negative_soft
synthetic_user_0111,b1e94dc4-e19f-4e9b-85e1-69c3b4ab0e97,2025-11-18T23:11:30,1,1,0,1,0,4,70.86,3,2,0,0,0,0,3,1.03,0.0,0,1,3,1,1,1,0.3333,0,0,1,0.0,0,negative_soft
synthetic_user_0111,dbcab77a-8d8a-4721-b07d-d5d9ecc7874d,2025-11-18T23:11:30,1,1,0,1,0,4,70.86,3,2,0,0,0,0,1,0.58,0.0,0,0,2,0,0,0,0.0,0,0,1,0.0,0,negative_soft
synthetic_user_0111,5a0f55cf-16af-4459-9030-0c7c6e11207f,2025-11-18T23:11:30,1,1,0,1,0,4,70.86,3,2,0,0,0,0,0,0.58,0.0,0,0,3,1,0,0,0.3333,0,0,1,0.0,0,negative_soft
synthetic_user_0111,85526add-cd5a-4107-a07e-62ff3f493082,2025-11-18T23:11:30,1,1,0,1,0,4,70.86,3,2,0,0,0,0,0,0.41,0.0,0,0,7,3,0,1,0.4286,0,0,1,0.0,0,negative_soft
synthetic_user_0069,f6081dfd-75ec-4719-a05b-6ec1f95df15f,2025-11-18T23:49:20,1,1,1,0,1,3,85.48,3,1,1,0,1,0,1,1.05,0.0,0,1,8,1,0,1,0.125,6,0,1,0.0,0,negative_hard
synthetic_user_0069,95461cac-4301-4ade-8b3c-98201e8731db,2025-11-18T23:49:20,1,1,1,0,1,3,85.48,3,1,1,0,1,0,1,0.41,0.0,0,1,2,0,0,0,0.0,6,0,1,0.0,0,negative_hard
synthetic_user_0069,945e447f-c018-4d92-b5e5-2f1f7a11bd56,2025-11-18T23:49:20,1,1,1,0,1,3,85.48,3,1,1,0,1,0,3,1.03,0.0,0,1,3,0,0,0,0.0,6,0,1,0.0,0,negative_hard
synthetic_user_0069,8706bbb8-8343-4edc-9af4-244b9cad76aa,2025-11-18T23:49:20,1,1,0,1,0,3,85.48,3,1,1,0,1,0,0,0.47,0.0,0,0,46,20,5,2,0.4348,0,0,1,0.0,0,negative_soft
synthetic_user_0074,8b44ea69-a5bb-4779-8c63-bf20e4da58c7,2025-11-19T04:25:51,1,1,1,0,1,3,71.16,2,0,0,0,0,1,1,0.69,0.0,0,1,6,5,2,1,0.8333,2,0,0,0.0,0,negative_hard
synthetic_user_0074,bd6bddb1-3e29-4767-a194-6196e46f7456,2025-11-19T04:25:51,1,1,1,0,1,3,71.16,2,0,0,0,0,1,1,0.41,0.0,0,1,1,0,0,0,0.0,2,0,0,0.0,0,negative_hard
synthetic_user_0074,5a0f55cf-16af-4459-9030-0c7c6e11207f,2025-11-19T04:25:51,1,1,1,0,1,3,71.16,2,0,0,0,0,1,0,0.58,0.0,0,0,3,1,0,0,0.3333,2,0,0,0.0,0,negative_hard
synthetic_user_0019,dcd20897-e14a-43fc-b2ba-66bb4a569874,2025-11-19T09:00:55,1,1,1,0,1,3,88.75,1,0,0,0,0,0,1,0.69,0.0,0,1,8,2,1,1,0.25,1,0,0,0.0,0,negative_hard
synthetic_user_0019,e72c3d3b-cf36-4cc4-9a40-d8cc5d28df84,2025-11-19T09:00:55,1,1,1,0,1,3,88.75,1,0,0,0,0,0,1,0.41,0.0,0,1,8,5,3,2,0.625,1,0,0,0.0,0,negative_hard
synthetic_user_0019,40a8032b-e43c-43dc-ba5f-d650f1c0a979,2025-11-19T09:00:55,1,1,1,0,1,3,88.75,1,0,0,0,0,0,1,0.41,0.0,0,1,7,4,3,1,0.5714,1,0,0,0.0,0,negative_hard
synthetic_user_0019,8706bbb8-8343-4edc-9af4-244b9cad76aa,2025-11-19T09:00:55,1,1,0,1,0,3,88.75,1,0,0,0,0,0,0,0.47,0.0,0,0,46,20,5,2,0.4348,0,0,0,0.0,0,negative_soft
synthetic_user_0175,45a799e0-5716-4209-b489-bd8f9ef13974,2025-11-19T18:40:04,1,1,1,0,1,3,83.41,1,0,0,0,0,0,1,0.41,0.0,0,1,2,1,0,0,0.5,1,0,0,0.0,0,negative_hard
synthetic_user_0175,a8231f34-c157-4fcd-b08a-5a3420cc0cee,2025-11-19T18:40:04,1,1,1,0,1,3,83.41,1,0,0,0,0,0,1,0.69,0.0,0,1,6,2,0,1,0.3333,1,0,0,0.0,0,negative_hard
synthetic_user_0175,dbcab77a-8d8a-4721-b07d-d5d9ecc7874d,2025-11-19T18:40:04,1,1,1,0,1,3,83.41,1,0,0,0,0,0,1,0.58,0.0,0,0,3,1,0,0,0.3333,1,0,0,0.0,0,negative_hard
synthetic_user_0175,8706bbb8-8343-4edc-9af4-244b9cad76aa,2025-11-19T18:40:04,1,1,0,1,0,3,83.41,1,0,0,0,0,0,0,0.47,0.0,0,0,46,20,5,2,0.4348,0,0,0,0.0,0,negative_soft
synthetic_user_0175,a18002e2-24a3-4da4-b558-ea8cadcb047e,2025-11-19T18:51:13,1,1,1,0,1,3,83.42,1,1,0,0,0,0,0,0.58,0.0,0,0,9,4,0,1,0.4444,2,0,1,0.0,0,negative_hard
synthetic_user_0175,40a8032b-e43c-43dc-ba5f-d650f1c0a979,2025-11-19T18:51:13,1,1,1,0,1,3,83.42,1,1,0,0,0,0,1,0.41,0.0,0,1,7,4,3,1,0.5714,2,0,1,0.0,0,negative_hard
synthetic_user_0175,830353af-6497-4bc7-bab8-08114b64b682,2025-11-19T18:51:13,1,1,1,0,1,3,83.42,1,1,0,0,0,0,0,1.05,0.0,0,0,7,3,0,0,0.4286,2,0,1,0.0,0,negative_hard
synthetic_user_0175,8706bbb8-8343-4edc-9af4-244b9cad76aa,2025-11-19T18:51:13,1,1,0,1,0,3,83.42,1,1,0,0,0,0,0,0.47,0.0,0,0,46,20,5,2,0.4348,0,0,1,0.0,0,negative_soft
synthetic_user_0087,40a8032b-e43c-43dc-ba5f-d650f1c0a979,2025-11-19T22:49:20,1,1,1,0,1,3,81.57,1,0,0,0,0,0,1,0.41,0.0,0,1,7,4,3,1,0.5714,1,0,0,0.0,0,negative_hard
synthetic_user_0087,a18002e2-24a3-4da4-b558-ea8cadcb047e,2025-11-19T22:49:20,1,1,1,0,1,3,81.57,1,0,0,0,0,0,0,0.58,0.0,0,0,9,4,0,1,0.4444,1,0,0,0.0,0,negative_hard
synthetic_user_0087,e06a75b5-86f9-4daf-b871-0fba7b7ba57d,2025-11-19T22:49:20,1,1,1,0,1,3,81.57,1,0,0,0,0,0,1,0.58,0.0,0,0,2,0,0,0,0.0,1,0,0,0.0,0,negative_hard
synthetic_user_0087,8706bbb8-8343-4edc-9af4-244b9cad76aa,2025-11-19T22:49:20,1,1,0,1,0,3,81.57,1,0,0,0,0,0,0,0.47,0.0,0,0,46,20,5,2,0.4348,0,0,0,0.0,0,negative_soft
synthetic_user_0087,fbb68aab-9b3b-4e24-9109-ea047f927347,2025-11-19T23:19:02,1,1,1,0,1,3,81.59,2,0,0,0,0,0,3,1.03,0.0,0,1,7,3,1,0,0.4286,2,0,0,0.0,0,negative_hard
synthetic_user_0087,40a8032b-e43c-43dc-ba5f-d650f1c0a979,2025-11-19T23:19:02,1,1,1,0,1,3,81.59,2,0,0,0,0,0,1,0.41,0.0,0,1,7,4,3,1,0.5714,2,0,0,0.0,0,negative_hard
synthetic_user_0087,087164bc-8a57-44b1-bd06-0644f475917b,2025-11-19T23:19:02,1,1,1,0,1,3,81.59,2,0,0,0,0,0,0,0.58,0.0,0,0,6,2,1,0,0.3333,2,0,0,0.0,0,negative_hard
synthetic_user_0087,8706bbb8-8343-4edc-9af4-244b9cad76aa,2025-11-19T23:19:02,1,1,0,1,0,3,81.59,2,0,0,0,0,0,0,0.47,0.0,0,0,46,20,5,2,0.4348,0,0,0,0.0,0,negative_soft
synthetic_user_0135,a8231f34-c157-4fcd-b08a-5a3420cc0cee,2025-11-20T05:34:58,0,0,0,2,0,1,67.19,1,0,0,0,0,1,1,0.69,0.0,0,1,6,2,0,1,0.3333,0,0,0,0.0,0,negative_soft
synthetic_user_0135,ea97dfce-6731-4b1d-9b03-485d04de4867,2025-11-20T05:34:58,0,0,0,2,0,1,67.19,1,0,0,0,0,1,3,1.03,0.0,0,1,8,1,0,1,0.125,0,0,0,0.0,0,negative_soft
synthetic_user_0135,8706bbb8-8343-4edc-9af4-244b9cad76aa,2025-11-20T05:34:58,0,0,0,3,0,1,67.19,1,0,0,0,0,1,0,0.47,0.0,0,0,47,20,5,2,0.4255,0,0,0,0.0,0,negative_soft
synthetic_user_0135,e06a75b5-86f9-4daf-b871-0fba7b7ba57d,2025-11-20T05:34:58,0,0,0,2,0,1,67.19,1,0,0,0,0,1,1,0.58,0.0,0,0,2,0,0,0,0.0,0,0,0,0.0,0,negative_soft
synthetic_user_0096,581c8e36-7a51-4e8e-ac1d-6e9c1d54940f,2025-11-20T20:55:56,1,1,1,0,1,3,89.37,3,1,0,1,1,0,3,1.03,0.0,0,1,6,1,1,0,0.1667,6,0,1,0.0,0,negative_hard
synthetic_user_0096,98a77293-8faf-4d27-8248-6eb91f481d8f,2025-11-20T20:55:56,1,1,1,0,1,3,89.37,3,1,0,1,1,0,0,0.58,0.0,0,0,7,5,1,3,0.7143,6,0,1,0.0,0,negative_hard
synthetic_user_0096,830353af-6497-4bc7-bab8-08114b64b682,2025-11-20T20:55:56,1,1,1,0,1,3,89.37,3,1,0,1,1,0,0,1.05,0.0,0,0,8,3,0,0,0.375,6,0,1,0.0,0,negative_hard
synthetic_user_0096,8706bbb8-8343-4edc-9af4-244b9cad76aa,2025-11-20T20:55:56,1,1,0,1,0,3,89.37,3,1,0,1,1,0,0,0.47,0.0,0,0,47,20,5,2,0.4255,0,0,1,0.0,0,negative_soft
synthetic_user_0180,dcd20897-e14a-43fc-b2ba-66bb4a569874,2025-11-20T23:19:39,1,1,1,0,1,3,74.99,5,1,1,0,2,0,1,0.69,0.0,0,1,8,2,1,1,0.25,4,0,2,0.0,0,negative_hard
synthetic_user_0180,a18002e2-24a3-4da4-b558-ea8cadcb047e,2025-11-20T23:19:39,1,1,1,0,1,3,74.99,5,1,1,0,2,0,0,0.58,0.0,0,0,9,4,0,1,0.4444,4,0,2,0.0,0,negative_hard
synthetic_user_0180,fbb68aab-9b3b-4e24-9109-ea047f927347,2025-11-20T23:19:39,1,1,1,0,1,3,74.99,5,1,1,0,2,0,3,1.03,0.0,0,1,7,3,1,0,0.4286,4,0,2,0.0,0,negative_hard
synthetic_user_0180,7c1af9a0-cf09-4356-8c0d-d762fbb21208,2025-11-20T23:19:39,0,0,0,2,0,3,74.99,5,1,1,0,2,0,1,1.76,0.0,0,1,13,1,0,0,0.0769,0,0,0,0.0,0,negative_soft
synthetic_user_0180,087164bc-8a57-44b1-bd06-0644f475917b,2025-11-20T23:29:31,1,1,1,0,1,3,75.0,5,2,1,0,2,0,0,0.58,0.0,0,0,6,2,1,0,0.3333,5,0,3,0.0,0,negative_hard
synthetic_user_0180,b1e94dc4-e19f-4e9b-85e1-69c3b4ab0e97,2025-11-20T23:29:31,1,1,1,0,1,3,75.0,5,2,1,0,2,0,3,1.03,0.0,0,1,3,1,1,1,0.3333,5,0,3,0.0,0,negative_hard
synthetic_user_0180,fbb68aab-9b3b-4e24-9109-ea047f927347,2025-11-20T23:29:31,1,1,1,0,1,3,75.0,5,2,1,0,2,0,3,1.03,0.0,0,1,7,3,1,0,0.4286,5,0,3,0.0,0,negative_hard
synthetic_user_0180,7c1af9a0-cf09-4356-8c0d-d762fbb21208,2025-11-20T23:29:31,0,0,0,2,0,3,75.0,5,2,1,0,2,0,1,1.76,0.0,0,1,13,1,0,0,0.0769,0,0,0,0.0,0,negative_soft
synthetic_user_0018,85526add-cd5a-4107-a07e-62ff3f493082,2025-11-21T03:35:44,1,1,1,0,1,3,71.75,1,0,0,0,0,0,0,0.41,0.0,0,0,7,3,0,1,0.4286,1,0,0,0.0,0,negative_hard
synthetic_user_0018,dcf38bea-591e-47ae-aaaf-e01b841cc3b3,2025-11-21T03:35:44,1,1,1,0,1,3,71.75,1,0,0,0,0,0,1,0.69,0.0,0,1,4,2,1,0,0.5,1,0,0,0.0,0,negative_hard
synthetic_user_0018,95461cac-4301-4ade-8b3c-98201e8731db,2025-11-21T03:35:44,1,1,1,0,1,3,71.75,1,0,0,0,0,0,1,0.41,0.0,0,1,3,0,0,0,0.0,1,0,0,0.0,0,negative_hard
synthetic_user_0018,7c1af9a0-cf09-4356-8c0d-d762fbb21208,2025-11-21T03:35:44,0,0,0,2,0,3,71.75,1,0,0,0,0,0,1,1.76,0.0,0,1,13,1,0,0,0.0769,0,0,0,0.0,0,negative_soft
synthetic_user_0018,2c1e63cb-30f5-4e05-92af-ea93368ef4ab,2025-11-21T03:39:45,1,1,1,0,1,3,71.76,1,1,0,0,0,0,1,0.41,0.0,0,1,13,6,2,2,0.4615,2,0,1,0.0,0,negative_hard
synthetic_user_0018,40a8032b-e43c-43dc-ba5f-d650f1c0a979,2025-11-21T03:39:45,1,1,1,0,1,3,71.76,1,1,0,0,0,0,1,0.41,0.0,0,1,7,4,3,1,0.5714,2,0,1,0.0,0,negative_hard
synthetic_user_0018,dcd20897-e14a-43fc-b2ba-66bb4a569874,2025-11-21T03:39:45,1,1,1,0,1,3,71.76,1,1,0,0,0,0,1,0.69,0.0,0,1,8,2,1,1,0.25,2,0,1,0.0,0,negative_hard
synthetic_user_0018,7c1af9a0-cf09-4356-8c0d-d762fbb21208,2025-11-21T03:39:45,0,0,0,2,0,3,71.76,1,1,0,0,0,0,1,1.76,0.0,0,1,13,1,0,0,0.0769,0,0,0,0.0,0,negative_soft
synthetic_user_0077,e72c3d3b-cf36-4cc4-9a40-d8cc5d28df84,2025-11-21T05:53:37,1,1,1,0,1,3,78.39,3,0,0,0,0,0,1,0.41,0.0,0,1,8,5,3,2,0.625,3,0,0,0.0,0,negative_hard
synthetic_user_0077,5a0f55cf-16af-4459-9030-0c7c6e11207f,2025-11-21T05:53:37,1,1,1,0,1,3,78.39,3,0,0,0,0,0,0,0.58,0.0,0,0,3,1,0,0,0.3333,3,0,0,0.0,0,negative_hard
synthetic_user_0077,a8231f34-c157-4fcd-b08a-5a3420cc0cee,2025-11-21T05:53:37,1,1,1,0,1,3,78.39,3,0,0,0,0,0,1,0.69,0.0,0,1,6,2,0,1,0.3333,3,0,0,0.0,0,negative_hard
synthetic_user_0077,7c1af9a0-cf09-4356-8c0d-d762fbb21208,2025-11-21T05:53:37,0,0,0,2,0,3,78.39,3,0,0,0,0,0,1,1.76,0.0,0,1,14,1,0,0,0.0714,0,0,0,0.0,0,negative_soft
synthetic_user_0077,087164bc-8a57-44b1-bd06-0644f475917b,2025-11-21T06:03:58,1,1,1,0,1,3,78.4,3,1,0,0,0,0,0,0.58,0.0,0,0,6,2,1,0,0.3333,4,0,1,0.0,0,negative_hard
synthetic_user_0077,c5310615-4076-41e9-9064-736593600471,2025-11-21T06:03:58,1,1,1,0,1,3,78.4,3,1,0,0,0,0,0,1.03,0.0,0,0,9,4,0,2,0.4444,4,0,1,0.0,0,negative_hard
synthetic_user_0077,f6081dfd-75ec-4719-a05b-6ec1f95df15f,2025-11-21T06:03:58,1,1,1,0,1,3,78.4,3,1,0,0,0,0,1,1.05,0.0,0,1,8,1,0,1,0.125,4,0,1,0.0,0,negative_hard
synthetic_user_0077,7c1af9a0-cf09-4356-8c0d-d762fbb21208,2025-11-21T06:03:58,0,0,0,2,0,3,78.4,3,1,0,0,0,0,1,1.76,0.0,0,1,14,1,0,0,0.0714,0,0,0,0.0,0,negative_soft
synthetic_user_0113,830353af-6497-4bc7-bab8-08114b64b682,2025-11-22T00:39:27,1,1,1,0,1,3,89.97,1,1,0,0,0,1,0,1.05,0.0,0,0,9,4,0,1,0.4444,2,0,1,0.0,0,negative_hard
synthetic_user_0113,95461cac-4301-4ade-8b3c-98201e8731db,2025-11-22T00:39:27,1,1,1,0,1,3,89.97,1,1,0,0,0,1,1,0.41,0.0,0,1,3,0,0,0,0.0,2,0,1,0.0,0,negative_hard
synthetic_user_0113,bd6bddb1-3e29-4767-a194-6196e46f7456,2025-11-22T00:39:27,1,1,1,0,1,3,89.97,1,1,0,0,0,1,1,0.41,0.0,0,1,1,0,0,0,0.0,2,0,1,0.0,0,negative_hard
synthetic_user_0113,8706bbb8-8343-4edc-9af4-244b9cad76aa,2025-11-22T00:39:27,1,1,0,1,0,3,89.97,1,1,0,0,0,1,0,0.47,0.0,0,0,47,20,5,2,0.4255,0,0,1,0.0,0,negative_soft
synthetic_user_0130,95461cac-4301-4ade-8b3c-98201e8731db,2025-11-22T07:17:36,1,1,1,0,1,3,88.65,1,0,0,0,0,0,1,0.41,0.0,0,1,3,0,0,0,0.0,1,0,0,0.0,0,negative_hard
synthetic_user_0130,bd6bddb1-3e29-4767-a194-6196e46f7456,2025-11-22T07:17:36,1,1,1,0,1,3,88.65,1,0,0,0,0,0,1,0.41,0.0,0,1,1,0,0,0,0.0,1,0,0,0.0,0,negative_hard
synthetic_user_0130,dcd20897-e14a-43fc-b2ba-66bb4a569874,2025-11-22T07:17:36,1,1,1,0,1,3,88.65,1,0,0,0,0,0,1,0.69,0.0,0,1,8,2,1,1,0.25,1,0,0,0.0,0,negative_hard
synthetic_user_0130,8706bbb8-8343-4edc-9af4-244b9cad76aa,2025-11-22T07:17:36,1,1,0,1,0,3,88.65,1,0,0,0,0,0,0,0.47,0.0,0,0,48,20,5,2,0.4167,0,0,0,0.0,0,negative_soft
synthetic_user_0130,945e447f-c018-4d92-b5e5-2f1f7a11bd56,2025-11-22T07:29:37,1,1,1,0,1,3,88.66,2,0,0,0,0,0,3,1.03,0.0,0,1,3,0,0,0,0.0,2,0,0,0.0,0,negative_hard
synthetic_user_0130,c5310615-4076-41e9-9064-736593600471,2025-11-22T07:29:37,1,1,1,0,1,3,88.66,2,0,0,0,0,0,0,1.03,0.0,0,0,10,4,0,2,0.4,2,0,0,0.0,0,negative_hard
synthetic_user_0130,dcd20897-e14a-43fc-b2ba-66bb4a569874,2025-11-22T07:29:37,1,1,1,0,1,3,88.66,2,0,0,0,0,0,1,0.69,0.0,0,1,8,2,1,1,0.25,2,0,0,0.0,0,negative_hard
synthetic_user_0130,8706bbb8-8343-4edc-9af4-244b9cad76aa,2025-11-22T07:29:37,1,1,0,1,0,3,88.66,2,0,0,0,0,0,0,0.47,0.0,0,0,48,20,5,2,0.4167,0,0,0,0.0,0,negative_soft
synthetic_user_0194,98a77293-8faf-4d27-8248-6eb91f481d8f,2025-11-23T00:05:14,1,1,1,0,1,3,71.9,2,1,0,0,0,1,0,0.58,0.0,0,0,7,5,1,3,0.7143,3,0,1,0.0,0,negative_hard
synthetic_user_0194,f6081dfd-75ec-4719-a05b-6ec1f95df15f,2025-11-23T00:05:14,1,1,1,0,1,3,71.9,2,1,0,0,0,1,1,1.05,0.0,0,1,8,1,0,1,0.125,3,0,1,0.0,0,negative_hard
synthetic_user_0194,b1e94dc4-e19f-4e9b-85e1-69c3b4ab0e97,2025-11-23T00:05:14,1,1,1,0,1,3,71.9,2,1,0,0,0,1,3,1.03,0.0,0,1,3,1,1,1,0.3333,3,0,1,0.0,0,negative_hard
synthetic_user_0194,7c1af9a0-cf09-4356-8c0d-d762fbb21208,2025-11-23T00:05:14,0,0,0,2,0,3,71.9,2,1,0,0,0,1,1,1.76,0.0,0,1,14,1,0,0,0.0714,0,0,0,0.0,0,negative_soft
synthetic_user_0194,087164bc-8a57-44b1-bd06-0644f475917b,2025-11-23T00:19:54,1,1,1,0,1,3,71.91,3,1,0,0,0,1,0,0.58,0.0,0,0,7,2,1,0,0.2857,4,0,1,0.0,0,negative_hard
synthetic_user_0194,5a0f55cf-16af-4459-9030-0c7c6e11207f,2025-11-23T00:19:54,1,1,1,0,1,3,71.91,3,1,0,0,0,1,0,0.58,0.0,0,0,3,1,0,0,0.3333,4,0,1,0.0,0,negative_hard
synthetic_user_0194,b1e94dc4-e19f-4e9b-85e1-69c3b4ab0e97,2025-11-23T00:19:54,1,1,1,0,1,3,71.91,3,1,0,0,0,1,3,1.03,0.0,0,1,3,1,1,1,0.3333,4,0,1,0.0,0,negative_hard
synthetic_user_0194,7c1af9a0-cf09-4356-8c0d-d762fbb21208,2025-11-23T00:19:54,0,0,0,2,0,3,71.91,3,1,0,0,0,1,1,1.76,0.0,0,1,14,1,0,0,0.0714,0,0,0,0.0,0,negative_soft
synthetic_user_0194,dbcab77a-8d8a-4721-b07d-d5d9ecc7874d,2025-11-23T00:23:07,1,1,1,0,1,3,71.91,3,2,0,0,0,1,1,0.58,0.0,0,0,3,1,0,0,0.3333,5,0,1,0.0,0,negative_hard
synthetic_user_0194,98a77293-8faf-4d27-8248-6eb91f481d8f,2025-11-23T00:23:07,1,1,1,0,1,3,71.91,3,2,0,0,0,1,0,0.58,0.0,0,0,7,5,1,3,0.7143,5,0,1,0.0,0,negative_hard
synthetic_user_0194,85526add-cd5a-4107-a07e-62ff3f493082,2025-11-23T00:23:07,1,1,1,0,1,3,71.91,3,2,0,0,0,1,0,0.41,0.0,0,0,7,3,0,1,0.4286,5,0,1,0.0,0,negative_hard
synthetic_user_0194,7c1af9a0-cf09-4356-8c0d-d762fbb21208,2025-11-23T00:23:07,0,0,0,2,0,3,71.91,3,2,0,0,0,1,1,1.76,0.0,0,1,14,1,0,0,0.0714,0,0,0,0.0,0,negative_soft
synthetic_user_0057,f6081dfd-75ec-4719-a05b-6ec1f95df15f,2025-11-23T04:52:57,1,1,1,0,1,3,76.35,4,2,0,1,0,0,1,1.05,0.0,0,1,8,1,0,1,0.125,7,0,1,0.0,0,negative_hard
synthetic_user_0057,a8231f34-c157-4fcd-b08a-5a3420cc0cee,2025-11-23T04:52:57,1,1,1,0,1,3,76.35,4,2,0,1,0,0,1,0.69,0.0,0,1,6,2,0,1,0.3333,7,0,1,0.0,0,negative_hard
synthetic_user_0057,ea97dfce-6731-4b1d-9b03-485d04de4867,2025-11-23T04:52:57,1,1,1,0,1,3,76.35,4,2,0,1,0,0,3,1.03,0.0,0,1,9,2,0,1,0.2222,7,0,1,0.0,0,negative_hard
synthetic_user_0057,7c1af9a0-cf09-4356-8c0d-d762fbb21208,2025-11-23T04:52:57,0,0,0,2,0,3,76.35,4,2,0,1,0,0,1,1.76,0.0,0,1,14,1,0,0,0.0714,0,0,0,0.0,0,negative_soft
synthetic_user_0026,dcf38bea-591e-47ae-aaaf-e01b841cc3b3,2025-11-23T05:17:08,1,1,1,0,1,3,97.49,1,0,0,0,0,0,1,0.69,0.0,0,1,4,2,1,0,0.5,1,0,0,0.0,0,negative_hard
synthetic_user_0026,945e447f-c018-4d92-b5e5-2f1f7a11bd56,2025-11-23T05:17:08,1,1,1,0,1,3,97.49,1,0,0,0,0,0,3,1.03,0.0,0,1,3,0,0,0,0.0,1,0,0,0.0,0,negative_hard
synthetic_user_0026,087164bc-8a57-44b1-bd06-0644f475917b,2025-11-23T05:17:08,1,1,1,0,1,3,97.49,1,0,0,0,0,0,0,0.58,0.0,0,0,7,2,1,0,0.2857,1,0,0,0.0,0,negative_hard
synthetic_user_0026,7c1af9a0-cf09-4356-8c0d-d762fbb21208,2025-11-23T05:17:08,0,0,0,2,0,3,97.49,1,0,0,0,0,0,1,1.76,0.0,0,1,14,1,0,0,0.0714,0,0,0,0.0,0,negative_soft
synthetic_user_0180,c5310615-4076-41e9-9064-736593600471,2025-11-23T06:02:37,1,1,1,0,1,3,77.27,6,2,1,1,2,0,0,1.03,0.0,0,0,10,4,0,2,0.4,7,0,3,0.0,0,negative_hard
synthetic_user_0180,98a77293-8faf-4d27-8248-6eb91f481d8f,2025-11-23T06:02:37,1,1,1,0,1,3,77.27,6,2,1,1,2,0,0,0.58,0.0,0,0,7,5,1,3,0.7143,7,0,3,0.0,0,negative_hard
synthetic_user_0180,09593622-ad83-4d14-8236-17bea51dbb13,2025-11-23T06:02:37,1,1,1,0,1,3,77.27,6,2,1,1,2,0,1,0.69,0.0,0,1,12,4,1,3,0.3333,7,0,3,0.0,0,negative_hard
synthetic_user_0180,7c1af9a0-cf09-4356-8c0d-d762fbb21208,2025-11-23T06:02:37,0,0,0,2,0,3,77.27,6,2,1,1,2,0,1,1.76,0.0,0,1,14,1,0,0,0.0714,0,0,0,0.0,0,negative_soft
synthetic_user_0133,e72c3d3b-cf36-4cc4-9a40-d8cc5d28df84,2025-11-23T19:22:01,1,1,1,0,1,3,98.06,1,0,0,0,0,1,1,0.41,0.0,0,1,8,5,3,2,0.625,1,0,0,0.0,0,negative_hard
synthetic_user_0133,dbcab77a-8d8a-4721-b07d-d5d9ecc7874d,2025-11-23T19:22:01,1,1,1,0,1,3,98.06,1,0,0,0,0,1,1,0.58,0.0,0,0,3,1,0,0,0.3333,1,0,0,0.0,0,negative_hard
synthetic_user_0133,85526add-cd5a-4107-a07e-62ff3f493082,2025-11-23T19:22:01,1,1,1,0,1,3,98.06,1,0,0,0,0,1,0,0.41,0.0,0,0,7,3,0,1,0.4286,1,0,0,0.0,0,negative_hard
synthetic_user_0133,7c1af9a0-cf09-4356-8c0d-d762fbb21208,2025-11-23T19:22:01,0,0,0,2,0,3,98.06,1,0,0,0,0,1,1,1.76,0.0,0,1,15,1,0,0,0.0667,0,0,0,0.0,0,negative_soft
synthetic_user_0064,40a8032b-e43c-43dc-ba5f-d650f1c0a979,2025-11-24T03:55:43,1,1,0,1,0,4,79.52,1,0,0,0,1,0,1,0.41,0.0,0,1,7,4,3,1,0.5714,0,0,1,0.0,0,negative_soft
synthetic_user_0064,09593622-ad83-4d14-8236-17bea51dbb13,2025-11-24T03:55:43,1,1,0,1,0,4,79.52,1,0,0,0,1,0,1,0.69,0.0,0,1,12,4,1,3,0.3333,0,0,1,0.0,0,negative_soft
synthetic_user_0064,95461cac-4301-4ade-8b3c-98201e8731db,2025-11-24T03:55:43,1,1,0,1,0,4,79.52,1,0,0,0,1,0,1,0.41,0.0,0,1,3,0,0,0,0.0,0,0,1,0.0,0,negative_soft
synthetic_user_0064,830353af-6497-4bc7-bab8-08114b64b682,2025-11-24T03:55:43,1,1,0,1,0,4,79.52,1,0,0,0,1,0,0,1.05,0.0,0,0,10,5,0,1,0.5,0,0,1,0.0,0,negative_soft
synthetic_user_0012,581c8e36-7a51-4e8e-ac1d-6e9c1d54940f,2025-11-24T07:14:21,1,1,1,0,1,3,94.78,1,1,0,1,1,1,3,1.03,0.0,0,1,6,1,1,0,0.1667,4,0,1,0.0,0,negative_hard
synthetic_user_0012,45a799e0-5716-4209-b489-bd8f9ef13974,2025-11-24T07:14:21,1,1,1,0,1,3,94.78,1,1,0,1,1,1,1,0.41,0.0,0,1,2,1,0,0,0.5,4,0,1,0.0,0,negative_hard
synthetic_user_0012,8b44ea69-a5bb-4779-8c63-bf20e4da58c7,2025-11-24T07:14:21,1,1,1,0,1,3,94.78,1,1,0,1,1,1,1,0.69,0.0,0,1,10,8,2,2,0.8,4,0,1,0.0,0,negative_hard
synthetic_user_0012,8706bbb8-8343-4edc-9af4-244b9cad76aa,2025-11-24T07:14:21,1,1,0,1,0,3,94.78,1,1,0,1,1,1,0,0.47,0.0,0,0,49,20,5,2,0.4082,0,0,1,0.0,0,negative_soft
synthetic_user_0167,dbcab77a-8d8a-4721-b07d-d5d9ecc7874d,2025-11-24T18:09:49,1,1,1,0,1,3,71.47,2,0,0,0,0,0,1,0.58,0.0,0,0,3,1,0,0,0.3333,1,0,0,0.0,0,negative_hard
synthetic_user_0167,a8231f34-c157-4fcd-b08a-5a3420cc0cee,2025-11-24T18:09:49,1,1,1,0,1,3,71.47,2,0,0,0,0,0,1,0.69,0.0,0,1,6,2,0,1,0.3333,1,0,0,0.0,0,negative_hard
synthetic_user_0167,45a799e0-5716-4209-b489-bd8f9ef13974,2025-11-24T18:09:49,1,1,1,0,1,3,71.47,2,0,0,0,0,0,1,0.41,0.0,0,1,2,1,0,0,0.5,1,0,0,0.0,0,negative_hard
synthetic_user_0167,7c1af9a0-cf09-4356-8c0d-d762fbb21208,2025-11-24T18:09:49,0,0,0,2,0,3,71.47,2,0,0,0,0,0,1,1.76,0.0,0,1,15,1,0,0,0.0667,0,0,0,0.0,0,negative_soft
synthetic_user_0150,fbb68aab-9b3b-4e24-9109-ea047f927347,2025-11-24T19:25:57,1,1,1,0,1,3,75.03,1,0,0,0,0,0,3,1.03,0.0,0,1,8,3,1,0,0.375,1,0,0,0.0,0,negative_hard
synthetic_user_0150,95461cac-4301-4ade-8b3c-98201e8731db,2025-11-24T19:25:57,1,1,1,0,1,3,75.03,1,0,0,0,0,0,1,0.41,0.0,0,1,3,0,0,0,0.0,1,0,0,0.0,0,negative_hard
synthetic_user_0150,59bf0b38-d7b5-4024-a66e-a03f1b47095d,2025-11-24T19:25:57,1,1,1,0,1,3,75.03,1,0,0,0,0,0,3,1.03,0.0,0,1,7,3,2,0,0.4286,1,0,0,0.0,0,negative_hard
synthetic_user_0150,8706bbb8-8343-4edc-9af4-244b9cad76aa,2025-11-24T19:25:57,1,1,0,1,0,3,75.03,1,0,0,0,0,0,0,0.47,0.0,0,0,49,20,5,2,0.4082,0,0,0,0.0,0,negative_soft
synthetic_user_0150,dcd20897-e14a-43fc-b2ba-66bb4a569874,2025-11-24T19:28:29,1,1,1,0,1,3,75.03,1,1,0,0,0,0,1,0.69,0.0,0,1,8,2,1,1,0.25,2,0,1,0.0,0,negative_hard
synthetic_user_0150,33f6e3a9-237d-433e-b4b6-238e44c80117,2025-11-24T19:28:29,1,1,1,0,1,3,75.03,1,1,0,0,0,0,1,0.58,0.0,0,0,1,0,0,0,0.0,2,0,1,0.0,0,negative_hard
synthetic_user_0150,5a0f55cf-16af-4459-9030-0c7c6e11207f,2025-11-24T19:28:29,1,1,1,0,1,3,75.03,1,1,0,0,0,0,0,0.58,0.0,0,0,4,1,0,0,0.25,2,0,1,0.0,0,negative_hard
synthetic_user_0150,8706bbb8-8343-4edc-9af4-244b9cad76aa,2025-11-24T19:28:29,1,1,0,1,0,3,75.03,1,1,0,0,0,0,0,0.47,0.0,0,0,49,20,5,2,0.4082,0,0,1,0.0,0,negative_soft
synthetic_user_0074,945e447f-c018-4d92-b5e5-2f1f7a11bd56,2025-11-24T19:57:58,1,1,1,0,1,3,76.81,3,1,0,0,0,1,3,1.03,0.0,0,1,4,0,0,0,0.0,4,0,1,0.0,0,negative_hard
synthetic_user_0074,e72c3d3b-cf36-4cc4-9a40-d8cc5d28df84,2025-11-24T19:57:58,1,1,1,0,1,3,76.81,3,1,0,0,0,1,1,0.41,0.0,0,1,8,5,3,2,0.625,4,0,1,0.0,0,negative_hard
synthetic_user_0074,830353af-6497-4bc7-bab8-08114b64b682,2025-11-24T19:57:58,1,1,1,0,1,3,76.81,3,1,0,0,0,1,0,1.05,0.0,0,0,10,5,0,1,0.5,4,0,1,0.0,0,negative_hard
synthetic_user_0074,581c8e36-7a51-4e8e-ac1d-6e9c1d54940f,2025-11-24T20:11:16,1,1,1,0,1,3,76.82,3,2,0,0,0,1,3,1.03,0.0,0,1,6,1,1,0,0.1667,5,0,2,0.0,0,negative_hard
synthetic_user_0074,33f6e3a9-237d-433e-b4b6-238e44c80117,2025-11-24T20:11:16,1,1,1,0,1,3,76.82,3,2,0,0,0,1,1,0.58,0.0,0,0,1,0,0,0,0.0,5,0,2,0.0,0,negative_hard
synthetic_user_0074,830353af-6497-4bc7-bab8-08114b64b682,2025-11-24T20:11:16,1,1,1,0,1,3,76.82,3,2,0,0,0,1,0,1.05,0.0,0,0,10,5,0,1,0.5,5,0,2,0.0,0,negative_hard
synthetic_user_0195,945e447f-c018-4d92-b5e5-2f1f7a11bd56,2025-11-24T23:51:10,1,1,1,0,1,3,83.17,1,0,0,0,0,0,3,1.03,0.0,0,1,4,0,0,0,0.0,1,0,0,0.0,0,negative_hard
synthetic_user_0195,087164bc-8a57-44b1-bd06-0644f475917b,2025-11-24T23:51:10,1,1,1,0,1,3,83.17,1,0,0,0,0,0,0,0.58,0.0,0,0,7,2,1,0,0.2857,1,0,0,0.0,0,negative_hard
synthetic_user_0195,c5310615-4076-41e9-9064-736593600471,2025-11-24T23:51:10,1,1,1,0,1,3,83.17,1,0,0,0,0,0,0,1.03,0.0,0,0,11,4,0,2,0.3636,1,0,0,0.0,0,negative_hard
synthetic_user_0195,fbb68aab-9b3b-4e24-9109-ea047f927347,2025-11-24T23:58:41,1,1,1,0,1,3,83.18,1,1,0,0,0,0,3,1.03,0.0,0,1,8,3,1,0,0.375,2,0,1,0.0,0,negative_hard
synthetic_user_0195,b1e94dc4-e19f-4e9b-85e1-69c3b4ab0e97,2025-11-24T23:58:41,1,1,1,0,1,3,83.18,1,1,0,0,0,0,3,1.03,0.0,0,1,3,1,1,1,0.3333,2,0,1,0.0,0,negative_hard
synthetic_user_0195,e72c3d3b-cf36-4cc4-9a40-d8cc5d28df84,2025-11-24T23:58:41,1,1,1,0,1,3,83.18,1,1,0,0,0,0,1,0.41,0.0,0,1,8,5,3,2,0.625,2,0,1,0.0,0,negative_hard
synthetic_user_0195,dbcab77a-8d8a-4721-b07d-d5d9ecc7874d,2025-11-25T00:11:48,1,1,1,0,1,3,83.18,1,1,0,1,0,0,1,0.58,0.0,0,0,3,1,0,0,0.3333,3,0,1,0.0,0,negative_hard
synthetic_user_0195,45a799e0-5716-4209-b489-bd8f9ef13974,2025-11-25T00:11:48,1,1,1,0,1,3,83.18,1,1,0,1,0,0,1,0.41,0.0,0,1,2,1,0,0,0.5,3,0,1,0.0,0,negative_hard
synthetic_user_0195,33f6e3a9-237d-433e-b4b6-238e44c80117,2025-11-25T00:11:48,1,1,1,0,1,3,83.18,1,1,0,1,0,0,1,0.58,0.0,0,0,1,0,0,0,0.0,3,0,1,0.0,0,negative_hard
synthetic_user_0130,087164bc-8a57-44b1-bd06-0644f475917b,2025-11-25T02:39:51,1,1,1,0,1,3,91.46,3,1,0,0,0,0,0,0.58,0.0,0,0,7,2,1,0,0.2857,4,0,1,0.0,0,negative_hard
synthetic_user_0130,09593622-ad83-4d14-8236-17bea51dbb13,2025-11-25T02:39:51,1,1,1,0,1,3,91.46,3,1,0,0,0,0,1,0.69,0.0,0,1,12,4,1,3,0.3333,4,0,1,0.0,0,negative_hard
synthetic_user_0130,c5310615-4076-41e9-9064-736593600471,2025-11-25T02:39:51,1,1,1,0,1,3,91.46,3,1,0,0,0,0,0,1.03,0.0,0,0,11,4,0,2,0.3636,4,0,1,0.0,0,negative_hard
synthetic_user_0130,8706bbb8-8343-4edc-9af4-244b9cad76aa,2025-11-25T02:39:51,1,1,0,1,0,3,91.46,3,1,0,0,0,0,0,0.47,0.0,0,0,49,20,5,2,0.4082,0,0,1,0.0,0,negative_soft
synthetic_user_0134,bd6bddb1-3e29-4767-a194-6196e46f7456,2025-11-25T03:10:07,1,1,1,0,1,3,81.82,2,0,0,0,0,1,1,0.41,0.0,0,1,2,0,0,0,0.0,2,0,0,0.0,0,negative_hard
synthetic_user_0134,a8231f34-c157-4fcd-b08a-5a3420cc0cee,2025-11-25T03:10:07,1,1,1,0,1,3,81.82,2,0,0,0,0,1,1,0.69,0.0,0,1,6,2,0,1,0.3333,2,0,0,0.0,0,negative_hard
synthetic_user_0134,45a799e0-5716-4209-b489-bd8f9ef13974,2025-11-25T03:10:07,1,1,1,0,1,3,81.82,2,0,0,0,0,1,1,0.41,0.0,0,1,2,1,0,0,0.5,2,0,0,0.0,0,negative_hard
synthetic_user_0134,8706bbb8-8343-4edc-9af4-244b9cad76aa,2025-11-25T03:10:07,1,1,0,1,0,3,81.82,2,0,0,0,0,1,0,0.47,0.0,0,0,49,20,5,2,0.4082,0,0,0,0.0,0,negative_soft
synthetic_user_0134,a18002e2-24a3-4da4-b558-ea8cadcb047e,2025-11-25T03:14:32,1,1,1,0,1,3,81.82,2,1,0,0,0,1,0,0.58,0.0,0,0,10,5,0,2,0.5,3,0,1,0.0,0,negative_hard
synthetic_user_0134,bd6bddb1-3e29-4767-a194-6196e46f7456,2025-11-25T03:14:32,1,1,1,0,1,3,81.82,2,1,0,0,0,1,1,0.41,0.0,0,1,2,0,0,0,0.0,3,0,1,0.0,0,negative_hard
synthetic_user_0134,f6081dfd-75ec-4719-a05b-6ec1f95df15f,2025-11-25T03:14:32,1,1,1,0,1,3,81.82,2,1,0,0,0,1,1,1.05,0.0,0,1,8,1,0,1,0.125,3,0,1,0.0,0,negative_hard
synthetic_user_0134,8706bbb8-8343-4edc-9af4-244b9cad76aa,2025-11-25T03:14:32,1,1,0,1,0,3,81.82,2,1,0,0,0,1,0,0.47,0.0,0,0,49,20,5,2,0.4082,0,0,1,0.0,0,negative_soft
synthetic_user_0134,2c1e63cb-30f5-4e05-92af-ea93368ef4ab,2025-11-25T03:18:03,1,1,1,0,1,3,81.82,2,1,1,0,0,1,1,0.41,0.0,0,1,13,6,2,2,0.4615,4,0,1,0.0,0,negative_hard
synthetic_user_0134,5a0f55cf-16af-4459-9030-0c7c6e11207f,2025-11-25T03:18:03,1,1,1,0,1,3,81.82,2,1,1,0,0,1,0,0.58,0.0,0,0,4,1,0,0,0.25,4,0,1,0.0,0,negative_hard
synthetic_user_0134,dcf38bea-591e-47ae-aaaf-e01b841cc3b3,2025-11-25T03:18:03,1,1,1,0,1,3,81.82,2,1,1,0,0,1,1,0.69,0.0,0,1,5,3,2,0,0.6,4,0,1,0.0,0,negative_hard
synthetic_user_0134,8706bbb8-8343-4edc-9af4-244b9cad76aa,2025-11-25T03:18:03,1,1,0,1,0,3,81.82,2,1,1,0,0,1,0,0.47,0.0,0,0,49,20,5,2,0.4082,0,0,1,0.0,0,negative_soft
synthetic_user_0012,e72c3d3b-cf36-4cc4-9a40-d8cc5d28df84,2025-11-25T06:20:52,1,1,1,0,1,3,95.75,3,1,0,1,1,1,1,0.41,0.0,0,1,8,5,3,2,0.625,6,0,1,0.0,0,negative_hard
synthetic_user_0012,dcf38bea-591e-47ae-aaaf-e01b841cc3b3,2025-11-25T06:20:52,1,1,1,0,1,3,95.75,3,1,0,1,1,1,1,0.69,0.0,0,1,5,3,2,0,0.6,6,0,1,0.0,0,negative_hard
synthetic_user_0012,45a799e0-5716-4209-b489-bd8f9ef13974,2025-11-25T06:20:52,1,1,1,0,1,3,95.75,3,1,0,1,1,1,1,0.41,0.0,0,1,2,1,0,0,0.5,6,0,1,0.0,0,negative_hard
synthetic_user_0012,8706bbb8-8343-4edc-9af4-244b9cad76aa,2025-11-25T06:20:52,1,1,0,1,0,3,95.75,3,1,0,1,1,1,0,0.47,0.0,0,0,49,20,5,2,0.4082,0,0,1,0.0,0,negative_soft
synthetic_user_0173,945e447f-c018-4d92-b5e5-2f1f7a11bd56,2025-11-26T03:48:33,1,1,1,0,1,3,94.92,4,3,0,1,1,1,3,1.03,0.0,0,1,5,1,0,0,0.2,9,0,1,0.0,0,negative_hard
synthetic_user_0173,dcd20897-e14a-43fc-b2ba-66bb4a569874,2025-11-26T03:48:33,1,1,1,0,1,3,94.92,4,3,0,1,1,1,1,0.69,0.0,0,1,8,2,1,1,0.25,9,0,1,0.0,0,negative_hard
synthetic_user_0173,dbcab77a-8d8a-4721-b07d-d5d9ecc7874d,2025-11-26T03:48:33,1,1,1,0,1,3,94.92,4,3,0,1,1,1,1,0.58,0.0,0,0,3,1,0,0,0.3333,9,0,1,0.0,0,negative_hard
synthetic_user_0173,8706bbb8-8343-4edc-9af4-244b9cad76aa,2025-11-26T03:48:33,1,1,0,1,0,3,94.92,4,3,0,1,1,1,0,0.47,0.0,0,0,50,20,5,2,0.4,0,0,1,0.0,0,negative_soft
synthetic_user_0173,dcf38bea-591e-47ae-aaaf-e01b841cc3b3,2025-11-26T03:55:06,1,1,1,0,1,3,94.92,5,3,0,1,1,1,1,0.69,0.0,0,1,5,3,2,0,0.6,10,0,1,0.0,0,negative_hard
synthetic_user_0173,5a0f55cf-16af-4459-9030-0c7c6e11207f,2025-11-26T03:55:06,1,1,1,0,1,3,94.92,5,3,0,1,1,1,0,0.58,0.0,0,0,4,1,0,0,0.25,10,0,1,0.0,0,negative_hard
synthetic_user_0173,dbcab77a-8d8a-4721-b07d-d5d9ecc7874d,2025-11-26T03:55:06,1,1,1,0,1,3,94.92,5,3,0,1,1,1,1,0.58,0.0,0,0,3,1,0,0,0.3333,10,0,1,0.0,0,negative_hard
synthetic_user_0173,8706bbb8-8343-4edc-9af4-244b9cad76aa,2025-11-26T03:55:06,1,1,0,1,0,3,94.92,5,3,0,1,1,1,0,0.47,0.0,0,0,50,20,5,2,0.4,0,0,1,0.0,0,negative_soft
synthetic_user_0173,40a8032b-e43c-43dc-ba5f-d650f1c0a979,2025-11-26T03:55:14,1,1,1,0,1,3,94.92,5,4,0,1,1,1,1,0.41,0.0,0,1,8,5,3,2,0.625,11,0,2,0.0,0,negative_hard
synthetic_user_0173,bd6bddb1-3e29-4767-a194-6196e46f7456,2025-11-26T03:55:14,1,1,1,0,1,3,94.92,5,4,0,1,1,1,1,0.41,0.0,0,1,2,0,0,0,0.0,11,0,2,0.0,0,negative_hard
synthetic_user_0173,45a799e0-5716-4209-b489-bd8f9ef13974,2025-11-26T03:55:14,1,1,1,0,1,3,94.92,5,4,0,1,1,1,1,0.41,0.0,0,1,2,1,0,0,0.5,11,0,2,0.0,0,negative_hard
synthetic_user_0173,8706bbb8-8343-4edc-9af4-244b9cad76aa,2025-11-26T03:55:14,1,1,0,1,0,3,94.92,5,4,0,1,1,1,0,0.47,0.0,0,0,50,20,5,2,0.4,0,0,2,0.0,0,negative_soft
synthetic_user_0041,e06a75b5-86f9-4daf-b871-0fba7b7ba57d,2025-11-26T04:28:55,1,1,1,0,1,3,97.14,1,0,0,0,0,0,1,0.58,0.0,0,0,4,0,0,0,0.0,1,0,0,0.0,0,negative_hard
synthetic_user_0041,dbcab77a-8d8a-4721-b07d-d5d9ecc7874d,2025-11-26T04:28:55,1,1,1,0,1,3,97.14,1,0,0,0,0,0,1,0.58,0.0,0,0,3,1,0,0,0.3333,1,0,0,0.0,0,negative_hard
synthetic_user_0041,33f6e3a9-237d-433e-b4b6-238e44c80117,2025-11-26T04:28:55,1,1,1,0,1,3,97.14,1,0,0,0,0,0,1,0.58,0.0,0,0,1,0,0,0,0.0,1,0,0,0.0,0,negative_hard
synthetic_user_0041,8706bbb8-8343-4edc-9af4-244b9cad76aa,2025-11-26T04:28:55,1,1,0,1,0,3,97.14,1,0,0,0,0,0,0,0.47,0.0,0,0,50,20,5,2,0.4,0,0,0,0.0,0,negative_soft
synthetic_user_0068,e72c3d3b-cf36-4cc4-9a40-d8cc5d28df84,2025-11-26T06:09:23,1,1,1,0,1,3,96.88,1,0,0,0,0,1,1,0.41,0.0,0,1,8,5,3,2,0.625,0,0,0,0.0,0,negative_hard
synthetic_user_0068,59bf0b38-d7b5-4024-a66e-a03f1b47095d,2025-11-26T06:09:23,1,1,1,0,1,3,96.88,1,0,0,0,0,1,3,1.03,0.0,0,1,7,3,2,0,0.4286,0,0,0,0.0,0,negative_hard
synthetic_user_0068,ea97dfce-6731-4b1d-9b03-485d04de4867,2025-11-26T06:09:23,1,1,1,0,1,3,96.88,1,0,0,0,0,1,3,1.03,0.0,0,1,10,3,0,1,0.3,0,0,0,0.0,0,negative_hard
synthetic_user_0068,8706bbb8-8343-4edc-9af4-244b9cad76aa,2025-11-26T06:09:23,1,1,0,1,0,3,96.88,1,0,0,0,0,1,0,0.47,0.0,0,0,50,20,5,2,0.4,0,0,0,0.0,0,negative_soft
synthetic_user_0015,09593622-ad83-4d14-8236-17bea51dbb13,2025-11-26T22:58:57,1,1,1,0,1,3,96.29,2,0,0,0,0,1,1,0.69,0.0,0,1,12,4,1,3,0.3333,2,0,0,0.0,0,negative_hard
synthetic_user_0015,087164bc-8a57-44b1-bd06-0644f475917b,2025-11-26T22:58:57,1,1,1,0,1,3,96.29,2,0,0,0,0,1,0,0.58,0.0,0,0,7,2,1,0,0.2857,2,0,0,0.0,0,negative_hard
synthetic_user_0015,c5310615-4076-41e9-9064-736593600471,2025-11-26T22:58:57,1,1,1,0,1,3,96.29,2,0,0,0,0,1,0,1.03,0.0,0,0,11,4,0,2,0.3636,2,0,0,0.0,0,negative_hard
synthetic_user_0015,8706bbb8-8343-4edc-9af4-244b9cad76aa,2025-11-26T22:58:57,1,1,0,1,0,3,96.29,2,0,0,0,0,1,0,0.47,0.0,0,0,50,20,5,2,0.4,0,0,0,0.0,0,negative_soft
synthetic_user_0015,087164bc-8a57-44b1-bd06-0644f475917b,2025-11-26T23:03:58,1,1,1,0,1,3,96.3,2,1,0,0,0,1,0,0.58,0.0,0,0,7,2,1,0,0.2857,3,0,1,0.0,0,negative_hard
synthetic_user_0015,fbb68aab-9b3b-4e24-9109-ea047f927347,2025-11-26T23:03:58,1,1,1,0,1,3,96.3,2,1,0,0,0,1,3,1.03,0.0,0,1,9,4,1,0,0.4444,3,0,1,0.0,0,negative_hard
synthetic_user_0015,f6081dfd-75ec-4719-a05b-6ec1f95df15f,2025-11-26T23:03:58,1,1,1,0,1,3,96.3,2,1,0,0,0,1,1,1.05,0.0,0,1,8,1,0,1,0.125,3,0,1,0.0,0,negative_hard
synthetic_user_0015,8706bbb8-8343-4edc-9af4-244b9cad76aa,2025-11-26T23:03:58,1,1,0,1,0,3,96.3,2,1,0,0,0,1,0,0.47,0.0,0,0,50,20,5,2,0.4,0,0,1,0.0,0,negative_soft
synthetic_user_0151,2c1e63cb-30f5-4e05-92af-ea93368ef4ab,2025-11-27T01:13:05,1,1,1,0,1,3,87.89,3,0,0,0,1,0,1,0.41,0.0,0,1,13,6,2,2,0.4615,4,0,1,0.0,0,negative_hard
synthetic_user_0151,945e447f-c018-4d92-b5e5-2f1f7a11bd56,2025-11-27T01:13:05,1,1,1,0,1,3,87.89,3,0,0,0,1,0,3,1.03,0.0,0,1,5,1,0,0,0.2,4,0,1,0.0,0,negative_hard
synthetic_user_0151,95461cac-4301-4ade-8b3c-98201e8731db,2025-11-27T01:13:05,1,1,1,0,1,3,87.89,3,0,0,0,1,0,1,0.41,0.0,0,1,3,0,0,0,0.0,4,0,1,0.0,0,negative_hard
synthetic_user_0151,7c1af9a0-cf09-4356-8c0d-d762fbb21208,2025-11-27T01:13:05,0,0,0,2,0,3,87.89,3,0,0,0,1,0,1,1.76,0.0,0,1,16,1,0,0,0.0625,0,0,0,0.0,0,negative_soft
synthetic_user_0039,33f6e3a9-237d-433e-b4b6-238e44c80117,2025-11-27T01:17:20,1,1,1,0,1,3,75.6,1,0,0,0,0,1,1,0.58,0.0,0,0,1,0,0,0,0.0,1,0,0,0.0,0,negative_hard
synthetic_user_0039,40a8032b-e43c-43dc-ba5f-d650f1c0a979,2025-11-27T01:17:20,1,1,1,0,1,3,75.6,1,0,0,0,0,1,1,0.41,0.0,0,1,8,5,3,2,0.625,1,0,0,0.0,0,negative_hard
synthetic_user_0039,59bf0b38-d7b5-4024-a66e-a03f1b47095d,2025-11-27T01:17:20,1,1,1,0,1,3,75.6,1,0,0,0,0,1,3,1.03,0.0,0,1,7,3,2,0,0.4286,1,0,0,0.0,0,negative_hard
synthetic_user_0039,7c1af9a0-cf09-4356-8c0d-d762fbb21208,2025-11-27T01:17:20,0,0,0,2,0,3,75.6,1,0,0,0,0,1,1,1.76,0.0,0,1,16,1,0,0,0.0625,0,0,0,0.0,0,negative_soft
synthetic_user_0151,ea97dfce-6731-4b1d-9b03-485d04de4867,2025-11-27T01:17:22,1,1,1,0,1,3,87.89,3,1,0,0,1,0,3,1.03,0.0,0,1,10,3,0,1,0.3,5,0,2,0.0,0,negative_hard
synthetic_user_0151,e06a75b5-86f9-4daf-b871-0fba7b7ba57d,2025-11-27T01:17:22,1,1,1,0,1,3,87.89,3,1,0,0,1,0,1,0.58,0.0,0,0,4,0,0,0,0.0,5,0,2,0.0,0,negative_hard
synthetic_user_0151,95461cac-4301-4ade-8b3c-98201e8731db,2025-11-27T01:17:22,1,1,1,0,1,3,87.89,3,1,0,0,1,0,1,0.41,0.0,0,1,3,0,0,0,0.0,5,0,2,0.0,0,negative_hard
synthetic_user_0151,7c1af9a0-cf09-4356-8c0d-d762fbb21208,2025-11-27T01:17:22,0,0,0,2,0,3,87.89,3,1,0,0,1,0,1,1.76,0.0,0,1,16,1,0,0,0.0625,0,0,0,0.0,0,negative_soft
synthetic_user_0104,f6081dfd-75ec-4719-a05b-6ec1f95df15f,2025-11-27T01:18:10,1,1,0,1,0,4,91.38,1,1,0,1,0,1,1,1.05,0.0,0,1,8,1,0,1,0.125,0,0,1,0.0,0,negative_soft
synthetic_user_0104,bd6bddb1-3e29-4767-a194-6196e46f7456,2025-11-27T01:18:10,1,1,0,1,0,4,91.38,1,1,0,1,0,1,1,0.41,0.0,0,1,2,0,0,0,0.0,0,0,1,0.0,0,negative_soft
synthetic_user_0104,830353af-6497-4bc7-bab8-08114b64b682,2025-11-27T01:18:10,1,1,0,1,0,4,91.38,1,1,0,1,0,1,0,1.05,0.0,0,0,10,5,0,1,0.5,0,0,1,0.0,0,negative_soft
synthetic_user_0104,b1e94dc4-e19f-4e9b-85e1-69c3b4ab0e97,2025-11-27T01:18:10,1,1,0,1,0,4,91.38,1,1,0,1,0,1,3,1.03,0.0,0,1,4,2,2,2,0.5,0,0,1,0.0,0,negative_soft
synthetic_user_0151,09593622-ad83-4d14-8236-17bea51dbb13,2025-11-27T01:20:19,1,1,1,0,1,3,87.89,3,1,1,0,1,0,1,0.69,0.0,0,1,12,4,1,3,0.3333,6,0,2,0.0,0,negative_hard
synthetic_user_0151,a18002e2-24a3-4da4-b558-ea8cadcb047e,2025-11-27T01:20:19,1,1,1,0,1,3,87.89,3,1,1,0,1,0,0,0.58,0.0,0,0,10,5,0,2,0.5,6,0,2,0.0,0,negative_hard
synthetic_user_0151,98a77293-8faf-4d27-8248-6eb91f481d8f,2025-11-27T01:20:19,1,1,1,0,1,3,87.89,3,1,1,0,1,0,0,0.58,0.0,0,0,8,5,1,3,0.625,6,0,2,0.0,0,negative_hard
synthetic_user_0151,7c1af9a0-cf09-4356-8c0d-d762fbb21208,2025-11-27T01:20:19,0,0,0,2,0,3,87.89,3,1,1,0,1,0,1,1.76,0.0,0,1,16,1,0,0,0.0625,0,0,0,0.0,0,negative_soft
synthetic_user_0039,dcf38bea-591e-47ae-aaaf-e01b841cc3b3,2025-11-27T01:35:32,1,1,1,0,1,3,75.61,2,0,0,0,0,1,1,0.69,0.0,0,1,5,3,2,0,0.6,2,0,0,0.0,0,negative_hard
synthetic_user_0039,a8231f34-c157-4fcd-b08a-5a3420cc0cee,2025-11-27T01:35:32,1,1,1,0,1,3,75.61,2,0,0,0,0,1,1,0.69,0.0,0,1,6,2,0,1,0.3333,2,0,0,0.0,0,negative_hard
synthetic_user_0039,f6081dfd-75ec-4719-a05b-6ec1f95df15f,2025-11-27T01:35:32,1,1,1,0,1,3,75.61,2,0,0,0,0,1,1,1.05,0.0,0,1,8,1,0,1,0.125,2,0,0,0.0,0,negative_hard
synthetic_user_0039,7c1af9a0-cf09-4356-8c0d-d762fbb21208,2025-11-27T01:35:32,0,0,0,2,0,3,75.61,2,0,0,0,0,1,1,1.76,0.0,0,1,16,1,0,0,0.0625,0,0,0,0.0,0,negative_soft
synthetic_user_0073,2c1e63cb-30f5-4e05-92af-ea93368ef4ab,2025-11-27T23:39:29,1,1,1,0,1,3,82.6,1,0,0,0,0,0,1,0.41,0.0,0,1,13,6,2,2,0.4615,1,0,0,0.0,0,negative_hard
synthetic_user_0073,e72c3d3b-cf36-4cc4-9a40-d8cc5d28df84,2025-11-27T23:39:29,1,1,1,0,1,3,82.6,1,0,0,0,0,0,1,0.41,0.0,0,1,8,5,3,2,0.625,1,0,0,0.0,0,negative_hard
synthetic_user_0073,dcd20897-e14a-43fc-b2ba-66bb4a569874,2025-11-27T23:39:29,1,1,1,0,1,3,82.6,1,0,0,0,0,0,1,0.69,0.0,0,1,8,2,1,1,0.25,1,0,0,0.0,0,negative_hard
synthetic_user_0073,7c1af9a0-cf09-4356-8c0d-d762fbb21208,2025-11-27T23:39:29,0,0,0,2,0,3,82.6,1,0,0,0,0,0,1,1.76,0.0,0,1,16,1,0,0,0.0625,0,0,0,0.0,0,negative_soft
synthetic_user_0073,5a0f55cf-16af-4459-9030-0c7c6e11207f,2025-11-27T23:43:41,1,1,1,0,1,3,82.61,1,1,0,0,0,0,0,0.58,0.0,0,0,5,2,1,1,0.4,2,0,1,0.0,0,negative_hard
synthetic_user_0073,dbcab77a-8d8a-4721-b07d-d5d9ecc7874d,2025-11-27T23:43:41,1,1,1,0,1,3,82.61,1,1,0,0,0,0,1,0.58,0.0,0,0,3,1,0,0,0.3333,2,0,1,0.0,0,negative_hard
synthetic_user_0073,2c1e63cb-30f5-4e05-92af-ea93368ef4ab,2025-11-27T23:43:41,1,1,1,0,1,3,82.61,1,1,0,0,0,0,1,0.41,0.0,0,1,13,6,2,2,0.4615,2,0,1,0.0,0,negative_hard
synthetic_user_0073,7c1af9a0-cf09-4356-8c0d-d762fbb21208,2025-11-27T23:43:41,0,0,0,2,0,3,82.61,1,1,0,0,0,0,1,1.76,0.0,0,1,16,1,0,0,0.0625,0,0,0,0.0,0,negative_soft
synthetic_user_0191,087164bc-8a57-44b1-bd06-0644f475917b,2025-11-28T04:25:12,1,1,1,0,1,3,76.37,1,0,0,0,0,0,0,0.58,0.0,0,0,8,3,2,0,0.375,1,0,0,0.0,0,negative_hard
synthetic_user_0191,dbcab77a-8d8a-4721-b07d-d5d9ecc7874d,2025-11-28T04:25:12,1,1,1,0,1,3,76.37,1,0,0,0,0,0,1,0.58,0.0,0,0,3,1,0,0,0.3333,1,0,0,0.0,0,negative_hard
synthetic_user_0191,945e447f-c018-4d92-b5e5-2f1f7a11bd56,2025-11-28T04:25:12,1,1,1,0,1,3,76.37,1,0,0,0,0,0,3,1.03,0.0,0,1,5,1,0,0,0.2,1,0,0,0.0,0,negative_hard
synthetic_user_0191,8706bbb8-8343-4edc-9af4-244b9cad76aa,2025-11-28T04:25:12,1,1,0,1,0,3,76.37,1,0,0,0,0,0,0,0.47,0.0,0,0,52,20,5,2,0.3846,0,0,0,0.0,0,negative_soft
synthetic_user_0191,59bf0b38-d7b5-4024-a66e-a03f1b47095d,2025-11-28T04:35:06,1,1,1,0,1,3,76.38,1,1,0,0,0,0,3,1.03,0.0,0,1,7,3,2,0,0.4286,2,0,1,0.0,0,negative_hard
synthetic_user_0191,a18002e2-24a3-4da4-b558-ea8cadcb047e,2025-11-28T04:35:06,1,1,1,0,1,3,76.38,1,1,0,0,0,0,0,0.58,0.0,0,0,10,5,0,2,0.5,2,0,1,0.0,0,negative_hard
synthetic_user_0191,f6081dfd-75ec-4719-a05b-6ec1f95df15f,2025-11-28T04:35:06,1,1,1,0,1,3,76.38,1,1,0,0,0,0,1,1.05,0.0,0,1,8,1,0,1,0.125,2,0,1,0.0,0,negative_hard
synthetic_user_0191,8706bbb8-8343-4edc-9af4-244b9cad76aa,2025-11-28T04:35:06,1,1,0,1,0,3,76.38,1,1,0,0,0,0,0,0.47,0.0,0,0,52,20,5,2,0.3846,0,0,1,0.0,0,negative_soft
synthetic_user_0097,dbcab77a-8d8a-4721-b07d-d5d9ecc7874d,2025-11-28T08:40:45,1,1,1,0,1,3,74.46,2,0,0,0,0,1,1,0.58,0.0,0,0,3,1,0,0,0.3333,2,0,0,0.0,0,negative_hard
synthetic_user_0097,a18002e2-24a3-4da4-b558-ea8cadcb047e,2025-11-28T08:40:45,1,1,1,0,1,3,74.46,2,0,0,0,0,1,0,0.58,0.0,0,0,10,5,0,2,0.5,2,0,0,0.0,0,negative_hard
synthetic_user_0097,dcf38bea-591e-47ae-aaaf-e01b841cc3b3,2025-11-28T08:40:45,1,1,1,0,1,3,74.46,2,0,0,0,0,1,1,0.69,0.0,0,1,5,3,2,0,0.6,2,0,0,0.0,0,negative_hard
synthetic_user_0097,8706bbb8-8343-4edc-9af4-244b9cad76aa,2025-11-28T08:40:45,1,1,0,1,0,3,74.46,2,0,0,0,0,1,0,0.47,0.0,0,0,52,20,5,2,0.3846,0,0,0,0.0,0,negative_soft
synthetic_user_0097,85526add-cd5a-4107-a07e-62ff3f493082,2025-11-28T08:43:52,1,1,1,0,1,3,74.46,2,1,0,0,0,1,0,0.41,0.0,0,0,10,5,0,2,0.5,3,0,1,0.0,0,negative_hard
synthetic_user_0097,59bf0b38-d7b5-4024-a66e-a03f1b47095d,2025-11-28T08:43:52,1,1,1,0,1,3,74.46,2,1,0,0,0,1,3,1.03,0.0,0,1,7,3,2,0,0.4286,3,0,1,0.0,0,negative_hard
synthetic_user_0097,dcd20897-e14a-43fc-b2ba-66bb4a569874,2025-11-28T08:43:52,1,1,1,0,1,3,74.46,2,1,0,0,0,1,1,0.69,0.0,0,1,8,2,1,1,0.25,3,0,1,0.0,0,negative_hard
synthetic_user_0097,8706bbb8-8343-4edc-9af4-244b9cad76aa,2025-11-28T08:43:52,1,1,0,1,0,3,74.46,2,1,0,0,0,1,0,0.47,0.0,0,0,52,20,5,2,0.3846,0,0,1,0.0,0,negative_soft
synthetic_user_0021,e72c3d3b-cf36-4cc4-9a40-d8cc5d28df84,2025-11-28T20:15:50,1,1,1,0,1,3,96.78,1,0,0,0,1,1,1,0.41,0.0,0,1,8,5,3,2,0.625,2,0,1,0.0,0,negative_hard
synthetic_user_0021,a18002e2-24a3-4da4-b558-ea8cadcb047e,2025-11-28T20:15:50,1,1,1,0,1,3,96.78,1,0,0,0,1,1,0,0.58,0.0,0,0,10,5,0,2,0.5,2,0,1,0.0,0,negative_hard
synthetic_user_0021,40a8032b-e43c-43dc-ba5f-d650f1c0a979,2025-11-28T20:15:50,1,1,1,0,1,3,96.78,1,0,0,0,1,1,1,0.41,0.0,0,1,9,5,3,2,0.5556,2,0,1,0.0,0,negative_hard
synthetic_user_0021,8706bbb8-8343-4edc-9af4-244b9cad76aa,2025-11-28T20:15:50,1,1,0,1,0,3,96.78,1,0,0,0,1,1,0,0.47,0.0,0,0,52,20,5,2,0.3846,0,0,1,0.0,0,negative_soft
synthetic_user_0030,830353af-6497-4bc7-bab8-08114b64b682,2025-11-29T00:15:16,0,0,0,2,0,1,91.16,2,0,0,0,0,0,0,1.05,0.0,0,0,10,5,0,1,0.5,2,0,0,0.0,0,negative_soft
synthetic_user_0030,e06a75b5-86f9-4daf-b871-0fba7b7ba57d,2025-11-29T00:15:16,0,0,0,2,0,1,91.16,2,0,0,0,0,0,1,0.58,0.0,0,0,4,0,0,0,0.0,2,0,0,0.0,0,negative_soft
synthetic_user_0030,33f6e3a9-237d-433e-b4b6-238e44c80117,2025-11-29T00:15:16,0,0,0,2,0,1,91.16,2,0,0,0,0,0,1,0.58,0.0,0,0,2,0,0,0,0.0,2,0,0,0.0,0,negative_soft
synthetic_user_0030,bd6bddb1-3e29-4767-a194-6196e46f7456,2025-11-29T00:15:16,0,0,0,2,0,1,91.16,2,0,0,0,0,0,1,0.41,0.0,0,1,2,0,0,0,0.0,2,0,0,0.0,0,negative_soft
synthetic_user_0188,59bf0b38-d7b5-4024-a66e-a03f1b47095d,2025-11-29T05:26:34,1,1,1,0,1,3,102.93,1,1,1,1,0,0,3,1.03,0.0,0,1,7,3,2,0,0.4286,4,0,1,0.0,0,negative_hard
synthetic_user_0188,2c1e63cb-30f5-4e05-92af-ea93368ef4ab,2025-11-29T05:26:34,1,1,1,0,1,3,102.93,1,1,1,1,0,0,1,0.41,0.0,0,1,13,6,2,2,0.4615,4,0,1,0.0,0,negative_hard
synthetic_user_0188,dbcab77a-8d8a-4721-b07d-d5d9ecc7874d,2025-11-29T05:26:34,1,1,1,0,1,3,102.93,1,1,1,1,0,0,1,0.58,0.0,0,0,3,1,0,0,0.3333,4,0,1,0.0,0,negative_hard
synthetic_user_0188,8706bbb8-8343-4edc-9af4-244b9cad76aa,2025-11-29T05:26:34,1,1,0,1,0,3,102.93,1,1,1,1,0,0,0,0.47,0.0,0,0,52,20,5,2,0.3846,0,0,1,0.0,0,negative_soft
synthetic_user_0115,dcd20897-e14a-43fc-b2ba-66bb4a569874,2025-11-29T18:41:05,1,1,1,0,1,3,100.66,5,0,0,0,1,1,1,0.69,0.0,0,1,8,2,1,1,0.25,6,0,1,0.0,0,negative_hard
synthetic_user_0115,85526add-cd5a-4107-a07e-62ff3f493082,2025-11-29T18:41:05,1,1,1,0,1,3,100.66,5,0,0,0,1,1,0,0.41,0.0,0,0,10,5,0,2,0.5,6,0,1,0.0,0,negative_hard
synthetic_user_0115,95461cac-4301-4ade-8b3c-98201e8731db,2025-11-29T18:41:05,1,1,1,0,1,3,100.66,5,0,0,0,1,1,1,0.41,0.0,0,1,3,0,0,0,0.0,6,0,1,0.0,0,negative_hard
synthetic_user_0115,8706bbb8-8343-4edc-9af4-244b9cad76aa,2025-11-29T18:41:05,1,1,0,1,0,3,100.66,5,0,0,0,1,1,0,0.47,0.0,0,0,52,20,5,2,0.3846,0,0,1,0.0,0,negative_soft
synthetic_user_0115,dcd20897-e14a-43fc-b2ba-66bb4a569874,2025-11-29T18:43:31,1,1,1,0,1,3,100.67,5,1,0,0,1,1,1,0.69,0.0,0,1,8,2,1,1,0.25,7,0,2,0.0,0,negative_hard
synthetic_user_0115,581c8e36-7a51-4e8e-ac1d-6e9c1d54940f,2025-11-29T18:43:31,1,1,1,0,1,3,100.67,5,1,0,0,1,1,3,1.03,0.0,0,1,6,1,1,0,0.1667,7,0,2,0.0,0,negative_hard
synthetic_user_0115,830353af-6497-4bc7-bab8-08114b64b682,2025-11-29T18:43:31,1,1,1,0,1,3,100.67,5,1,0,0,1,1,0,1.05,0.0,0,0,10,5,0,1,0.5,7,0,2,0.0,0,negative_hard
synthetic_user_0115,8706bbb8-8343-4edc-9af4-244b9cad76aa,2025-11-29T18:43:31,1,1,0,1,0,3,100.67,5,1,0,0,1,1,0,0.47,0.0,0,0,52,20,5,2,0.3846,0,0,2,0.0,0,negative_soft
synthetic_user_0076,45a799e0-5716-4209-b489-bd8f9ef13974,2025-11-29T18:47:33,1,1,1,0,1,3,92.21,2,0,0,0,0,0,1,0.41,0.0,0,1,3,1,0,0,0.3333,2,0,0,0.0,0,negative_hard
synthetic_user_0076,a8231f34-c157-4fcd-b08a-5a3420cc0cee,2025-11-29T18:47:33,1,1,1,0,1,3,92.21,2,0,0,0,0,0,1,0.69,0.0,0,1,6,2,0,1,0.3333,2,0,0,0.0,0,negative_hard
synthetic_user_0076,e06a75b5-86f9-4daf-b871-0fba7b7ba57d,2025-11-29T18:47:33,1,1,1,0,1,3,92.21,2,0,0,0,0,0,1,0.58,0.0,0,0,4,0,0,0,0.0,2,0,0,0.0,0,negative_hard
synthetic_user_0076,7c1af9a0-cf09-4356-8c0d-d762fbb21208,2025-11-29T18:47:33,0,0,0,2,0,3,92.21,2,0,0,0,0,0,1,1.76,0.0,0,1,16,1,0,0,0.0625,0,0,0,0.0,0,negative_soft
synthetic_user_0115,33f6e3a9-237d-433e-b4b6-238e44c80117,2025-11-29T18:47:42,1,1,1,0,1,3,100.67,5,1,0,0,2,1,1,0.58,0.0,0,0,2,0,0,0,0.0,8,0,2,0.0,0,negative_hard
synthetic_user_0115,dcd20897-e14a-43fc-b2ba-66bb4a569874,2025-11-29T18:47:42,1,1,1,0,1,3,100.67,5,1,0,0,2,1,1,0.69,0.0,0,1,8,2,1,1,0.25,8,0,2,0.0,0,negative_hard
synthetic_user_0115,09593622-ad83-4d14-8236-17bea51dbb13,2025-11-29T18:47:42,1,1,1,0,1,3,100.67,5,1,0,0,2,1,1,0.69,0.0,0,1,13,5,2,3,0.3846,8,0,2,0.0,0,negative_hard
synthetic_user_0115,8706bbb8-8343-4edc-9af4-244b9cad76aa,2025-11-29T18:47:42,1,1,0,1,0,3,100.67,5,1,0,0,2,1,0,0.47,0.0,0,0,52,20,5,2,0.3846,0,0,2,0.0,0,negative_soft
synthetic_user_0044,c5310615-4076-41e9-9064-736593600471,2025-11-30T07:13:35,1,1,1,0,1,3,93.73,2,0,0,0,0,1,0,1.03,0.0,0,0,11,4,0,2,0.3636,1,0,0,0.0,0,negative_hard
synthetic_user_0044,bd6bddb1-3e29-4767-a194-6196e46f7456,2025-11-30T07:13:35,1,1,1,0,1,3,93.73,2,0,0,0,0,1,1,0.41,0.0,0,1,2,0,0,0,0.0,1,0,0,0.0,0,negative_hard
synthetic_user_0044,830353af-6497-4bc7-bab8-08114b64b682,2025-11-30T07:13:35,1,1,1,0,1,3,93.73,2,0,0,0,0,1,0,1.05,0.0,0,0,10,5,0,1,0.5,1,0,0,0.0,0,negative_hard
synthetic_user_0044,087164bc-8a57-44b1-bd06-0644f475917b,2025-11-30T07:16:11,1,1,1,0,1,3,93.73,2,1,0,0,0,1,0,0.58,0.0,0,0,9,3,2,0,0.3333,2,0,1,0.0,0,negative_hard
synthetic_user_0044,581c8e36-7a51-4e8e-ac1d-6e9c1d54940f,2025-11-30T07:16:11,1,1,1,0,1,3,93.73,2,1,0,0,0,1,3,1.03,0.0,0,1,6,1,1,0,0.1667,2,0,1,0.0,0,negative_hard
synthetic_user_0044,f6081dfd-75ec-4719-a05b-6ec1f95df15f,2025-11-30T07:16:11,1,1,1,0,1,3,93.73,2,1,0,0,0,1,1,1.05,0.0,0,1,8,1,0,1,0.125,2,0,1,0.0,0,negative_hard
synthetic_user_0141,dcf38bea-591e-47ae-aaaf-e01b841cc3b3,2025-12-01T00:41:20,1,1,1,0,1,3,105.3,2,0,0,0,0,0,1,0.69,0.0,0,1,6,3,2,0,0.5,2,0,0,0.0,0,negative_hard
synthetic_user_0141,2c1e63cb-30f5-4e05-92af-ea93368ef4ab,2025-12-01T00:41:20,1,1,1,0,1,3,105.3,2,0,0,0,0,0,1,0.41,0.0,0,1,13,6,2,2,0.4615,2,0,0,0.0,0,negative_hard
synthetic_user_0141,ea97dfce-6731-4b1d-9b03-485d04de4867,2025-12-01T00:41:20,1,1,1,0,1,3,105.3,2,0,0,0,0,0,3,1.03,0.0,0,1,10,3,0,1,0.3,2,0,0,0.0,0,negative_hard
synthetic_user_0141,8706bbb8-8343-4edc-9af4-244b9cad76aa,2025-12-01T00:41:20,1,1,0,1,0,3,105.3,2,0,0,0,0,0,0,0.47,0.0,0,0,54,20,5,2,0.3704,0,0,0,0.0,0,negative_soft
synthetic_user_0147,8b44ea69-a5bb-4779-8c63-bf20e4da58c7,2025-12-01T01:17:44,1,1,1,0,1,3,88.62,1,0,0,0,0,0,1,0.69,0.0,0,1,11,8,2,2,0.7273,1,0,0,0.0,0,negative_hard
synthetic_user_0147,ea97dfce-6731-4b1d-9b03-485d04de4867,2025-12-01T01:17:44,1,1,1,0,1,3,88.62,1,0,0,0,0,0,3,1.03,0.0,0,1,10,3,0,1,0.3,1,0,0,0.0,0,negative_hard
synthetic_user_0147,dbcab77a-8d8a-4721-b07d-d5d9ecc7874d,2025-12-01T01:17:44,1,1,1,0,1,3,88.62,1,0,0,0,0,0,1,0.58,0.0,0,0,3,1,0,0,0.3333,1,0,0,0.0,0,negative_hard
synthetic_user_0147,7c1af9a0-cf09-4356-8c0d-d762fbb21208,2025-12-01T01:17:44,0,0,0,2,0,3,88.62,1,0,0,0,0,0,1,1.76,0.0,0,1,16,1,0,0,0.0625,0,0,0,0.0,0,negative_soft
synthetic_user_0018,8b44ea69-a5bb-4779-8c63-bf20e4da58c7,2025-12-01T06:18:49,1,1,1,0,1,3,81.87,1,1,0,1,0,0,1,0.69,0.0,0,1,11,8,2,2,0.7273,3,0,1,0.0,0,negative_hard
synthetic_user_0018,dbcab77a-8d8a-4721-b07d-d5d9ecc7874d,2025-12-01T06:18:49,1,1,1,0,1,3,81.87,1,1,0,1,0,0,1,0.58,0.0,0,0,3,1,0,0,0.3333,3,0,1,0.0,0,negative_hard
synthetic_user_0018,dcf38bea-591e-47ae-aaaf-e01b841cc3b3,2025-12-01T06:18:49,1,1,1,0,1,3,81.87,1,1,0,1,0,0,1,0.69,0.0,0,1,6,3,2,0,0.5,3,0,1,0.0,0,negative_hard
synthetic_user_0018,7c1af9a0-cf09-4356-8c0d-d762fbb21208,2025-12-01T06:18:49,0,0,0,2,0,3,81.87,1,1,0,1,0,0,1,1.76,0.0,0,1,16,1,0,0,0.0625,0,0,0,0.0,0,negative_soft
synthetic_user_0018,e72c3d3b-cf36-4cc4-9a40-d8cc5d28df84,2025-12-01T06:33:47,1,1,1,0,1,3,81.88,2,1,0,1,0,0,1,0.41,0.0,0,1,9,6,3,2,0.6667,4,0,1,0.0,0,negative_hard
synthetic_user_0018,dbcab77a-8d8a-4721-b07d-d5d9ecc7874d,2025-12-01T06:33:47,1,1,1,0,1,3,81.88,2,1,0,1,0,0,1,0.58,0.0,0,0,3,1,0,0,0.3333,4,0,1,0.0,0,negative_hard
synthetic_user_0018,85526add-cd5a-4107-a07e-62ff3f493082,2025-12-01T06:33:47,1,1,1,0,1,3,81.88,2,1,0,1,0,0,0,0.41,0.0,0,0,12,5,0,2,0.4167,4,0,1,0.0,0,negative_hard
synthetic_user_0018,7c1af9a0-cf09-4356-8c0d-d762fbb21208,2025-12-01T06:33:47,0,0,0,2,0,3,81.88,2,1,0,1,0,0,1,1.76,0.0,0,1,16,1,0,0,0.0625,0,0,0,0.0,0,negative_soft
synthetic_user_0167,f6081dfd-75ec-4719-a05b-6ec1f95df15f,2025-12-03T07:27:53,1,1,1,0,1,3,80.03,4,0,0,0,0,0,1,1.05,0.0,0,1,8,1,0,1,0.125,3,0,0,0.0,0,negative_hard
synthetic_user_0167,85526add-cd5a-4107-a07e-62ff3f493082,2025-12-03T07:27:53,1,1,1,0,1,3,80.03,4,0,0,0,0,0,0,0.41,0.0,0,0,13,5,0,2,0.3846,3,0,0,0.0,0,negative_hard
synthetic_user_0167,8b44ea69-a5bb-4779-8c63-bf20e4da58c7,2025-12-03T07:27:53,1,1,1,0,1,3,80.03,4,0,0,0,0,0,1,0.69,0.0,0,1,11,8,2,2,0.7273,3,0,0,0.0,0,negative_hard
synthetic_user_0167,7c1af9a0-cf09-4356-8c0d-d762fbb21208,2025-12-03T07:27:53,0,0,0,2,0,3,80.03,4,0,0,0,0,0,1,1.76,0.0,0,1,16,1,0,0,0.0625,0,0,0,0.0,0,negative_soft
synthetic_user_0167,33f6e3a9-237d-433e-b4b6-238e44c80117,2025-12-03T07:33:50,1,1,1,0,1,3,80.03,4,0,0,0,1,0,1,0.58,0.0,0,0,3,0,0,0,0.0,4,0,1,0.0,0,negative_hard
synthetic_user_0167,581c8e36-7a51-4e8e-ac1d-6e9c1d54940f,2025-12-03T07:33:50,1,1,1,0,1,3,80.03,4,0,0,0,1,0,3,1.03,0.0,0,1,7,1,1,0,0.1429,4,0,1,0.0,0,negative_hard
synthetic_user_0167,59bf0b38-d7b5-4024-a66e-a03f1b47095d,2025-12-03T07:33:50,1,1,1,0,1,3,80.03,4,0,0,0,1,0,3,1.03,0.0,0,1,8,3,2,0,0.375,4,0,1,0.0,0,negative_hard
synthetic_user_0167,7c1af9a0-cf09-4356-8c0d-d762fbb21208,2025-12-03T07:33:50,0,0,0,2,0,3,80.03,4,0,0,0,1,0,1,1.76,0.0,0,1,16,1,0,0,0.0625,0,0,0,0.0,0,negative_soft
synthetic_user_0091,40a8032b-e43c-43dc-ba5f-d650f1c0a979,2025-12-04T02:49:00,1,1,1,0,1,3,87.49,1,0,0,0,0,0,1,0.41,0.0,0,1,10,5,3,2,0.5,1,0,0,0.0,0,negative_hard
synthetic_user_0091,e06a75b5-86f9-4daf-b871-0fba7b7ba57d,2025-12-04T02:49:00,1,1,1,0,1,3,87.49,1,0,0,0,0,0,1,0.58,0.0,0,0,5,0,0,0,0.0,1,0,0,0.0,0,negative_hard
synthetic_user_0091,830353af-6497-4bc7-bab8-08114b64b682,2025-12-04T02:49:00,1,1,1,0,1,3,87.49,1,0,0,0,0,0,0,1.05,0.0,0,0,11,5,0,1,0.4545,1,0,0,0.0,0,negative_hard
synthetic_user_0091,7c1af9a0-cf09-4356-8c0d-d762fbb21208,2025-12-04T02:49:00,0,0,0,2,0,3,87.49,1,0,0,0,0,0,1,1.76,0.0,0,1,16,1,0,0,0.0625,0,0,0,0.0,0,negative_soft
synthetic_user_0173,b1e94dc4-e19f-4e9b-85e1-69c3b4ab0e97,2025-12-04T02:57:17,1,1,1,0,1,3,102.88,6,4,0,1,2,1,3,1.03,0.0,0,1,5,3,2,2,0.6,13,0,2,0.0,0,negative_hard
synthetic_user_0173,45a799e0-5716-4209-b489-bd8f9ef13974,2025-12-04T02:57:17,1,1,1,0,1,3,102.88,6,4,0,1,2,1,1,0.41,0.0,0,1,3,1,0,0,0.3333,13,0,2,0.0,0,negative_hard
synthetic_user_0173,a18002e2-24a3-4da4-b558-ea8cadcb047e,2025-12-04T02:57:17,1,1,1,0,1,3,102.88,6,4,0,1,2,1,0,0.58,0.0,0,0,10,5,0,2,0.5,13,0,2,0.0,0,negative_hard
synthetic_user_0173,8706bbb8-8343-4edc-9af4-244b9cad76aa,2025-12-04T02:57:17,1,1,0,1,0,3,102.88,6,4,0,1,2,1,0,0.47,0.0,0,0,55,20,5,2,0.3636,0,0,2,0.0,0,negative_soft
synthetic_user_0173,85526add-cd5a-4107-a07e-62ff3f493082,2025-12-04T02:59:34,1,1,1,0,1,3,102.88,6,5,0,1,2,1,0,0.41,0.0,0,0,13,5,0,2,0.3846,14,0,2,0.0,0,negative_hard
synthetic_user_0173,945e447f-c018-4d92-b5e5-2f1f7a11bd56,2025-12-04T02:59:34,1,1,1,0,1,3,102.88,6,5,0,1,2,1,3,1.03,0.0,0,1,5,1,0,0,0.2,14,0,2,0.0,0,negative_hard
synthetic_user_0173,59bf0b38-d7b5-4024-a66e-a03f1b47095d,2025-12-04T02:59:34,1,1,1,0,1,3,102.88,6,5,0,1,2,1,3,1.03,0.0,0,1,8,3,2,0,0.375,14,0,2,0.0,0,negative_hard
synthetic_user_0173,8706bbb8-8343-4edc-9af4-244b9cad76aa,2025-12-04T02:59:34,1,1,0,1,0,3,102.88,6,5,0,1,2,1,0,0.47,0.0,0,0,55,20,5,2,0.3636,0,0,2,0.0,0,negative_soft
synthetic_user_0173,2c1e63cb-30f5-4e05-92af-ea93368ef4ab,2025-12-04T03:02:32,1,1,1,0,1,3,102.88,6,5,0,2,2,1,1,0.41,0.0,0,1,14,6,2,2,0.4286,15,0,2,0.0,0,negative_hard
synthetic_user_0173,59bf0b38-d7b5-4024-a66e-a03f1b47095d,2025-12-04T03:02:32,1,1,1,0,1,3,102.88,6,5,0,2,2,1,3,1.03,0.0,0,1,8,3,2,0,0.375,15,0,2,0.0,0,negative_hard
synthetic_user_0173,830353af-6497-4bc7-bab8-08114b64b682,2025-12-04T03:02:32,1,1,1,0,1,3,102.88,6,5,0,2,2,1,0,1.05,0.0,0,0,11,5,0,1,0.4545,15,0,2,0.0,0,negative_hard
synthetic_user_0173,8706bbb8-8343-4edc-9af4-244b9cad76aa,2025-12-04T03:02:32,1,1,0,1,0,3,102.88,6,5,0,2,2,1,0,0.47,0.0,0,0,55,20,5,2,0.3636,0,0,2,0.0,0,negative_soft
synthetic_user_0077,bd6bddb1-3e29-4767-a194-6196e46f7456,2025-12-05T02:53:03,1,1,1,0,1,3,92.26,4,1,1,0,0,0,1,0.41,0.0,0,1,3,0,0,0,0.0,6,0,1,0.0,0,negative_hard
synthetic_user_0077,dcd20897-e14a-43fc-b2ba-66bb4a569874,2025-12-05T02:53:03,1,1,1,0,1,3,92.26,4,1,1,0,0,0,1,0.69,0.0,0,1,9,2,1,1,0.2222,6,0,1,0.0,0,negative_hard
synthetic_user_0077,5a0f55cf-16af-4459-9030-0c7c6e11207f,2025-12-05T02:53:03,1,1,1,0,1,3,92.26,4,1,1,0,0,0,0,0.58,0.0,0,0,5,2,1,1,0.4,6,0,1,0.0,0,negative_hard
synthetic_user_0077,7c1af9a0-cf09-4356-8c0d-d762fbb21208,2025-12-05T02:53:03,0,0,0,2,0,3,92.26,4,1,1,0,0,0,1,1.76,0.0,0,1,16,1,0,0,0.0625,0,0,0,0.0,0,negative_soft
synthetic_user_0077,bd6bddb1-3e29-4767-a194-6196e46f7456,2025-12-05T03:01:17,1,1,1,0,1,3,92.27,4,2,1,0,0,0,1,0.41,0.0,0,1,3,0,0,0,0.0,7,0,2,0.0,0,negative_hard
synthetic_user_0077,a8231f34-c157-4fcd-b08a-5a3420cc0cee,2025-12-05T03:01:17,1,1,1,0,1,3,92.27,4,2,1,0,0,0,1,0.69,0.0,0,1,6,2,0,1,0.3333,7,0,2,0.0,0,negative_hard
synthetic_user_0077,fbb68aab-9b3b-4e24-9109-ea047f927347,2025-12-05T03:01:17,1,1,1,0,1,3,92.27,4,2,1,0,0,0,3,1.03,0.0,0,1,10,4,1,0,0.4,7,0,2,0.0,0,negative_hard
synthetic_user_0077,7c1af9a0-cf09-4356-8c0d-d762fbb21208,2025-12-05T03:01:17,0,0,0,2,0,3,92.27,4,2,1,0,0,0,1,1.76,0.0,0,1,16,1,0,0,0.0625,0,0,0,0.0,0,negative_soft
synthetic_user_0051,dbcab77a-8d8a-4721-b07d-d5d9ecc7874d,2025-12-05T06:58:28,1,1,1,0,1,3,84.2,6,2,1,0,0,1,1,0.58,0.0,0,0,3,1,0,0,0.3333,9,0,1,0.0,0,negative_hard
synthetic_user_0051,fbb68aab-9b3b-4e24-9109-ea047f927347,2025-12-05T06:58:28,1,1,1,0,1,3,84.2,6,2,1,0,0,1,3,1.03,0.0,0,1,10,4,1,0,0.4,9,0,1,0.0,0,negative_hard
synthetic_user_0051,8b44ea69-a5bb-4779-8c63-bf20e4da58c7,2025-12-05T06:58:28,1,1,1,0,1,3,84.2,6,2,1,0,0,1,1,0.69,0.0,0,1,13,9,3,3,0.6923,9,0,1,0.0,0,negative_hard
synthetic_user_0051,7c1af9a0-cf09-4356-8c0d-d762fbb21208,2025-12-05T06:58:28,0,0,0,2,0,3,84.2,6,2,1,0,0,1,1,1.76,0.0,0,1,16,1,0,0,0.0625,0,0,0,0.0,0,negative_soft
synthetic_user_0077,a8231f34-c157-4fcd-b08a-5a3420cc0cee,2025-12-06T01:42:05,1,1,1,0,1,3,93.21,5,2,2,0,0,0,1,0.69,0.0,0,1,6,2,0,1,0.3333,9,0,2,0.0,0,negative_hard
synthetic_user_0077,33f6e3a9-237d-433e-b4b6-238e44c80117,2025-12-06T01:42:05,1,1,1,0,1,3,93.21,5,2,2,0,0,0,1,0.58,0.0,0,0,3,0,0,0,0.0,9,0,2,0.0,0,negative_hard
synthetic_user_0077,e72c3d3b-cf36-4cc4-9a40-d8cc5d28df84,2025-12-06T01:42:05,1,1,1,0,1,3,93.21,5,2,2,0,0,0,1,0.41,0.0,0,1,12,6,3,2,0.5,9,0,2,0.0,0,negative_hard
synthetic_user_0077,7c1af9a0-cf09-4356-8c0d-d762fbb21208,2025-12-06T01:42:05,0,0,0,2,0,3,93.21,5,2,2,0,0,0,1,1.76,0.0,0,1,16,1,0,0,0.0625,0,0,0,0.0,0,negative_soft
synthetic_user_0185,5a0f55cf-16af-4459-9030-0c7c6e11207f,2025-12-06T18:49:16,1,1,1,0,1,3,90.95,1,0,0,0,0,0,0,0.58,0.0,0,0,5,2,1,1,0.4,1,0,0,0.0,0,negative_hard
synthetic_user_0185,09593622-ad83-4d14-8236-17bea51dbb13,2025-12-06T18:49:16,1,1,1,0,1,3,90.95,1,0,0,0,0,0,1,0.69,0.0,0,1,14,5,2,3,0.3571,1,0,0,0.0,0,negative_hard
synthetic_user_0185,087164bc-8a57-44b1-bd06-0644f475917b,2025-12-06T18:49:16,1,1,1,0,1,3,90.95,1,0,0,0,0,0,0,0.58,0.0,0,0,9,3,2,0,0.3333,1,0,0,0.0,0,negative_hard
synthetic_user_0185,8706bbb8-8343-4edc-9af4-244b9cad76aa,2025-12-06T18:49:16,1,1,0,1,0,3,90.95,1,0,0,0,0,0,0,0.47,0.0,0,0,55,20,5,2,0.3636,0,0,0,0.0,0,negative_soft
synthetic_user_0185,45a799e0-5716-4209-b489-bd8f9ef13974,2025-12-06T18:51:31,1,1,1,0,1,3,90.96,1,1,0,0,0,0,1,0.41,0.0,0,1,3,1,0,0,0.3333,2,0,1,0.0,0,negative_hard
synthetic_user_0185,bd6bddb1-3e29-4767-a194-6196e46f7456,2025-12-06T18:51:31,1,1,1,0,1,3,90.96,1,1,0,0,0,0,1,0.41,0.0,0,1,3,0,0,0,0.0,2,0,1,0.0,0,negative_hard
synthetic_user_0185,98a77293-8faf-4d27-8248-6eb91f481d8f,2025-12-06T18:51:31,1,1,1,0,1,3,90.96,1,1,0,0,0,0,0,0.58,0.0,0,0,13,9,4,3,0.6923,2,0,1,0.0,0,negative_hard
synthetic_user_0185,8706bbb8-8343-4edc-9af4-244b9cad76aa,2025-12-06T18:51:31,1,1,0,1,0,3,90.96,1,1,0,0,0,0,0,0.47,0.0,0,0,55,20,5,2,0.3636,0,0,1,0.0,0,negative_soft
synthetic_user_0185,087164bc-8a57-44b1-bd06-0644f475917b,2025-12-06T18:58:44,1,1,1,0,1,3,90.96,1,1,0,1,0,0,0,0.58,0.0,0,0,9,3,2,0,0.3333,3,0,1,0.0,0,negative_hard
synthetic_user_0185,98a77293-8faf-4d27-8248-6eb91f481d8f,2025-12-06T18:58:44,1,1,1,0,1,3,90.96,1,1,0,1,0,0,0,0.58,0.0,0,0,13,9,4,3,0.6923,3,0,1,0.0,0,negative_hard
synthetic_user_0185,09593622-ad83-4d14-8236-17bea51dbb13,2025-12-06T18:58:44,1,1,1,0,1,3,90.96,1,1,0,1,0,0,1,0.69,0.0,0,1,14,5,2,3,0.3571,3,0,1,0.0,0,negative_hard
synthetic_user_0185,8706bbb8-8343-4edc-9af4-244b9cad76aa,2025-12-06T18:58:44,1,1,0,1,0,3,90.96,1,1,0,1,0,0,0,0.47,0.0,0,0,55,20,5,2,0.3636,0,0,1,0.0,0,negative_soft
synthetic_user_0078,a8231f34-c157-4fcd-b08a-5a3420cc0cee,2025-12-07T02:47:56,1,1,1,0,1,3,86.98,4,1,0,0,0,0,1,0.69,0.0,0,1,6,2,0,1,0.3333,5,0,1,0.0,0,negative_hard
synthetic_user_0078,a18002e2-24a3-4da4-b558-ea8cadcb047e,2025-12-07T02:47:56,1,1,1,0,1,3,86.98,4,1,0,0,0,0,0,0.58,0.0,0,0,11,5,0,2,0.4545,5,0,1,0.0,0,negative_hard
synthetic_user_0078,09593622-ad83-4d14-8236-17bea51dbb13,2025-12-07T02:47:56,1,1,1,0,1,3,86.98,4,1,0,0,0,0,1,0.69,0.0,0,1,14,5,2,3,0.3571,5,0,1,0.0,0,negative_hard
synthetic_user_0078,7c1af9a0-cf09-4356-8c0d-d762fbb21208,2025-12-07T02:47:56,0,0,0,2,0,3,86.98,4,1,0,0,0,0,1,1.76,0.0,0,1,16,1,0,0,0.0625,0,0,0,0.0,0,negative_soft
synthetic_user_0026,a18002e2-24a3-4da4-b558-ea8cadcb047e,2025-12-07T03:24:26,1,1,1,0,1,3,111.41,4,0,0,0,0,0,0,0.58,0.0,0,0,11,5,0,2,0.4545,3,0,0,0.0,0,negative_hard
synthetic_user_0026,40a8032b-e43c-43dc-ba5f-d650f1c0a979,2025-12-07T03:24:26,1,1,1,0,1,3,111.41,4,0,0,0,0,0,1,0.41,0.0,0,1,10,5,3,2,0.5,3,0,0,0.0,0,negative_hard
synthetic_user_0026,b1e94dc4-e19f-4e9b-85e1-69c3b4ab0e97,2025-12-07T03:24:26,1,1,1,0,1,3,111.41,4,0,0,0,0,0,3,1.03,0.0,0,1,6,4,3,2,0.6667,3,0,0,0.0,0,negative_hard
synthetic_user_0026,7c1af9a0-cf09-4356-8c0d-d762fbb21208,2025-12-07T03:24:26,0,0,0,2,0,3,111.41,4,0,0,0,0,0,1,1.76,0.0,0,1,16,1,0,0,0.0625,0,0,0,0.0,0,negative_soft
synthetic_user_0151,945e447f-c018-4d92-b5e5-2f1f7a11bd56,2025-12-07T04:41:40,1,1,1,0,1,3,98.03,4,1,1,1,1,0,3,1.03,0.0,0,1,5,1,0,0,0.2,8,0,2,0.0,0,negative_hard
synthetic_user_0151,e06a75b5-86f9-4daf-b871-0fba7b7ba57d,2025-12-07T04:41:40,1,1,1,0,1,3,98.03,4,1,1,1,1,0,1,0.58,0.0,0,0,5,0,0,0,0.0,8,0,2,0.0,0,negative_hard
synthetic_user_0151,33f6e3a9-237d-433e-b4b6-238e44c80117,2025-12-07T04:41:40,1,1,1,0,1,3,98.03,4,1,1,1,1,0,1,0.58,0.0,0,0,4,1,1,1,0.25,8,0,2,0.0,0,negative_hard
synthetic_user_0151,7c1af9a0-cf09-4356-8c0d-d762fbb21208,2025-12-07T04:41:40,0,0,0,2,0,3,98.03,4,1,1,1,1,0,1,1.76,0.0,0,1,16,1,0,0,0.0625,0,0,0,0.0,0,negative_soft
synthetic_user_0072,45a799e0-5716-4209-b489-bd8f9ef13974,2025-12-07T19:32:18,1,1,0,1,0,4,107.86,1,0,0,0,0,0,1,0.41,0.0,0,1,3,1,0,0,0.3333,0,0,0,0.0,0,negative_soft
synthetic_user_0072,40a8032b-e43c-43dc-ba5f-d650f1c0a979,2025-12-07T19:32:18,1,1,0,1,0,4,107.86,1,0,0,0,0,0,1,0.41,0.0,0,1,10,5,3,2,0.5,0,0,0,0.0,0,negative_soft
synthetic_user_0072,33f6e3a9-237d-433e-b4b6-238e44c80117,2025-12-07T19:32:18,1,1,0,1,0,4,107.86,1,0,0,0,0,0,1,0.58,0.0,0,0,4,1,1,1,0.25,0,0,0,0.0,0,negative_soft
synthetic_user_0072,95461cac-4301-4ade-8b3c-98201e8731db,2025-12-07T19:32:18,1,1,0,1,0,4,107.86,1,0,0,0,0,0,1,0.41,0.0,0,1,3,0,0,0,0.0,0,0,0,0.0,0,negative_soft
synthetic_user_0183,b1e94dc4-e19f-4e9b-85e1-69c3b4ab0e97,2025-12-07T20:58:00,1,1,1,0,1,3,93.06,1,0,0,0,0,0,3,1.03,0.0,0,1,6,4,3,2,0.6667,1,0,0,0.0,0,negative_hard
synthetic_user_0183,40a8032b-e43c-43dc-ba5f-d650f1c0a979,2025-12-07T20:58:00,1,1,1,0,1,3,93.06,1,0,0,0,0,0,1,0.41,0.0,0,1,10,5,3,2,0.5,1,0,0,0.0,0,negative_hard
synthetic_user_0183,45a799e0-5716-4209-b489-bd8f9ef13974,2025-12-07T20:58:00,1,1,1,0,1,3,93.06,1,0,0,0,0,0,1,0.41,0.0,0,1,3,1,0,0,0.3333,1,0,0,0.0,0,negative_hard
synthetic_user_0183,8706bbb8-8343-4edc-9af4-244b9cad76aa,2025-12-07T20:58:00,1,1,0,1,0,3,93.06,1,0,0,0,0,0,0,0.47,0.0,0,0,56,20,5,2,0.3571,0,0,0,0.0,0,negative_soft
synthetic_user_0068,98a77293-8faf-4d27-8248-6eb91f481d8f,2025-12-08T00:21:20,1,1,1,0,1,3,108.64,3,0,0,0,0,1,0,0.58,0.0,0,0,13,9,4,3,0.6923,1,0,0,0.0,0,negative_hard
synthetic_user_0068,2c1e63cb-30f5-4e05-92af-ea93368ef4ab,2025-12-08T00:21:20,1,1,1,0,1,3,108.64,3,0,0,0,0,1,1,0.41,0.0,0,1,14,6,2,2,0.4286,1,0,0,0.0,0,negative_hard
synthetic_user_0068,40a8032b-e43c-43dc-ba5f-d650f1c0a979,2025-12-08T00:21:20,1,1,1,0,1,3,108.64,3,0,0,0,0,1,1,0.41,0.0,0,1,10,5,3,2,0.5,1,0,0,0.0,0,negative_hard
synthetic_user_0068,8706bbb8-8343-4edc-9af4-244b9cad76aa,2025-12-08T00:21:20,1,1,0,1,0,3,108.64,3,0,0,0,0,1,0,0.47,0.0,0,0,56,20,5,2,0.3571,0,0,0,0.0,0,negative_soft
synthetic_user_0068,98a77293-8faf-4d27-8248-6eb91f481d8f,2025-12-08T00:25:53,1,1,1,0,1,3,108.64,3,1,0,0,0,1,0,0.58,0.0,0,0,13,9,4,3,0.6923,2,0,1,0.0,0,negative_hard
synthetic_user_0068,b1e94dc4-e19f-4e9b-85e1-69c3b4ab0e97,2025-12-08T00:25:53,1,1,1,0,1,3,108.64,3,1,0,0,0,1,3,1.03,0.0,0,1,6,4,3,2,0.6667,2,0,1,0.0,0,negative_hard
synthetic_user_0068,e72c3d3b-cf36-4cc4-9a40-d8cc5d28df84,2025-12-08T00:25:53,1,1,1,0,1,3,108.64,3,1,0,0,0,1,1,0.41,0.0,0,1,12,6,3,2,0.5,2,0,1,0.0,0,negative_hard
synthetic_user_0068,8706bbb8-8343-4edc-9af4-244b9cad76aa,2025-12-08T00:25:53,1,1,0,1,0,3,108.64,3,1,0,0,0,1,0,0.47,0.0,0,0,56,20,5,2,0.3571,0,0,1,0.0,0,negative_soft
synthetic_user_0110,98a77293-8faf-4d27-8248-6eb91f481d8f,2025-12-08T02:34:01,1,1,1,0,1,3,83.75,1,0,0,0,0,1,0,0.58,0.0,0,0,13,9,4,3,0.6923,1,0,0,0.0,0,negative_hard
synthetic_user_0110,a18002e2-24a3-4da4-b558-ea8cadcb047e,2025-12-08T02:34:01,1,1,1,0,1,3,83.75,1,0,0,0,0,1,0,0.58,0.0,0,0,11,5,0,2,0.4545,1,0,0,0.0,0,negative_hard
synthetic_user_0110,f6081dfd-75ec-4719-a05b-6ec1f95df15f,2025-12-08T02:34:01,1,1,1,0,1,3,83.75,1,0,0,0,0,1,1,1.05,0.0,0,1,9,1,0,1,0.1111,1,0,0,0.0,0,negative_hard
synthetic_user_0110,8706bbb8-8343-4edc-9af4-244b9cad76aa,2025-12-08T02:34:01,1,1,0,1,0,3,83.75,1,0,0,0,0,1,0,0.47,0.0,0,0,56,20,5,2,0.3571,0,0,0,0.0,0,negative_soft
synthetic_user_0110,dcf38bea-591e-47ae-aaaf-e01b841cc3b3,2025-12-08T02:43:38,1,1,1,0,1,3,83.75,2,0,0,0,0,1,1,0.69,0.0,0,1,7,3,2,0,0.4286,2,0,0,0.0,0,negative_hard
synthetic_user_0110,2c1e63cb-30f5-4e05-92af-ea93368ef4ab,2025-12-08T02:43:38,1,1,1,0,1,3,83.75,2,0,0,0,0,1,1,0.41,0.0,0,1,14,6,2,2,0.4286,2,0,0,0.0,0,negative_hard
synthetic_user_0110,b1e94dc4-e19f-4e9b-85e1-69c3b4ab0e97,2025-12-08T02:43:38,1,1,1,0,1,3,83.75,2,0,0,0,0,1,3,1.03,0.0,0,1,6,4,3,2,0.6667,2,0,0,0.0,0,negative_hard
synthetic_user_0110,8706bbb8-8343-4edc-9af4-244b9cad76aa,2025-12-08T02:43:38,1,1,0,1,0,3,83.75,2,0,0,0,0,1,0,0.47,0.0,0,0,56,20,5,2,0.3571,0,0,0,0.0,0,negative_soft
synthetic_user_0056,c5310615-4076-41e9-9064-736593600471,2025-12-08T08:14:38,1,1,1,0,1,3,96.57,1,0,0,0,0,1,0,1.03,0.0,0,0,11,4,0,2,0.3636,1,0,0,0.0,0,negative_hard
synthetic_user_0056,e06a75b5-86f9-4daf-b871-0fba7b7ba57d,2025-12-08T08:14:38,1,1,1,0,1,3,96.57,1,0,0,0,0,1,1,0.58,0.0,0,0,6,1,0,0,0.1667,1,0,0,0.0,0,negative_hard
synthetic_user_0056,ea97dfce-6731-4b1d-9b03-485d04de4867,2025-12-08T08:14:38,1,1,1,0,1,3,96.57,1,0,0,0,0,1,3,1.03,0.0,0,1,10,3,0,1,0.3,1,0,0,0.0,0,negative_hard
synthetic_user_0056,8706bbb8-8343-4edc-9af4-244b9cad76aa,2025-12-08T08:14:38,1,1,0,1,0,3,96.57,1,0,0,0,0,1,0,0.47,0.0,0,0,56,20,5,2,0.3571,0,0,0,0.0,0,negative_soft
synthetic_user_0024,8b44ea69-a5bb-4779-8c63-bf20e4da58c7,2025-12-08T23:50:19,1,1,1,0,1,3,96.89,4,1,0,0,2,0,1,0.69,0.0,0,1,13,9,3,3,0.6923,7,0,1,0.0,0,negative_hard
synthetic_user_0024,dcf38bea-591e-47ae-aaaf-e01b841cc3b3,2025-12-08T23:50:19,1,1,1,0,1,3,96.89,4,1,0,0,2,0,1,0.69,0.0,0,1,7,3,2,0,0.4286,7,0,1,0.0,0,negative_hard
synthetic_user_0024,09593622-ad83-4d14-8236-17bea51dbb13,2025-12-08T23:50:19,1,1,1,0,1,3,96.89,4,1,0,0,2,0,1,0.69,0.0,0,1,15,5,2,3,0.3333,7,0,1,0.0,0,negative_hard
synthetic_user_0024,8706bbb8-8343-4edc-9af4-244b9cad76aa,2025-12-08T23:50:19,1,1,0,1,0,3,96.89,4,1,0,0,2,0,0,0.47,0.0,0,0,56,20,5,2,0.3571,0,0,1,0.0,0,negative_soft
synthetic_user_0168,59bf0b38-d7b5-4024-a66e-a03f1b47095d,2025-12-09T05:50:31,1,1,1,0,1,3,113.45,3,0,0,0,0,0,3,1.03,0.0,0,1,9,3,2,0,0.3333,1,0,0,0.0,0,negative_hard
synthetic_user_0168,ea97dfce-6731-4b1d-9b03-485d04de4867,2025-12-09T05:50:31,1,1,1,0,1,3,113.45,3,0,0,0,0,0,3,1.03,0.0,0,1,10,3,0,1,0.3,1,0,0,0.0,0,negative_hard
synthetic_user_0168,09593622-ad83-4d14-8236-17bea51dbb13,2025-12-09T05:50:31,1,1,1,0,1,3,113.45,3,0,0,0,0,0,1,0.69,0.0,0,1,15,5,2,3,0.3333,1,0,0,0.0,0,negative_hard
synthetic_user_0168,7c1af9a0-cf09-4356-8c0d-d762fbb21208,2025-12-09T05:50:31,0,0,0,2,0,3,113.45,3,0,0,0,0,0,1,1.76,0.0,0,1,16,1,0,0,0.0625,0,0,0,0.0,0,negative_soft
synthetic_user_0059,09593622-ad83-4d14-8236-17bea51dbb13,2025-12-09T07:02:54,1,1,1,0,1,3,115.13,1,0,0,0,0,0,1,0.69,0.0,0,1,15,5,2,3,0.3333,0,0,0,0.0,0,negative_hard
synthetic_user_0059,8b44ea69-a5bb-4779-8c63-bf20e4da58c7,2025-12-09T07:02:54,1,1,1,0,1,3,115.13,1,0,0,0,0,0,1,0.69,0.0,0,1,14,10,3,3,0.7143,0,0,0,0.0,0,negative_hard
synthetic_user_0059,2c1e63cb-30f5-4e05-92af-ea93368ef4ab,2025-12-09T07:02:54,1,1,1,0,1,3,115.13,1,0,0,0,0,0,1,0.41,0.0,0,1,14,6,2,2,0.4286,0,0,0,0.0,0,negative_hard
synthetic_user_0059,7c1af9a0-cf09-4356-8c0d-d762fbb21208,2025-12-09T07:02:54,0,0,0,2,0,3,115.13,1,0,0,0,0,0,1,1.76,0.0,0,1,16,1,0,0,0.0625,0,0,0,0.0,0,negative_soft
synthetic_user_0160,f6081dfd-75ec-4719-a05b-6ec1f95df15f,2025-12-09T08:39:18,0,0,0,2,0,1,107.15,1,0,0,0,0,1,1,1.05,0.0,0,1,9,1,0,1,0.1111,0,0,0,0.0,0,negative_soft
synthetic_user_0160,ea97dfce-6731-4b1d-9b03-485d04de4867,2025-12-09T08:39:18,0,0,0,2,0,1,107.15,1,0,0,0,0,1,3,1.03,0.0,0,1,10,3,0,1,0.3,0,0,0,0.0,0,negative_soft
synthetic_user_0160,85526add-cd5a-4107-a07e-62ff3f493082,2025-12-09T08:39:18,0,0,0,2,0,1,107.15,1,0,0,0,0,1,0,0.41,0.0,0,0,14,5,0,2,0.3571,0,0,0,0.0,0,negative_soft
synthetic_user_0160,8b44ea69-a5bb-4779-8c63-bf20e4da58c7,2025-12-09T08:39:18,0,0,0,2,0,1,107.15,1,0,0,0,0,1,1,0.69,0.0,0,1,14,10,3,3,0.7143,0,0,0,0.0,0,negative_soft
synthetic_user_0198,45a799e0-5716-4209-b489-bd8f9ef13974,2025-12-10T00:11:40,1,1,1,0,1,3,92.28,2,0,0,0,0,0,1,0.41,0.0,0,1,3,1,0,0,0.3333,2,0,0,0.0,0,negative_hard
synthetic_user_0198,581c8e36-7a51-4e8e-ac1d-6e9c1d54940f,2025-12-10T00:11:40,1,1,1,0,1,3,92.28,2,0,0,0,0,0,3,1.03,0.0,0,1,8,1,1,0,0.125,2,0,0,0.0,0,negative_hard
synthetic_user_0198,95461cac-4301-4ade-8b3c-98201e8731db,2025-12-10T00:11:40,1,1,1,0,1,3,92.28,2,0,0,0,0,0,1,0.41,0.0,0,1,4,1,1,0,0.25,2,0,0,0.0,0,negative_hard
synthetic_user_0198,7c1af9a0-cf09-4356-8c0d-d762fbb21208,2025-12-10T00:11:40,0,0,0,2,0,3,92.28,2,0,0,0,0,0,1,1.76,0.0,0,1,17,1,0,0,0.0588,0,0,0,0.0,0,negative_soft
synthetic_user_0200,e06a75b5-86f9-4daf-b871-0fba7b7ba57d,2025-12-10T01:16:02,1,1,1,0,1,3,96.53,1,1,0,0,1,0,1,0.58,0.0,0,0,7,2,0,0,0.2857,3,0,1,0.0,0,negative_hard
synthetic_user_0200,8b44ea69-a5bb-4779-8c63-bf20e4da58c7,2025-12-10T01:16:02,1,1,1,0,1,3,96.53,1,1,0,0,1,0,1,0.69,0.0,0,1,14,10,3,3,0.7143,3,0,1,0.0,0,negative_hard
synthetic_user_0200,581c8e36-7a51-4e8e-ac1d-6e9c1d54940f,2025-12-10T01:16:02,1,1,1,0,1,3,96.53,1,1,0,0,1,0,3,1.03,0.0,0,1,8,1,1,0,0.125,3,0,1,0.0,0,negative_hard
synthetic_user_0200,8706bbb8-8343-4edc-9af4-244b9cad76aa,2025-12-10T01:16:02,1,1,0,1,0,3,96.53,1,1,0,0,1,0,0,0.47,0.0,0,0,58,20,5,2,0.3448,0,0,1,0.0,0,negative_soft
synthetic_user_0200,945e447f-c018-4d92-b5e5-2f1f7a11bd56,2025-12-10T01:23:21,1,1,1,0,1,3,96.54,2,1,0,0,1,0,3,1.03,0.0,0,1,5,1,0,0,0.2,4,0,1,0.0,0,negative_hard
synthetic_user_0200,f6081dfd-75ec-4719-a05b-6ec1f95df15f,2025-12-10T01:23:21,1,1,1,0,1,3,96.54,2,1,0,0,1,0,1,1.05,0.0,0,1,9,1,0,1,0.1111,4,0,1,0.0,0,negative_hard
synthetic_user_0200,a18002e2-24a3-4da4-b558-ea8cadcb047e,2025-12-10T01:23:21,1,1,1,0,1,3,96.54,2,1,0,0,1,0,0,0.58,0.0,0,0,11,5,0,2,0.4545,4,0,1,0.0,0,negative_hard
synthetic_user_0200,8706bbb8-8343-4edc-9af4-244b9cad76aa,2025-12-10T01:23:21,1,1,0,1,0,3,96.54,2,1,0,0,1,0,0,0.47,0.0,0,0,58,20,5,2,0.3448,0,0,1,0.0,0,negative_soft
synthetic_user_0200,b1e94dc4-e19f-4e9b-85e1-69c3b4ab0e97,2025-12-10T01:32:32,1,1,1,0,1,3,96.54,2,2,0,0,1,0,3,1.03,0.0,0,1,6,4,3,2,0.6667,5,0,1,0.0,0,negative_hard
synthetic_user_0200,dcd20897-e14a-43fc-b2ba-66bb4a569874,2025-12-10T01:32:32,1,1,1,0,1,3,96.54,2,2,0,0,1,0,1,0.69,0.0,0,1,9,2,1,1,0.2222,5,0,1,0.0,0,negative_hard
synthetic_user_0200,85526add-cd5a-4107-a07e-62ff3f493082,2025-12-10T01:32:32,1,1,1,0,1,3,96.54,2,2,0,0,1,0,0,0.41,0.0,0,0,15,5,0,2,0.3333,5,0,1,0.0,0,negative_hard
synthetic_user_0200,8706bbb8-8343-4edc-9af4-244b9cad76aa,2025-12-10T01:32:32,1,1,0,1,0,3,96.54,2,2,0,0,1,0,0,0.47,0.0,0,0,58,20,5,2,0.3448,0,0,1,0.0,0,negative_soft
synthetic_user_0081,dcf38bea-591e-47ae-aaaf-e01b841cc3b3,2025-12-10T18:21:35,1,1,1,0,1,3,101.44,3,1,0,0,2,1,1,0.69,0.0,0,1,8,3,2,0,0.375,1,0,1,0.0,0,negative_hard
synthetic_user_0081,581c8e36-7a51-4e8e-ac1d-6e9c1d54940f,2025-12-10T18:21:35,1,1,1,0,1,3,101.44,3,1,0,0,2,1,3,1.03,0.0,0,1,8,1,1,0,0.125,1,0,1,0.0,0,negative_hard
synthetic_user_0081,830353af-6497-4bc7-bab8-08114b64b682,2025-12-10T18:21:35,1,1,1,0,1,3,101.44,3,1,0,0,2,1,0,1.05,0.0,0,0,13,6,1,1,0.4615,1,0,1,0.0,0,negative_hard
synthetic_user_0081,7c1af9a0-cf09-4356-8c0d-d762fbb21208,2025-12-10T18:21:35,0,0,0,2,0,3,101.44,3,1,0,0,2,1,1,1.76,0.0,0,1,17,1,0,0,0.0588,0,0,0,0.0,0,negative_soft
synthetic_user_0081,bd6bddb1-3e29-4767-a194-6196e46f7456,2025-12-10T18:29:31,1,1,1,0,1,3,101.44,3,2,0,0,2,1,1,0.41,0.0,0,1,4,1,0,0,0.25,2,0,2,0.0,0,negative_hard
synthetic_user_0081,85526add-cd5a-4107-a07e-62ff3f493082,2025-12-10T18:29:31,1,1,1,0,1,3,101.44,3,2,0,0,2,1,0,0.41,0.0,0,0,15,5,0,2,0.3333,2,0,2,0.0,0,negative_hard
synthetic_user_0081,581c8e36-7a51-4e8e-ac1d-6e9c1d54940f,2025-12-10T18:29:31,1,1,1,0,1,3,101.44,3,2,0,0,2,1,3,1.03,0.0,0,1,8,1,1,0,0.125,2,0,2,0.0,0,negative_hard
synthetic_user_0081,7c1af9a0-cf09-4356-8c0d-d762fbb21208,2025-12-10T18:29:31,0,0,0,2,0,3,101.44,3,2,0,0,2,1,1,1.76,0.0,0,1,17,1,0,0,0.0588,0,0,0,0.0,0,negative_soft
synthetic_user_0010,a18002e2-24a3-4da4-b558-ea8cadcb047e,2025-12-10T20:22:53,1,1,1,0,1,3,108.74,1,0,0,0,0,1,0,0.58,0.0,0,0,11,5,0,2,0.4545,1,0,0,0.0,0,negative_hard
synthetic_user_0010,98a77293-8faf-4d27-8248-6eb91f481d8f,2025-12-10T20:22:53,1,1,1,0,1,3,108.74,1,0,0,0,0,1,0,0.58,0.0,0,0,13,9,4,3,0.6923,1,0,0,0.0,0,negative_hard
synthetic_user_0010,2c1e63cb-30f5-4e05-92af-ea93368ef4ab,2025-12-10T20:22:53,1,1,1,0,1,3,108.74,1,0,0,0,0,1,1,0.41,0.0,0,1,14,6,2,2,0.4286,1,0,0,0.0,0,negative_hard
synthetic_user_0010,8706bbb8-8343-4edc-9af4-244b9cad76aa,2025-12-10T20:22:53,1,1,0,1,0,3,108.74,1,0,0,0,0,1,0,0.47,0.0,0,0,58,20,5,2,0.3448,0,0,0,0.0,0,negative_soft
synthetic_user_0176,dcf38bea-591e-47ae-aaaf-e01b841cc3b3,2025-12-11T08:19:30,1,1,1,0,1,3,113.21,2,1,1,0,0,0,1,0.69,0.0,0,1,8,3,2,0,0.375,4,0,1,0.0,0,negative_hard
synthetic_user_0176,dbcab77a-8d8a-4721-b07d-d5d9ecc7874d,2025-12-11T08:19:30,1,1,1,0,1,3,113.21,2,1,1,0,0,0,1,0.58,0.0,0,0,4,2,0,0,0.5,4,0,1,0.0,0,negative_hard
synthetic_user_0176,830353af-6497-4bc7-bab8-08114b64b682,2025-12-11T08:19:30,1,1,1,0,1,3,113.21,2,1,1,0,0,0,0,1.05,0.0,0,0,13,6,1,1,0.4615,4,0,1,0.0,0,negative_hard
synthetic_user_0176,8706bbb8-8343-4edc-9af4-244b9cad76aa,2025-12-11T08:19:30,1,1,0,1,0,3,113.21,2,1,1,0,0,0,0,0.47,0.0,0,0,58,20,5,2,0.3448,0,0,1,0.0,0,negative_soft
synthetic_user_0176,dbcab77a-8d8a-4721-b07d-d5d9ecc7874d,2025-12-11T08:24:35,1,1,1,0,1,3,113.21,2,2,1,0,0,0,1,0.58,0.0,0,0,4,2,0,0,0.5,5,0,2,0.0,0,negative_hard
synthetic_user_0176,98a77293-8faf-4d27-8248-6eb91f481d8f,2025-12-11T08:24:35,1,1,1,0,1,3,113.21,2,2,1,0,0,0,0,0.58,0.0,0,0,13,9,4,3,0.6923,5,0,2,0.0,0,negative_hard
synthetic_user_0176,b1e94dc4-e19f-4e9b-85e1-69c3b4ab0e97,2025-12-11T08:24:35,1,1,1,0,1,3,113.21,2,2,1,0,0,0,3,1.03,0.0,0,1,6,4,3,2,0.6667,5,0,2,0.0,0,negative_hard
synthetic_user_0176,8706bbb8-8343-4edc-9af4-244b9cad76aa,2025-12-11T08:24:35,1,1,0,1,0,3,113.21,2,2,1,0,0,0,0,0.47,0.0,0,0,58,20,5,2,0.3448,0,0,2,0.0,0,negative_soft
synthetic_user_0176,087164bc-8a57-44b1-bd06-0644f475917b,2025-12-11T08:27:05,1,1,1,0,1,3,113.22,2,2,1,1,0,0,0,0.58,0.0,0,0,11,3,2,0,0.2727,6,0,2,0.0,0,negative_hard
synthetic_user_0176,dcf38bea-591e-47ae-aaaf-e01b841cc3b3,2025-12-11T08:27:05,1,1,1,0,1,3,113.22,2,2,1,1,0,0,1,0.69,0.0,0,1,8,3,2,0,0.375,6,0,2,0.0,0,negative_hard
synthetic_user_0176,fbb68aab-9b3b-4e24-9109-ea047f927347,2025-12-11T08:27:05,1,1,1,0,1,3,113.22,2,2,1,1,0,0,3,1.03,0.0,0,1,10,4,1,0,0.4,6,0,2,0.0,0,negative_hard
synthetic_user_0176,8706bbb8-8343-4edc-9af4-244b9cad76aa,2025-12-11T08:27:05,1,1,0,1,0,3,113.22,2,2,1,1,0,0,0,0.47,0.0,0,0,58,20,5,2,0.3448,0,0,2,0.0,0,negative_soft
synthetic_user_0135,bd6bddb1-3e29-4767-a194-6196e46f7456,2025-12-11T22:04:09,0,0,0,2,0,1,88.87,3,0,0,0,0,1,1,0.41,0.0,0,1,4,1,0,0,0.25,0,0,0,0.0,0,negative_soft
synthetic_user_0135,8b44ea69-a5bb-4779-8c63-bf20e4da58c7,2025-12-11T22:04:09,0,0,0,2,0,1,88.87,3,0,0,0,0,1,1,0.69,0.0,0,1,14,10,3,3,0.7143,0,0,0,0.0,0,negative_soft
synthetic_user_0135,85526add-cd5a-4107-a07e-62ff3f493082,2025-12-11T22:04:09,0,0,0,2,0,1,88.87,3,0,0,0,0,1,0,0.41,0.0,0,0,15,5,0,2,0.3333,0,0,0,0.0,0,negative_soft
synthetic_user_0135,f6081dfd-75ec-4719-a05b-6ec1f95df15f,2025-12-11T22:04:09,0,0,0,2,0,1,88.87,3,0,0,0,0,1,1,1.05,0.0,0,1,9,1,0,1,0.1111,0,0,0,0.0,0,negative_soft
synthetic_user_0156,e06a75b5-86f9-4daf-b871-0fba7b7ba57d,2025-12-12T00:20:20,1,1,1,0,1,3,116.16,2,0,0,0,0,1,1,0.58,0.0,0,0,8,3,1,1,0.375,1,0,0,0.0,0,negative_hard
synthetic_user_0156,95461cac-4301-4ade-8b3c-98201e8731db,2025-12-12T00:20:20,1,1,1,0,1,3,116.16,2,0,0,0,0,1,1,0.41,0.0,0,1,4,1,1,0,0.25,1,0,0,0.0,0,negative_hard
synthetic_user_0156,f6081dfd-75ec-4719-a05b-6ec1f95df15f,2025-12-12T00:20:20,1,1,1,0,1,3,116.16,2,0,0,0,0,1,1,1.05,0.0,0,1,9,1,0,1,0.1111,1,0,0,0.0,0,negative_hard
synthetic_user_0156,7c1af9a0-cf09-4356-8c0d-d762fbb21208,2025-12-12T00:20:20,0,0,0,2,0,3,116.16,2,0,0,0,0,1,1,1.76,0.0,0,1,18,2,0,0,0.1111,0,0,0,0.0,0,negative_soft
synthetic_user_0175,581c8e36-7a51-4e8e-ac1d-6e9c1d54940f,2025-12-12T05:21:53,1,1,1,0,1,3,105.86,1,1,0,1,0,0,3,1.03,0.0,0,1,9,1,1,0,0.1111,3,0,1,0.0,0,negative_hard
synthetic_user_0175,945e447f-c018-4d92-b5e5-2f1f7a11bd56,2025-12-12T05:21:53,1,1,1,0,1,3,105.86,1,1,0,1,0,0,3,1.03,0.0,0,1,6,2,1,0,0.3333,3,0,1,0.0,0,negative_hard
synthetic_user_0175,a18002e2-24a3-4da4-b558-ea8cadcb047e,2025-12-12T05:21:53,1,1,1,0,1,3,105.86,1,1,0,1,0,0,0,0.58,0.0,0,0,11,5,0,2,0.4545,3,0,1,0.0,0,negative_hard
synthetic_user_0175,8706bbb8-8343-4edc-9af4-244b9cad76aa,2025-12-12T05:21:53,1,1,0,1,0,3,105.86,1,1,0,1,0,0,0,0.47,0.0,0,0,58,20,5,2,0.3448,0,0,1,0.0,0,negative_soft
synthetic_user_0175,b1e94dc4-e19f-4e9b-85e1-69c3b4ab0e97,2025-12-12T05:27:57,1,1,1,0,1,3,105.86,2,1,0,1,0,0,3,1.03,0.0,0,1,6,4,3,2,0.6667,4,0,1,0.0,0,negative_hard
synthetic_user_0175,e72c3d3b-cf36-4cc4-9a40-d8cc5d28df84,2025-12-12T05:27:57,1,1,1,0,1,3,105.86,2,1,0,1,0,0,1,0.41,0.0,0,1,12,6,3,2,0.5,4,0,1,0.0,0,negative_hard
synthetic_user_0175,dcd20897-e14a-43fc-b2ba-66bb4a569874,2025-12-12T05:27:57,1,1,1,0,1,3,105.86,2,1,0,1,0,0,1,0.69,0.0,0,1,9,2,1,1,0.2222,4,0,1,0.0,0,negative_hard
synthetic_user_0175,8706bbb8-8343-4edc-9af4-244b9cad76aa,2025-12-12T05:27:57,1,1,0,1,0,3,105.86,2,1,0,1,0,0,0,0.47,0.0,0,0,58,20,5,2,0.3448,0,0,1,0.0,0,negative_soft
synthetic_user_0175,dcf38bea-591e-47ae-aaaf-e01b841cc3b3,2025-12-12T05:29:10,1,1,1,0,1,3,105.86,2,2,0,1,0,0,1,0.69,0.0,0,1,8,3,2,0,0.375,5,0,1,0.0,0,negative_hard
synthetic_user_0175,5a0f55cf-16af-4459-9030-0c7c6e11207f,2025-12-12T05:29:10,1,1,1,0,1,3,105.86,2,2,0,1,0,0,0,0.58,0.0,0,0,6,3,1,1,0.5,5,0,1,0.0,0,negative_hard
synthetic_user_0175,f6081dfd-75ec-4719-a05b-6ec1f95df15f,2025-12-12T05:29:10,1,1,1,0,1,3,105.86,2,2,0,1,0,0,1,1.05,0.0,0,1,9,1,0,1,0.1111,5,0,1,0.0,0,negative_hard
synthetic_user_0175,8706bbb8-8343-4edc-9af4-244b9cad76aa,2025-12-12T05:29:10,1,1,0,1,0,3,105.86,2,2,0,1,0,0,0,0.47,0.0,0,0,58,20,5,2,0.3448,0,0,1,0.0,0,negative_soft
synthetic_user_0093,95461cac-4301-4ade-8b3c-98201e8731db,2025-12-12T06:20:16,1,1,1,0,1,3,115.91,1,1,1,1,0,0,1,0.41,0.0,0,1,4,1,1,0,0.25,4,0,1,0.0,0,negative_hard
synthetic_user_0093,087164bc-8a57-44b1-bd06-0644f475917b,2025-12-12T06:20:16,1,1,1,0,1,3,115.91,1,1,1,1,0,0,0,0.58,0.0,0,0,11,3,2,0,0.2727,4,0,1,0.0,0,negative_hard
synthetic_user_0093,40a8032b-e43c-43dc-ba5f-d650f1c0a979,2025-12-12T06:20:16,1,1,1,0,1,3,115.91,1,1,1,1,0,0,1,0.41,0.0,0,1,10,5,3,2,0.5,4,0,1,0.0,0,negative_hard
synthetic_user_0093,7c1af9a0-cf09-4356-8c0d-d762fbb21208,2025-12-12T06:20:16,0,0,0,2,0,3,115.91,1,1,1,1,0,0,1,1.76,0.0,0,1,18,2,0,0,0.1111,0,0,0,0.0,0,negative_soft
synthetic_user_0093,45a799e0-5716-4209-b489-bd8f9ef13974,2025-12-12T06:32:16,1,1,1,0,1,3,115.92,2,1,1,1,0,0,1,0.41,0.0,0,1,3,1,0,0,0.3333,5,0,1,0.0,0,negative_hard
synthetic_user_0093,087164bc-8a57-44b1-bd06-0644f475917b,2025-12-12T06:32:16,1,1,1,0,1,3,115.92,2,1,1,1,0,0,0,0.58,0.0,0,0,11,3,2,0,0.2727,5,0,1,0.0,0,negative_hard
synthetic_user_0093,dbcab77a-8d8a-4721-b07d-d5d9ecc7874d,2025-12-12T06:32:16,1,1,1,0,1,3,115.92,2,1,1,1,0,0,1,0.58,0.0,0,0,4,2,0,0,0.5,5,0,1,0.0,0,negative_hard
synthetic_user_0093,7c1af9a0-cf09-4356-8c0d-d762fbb21208,2025-12-12T06:32:16,0,0,0,2,0,3,115.92,2,1,1,1,0,0,1,1.76,0.0,0,1,18,2,0,0,0.1111,0,0,0,0.0,0,negative_soft
synthetic_user_0151,dcd20897-e14a-43fc-b2ba-66bb4a569874,2025-12-12T20:40:51,1,1,1,0,1,3,103.7,5,2,1,1,1,0,1,0.69,0.0,0,1,9,2,1,1,0.2222,10,0,2,0.0,0,negative_hard
synthetic_user_0151,e06a75b5-86f9-4daf-b871-0fba7b7ba57d,2025-12-12T20:40:51,1,1,1,0,1,3,103.7,5,2,1,1,1,0,1,0.58,0.0,0,0,8,3,1,1,0.375,10,0,2,0.0,0,negative_hard
synthetic_user_0151,945e447f-c018-4d92-b5e5-2f1f7a11bd56,2025-12-12T20:40:51,1,1,1,0,1,3,103.7,5,2,1,1,1,0,3,1.03,0.0,0,1,6,2,1,0,0.3333,10,0,2,0.0,0,negative_hard
synthetic_user_0151,7c1af9a0-cf09-4356-8c0d-d762fbb21208,2025-12-12T20:40:51,0,0,0,2,0,3,103.7,5,2,1,1,1,0,1,1.76,0.0,0,1,18,2,0,0,0.1111,0,0,0,0.0,0,negative_soft
synthetic_user_0151,45a799e0-5716-4209-b489-bd8f9ef13974,2025-12-12T20:42:01,1,1,1,0,1,3,103.7,5,3,1,1,1,0,1,0.41,0.0,0,1,3,1,0,0,0.3333,11,0,3,0.0,0,negative_hard
synthetic_user_0151,85526add-cd5a-4107-a07e-62ff3f493082,2025-12-12T20:42:01,1,1,1,0,1,3,103.7,5,3,1,1,1,0,0,0.41,0.0,0,0,15,5,0,2,0.3333,11,0,3,0.0,0,negative_hard
synthetic_user_0151,c5310615-4076-41e9-9064-736593600471,2025-12-12T20:42:01,1,1,1,0,1,3,103.7,5,3,1,1,1,0,0,1.03,0.0,0,0,11,4,0,2,0.3636,11,0,3,0.0,0,negative_hard
synthetic_user_0151,7c1af9a0-cf09-4356-8c0d-d762fbb21208,2025-12-12T20:42:01,0,0,0,2,0,3,103.7,5,3,1,1,1,0,1,1.76,0.0,0,1,18,2,0,0,0.1111,0,0,0,0.0,0,negative_soft
synthetic_user_0074,830353af-6497-4bc7-bab8-08114b64b682,2025-12-13T06:39:53,1,1,1,0,1,3,95.26,4,2,0,1,0,1,0,1.05,0.0,0,0,13,6,1,1,0.4615,7,0,2,0.0,0,negative_hard
synthetic_user_0074,b1e94dc4-e19f-4e9b-85e1-69c3b4ab0e97,2025-12-13T06:39:53,1,1,1,0,1,3,95.26,4,2,0,1,0,1,3,1.03,0.0,0,1,7,5,3,2,0.7143,7,0,2,0.0,0,negative_hard
synthetic_user_0074,85526add-cd5a-4107-a07e-62ff3f493082,2025-12-13T06:39:53,1,1,1,0,1,3,95.26,4,2,0,1,0,1,0,0.41,0.0,0,0,15,5,0,2,0.3333,7,0,2,0.0,0,negative_hard
synthetic_user_0125,ea97dfce-6731-4b1d-9b03-485d04de4867,2025-12-14T06:24:30,1,1,1,0,1,3,96.1,6,0,0,0,2,0,3,1.03,0.0,0,1,10,3,0,1,0.3,7,0,2,0.0,0,negative_hard
synthetic_user_0125,581c8e36-7a51-4e8e-ac1d-6e9c1d54940f,2025-12-14T06:24:30,1,1,1,0,1,3,96.1,6,0,0,0,2,0,3,1.03,0.0,0,1,9,1,1,0,0.1111,7,0,2,0.0,0,negative_hard
synthetic_user_0125,a18002e2-24a3-4da4-b558-ea8cadcb047e,2025-12-14T06:24:30,1,1,1,0,1,3,96.1,6,0,0,0,2,0,0,0.58,0.0,0,0,11,5,0,2,0.4545,7,0,2,0.0,0,negative_hard
synthetic_user_0125,7c1af9a0-cf09-4356-8c0d-d762fbb21208,2025-12-14T06:24:30,0,0,0,2,0,3,96.1,6,0,0,0,2,0,1,1.76,0.0,0,1,18,2,0,0,0.1111,0,0,0,0.0,0,negative_soft
synthetic_user_0189,087164bc-8a57-44b1-bd06-0644f475917b,2025-12-15T00:32:09,1,1,1,0,1,3,105.76,1,0,0,0,0,1,0,0.58,0.0,0,0,11,3,2,0,0.2727,1,0,0,0.0,0,negative_hard
synthetic_user_0189,c5310615-4076-41e9-9064-736593600471,2025-12-15T00:32:09,1,1,1,0,1,3,105.76,1,0,0,0,0,1,0,1.03,0.0,0,0,11,4,0,2,0.3636,1,0,0,0.0,0,negative_hard
synthetic_user_0189,f6081dfd-75ec-4719-a05b-6ec1f95df15f,2025-12-15T00:32:09,1,1,1,0,1,3,105.76,1,0,0,0,0,1,1,1.05,0.0,0,1,9,1,0,1,0.1111,1,0,0,0.0,0,negative_hard
synthetic_user_0189,8706bbb8-8343-4edc-9af4-244b9cad76aa,2025-12-15T00:32:09,1,1,0,1,0,3,105.76,1,0,0,0,0,1,0,0.47,0.0,0,0,59,20,5,2,0.339,0,0,0,0.0,0,negative_soft
synthetic_user_0189,95461cac-4301-4ade-8b3c-98201e8731db,2025-12-15T00:42:13,1,1,1,0,1,3,105.77,2,0,0,0,0,1,1,0.41,0.0,0,1,4,1,1,0,0.25,2,0,0,0.0,0,negative_hard
synthetic_user_0189,40a8032b-e43c-43dc-ba5f-d650f1c0a979,2025-12-15T00:42:13,1,1,1,0,1,3,105.77,2,0,0,0,0,1,1,0.41,0.0,0,1,10,5,3,2,0.5,2,0,0,0.0,0,negative_hard
synthetic_user_0189,a18002e2-24a3-4da4-b558-ea8cadcb047e,2025-12-15T00:42:13,1,1,1,0,1,3,105.77,2,0,0,0,0,1,0,0.58,0.0,0,0,11,5,0,2,0.4545,2,0,0,0.0,0,negative_hard
synthetic_user_0189,8706bbb8-8343-4edc-9af4-244b9cad76aa,2025-12-15T00:42:13,1,1,0,1,0,3,105.77,2,0,0,0,0,1,0,0.47,0.0,0,0,59,20,5,2,0.339,0,0,0,0.0,0,negative_soft
synthetic_user_0054,b1e94dc4-e19f-4e9b-85e1-69c3b4ab0e97,2025-12-15T01:52:04,1,1,1,0,1,3,91.28,4,2,0,0,0,1,3,1.03,0.0,0,1,7,5,3,2,0.7143,2,0,1,0.0,0,negative_hard
synthetic_user_0054,8b44ea69-a5bb-4779-8c63-bf20e4da58c7,2025-12-15T01:52:04,1,1,1,0,1,3,91.28,4,2,0,0,0,1,1,0.69,0.0,0,1,14,10,3,3,0.7143,2,0,1,0.0,0,negative_hard
synthetic_user_0054,a8231f34-c157-4fcd-b08a-5a3420cc0cee,2025-12-15T01:52:04,1,1,1,0,1,3,91.28,4,2,0,0,0,1,1,0.69,0.0,0,1,9,3,0,1,0.3333,2,0,1,0.0,0,negative_hard
synthetic_user_0054,7c1af9a0-cf09-4356-8c0d-d762fbb21208,2025-12-15T01:52:04,0,0,0,2,0,3,91.28,4,2,0,0,0,1,1,1.76,0.0,0,1,18,2,0,0,0.1111,0,0,0,0.0,0,negative_soft
synthetic_user_0020,bd6bddb1-3e29-4767-a194-6196e46f7456,2025-12-15T06:25:25,1,1,1,0,1,3,93.8,1,0,0,0,0,1,1,0.41,0.0,0,1,5,2,1,0,0.4,1,0,0,0.0,0,negative_hard
synthetic_user_0020,a8231f34-c157-4fcd-b08a-5a3420cc0cee,2025-12-15T06:25:25,1,1,1,0,1,3,93.8,1,0,0,0,0,1,1,0.69,0.0,0,1,9,3,0,1,0.3333,1,0,0,0.0,0,negative_hard
synthetic_user_0020,a18002e2-24a3-4da4-b558-ea8cadcb047e,2025-12-15T06:25:25,1,1,1,0,1,3,93.8,1,0,0,0,0,1,0,0.58,0.0,0,0,12,6,0,2,0.5,1,0,0,0.0,0,negative_hard
synthetic_user_0020,8706bbb8-8343-4edc-9af4-244b9cad76aa,2025-12-15T06:25:25,1,1,0,1,0,3,93.8,1,0,0,0,0,1,0,0.47,0.0,0,0,59,20,5,2,0.339,0,0,0,0.0,0,negative_soft
synthetic_user_0181,b1e94dc4-e19f-4e9b-85e1-69c3b4ab0e97,2025-12-15T19:16:34,1,1,1,0,1,3,100.62,2,1,0,0,0,1,3,1.03,0.0,0,1,7,5,3,2,0.7143,3,0,1,0.0,0,negative_hard
synthetic_user_0181,830353af-6497-4bc7-bab8-08114b64b682,2025-12-15T19:16:34,1,1,1,0,1,3,100.62,2,1,0,0,0,1,0,1.05,0.0,0,0,13,6,1,1,0.4615,3,0,1,0.0,0,negative_hard
synthetic_user_0181,45a799e0-5716-4209-b489-bd8f9ef13974,2025-12-15T19:16:34,1,1,1,0,1,3,100.62,2,1,0,0,0,1,1,0.41,0.0,0,1,3,1,0,0,0.3333,3,0,1,0.0,0,negative_hard
synthetic_user_0181,8706bbb8-8343-4edc-9af4-244b9cad76aa,2025-12-15T19:16:34,1,1,0,1,0,3,100.62,2,1,0,0,0,1,0,0.47,0.0,0,0,59,20,5,2,0.339,0,0,1,0.0,0,negative_soft
synthetic_user_0174,e72c3d3b-cf36-4cc4-9a40-d8cc5d28df84,2025-12-16T06:47:21,0,0,0,2,0,1,121.43,2,0,0,0,0,0,1,0.41,0.0,0,1,12,6,3,2,0.5,1,0,0,0.0,0,negative_soft
synthetic_user_0174,a18002e2-24a3-4da4-b558-ea8cadcb047e,2025-12-16T06:47:21,0,0,0,2,0,1,121.43,2,0,0,0,0,0,0,0.58,0.0,0,0,12,6,0,2,0.5,1,0,0,0.0,0,negative_soft
synthetic_user_0174,09593622-ad83-4d14-8236-17bea51dbb13,2025-12-16T06:47:21,0,0,0,2,0,1,121.43,2,0,0,0,0,0,1,0.69,0.0,0,1,17,6,2,4,0.3529,1,0,0,0.0,0,negative_soft
synthetic_user_0174,581c8e36-7a51-4e8e-ac1d-6e9c1d54940f,2025-12-16T06:47:21,0,0,0,2,0,1,121.43,2,0,0,0,0,0,3,1.03,0.0,0,1,9,1,1,0,0.1111,1,0,0,0.0,0,negative_soft
synthetic_user_0167,e06a75b5-86f9-4daf-b871-0fba7b7ba57d,2025-12-16T08:00:45,1,1,1,0,1,3,93.05,5,1,0,0,1,0,1,0.58,0.0,0,0,9,3,1,1,0.3333,6,0,1,0.0,0,negative_hard
synthetic_user_0167,33f6e3a9-237d-433e-b4b6-238e44c80117,2025-12-16T08:00:45,1,1,1,0,1,3,93.05,5,1,0,0,1,0,1,0.58,0.0,0,0,6,1,1,1,0.1667,6,0,1,0.0,0,negative_hard
synthetic_user_0167,dcd20897-e14a-43fc-b2ba-66bb4a569874,2025-12-16T08:00:45,1,1,1,0,1,3,93.05,5,1,0,0,1,0,1,0.69,0.0,0,1,9,2,1,1,0.2222,6,0,1,0.0,0,negative_hard
synthetic_user_0167,7c1af9a0-cf09-4356-8c0d-d762fbb21208,2025-12-16T08:00:45,0,0,0,2,0,3,93.05,5,1,0,0,1,0,1,1.76,0.0,0,1,19,2,0,0,0.1053,0,0,0,0.0,0,negative_soft
synthetic_user_0167,59bf0b38-d7b5-4024-a66e-a03f1b47095d,2025-12-16T08:09:14,1,1,1,0,1,3,93.06,5,2,0,0,1,0,3,1.03,0.0,0,1,9,3,2,0,0.3333,7,0,2,0.0,0,negative_hard
synthetic_user_0167,dcd20897-e14a-43fc-b2ba-66bb4a569874,2025-12-16T08:09:14,1,1,1,0,1,3,93.06,5,2,0,0,1,0,1,0.69,0.0,0,1,9,2,1,1,0.2222,7,0,2,0.0,0,negative_hard
synthetic_user_0167,40a8032b-e43c-43dc-ba5f-d650f1c0a979,2025-12-16T08:09:14,1,1,1,0,1,3,93.06,5,2,0,0,1,0,1,0.41,0.0,0,1,10,5,3,2,0.5,7,0,2,0.0,0,negative_hard
synthetic_user_0167,7c1af9a0-cf09-4356-8c0d-d762fbb21208,2025-12-16T08:09:14,0,0,0,2,0,3,93.06,5,2,0,0,1,0,1,1.76,0.0,0,1,19,2,0,0,0.1053,0,0,0,0.0,0,negative_soft
synthetic_user_0119,087164bc-8a57-44b1-bd06-0644f475917b,2025-12-16T18:31:37,1,1,1,0,1,3,109.37,2,0,0,0,0,1,0,0.58,0.0,0,0,11,3,2,0,0.2727,1,0,0,0.0,0,negative_hard
synthetic_user_0119,33f6e3a9-237d-433e-b4b6-238e44c80117,2025-12-16T18:31:37,1,1,1,0,1,3,109.37,2,0,0,0,0,1,1,0.58,0.0,0,0,6,1,1,1,0.1667,1,0,0,0.0,0,negative_hard
synthetic_user_0119,c5310615-4076-41e9-9064-736593600471,2025-12-16T18:31:37,1,1,1,0,1,3,109.37,2,0,0,0,0,1,0,1.03,0.0,0,0,11,4,0,2,0.3636,1,0,0,0.0,0,negative_hard
synthetic_user_0119,8706bbb8-8343-4edc-9af4-244b9cad76aa,2025-12-16T18:31:37,1,1,0,1,0,3,109.37,2,0,0,0,0,1,0,0.47,0.0,0,0,59,20,5,2,0.339,0,0,0,0.0,0,negative_soft
synthetic_user_0110,a18002e2-24a3-4da4-b558-ea8cadcb047e,2025-12-17T06:18:49,1,1,1,0,1,3,92.9,3,1,0,0,0,1,0,0.58,0.0,0,0,12,6,0,2,0.5,4,0,1,0.0,0,negative_hard
synthetic_user_0110,2c1e63cb-30f5-4e05-92af-ea93368ef4ab,2025-12-17T06:18:49,1,1,1,0,1,3,92.9,3,1,0,0,0,1,1,0.41,0.0,0,1,16,6,2,2,0.375,4,0,1,0.0,0,negative_hard
synthetic_user_0110,dcd20897-e14a-43fc-b2ba-66bb4a569874,2025-12-17T06:18:49,1,1,1,0,1,3,92.9,3,1,0,0,0,1,1,0.69,0.0,0,1,9,2,1,1,0.2222,4,0,1,0.0,0,negative_hard
synthetic_user_0110,8706bbb8-8343-4edc-9af4-244b9cad76aa,2025-12-17T06:18:49,1,1,0,1,0,3,92.9,3,1,0,0,0,1,0,0.47,0.0,0,0,62,20,5,2,0.3226,0,0,1,0.0,0,negative_soft
synthetic_user_0117,c5310615-4076-41e9-9064-736593600471,2025-12-18T04:47:41,1,1,1,0,1,3,108.53,2,1,0,1,0,1,0,1.03,0.0,0,0,12,4,0,2,0.3333,4,0,1,0.0,0,negative_hard
synthetic_user_0117,e06a75b5-86f9-4daf-b871-0fba7b7ba57d,2025-12-18T04:47:41,1,1,1,0,1,3,108.53,2,1,0,1,0,1,1,0.58,0.0,0,0,9,3,1,1,0.3333,4,0,1,0.0,0,negative_hard
synthetic_user_0117,2c1e63cb-30f5-4e05-92af-ea93368ef4ab,2025-12-18T04:47:41,1,1,1,0,1,3,108.53,2,1,0,1,0,1,1,0.41,0.0,0,1,16,6,2,2,0.375,4,0,1,0.0,0,negative_hard
synthetic_user_0117,7c1af9a0-cf09-4356-8c0d-d762fbb21208,2025-12-18T04:47:41,0,0,0,2,0,3,108.53,2,1,0,1,0,1,1,1.76,0.0,0,1,21,2,0,0,0.0952,0,0,0,0.0,0,negative_soft
synthetic_user_0157,ea97dfce-6731-4b1d-9b03-485d04de4867,2025-12-18T21:32:57,1,1,1,0,1,3,97.74,3,0,0,0,1,0,3,1.03,0.0,0,1,10,3,0,1,0.3,4,0,1,0.0,0,negative_hard
synthetic_user_0157,581c8e36-7a51-4e8e-ac1d-6e9c1d54940f,2025-12-18T21:32:57,1,1,1,0,1,3,97.74,3,0,0,0,1,0,3,1.03,0.0,0,1,9,1,1,0,0.1111,4,0,1,0.0,0,negative_hard
synthetic_user_0157,5a0f55cf-16af-4459-9030-0c7c6e11207f,2025-12-18T21:32:57,1,1,1,0,1,3,97.74,3,0,0,0,1,0,0,0.58,0.0,0,0,7,3,1,1,0.4286,4,0,1,0.0,0,negative_hard
synthetic_user_0157,8706bbb8-8343-4edc-9af4-244b9cad76aa,2025-12-18T21:32:57,1,1,0,1,0,3,97.74,3,0,0,0,1,0,0,0.47,0.0,0,0,62,20,5,2,0.3226,0,0,1,0.0,0,negative_soft
synthetic_user_0157,e72c3d3b-cf36-4cc4-9a40-d8cc5d28df84,2025-12-18T21:37:44,1,1,1,0,1,3,97.75,3,1,0,0,1,0,1,0.41,0.0,0,1,13,6,3,2,0.4615,5,0,2,0.0,0,negative_hard
synthetic_user_0157,2c1e63cb-30f5-4e05-92af-ea93368ef4ab,2025-12-18T21:37:44,1,1,1,0,1,3,97.75,3,1,0,0,1,0,1,0.41,0.0,0,1,16,6,2,2,0.375,5,0,2,0.0,0,negative_hard
synthetic_user_0157,95461cac-4301-4ade-8b3c-98201e8731db,2025-12-18T21:37:44,1,1,1,0,1,3,97.75,3,1,0,0,1,0,1,0.41,0.0,0,1,6,2,1,0,0.3333,5,0,2,0.0,0,negative_hard
synthetic_user_0157,8706bbb8-8343-4edc-9af4-244b9cad76aa,2025-12-18T21:37:44,1,1,0,1,0,3,97.75,3,1,0,0,1,0,0,0.47,0.0,0,0,62,20,5,2,0.3226,0,0,2,0.0,0,negative_soft
synthetic_user_0062,b1e94dc4-e19f-4e9b-85e1-69c3b4ab0e97,2025-12-18T21:56:24,1,1,1,0,1,3,109.07,1,0,0,0,0,0,3,1.03,0.0,0,1,7,5,3,2,0.7143,1,0,0,0.0,0,negative_hard
synthetic_user_0062,45a799e0-5716-4209-b489-bd8f9ef13974,2025-12-18T21:56:24,1,1,1,0,1,3,109.07,1,0,0,0,0,0,1,0.41,0.0,0,1,3,1,0,0,0.3333,1,0,0,0.0,0,negative_hard
synthetic_user_0062,5a0f55cf-16af-4459-9030-0c7c6e11207f,2025-12-18T21:56:24,1,1,1,0,1,3,109.07,1,0,0,0,0,0,0,0.58,0.0,0,0,7,3,1,1,0.4286,1,0,0,0.0,0,negative_hard
synthetic_user_0062,8706bbb8-8343-4edc-9af4-244b9cad76aa,2025-12-18T21:56:24,1,1,0,1,0,3,109.07,1,0,0,0,0,0,0,0.47,0.0,0,0,62,20,5,2,0.3226,0,0,0,0.0,0,negative_soft
synthetic_user_0062,45a799e0-5716-4209-b489-bd8f9ef13974,2025-12-18T22:02:46,1,1,1,0,1,3,109.07,1,1,0,0,0,0,1,0.41,0.0,0,1,3,1,0,0,0.3333,2,0,1,0.0,0,negative_hard
synthetic_user_0062,33f6e3a9-237d-433e-b4b6-238e44c80117,2025-12-18T22:02:46,1,1,1,0,1,3,109.07,1,1,0,0,0,0,1,0.58,0.0,0,0,7,2,1,1,0.2857,2,0,1,0.0,0,negative_hard
synthetic_user_0062,e72c3d3b-cf36-4cc4-9a40-d8cc5d28df84,2025-12-18T22:02:46,1,1,1,0,1,3,109.07,1,1,0,0,0,0,1,0.41,0.0,0,1,13,6,3,2,0.4615,2,0,1,0.0,0,negative_hard
synthetic_user_0062,8706bbb8-8343-4edc-9af4-244b9cad76aa,2025-12-18T22:02:46,1,1,0,1,0,3,109.07,1,1,0,0,0,0,0,0.47,0.0,0,0,62,20,5,2,0.3226,0,0,1,0.0,0,negative_soft
synthetic_user_0194,33f6e3a9-237d-433e-b4b6-238e44c80117,2025-12-19T01:28:14,1,1,1,0,1,3,97.95,5,2,0,1,0,1,1,0.58,0.0,0,0,7,2,1,1,0.2857,7,0,1,0.0,0,negative_hard
synthetic_user_0194,dbcab77a-8d8a-4721-b07d-d5d9ecc7874d,2025-12-19T01:28:14,1,1,1,0,1,3,97.95,5,2,0,1,0,1,1,0.58,0.0,0,0,4,2,0,0,0.5,7,0,1,0.0,0,negative_hard
synthetic_user_0194,bd6bddb1-3e29-4767-a194-6196e46f7456,2025-12-19T01:28:14,1,1,1,0,1,3,97.95,5,2,0,1,0,1,1,0.41,0.0,0,1,6,3,1,1,0.5,7,0,1,0.0,0,negative_hard
synthetic_user_0194,7c1af9a0-cf09-4356-8c0d-d762fbb21208,2025-12-19T01:28:14,0,0,0,2,0,3,97.95,5,2,0,1,0,1,1,1.76,0.0,0,1,22,2,0,0,0.0909,0,0,0,0.0,0,negative_soft
synthetic_user_0152,581c8e36-7a51-4e8e-ac1d-6e9c1d54940f,2025-12-19T22:26:49,1,1,1,0,1,3,107.9,1,0,0,0,0,0,3,1.03,0.0,0,1,9,1,1,0,0.1111,0,0,0,0.0,0,negative_hard
synthetic_user_0152,40a8032b-e43c-43dc-ba5f-d650f1c0a979,2025-12-19T22:26:49,1,1,1,0,1,3,107.9,1,0,0,0,0,0,1,0.41,0.0,0,1,10,5,3,2,0.5,0,0,0,0.0,0,negative_hard
synthetic_user_0152,e06a75b5-86f9-4daf-b871-0fba7b7ba57d,2025-12-19T22:26:49,1,1,1,0,1,3,107.9,1,0,0,0,0,0,1,0.58,0.0,0,0,9,3,1,1,0.3333,0,0,0,0.0,0,negative_hard
synthetic_user_0152,7c1af9a0-cf09-4356-8c0d-d762fbb21208,2025-12-19T22:26:49,0,0,0,2,0,3,107.9,1,0,0,0,0,0,1,1.76,0.0,0,1,22,2,0,0,0.0909,0,0,0,0.0,0,negative_soft
synthetic_user_0152,b1e94dc4-e19f-4e9b-85e1-69c3b4ab0e97,2025-12-19T22:45:32,1,1,1,0,1,3,107.91,2,0,0,0,0,0,3,1.03,0.0,0,1,7,5,3,2,0.7143,0,0,0,0.0,0,negative_hard
synthetic_user_0152,a18002e2-24a3-4da4-b558-ea8cadcb047e,2025-12-19T22:45:32,1,1,1,0,1,3,107.91,2,0,0,0,0,0,0,0.58,0.0,0,0,13,7,1,2,0.5385,0,0,0,0.0,0,negative_hard
synthetic_user_0152,945e447f-c018-4d92-b5e5-2f1f7a11bd56,2025-12-19T22:45:32,1,1,1,0,1,3,107.91,2,0,0,0,0,0,3,1.03,0.0,0,1,6,2,1,0,0.3333,0,0,0,0.0,0,negative_hard
synthetic_user_0152,7c1af9a0-cf09-4356-8c0d-d762fbb21208,2025-12-19T22:45:32,0,0,0,2,0,3,107.91,2,0,0,0,0,0,1,1.76,0.0,0,1,22,2,0,0,0.0909,0,0,0,0.0,0,negative_soft
synthetic_user_0047,dbcab77a-8d8a-4721-b07d-d5d9ecc7874d,2025-12-20T01:30:38,1,1,1,0,1,3,103.45,1,0,0,0,0,0,1,0.58,0.0,0,0,4,2,0,0,0.5,1,0,0,0.0,0,negative_hard
synthetic_user_0047,bd6bddb1-3e29-4767-a194-6196e46f7456,2025-12-20T01:30:38,1,1,1,0,1,3,103.45,1,0,0,0,0,0,1,0.41,0.0,0,1,6,3,1,1,0.5,1,0,0,0.0,0,negative_hard
synthetic_user_0047,ea97dfce-6731-4b1d-9b03-485d04de4867,2025-12-20T01:30:38,1,1,1,0,1,3,103.45,1,0,0,0,0,0,3,1.03,0.0,0,1,10,3,0,1,0.3,1,0,0,0.0,0,negative_hard
synthetic_user_0047,8706bbb8-8343-4edc-9af4-244b9cad76aa,2025-12-20T01:30:38,1,1,0,1,0,3,103.45,1,0,0,0,0,0,0,0.47,0.0,0,0,64,21,5,2,0.3281,0,0,0,0.0,0,negative_soft
synthetic_user_0047,33f6e3a9-237d-433e-b4b6-238e44c80117,2025-12-20T01:44:09,1,1,1,0,1,3,103.46,1,1,0,0,0,0,1,0.58,0.0,0,0,7,2,1,1,0.2857,2,0,1,0.0,0,negative_hard
synthetic_user_0047,e06a75b5-86f9-4daf-b871-0fba7b7ba57d,2025-12-20T01:44:09,1,1,1,0,1,3,103.46,1,1,0,0,0,0,1,0.58,0.0,0,0,9,3,1,1,0.3333,2,0,1,0.0,0,negative_hard
synthetic_user_0047,fbb68aab-9b3b-4e24-9109-ea047f927347,2025-12-20T01:44:09,1,1,1,0,1,3,103.46,1,1,0,0,0,0,3,1.03,0.0,0,1,10,4,1,0,0.4,2,0,1,0.0,0,negative_hard
synthetic_user_0047,8706bbb8-8343-4edc-9af4-244b9cad76aa,2025-12-20T01:44:09,1,1,0,1,0,3,103.46,1,1,0,0,0,0,0,0.47,0.0,0,0,64,21,5,2,0.3281,0,0,1,0.0,0,negative_soft
synthetic_user_0047,98a77293-8faf-4d27-8248-6eb91f481d8f,2025-12-20T01:44:58,1,1,1,0,1,3,103.46,1,1,0,0,1,0,0,0.58,0.0,0,0,14,9,4,3,0.6429,3,0,1,0.0,0,negative_hard
synthetic_user_0047,8b44ea69-a5bb-4779-8c63-bf20e4da58c7,2025-12-20T01:44:58,1,1,1,0,1,3,103.46,1,1,0,0,1,0,1,0.69,0.0,0,1,15,10,3,3,0.6667,3,0,1,0.0,0,negative_hard
synthetic_user_0047,581c8e36-7a51-4e8e-ac1d-6e9c1d54940f,2025-12-20T01:44:58,1,1,1,0,1,3,103.46,1,1,0,0,1,0,3,1.03,0.0,0,1,9,1,1,0,0.1111,3,0,1,0.0,0,negative_hard
synthetic_user_0047,8706bbb8-8343-4edc-9af4-244b9cad76aa,2025-12-20T01:44:58,1,1,0,1,0,3,103.46,1,1,0,0,1,0,0,0.47,0.0,0,0,64,21,5,2,0.3281,0,0,1,0.0,0,negative_soft
synthetic_user_0125,c5310615-4076-41e9-9064-736593600471,2025-12-20T07:51:19,1,1,1,0,1,3,102.16,8,0,0,0,2,0,0,1.03,0.0,0,0,12,4,0,2,0.3333,9,0,2,0.0,0,negative_hard
synthetic_user_0125,40a8032b-e43c-43dc-ba5f-d650f1c0a979,2025-12-20T07:51:19,1,1,1,0,1,3,102.16,8,0,0,0,2,0,1,0.41,0.0,0,1,10,5,3,2,0.5,9,0,2,0.0,0,negative_hard
synthetic_user_0125,945e447f-c018-4d92-b5e5-2f1f7a11bd56,2025-12-20T07:51:19,1,1,1,0,1,3,102.16,8,0,0,0,2,0,3,1.03,0.0,0,1,6,2,1,0,0.3333,9,0,2,0.0,0,negative_hard
synthetic_user_0125,7c1af9a0-cf09-4356-8c0d-d762fbb21208,2025-12-20T07:51:19,0,0,0,2,0,3,102.16,8,0,0,0,2,0,1,1.76,0.0,0,1,22,2,0,0,0.0909,0,0,0,0.0,0,negative_soft
synthetic_user_0125,581c8e36-7a51-4e8e-ac1d-6e9c1d54940f,2025-12-20T07:55:27,1,1,1,0,1,3,102.16,8,1,0,0,2,0,3,1.03,0.0,0,1,9,1,1,0,0.1111,10,0,2,0.0,0,negative_hard
synthetic_user_0125,fbb68aab-9b3b-4e24-9109-ea047f927347,2025-12-20T07:55:27,1,1,1,0,1,3,102.16,8,1,0,0,2,0,3,1.03,0.0,0,1,10,4,1,0,0.4,10,0,2,0.0,0,negative_hard
synthetic_user_0125,087164bc-8a57-44b1-bd06-0644f475917b,2025-12-20T07:55:27,1,1,1,0,1,3,102.16,8,1,0,0,2,0,0,0.58,0.0,0,0,11,3,2,0,0.2727,10,0,2,0.0,0,negative_hard
synthetic_user_0125,7c1af9a0-cf09-4356-8c0d-d762fbb21208,2025-12-20T07:55:27,0,0,0,2,0,3,102.16,8,1,0,0,2,0,1,1.76,0.0,0,1,22,2,0,0,0.0909,0,0,0,0.0,0,negative_soft
synthetic_user_0125,f6081dfd-75ec-4719-a05b-6ec1f95df15f,2025-12-20T08:00:39,1,1,1,0,1,3,102.16,8,1,0,0,3,0,1,1.05,0.0,0,1,9,1,0,1,0.1111,11,0,2,0.0,0,negative_hard
synthetic_user_0125,5a0f55cf-16af-4459-9030-0c7c6e11207f,2025-12-20T08:00:39,1,1,1,0,1,3,102.16,8,1,0,0,3,0,0,0.58,0.0,0,0,7,3,1,1,0.4286,11,0,2,0.0,0,negative_hard
synthetic_user_0125,945e447f-c018-4d92-b5e5-2f1f7a11bd56,2025-12-20T08:00:39,1,1,1,0,1,3,102.16,8,1,0,0,3,0,3,1.03,0.0,0,1,6,2,1,0,0.3333,11,0,2,0.0,0,negative_hard
synthetic_user_0125,7c1af9a0-cf09-4356-8c0d-d762fbb21208,2025-12-20T08:00:39,0,0,0,2,0,3,102.16,8,1,0,0,3,0,1,1.76,0.0,0,1,22,2,0,0,0.0909,0,0,0,0.0,0,negative_soft
synthetic_user_0154,bd6bddb1-3e29-4767-a194-6196e46f7456,2025-12-20T08:15:33,1,1,1,0,1,3,99.73,1,0,0,0,0,1,1,0.41,0.0,0,1,6,3,1,1,0.5,0,0,0,0.0,0,negative_hard
synthetic_user_0154,59bf0b38-d7b5-4024-a66e-a03f1b47095d,2025-12-20T08:15:33,1,1,1,0,1,3,99.73,1,0,0,0,0,1,3,1.03,0.0,0,1,9,3,2,0,0.3333,0,0,0,0.0,0,negative_hard
synthetic_user_0154,b1e94dc4-e19f-4e9b-85e1-69c3b4ab0e97,2025-12-20T08:15:33,1,1,1,0,1,3,99.73,1,0,0,0,0,1,3,1.03,0.0,0,1,8,5,3,2,0.625,0,0,0,0.0,0,negative_hard
synthetic_user_0154,7c1af9a0-cf09-4356-8c0d-d762fbb21208,2025-12-20T08:15:33,0,0,0,2,0,3,99.73,1,0,0,0,0,1,1,1.76,0.0,0,1,22,2,0,0,0.0909,0,0,0,0.0,0,negative_soft
synthetic_user_0027,fbb68aab-9b3b-4e24-9109-ea047f927347,2025-12-20T21:14:08,1,1,1,0,1,3,119.63,1,0,0,0,0,0,3,1.03,0.0,0,1,10,4,1,0,0.4,1,0,0,0.0,0,negative_hard
synthetic_user_0027,33f6e3a9-237d-433e-b4b6-238e44c80117,2025-12-20T21:14:08,1,1,1,0,1,3,119.63,1,0,0,0,0,0,1,0.58,0.0,0,0,7,2,1,1,0.2857,1,0,0,0.0,0,negative_hard
synthetic_user_0027,85526add-cd5a-4107-a07e-62ff3f493082,2025-12-20T21:14:08,1,1,1,0,1,3,119.63,1,0,0,0,0,0,0,0.41,0.0,0,0,16,5,0,2,0.3125,1,0,0,0.0,0,negative_hard
synthetic_user_0027,8706bbb8-8343-4edc-9af4-244b9cad76aa,2025-12-20T21:14:08,1,1,0,1,0,3,119.63,1,0,0,0,0,0,0,0.47,0.0,0,0,65,21,5,2,0.3231,0,0,0,0.0,0,negative_soft
synthetic_user_0175,bd6bddb1-3e29-4767-a194-6196e46f7456,2025-12-21T03:15:09,1,1,1,0,1,3,114.77,3,2,0,2,0,0,1,0.41,0.0,0,1,6,3,1,1,0.5,7,0,1,0.0,0,negative_hard
synthetic_user_0175,e72c3d3b-cf36-4cc4-9a40-d8cc5d28df84,2025-12-21T03:15:09,1,1,1,0,1,3,114.77,3,2,0,2,0,0,1,0.41,0.0,0,1,13,6,3,2,0.4615,7,0,1,0.0,0,negative_hard
synthetic_user_0175,95461cac-4301-4ade-8b3c-98201e8731db,2025-12-21T03:15:09,1,1,1,0,1,3,114.77,3,2,0,2,0,0,1,0.41,0.0,0,1,6,2,1,0,0.3333,7,0,1,0.0,0,negative_hard
synthetic_user_0175,8706bbb8-8343-4edc-9af4-244b9cad76aa,2025-12-21T03:15:09,1,1,0,1,0,3,114.77,3,2,0,2,0,0,0,0.47,0.0,0,0,66,21,5,2,0.3182,0,0,1,0.0,0,negative_soft
synthetic_user_0175,e06a75b5-86f9-4daf-b871-0fba7b7ba57d,2025-12-21T03:18:31,1,1,1,0,1,3,114.77,3,3,0,2,0,0,1,0.58,0.0,0,0,9,3,1,1,0.3333,8,0,1,0.0,0,negative_hard
synthetic_user_0175,40a8032b-e43c-43dc-ba5f-d650f1c0a979,2025-12-21T03:18:31,1,1,1,0,1,3,114.77,3,3,0,2,0,0,1,0.41,0.0,0,1,10,5,3,2,0.5,8,0,1,0.0,0,negative_hard
synthetic_user_0175,98a77293-8faf-4d27-8248-6eb91f481d8f,2025-12-21T03:18:31,1,1,1,0,1,3,114.77,3,3,0,2,0,0,0,0.58,0.0,0,0,14,9,4,3,0.6429,8,0,1,0.0,0,negative_hard
synthetic_user_0175,8706bbb8-8343-4edc-9af4-244b9cad76aa,2025-12-21T03:18:31,1,1,0,1,0,3,114.77,3,3,0,2,0,0,0,0.47,0.0,0,0,66,21,5,2,0.3182,0,0,1,0.0,0,negative_soft
synthetic_user_0106,f6081dfd-75ec-4719-a05b-6ec1f95df15f,2025-12-21T22:43:44,1,1,1,0,1,3,102.71,1,1,0,0,0,0,1,1.05,0.0,0,1,9,1,0,1,0.1111,0,0,1,0.0,0,negative_hard
synthetic_user_0106,fbb68aab-9b3b-4e24-9109-ea047f927347,2025-12-21T22:43:44,1,1,1,0,1,3,102.71,1,1,0,0,0,0,3,1.03,0.0,0,1,10,4,1,0,0.4,0,0,1,0.0,0,negative_hard
synthetic_user_0106,98a77293-8faf-4d27-8248-6eb91f481d8f,2025-12-21T22:43:44,1,1,1,0,1,3,102.71,1,1,0,0,0,0,0,0.58,0.0,0,0,14,9,4,3,0.6429,0,0,1,0.0,0,negative_hard
synthetic_user_0106,7c1af9a0-cf09-4356-8c0d-d762fbb21208,2025-12-21T22:43:44,0,0,0,2,0,3,102.71,1,1,0,0,0,0,1,1.76,0.0,0,1,22,2,0,0,0.0909,0,0,0,0.0,0,negative_soft
synthetic_user_0120,ea97dfce-6731-4b1d-9b03-485d04de4867,2025-12-22T01:44:27,1,1,1,0,1,3,121.23,2,1,0,0,0,0,3,1.03,0.0,0,1,10,3,0,1,0.3,1,0,1,0.0,0,negative_hard
synthetic_user_0120,5a0f55cf-16af-4459-9030-0c7c6e11207f,2025-12-22T01:44:27,1,1,1,0,1,3,121.23,2,1,0,0,0,0,0,0.58,0.0,0,0,7,3,1,1,0.4286,1,0,1,0.0,0,negative_hard
synthetic_user_0120,830353af-6497-4bc7-bab8-08114b64b682,2025-12-22T01:44:27,1,1,1,0,1,3,121.23,2,1,0,0,0,0,0,1.05,0.0,0,0,13,6,1,1,0.4615,1,0,1,0.0,0,negative_hard
synthetic_user_0120,7c1af9a0-cf09-4356-8c0d-d762fbb21208,2025-12-22T01:44:27,0,0,0,2,0,3,121.23,2,1,0,0,0,0,1,1.76,0.0,0,1,22,2,0,0,0.0909,0,0,0,0.0,0,negative_soft
synthetic_user_0067,40a8032b-e43c-43dc-ba5f-d650f1c0a979,2025-12-22T06:58:35,1,1,1,0,1,3,112.2,5,0,0,0,0,0,1,0.41,0.0,0,1,10,5,3,2,0.5,5,0,0,0.0,0,negative_hard
synthetic_user_0067,f6081dfd-75ec-4719-a05b-6ec1f95df15f,2025-12-22T06:58:35,1,1,1,0,1,3,112.2,5,0,0,0,0,0,1,1.05,0.0,0,1,9,1,0,1,0.1111,5,0,0,0.0,0,negative_hard
synthetic_user_0067,45a799e0-5716-4209-b489-bd8f9ef13974,2025-12-22T06:58:35,1,1,1,0,1,3,112.2,5,0,0,0,0,0,1,0.41,0.0,0,1,3,1,0,0,0.3333,5,0,0,0.0,0,negative_hard
synthetic_user_0067,59bf0b38-d7b5-4024-a66e-a03f1b47095d,2025-12-22T07:02:17,1,1,1,0,1,3,112.2,5,1,0,0,0,0,3,1.03,0.0,0,1,10,3,2,0,0.3,6,0,1,0.0,0,negative_hard
synthetic_user_0067,945e447f-c018-4d92-b5e5-2f1f7a11bd56,2025-12-22T07:02:17,1,1,1,0,1,3,112.2,5,1,0,0,0,0,3,1.03,0.0,0,1,6,2,1,0,0.3333,6,0,1,0.0,0,negative_hard
synthetic_user_0067,dcd20897-e14a-43fc-b2ba-66bb4a569874,2025-12-22T07:02:17,1,1,1,0,1,3,112.2,5,1,0,0,0,0,1,0.69,0.0,0,1,12,4,2,2,0.3333,6,0,1,0.0,0,negative_hard
synthetic_user_0033,45a799e0-5716-4209-b489-bd8f9ef13974,2025-12-22T22:28:23,1,1,1,0,1,3,101.46,1,1,0,0,0,0,1,0.41,0.0,0,1,3,1,0,0,0.3333,2,0,1,0.0,0,negative_hard
synthetic_user_0033,40a8032b-e43c-43dc-ba5f-d650f1c0a979,2025-12-22T22:28:23,1,1,1,0,1,3,101.46,1,1,0,0,0,0,1,0.41,0.0,0,1,10,5,3,2,0.5,2,0,1,0.0,0,negative_hard
synthetic_user_0033,2c1e63cb-30f5-4e05-92af-ea93368ef4ab,2025-12-22T22:28:23,1,1,1,0,1,3,101.46,1,1,0,0,0,0,1,0.41,0.0,0,1,17,6,2,2,0.3529,2,0,1,0.0,0,negative_hard
synthetic_user_0033,8706bbb8-8343-4edc-9af4-244b9cad76aa,2025-12-22T22:28:23,1,1,0,1,0,3,101.46,1,1,0,0,0,0,0,0.47,0.0,0,0,68,21,5,2,0.3088,0,0,1,0.0,0,negative_soft
synthetic_user_0033,f6081dfd-75ec-4719-a05b-6ec1f95df15f,2025-12-22T22:32:09,1,1,1,0,1,3,101.46,2,1,0,0,0,0,1,1.05,0.0,0,1,9,1,0,1,0.1111,3,0,1,0.0,0,negative_hard
synthetic_user_0033,087164bc-8a57-44b1-bd06-0644f475917b,2025-12-22T22:32:09,1,1,1,0,1,3,101.46,2,1,0,0,0,0,0,0.58,0.0,0,0,11,3,2,0,0.2727,3,0,1,0.0,0,negative_hard
synthetic_user_0033,95461cac-4301-4ade-8b3c-98201e8731db,2025-12-22T22:32:09,1,1,1,0,1,3,101.46,2,1,0,0,0,0,1,0.41,0.0,0,1,6,2,1,0,0.3333,3,0,1,0.0,0,negative_hard
synthetic_user_0033,8706bbb8-8343-4edc-9af4-244b9cad76aa,2025-12-22T22:32:09,1,1,0,1,0,3,101.46,2,1,0,0,0,0,0,0.47,0.0,0,0,68,21,5,2,0.3088,0,0,1,0.0,0,negative_soft
synthetic_user_0148,a8231f34-c157-4fcd-b08a-5a3420cc0cee,2025-12-22T23:09:52,1,1,1,0,1,3,121.55,2,0,0,0,0,1,1,0.69,0.0,0,1,9,3,0,1,0.3333,1,0,0,0.0,0,negative_hard
synthetic_user_0148,dbcab77a-8d8a-4721-b07d-d5d9ecc7874d,2025-12-22T23:09:52,1,1,1,0,1,3,121.55,2,0,0,0,0,1,1,0.58,0.0,0,0,4,2,0,0,0.5,1,0,0,0.0,0,negative_hard
synthetic_user_0148,ea97dfce-6731-4b1d-9b03-485d04de4867,2025-12-22T23:09:52,1,1,1,0,1,3,121.55,2,0,0,0,0,1,3,1.03,0.0,0,1,10,3,0,1,0.3,1,0,0,0.0,0,negative_hard
synthetic_user_0148,7c1af9a0-cf09-4356-8c0d-d762fbb21208,2025-12-22T23:09:52,0,0,0,2,0,3,121.55,2,0,0,0,0,1,1,1.76,0.0,0,1,22,2,0,0,0.0909,0,0,0,0.0,0,negative_soft
synthetic_user_0085,f6081dfd-75ec-4719-a05b-6ec1f95df15f,2025-12-23T20:31:58,1,1,1,0,1,3,129.17,4,0,0,0,0,0,1,1.05,0.0,0,1,9,1,0,1,0.1111,1,0,0,0.0,0,negative_hard
synthetic_user_0085,40a8032b-e43c-43dc-ba5f-d650f1c0a979,2025-12-23T20:31:58,1,1,1,0,1,3,129.17,4,0,0,0,0,0,1,0.41,0.0,0,1,10,5,3,2,0.5,1,0,0,0.0,0,negative_hard
synthetic_user_0085,dcd20897-e14a-43fc-b2ba-66bb4a569874,2025-12-23T20:31:58,1,1,1,0,1,3,129.17,4,0,0,0,0,0,1,0.69,0.0,0,1,12,4,2,2,0.3333,1,0,0,0.0,0,negative_hard
synthetic_user_0085,8706bbb8-8343-4edc-9af4-244b9cad76aa,2025-12-23T20:31:58,1,1,0,1,0,3,129.17,4,0,0,0,0,0,0,0.47,0.0,0,0,69,21,5,2,0.3043,0,0,0,0.0,0,negative_soft
synthetic_user_0101,f6081dfd-75ec-4719-a05b-6ec1f95df15f,2025-12-23T22:03:04,1,1,1,0,1,3,124.62,1,0,0,0,0,0,1,1.05,0.0,0,1,9,1,0,1,0.1111,1,0,0,0.0,0,negative_hard
synthetic_user_0101,087164bc-8a57-44b1-bd06-0644f475917b,2025-12-23T22:03:04,1,1,1,0,1,3,124.62,1,0,0,0,0,0,0,0.58,0.0,0,0,11,3,2,0,0.2727,1,0,0,0.0,0,negative_hard
synthetic_user_0101,85526add-cd5a-4107-a07e-62ff3f493082,2025-12-23T22:03:04,1,1,1,0,1,3,124.62,1,0,0,0,0,0,0,0.41,0.0,0,0,16,5,0,2,0.3125,1,0,0,0.0,0,negative_hard
synthetic_user_0101,7c1af9a0-cf09-4356-8c0d-d762fbb21208,2025-12-23T22:03:04,0,0,0,2,0,3,124.62,1,0,0,0,0,0,1,1.76,0.0,0,1,22,2,0,0,0.0909,0,0,0,0.0,0,negative_soft
synthetic_user_0197,bd6bddb1-3e29-4767-a194-6196e46f7456,2025-12-24T06:38:40,1,1,0,1,0,4,100.98,7,3,1,0,2,0,1,0.41,0.0,0,1,6,3,1,1,0.5,0,0,1,0.0,0,negative_soft
synthetic_user_0197,45a799e0-5716-4209-b489-bd8f9ef13974,2025-12-24T06:38:40,1,1,0,1,0,4,100.98,7,3,1,0,2,0,1,0.41,0.0,0,1,3,1,0,0,0.3333,0,0,1,0.0,0,negative_soft
synthetic_user_0197,a18002e2-24a3-4da4-b558-ea8cadcb047e,2025-12-24T06:38:40,1,1,0,1,0,4,100.98,7,3,1,0,2,0,0,0.58,0.0,0,0,13,7,1,2,0.5385,0,0,1,0.0,0,negative_soft
synthetic_user_0197,087164bc-8a57-44b1-bd06-0644f475917b,2025-12-24T06:38:40,1,1,0,1,0,4,100.98,7,3,1,0,2,0,0,0.58,0.0,0,0,11,3,2,0,0.2727,0,0,1,0.0,0,negative_soft
synthetic_user_0197,09593622-ad83-4d14-8236-17bea51dbb13,2025-12-24T06:40:46,1,1,0,1,0,4,100.98,7,4,1,0,2,0,1,0.69,0.0,0,1,20,8,2,5,0.4,0,0,1,0.0,0,negative_soft
synthetic_user_0197,087164bc-8a57-44b1-bd06-0644f475917b,2025-12-24T06:40:46,1,1,0,1,0,4,100.98,7,4,1,0,2,0,0,0.58,0.0,0,0,11,3,2,0,0.2727,0,0,1,0.0,0,negative_soft
synthetic_user_0197,5a0f55cf-16af-4459-9030-0c7c6e11207f,2025-12-24T06:40:46,1,1,0,1,0,4,100.98,7,4,1,0,2,0,0,0.58,0.0,0,0,7,3,1,1,0.4286,0,0,1,0.0,0,negative_soft
synthetic_user_0197,ea97dfce-6731-4b1d-9b03-485d04de4867,2025-12-24T06:40:46,1,1,0,1,0,4,100.98,7,4,1,0,2,0,3,1.03,0.0,0,1,10,3,0,1,0.3,0,0,1,0.0,0,negative_soft
synthetic_user_0011,e06a75b5-86f9-4daf-b871-0fba7b7ba57d,2025-12-24T19:40:52,1,1,1,0,1,3,112.73,1,1,0,0,0,1,1,0.58,0.0,0,0,9,3,1,1,0.3333,2,0,1,0.0,0,negative_hard
synthetic_user_0011,830353af-6497-4bc7-bab8-08114b64b682,2025-12-24T19:40:52,1,1,1,0,1,3,112.73,1,1,0,0,0,1,0,1.05,0.0,0,0,13,6,1,1,0.4615,2,0,1,0.0,0,negative_hard
synthetic_user_0011,ea97dfce-6731-4b1d-9b03-485d04de4867,2025-12-24T19:40:52,1,1,1,0,1,3,112.73,1,1,0,0,0,1,3,1.03,0.0,0,1,10,3,0,1,0.3,2,0,1,0.0,0,negative_hard
synthetic_user_0011,7c1af9a0-cf09-4356-8c0d-d762fbb21208,2025-12-24T19:40:52,0,0,0,2,0,3,112.73,1,1,0,0,0,1,1,1.76,0.0,0,1,22,2,0,0,0.0909,0,0,0,0.0,0,negative_soft
synthetic_user_0160,85526add-cd5a-4107-a07e-62ff3f493082,2025-12-24T23:09:26,0,0,0,2,0,1,122.76,3,0,0,0,0,1,0,0.41,0.0,0,0,16,5,0,2,0.3125,0,0,0,0.0,0,negative_soft
synthetic_user_0160,95461cac-4301-4ade-8b3c-98201e8731db,2025-12-24T23:09:26,0,0,0,2,0,1,122.76,3,0,0,0,0,1,1,0.41,0.0,0,1,7,2,1,0,0.2857,0,0,0,0.0,0,negative_soft
synthetic_user_0160,8b44ea69-a5bb-4779-8c63-bf20e4da58c7,2025-12-24T23:09:26,0,0,0,2,0,1,122.76,3,0,0,0,0,1,1,0.69,0.0,0,1,15,10,3,3,0.6667,0,0,0,0.0,0,negative_soft
synthetic_user_0160,087164bc-8a57-44b1-bd06-0644f475917b,2025-12-24T23:09:26,0,0,0,2,0,1,122.76,3,0,0,0,0,1,0,0.58,0.0,0,0,11,3,2,0,0.2727,0,0,0,0.0,0,negative_soft
synthetic_user_0089,dcf38bea-591e-47ae-aaaf-e01b841cc3b3,2025-12-25T01:54:38,1,1,1,0,1,3,103.37,1,0,0,0,0,0,1,0.69,0.0,0,1,13,3,2,0,0.2308,1,0,0,0.0,0,negative_hard
synthetic_user_0089,45a799e0-5716-4209-b489-bd8f9ef13974,2025-12-25T01:54:38,1,1,1,0,1,3,103.37,1,0,0,0,0,0,1,0.41,0.0,0,1,3,1,0,0,0.3333,1,0,0,0.0,0,negative_hard
synthetic_user_0089,5a0f55cf-16af-4459-9030-0c7c6e11207f,2025-12-25T01:54:38,1,1,1,0,1,3,103.37,1,0,0,0,0,0,0,0.58,0.0,0,0,7,3,1,1,0.4286,1,0,0,0.0,0,negative_hard
synthetic_user_0089,8706bbb8-8343-4edc-9af4-244b9cad76aa,2025-12-25T01:54:38,1,1,0,1,0,3,103.37,1,0,0,0,0,0,0,0.47,0.0,0,0,72,22,5,2,0.3056,0,0,0,0.0,0,negative_soft
synthetic_user_0147,945e447f-c018-4d92-b5e5-2f1f7a11bd56,2025-12-25T06:05:22,1,1,1,0,1,3,112.82,1,0,0,0,1,0,3,1.03,0.0,0,1,6,2,1,0,0.3333,2,0,1,0.0,0,negative_hard
synthetic_user_0147,59bf0b38-d7b5-4024-a66e-a03f1b47095d,2025-12-25T06:05:22,1,1,1,0,1,3,112.82,1,0,0,0,1,0,3,1.03,0.0,0,1,10,3,2,0,0.3,2,0,1,0.0,0,negative_hard
synthetic_user_0147,f6081dfd-75ec-4719-a05b-6ec1f95df15f,2025-12-25T06:05:22,1,1,1,0,1,3,112.82,1,0,0,0,1,0,1,1.05,0.0,0,1,9,1,0,1,0.1111,2,0,1,0.0,0,negative_hard
synthetic_user_0147,7c1af9a0-cf09-4356-8c0d-d762fbb21208,2025-12-25T06:05:22,0,0,0,2,0,3,112.82,1,0,0,0,1,0,1,1.76,0.0,0,1,23,3,0,0,0.1304,0,0,0,0.0,0,negative_soft
synthetic_user_0147,b1e94dc4-e19f-4e9b-85e1-69c3b4ab0e97,2025-12-25T06:14:29,1,1,1,0,1,3,112.82,2,0,0,0,1,0,3,1.03,0.0,0,1,8,5,3,2,0.625,3,0,1,0.0,0,negative_hard
synthetic_user_0147,a8231f34-c157-4fcd-b08a-5a3420cc0cee,2025-12-25T06:14:29,1,1,1,0,1,3,112.82,2,0,0,0,1,0,1,0.69,0.0,0,1,9,3,0,1,0.3333,3,0,1,0.0,0,negative_hard
synthetic_user_0147,c5310615-4076-41e9-9064-736593600471,2025-12-25T06:14:29,1,1,1,0,1,3,112.82,2,0,0,0,1,0,0,1.03,0.0,0,0,14,6,1,2,0.4286,3,0,1,0.0,0,negative_hard
synthetic_user_0147,7c1af9a0-cf09-4356-8c0d-d762fbb21208,2025-12-25T06:14:29,0,0,0,2,0,3,112.82,2,0,0,0,1,0,1,1.76,0.0,0,1,23,3,0,0,0.1304,0,0,0,0.0,0,negative_soft
synthetic_user_0142,2c1e63cb-30f5-4e05-92af-ea93368ef4ab,2025-12-25T20:27:23,1,1,1,0,1,3,111.18,1,0,0,0,0,0,1,0.41,0.0,0,1,18,6,2,2,0.3333,1,0,0,0.0,0,negative_hard
synthetic_user_0142,dbcab77a-8d8a-4721-b07d-d5d9ecc7874d,2025-12-25T20:27:23,1,1,1,0,1,3,111.18,1,0,0,0,0,0,1,0.58,0.0,0,0,4,2,0,0,0.5,1,0,0,0.0,0,negative_hard
synthetic_user_0142,f6081dfd-75ec-4719-a05b-6ec1f95df15f,2025-12-25T20:27:23,1,1,1,0,1,3,111.18,1,0,0,0,0,0,1,1.05,0.0,0,1,9,1,0,1,0.1111,1,0,0,0.0,0,negative_hard
synthetic_user_0142,8706bbb8-8343-4edc-9af4-244b9cad76aa,2025-12-25T20:27:23,1,1,0,1,0,3,111.18,1,0,0,0,0,0,0,0.47,0.0,0,0,72,22,5,2,0.3056,0,0,0,0.0,0,negative_soft
synthetic_user_0133,087164bc-8a57-44b1-bd06-0644f475917b,2025-12-26T02:22:05,1,1,1,0,1,3,130.35,3,0,0,0,0,1,0,0.58,0.0,0,0,11,3,2,0,0.2727,3,0,0,0.0,0,negative_hard
synthetic_user_0133,581c8e36-7a51-4e8e-ac1d-6e9c1d54940f,2025-12-26T02:22:05,1,1,1,0,1,3,130.35,3,0,0,0,0,1,3,1.03,0.0,0,1,10,1,1,0,0.1,3,0,0,0.0,0,negative_hard
synthetic_user_0133,dcf38bea-591e-47ae-aaaf-e01b841cc3b3,2025-12-26T02:22:05,1,1,1,0,1,3,130.35,3,0,0,0,0,1,1,0.69,0.0,0,1,13,3,2,0,0.2308,3,0,0,0.0,0,negative_hard
synthetic_user_0133,7c1af9a0-cf09-4356-8c0d-d762fbb21208,2025-12-26T02:22:05,0,0,0,2,0,3,130.35,3,0,0,0,0,1,1,1.76,0.0,0,1,24,3,0,0,0.125,0,0,0,0.0,0,negative_soft
synthetic_user_0133,33f6e3a9-237d-433e-b4b6-238e44c80117,2025-12-26T02:26:24,1,1,1,0,1,3,130.35,3,1,0,0,0,1,1,0.58,0.0,0,0,8,3,1,1,0.375,4,0,1,0.0,0,negative_hard
synthetic_user_0133,dbcab77a-8d8a-4721-b07d-d5d9ecc7874d,2025-12-26T02:26:24,1,1,1,0,1,3,130.35,3,1,0,0,0,1,1,0.58,0.0,0,0,4,2,0,0,0.5,4,0,1,0.0,0,negative_hard
synthetic_user_0133,bd6bddb1-3e29-4767-a194-6196e46f7456,2025-12-26T02:26:24,1,1,1,0,1,3,130.35,3,1,0,0,0,1,1,0.41,0.0,0,1,6,3,1,1,0.5,4,0,1,0.0,0,negative_hard
synthetic_user_0133,7c1af9a0-cf09-4356-8c0d-d762fbb21208,2025-12-26T02:26:24,0,0,0,2,0,3,130.35,3,1,0,0,0,1,1,1.76,0.0,0,1,24,3,0,0,0.125,0,0,0,0.0,0,negative_soft
synthetic_user_0193,830353af-6497-4bc7-bab8-08114b64b682,2025-12-26T06:45:21,1,1,1,0,1,3,110.53,2,2,1,1,0,0,0,1.05,0.0,0,0,13,6,1,1,0.4615,6,0,2,0.0,0,negative_hard
synthetic_user_0193,945e447f-c018-4d92-b5e5-2f1f7a11bd56,2025-12-26T06:45:21,1,1,1,0,1,3,110.53,2,2,1,1,0,0,3,1.03,0.0,0,1,6,2,1,0,0.3333,6,0,2,0.0,0,negative_hard
synthetic_user_0193,dcd20897-e14a-43fc-b2ba-66bb4a569874,2025-12-26T06:45:21,1,1,1,0,1,3,110.53,2,2,1,1,0,0,1,0.69,0.0,0,1,12,4,2,2,0.3333,6,0,2,0.0,0,negative_hard
synthetic_user_0193,8706bbb8-8343-4edc-9af4-244b9cad76aa,2025-12-26T06:45:21,1,1,0,1,0,3,110.53,2,2,1,1,0,0,0,0.47,0.0,0,0,72,22,5,2,0.3056,0,0,2,0.0,0,negative_soft
synthetic_user_0193,95461cac-4301-4ade-8b3c-98201e8731db,2025-12-26T06:58:10,1,1,1,0,1,3,110.54,3,2,1,1,0,0,1,0.41,0.0,0,1,7,2,1,0,0.2857,7,0,2,0.0,0,negative_hard
synthetic_user_0193,98a77293-8faf-4d27-8248-6eb91f481d8f,2025-12-26T06:58:10,1,1,1,0,1,3,110.54,3,2,1,1,0,0,0,0.58,0.0,0,0,16,11,5,3,0.6875,7,0,2,0.0,0,negative_hard
synthetic_user_0193,bd6bddb1-3e29-4767-a194-6196e46f7456,2025-12-26T06:58:10,1,1,1,0,1,3,110.54,3,2,1,1,0,0,1,0.41,0.0,0,1,6,3,1,1,0.5,7,0,2,0.0,0,negative_hard
synthetic_user_0193,8706bbb8-8343-4edc-9af4-244b9cad76aa,2025-12-26T06:58:10,1,1,0,1,0,3,110.54,3,2,1,1,0,0,0,0.47,0.0,0,0,72,22,5,2,0.3056,0,0,2,0.0,0,negative_soft
synthetic_user_0193,087164bc-8a57-44b1-bd06-0644f475917b,2025-12-26T07:10:17,1,1,1,0,1,3,110.54,3,3,1,1,0,0,0,0.58,0.0,0,0,11,3,2,0,0.2727,8,0,2,0.0,0,negative_hard
synthetic_user_0193,bd6bddb1-3e29-4767-a194-6196e46f7456,2025-12-26T07:10:17,1,1,1,0,1,3,110.54,3,3,1,1,0,0,1,0.41,0.0,0,1,6,3,1,1,0.5,8,0,2,0.0,0,negative_hard
synthetic_user_0193,fbb68aab-9b3b-4e24-9109-ea047f927347,2025-12-26T07:10:17,1,1,1,0,1,3,110.54,3,3,1,1,0,0,3,1.03,0.0,0,1,11,4,1,0,0.3636,8,0,2,0.0,0,negative_hard
synthetic_user_0193,8706bbb8-8343-4edc-9af4-244b9cad76aa,2025-12-26T07:10:17,1,1,0,1,0,3,110.54,3,3,1,1,0,0,0,0.47,0.0,0,0,72,22,5,2,0.3056,0,0,2,0.0,0,negative_soft
synthetic_user_0034,f6081dfd-75ec-4719-a05b-6ec1f95df15f,2025-12-26T20:29:31,1,1,1,0,1,3,118.65,1,0,0,0,0,0,1,1.05,0.0,0,1,9,1,0,1,0.1111,1,0,0,0.0,0,negative_hard
synthetic_user_0034,a8231f34-c157-4fcd-b08a-5a3420cc0cee,2025-12-26T20:29:31,1,1,1,0,1,3,118.65,1,0,0,0,0,0,1,0.69,0.0,0,1,9,3,0,1,0.3333,1,0,0,0.0,0,negative_hard
synthetic_user_0034,ea97dfce-6731-4b1d-9b03-485d04de4867,2025-12-26T20:29:31,1,1,1,0,1,3,118.65,1,0,0,0,0,0,3,1.03,0.0,0,1,10,3,0,1,0.3,1,0,0,0.0,0,negative_hard
synthetic_user_0034,7c1af9a0-cf09-4356-8c0d-d762fbb21208,2025-12-26T20:29:31,0,0,0,2,0,3,118.65,1,0,0,0,0,0,1,1.76,0.0,0,1,24,3,0,0,0.125,0,0,0,0.0,0,negative_soft
synthetic_user_0146,945e447f-c018-4d92-b5e5-2f1f7a11bd56,2025-12-27T23:47:51,1,1,1,0,1,3,104.2,2,0,0,0,0,0,3,1.03,0.0,0,1,6,2,1,0,0.3333,1,0,0,0.0,0,negative_hard
synthetic_user_0146,95461cac-4301-4ade-8b3c-98201e8731db,2025-12-27T23:47:51,1,1,1,0,1,3,104.2,2,0,0,0,0,0,1,0.41,0.0,0,1,7,2,1,0,0.2857,1,0,0,0.0,0,negative_hard
synthetic_user_0146,e72c3d3b-cf36-4cc4-9a40-d8cc5d28df84,2025-12-27T23:47:51,1,1,1,0,1,3,104.2,2,0,0,0,0,0,1,0.41,0.0,0,1,13,6,3,2,0.4615,1,0,0,0.0,0,negative_hard
synthetic_user_0146,7c1af9a0-cf09-4356-8c0d-d762fbb21208,2025-12-27T23:47:51,0,0,0,2,0,3,104.2,2,0,0,0,0,0,1,1.76,0.0,0,1,24,3,0,0,0.125,0,0,0,0.0,0,negative_soft
synthetic_user_0146,dbcab77a-8d8a-4721-b07d-d5d9ecc7874d,2025-12-27T23:48:17,1,1,1,0,1,3,104.2,2,1,0,0,0,0,1,0.58,0.0,0,0,4,2,0,0,0.5,1,0,1,0.0,0,negative_hard
synthetic_user_0146,830353af-6497-4bc7-bab8-08114b64b682,2025-12-27T23:48:17,1,1,1,0,1,3,104.2,2,1,0,0,0,0,0,1.05,0.0,0,0,13,6,1,1,0.4615,1,0,1,0.0,0,negative_hard
synthetic_user_0146,95461cac-4301-4ade-8b3c-98201e8731db,2025-12-27T23:48:17,1,1,1,0,1,3,104.2,2,1,0,0,0,0,1,0.41,0.0,0,1,7,2,1,0,0.2857,1,0,1,0.0,0,negative_hard
synthetic_user_0146,7c1af9a0-cf09-4356-8c0d-d762fbb21208,2025-12-27T23:48:17,0,0,0,2,0,3,104.2,2,1,0,0,0,0,1,1.76,0.0,0,1,24,3,0,0,0.125,0,0,0,0.0,0,negative_soft
synthetic_user_0087,85526add-cd5a-4107-a07e-62ff3f493082,2025-12-28T20:55:15,1,1,1,0,1,3,120.49,3,0,0,0,1,0,0,0.41,0.0,0,0,16,5,0,2,0.3125,4,0,1,0.0,0,negative_hard
synthetic_user_0087,dcd20897-e14a-43fc-b2ba-66bb4a569874,2025-12-28T20:55:15,1,1,1,0,1,3,120.49,3,0,0,0,1,0,1,0.69,0.0,0,1,12,4,2,2,0.3333,4,0,1,0.0,0,negative_hard
synthetic_user_0087,ea97dfce-6731-4b1d-9b03-485d04de4867,2025-12-28T20:55:15,1,1,1,0,1,3,120.49,3,0,0,0,1,0,3,1.03,0.0,0,1,10,3,0,1,0.3,4,0,1,0.0,0,negative_hard
synthetic_user_0087,8706bbb8-8343-4edc-9af4-244b9cad76aa,2025-12-28T20:55:15,1,1,0,1,0,3,120.49,3,0,0,0,1,0,0,0.47,0.0,0,0,73,23,5,2,0.3151,0,0,1,0.0,0,negative_soft
synthetic_user_0087,5a0f55cf-16af-4459-9030-0c7c6e11207f,2025-12-28T21:00:32,1,1,1,0,1,3,120.49,3,1,0,0,1,0,0,0.58,0.0,0,0,7,3,1,1,0.4286,5,0,2,0.0,0,negative_hard
synthetic_user_0087,45a799e0-5716-4209-b489-bd8f9ef13974,2025-12-28T21:00:32,1,1,1,0,1,3,120.49,3,1,0,0,1,0,1,0.41,0.0,0,1,3,1,0,0,0.3333,5,0,2,0.0,0,negative_hard
synthetic_user_0087,087164bc-8a57-44b1-bd06-0644f475917b,2025-12-28T21:00:32,1,1,1,0,1,3,120.49,3,1,0,0,1,0,0,0.58,0.0,0,0,11,3,2,0,0.2727,5,0,2,0.0,0,negative_hard
synthetic_user_0087,8706bbb8-8343-4edc-9af4-244b9cad76aa,2025-12-28T21:00:32,1,1,0,1,0,3,120.49,3,1,0,0,1,0,0,0.47,0.0,0,0,73,23,5,2,0.3151,0,0,2,0.0,0,negative_soft
synthetic_user_0129,a8231f34-c157-4fcd-b08a-5a3420cc0cee,2025-12-29T01:29:56,1,1,1,0,1,3,132.67,2,0,0,0,0,0,1,0.69,0.0,0,1,9,3,0,1,0.3333,1,0,0,0.0,0,negative_hard
synthetic_user_0129,a18002e2-24a3-4da4-b558-ea8cadcb047e,2025-12-29T01:29:56,1,1,1,0,1,3,132.67,2,0,0,0,0,0,0,0.58,0.0,0,0,15,8,1,2,0.5333,1,0,0,0.0,0,negative_hard
synthetic_user_0129,e06a75b5-86f9-4daf-b871-0fba7b7ba57d,2025-12-29T01:29:56,1,1,1,0,1,3,132.67,2,0,0,0,0,0,1,0.58,0.0,0,0,10,4,1,1,0.4,1,0,0,0.0,0,negative_hard
synthetic_user_0129,7c1af9a0-cf09-4356-8c0d-d762fbb21208,2025-12-29T01:29:56,0,0,0,2,0,3,132.67,2,0,0,0,0,0,1,1.76,0.0,0,1,24,3,0,0,0.125,0,0,0,0.0,0,negative_soft
synthetic_user_0129,8b44ea69-a5bb-4779-8c63-bf20e4da58c7,2025-12-29T01:31:53,1,1,1,0,1,3,132.67,2,1,0,0,0,0,1,0.69,0.0,0,1,15,10,3,3,0.6667,2,0,1,0.0,0,negative_hard
synthetic_user_0129,85526add-cd5a-4107-a07e-62ff3f493082,2025-12-29T01:31:53,1,1,1,0,1,3,132.67,2,1,0,0,0,0,0,0.41,0.0,0,0,16,5,0,2,0.3125,2,0,1,0.0,0,negative_hard
synthetic_user_0129,bd6bddb1-3e29-4767-a194-6196e46f7456,2025-12-29T01:31:53,1,1,1,0,1,3,132.67,2,1,0,0,0,0,1,0.41,0.0,0,1,6,3,1,1,0.5,2,0,1,0.0,0,negative_hard
synthetic_user_0129,7c1af9a0-cf09-4356-8c0d-d762fbb21208,2025-12-29T01:31:53,0,0,0,2,0,3,132.67,2,1,0,0,0,0,1,1.76,0.0,0,1,24,3,0,0,0.125,0,0,0,0.0,0,negative_soft
synthetic_user_0189,2c1e63cb-30f5-4e05-92af-ea93368ef4ab,2025-12-29T08:57:09,1,1,1,0,1,3,120.11,4,0,0,0,1,1,1,0.41,0.0,0,1,18,6,2,2,0.3333,5,0,1,0.0,0,negative_hard
synthetic_user_0189,95461cac-4301-4ade-8b3c-98201e8731db,2025-12-29T08:57:09,1,1,1,0,1,3,120.11,4,0,0,0,1,1,1,0.41,0.0,0,1,7,2,1,0,0.2857,5,0,1,0.0,0,negative_hard
synthetic_user_0189,dbcab77a-8d8a-4721-b07d-d5d9ecc7874d,2025-12-29T08:57:09,1,1,1,0,1,3,120.11,4,0,0,0,1,1,1,0.58,0.0,0,0,4,2,0,0,0.5,5,0,1,0.0,0,negative_hard
synthetic_user_0189,8706bbb8-8343-4edc-9af4-244b9cad76aa,2025-12-29T08:57:09,1,1,0,1,0,3,120.11,4,0,0,0,1,1,0,0.47,0.0,0,0,73,23,5,2,0.3151,0,0,1,0.0,0,negative_soft
synthetic_user_0026,85526add-cd5a-4107-a07e-62ff3f493082,2025-12-30T02:14:40,1,1,1,0,1,3,134.36,5,1,0,0,0,0,0,0.41,0.0,0,0,16,5,0,2,0.3125,5,0,1,0.0,0,negative_hard
synthetic_user_0026,dcf38bea-591e-47ae-aaaf-e01b841cc3b3,2025-12-30T02:14:40,1,1,1,0,1,3,134.36,5,1,0,0,0,0,1,0.69,0.0,0,1,14,4,3,0,0.2857,5,0,1,0.0,0,negative_hard
synthetic_user_0026,8b44ea69-a5bb-4779-8c63-bf20e4da58c7,2025-12-30T02:14:40,1,1,1,0,1,3,134.36,5,1,0,0,0,0,1,0.69,0.0,0,1,15,10,3,3,0.6667,5,0,1,0.0,0,negative_hard
synthetic_user_0026,7c1af9a0-cf09-4356-8c0d-d762fbb21208,2025-12-30T02:14:40,0,0,0,2,0,3,134.36,5,1,0,0,0,0,1,1.76,0.0,0,1,24,3,0,0,0.125,0,0,0,0.0,0,negative_soft
synthetic_user_0196,2c1e63cb-30f5-4e05-92af-ea93368ef4ab,2025-12-30T07:58:55,1,1,1,0,1,3,128.95,1,1,0,0,0,0,1,0.41,0.0,0,1,18,6,2,2,0.3333,0,0,1,0.0,0,negative_hard
synthetic_user_0196,dcd20897-e14a-43fc-b2ba-66bb4a569874,2025-12-30T07:58:55,1,1,1,0,1,3,128.95,1,1,0,0,0,0,1,0.69,0.0,0,1,12,4,2,2,0.3333,0,0,1,0.0,0,negative_hard
synthetic_user_0196,59bf0b38-d7b5-4024-a66e-a03f1b47095d,2025-12-30T07:58:55,1,1,1,0,1,3,128.95,1,1,0,0,0,0,3,1.03,0.0,0,1,11,4,3,0,0.3636,0,0,1,0.0,0,negative_hard
synthetic_user_0196,7c1af9a0-cf09-4356-8c0d-d762fbb21208,2025-12-30T07:58:55,0,0,0,2,0,3,128.95,1,1,0,0,0,0,1,1.76,0.0,0,1,24,3,0,0,0.125,0,0,0,0.0,0,negative_soft
synthetic_user_0028,59bf0b38-d7b5-4024-a66e-a03f1b47095d,2025-12-30T08:30:02,1,1,1,0,1,3,115.09,2,0,0,0,1,0,3,1.03,0.0,0,1,11,4,3,0,0.3636,3,0,1,0.0,0,negative_hard
synthetic_user_0028,a18002e2-24a3-4da4-b558-ea8cadcb047e,2025-12-30T08:30:02,1,1,1,0,1,3,115.09,2,0,0,0,1,0,0,0.58,0.0,0,0,15,8,1,2,0.5333,3,0,1,0.0,0,negative_hard
synthetic_user_0028,e72c3d3b-cf36-4cc4-9a40-d8cc5d28df84,2025-12-30T08:30:02,1,1,1,0,1,3,115.09,2,0,0,0,1,0,1,0.41,0.0,0,1,13,6,3,2,0.4615,3,0,1,0.0,0,negative_hard
synthetic_user_0028,8706bbb8-8343-4edc-9af4-244b9cad76aa,2025-12-30T08:30:02,1,1,0,1,0,3,115.09,2,0,0,0,1,0,0,0.47,0.0,0,0,74,23,5,2,0.3108,0,0,1,0.0,0,negative_soft
synthetic_user_0163,c5310615-4076-41e9-9064-736593600471,2025-12-30T19:52:13,1,1,1,0,1,3,135.11,5,1,0,0,0,0,0,1.03,0.0,0,0,15,7,1,3,0.4667,6,0,1,0.0,0,negative_hard
synthetic_user_0163,85526add-cd5a-4107-a07e-62ff3f493082,2025-12-30T19:52:13,1,1,1,0,1,3,135.11,5,1,0,0,0,0,0,0.41,0.0,0,0,16,5,0,2,0.3125,6,0,1,0.0,0,negative_hard
synthetic_user_0163,bd6bddb1-3e29-4767-a194-6196e46f7456,2025-12-30T19:52:13,1,1,1,0,1,3,135.11,5,1,0,0,0,0,1,0.41,0.0,0,1,6,3,1,1,0.5,6,0,1,0.0,0,negative_hard
synthetic_user_0163,7c1af9a0-cf09-4356-8c0d-d762fbb21208,2025-12-30T19:52:13,0,0,0,2,0,3,135.11,5,1,0,0,0,0,1,1.76,0.0,0,1,24,3,0,0,0.125,0,0,0,0.0,0,negative_soft
synthetic_user_0163,f6081dfd-75ec-4719-a05b-6ec1f95df15f,2025-12-30T20:01:43,1,1,1,0,1,3,135.12,5,2,0,0,0,0,1,1.05,0.0,0,1,9,1,0,1,0.1111,7,0,2,0.0,0,negative_hard
synthetic_user_0163,85526add-cd5a-4107-a07e-62ff3f493082,2025-12-30T20:01:43,1,1,1,0,1,3,135.12,5,2,0,0,0,0,0,0.41,0.0,0,0,16,5,0,2,0.3125,7,0,2,0.0,0,negative_hard
synthetic_user_0163,ea97dfce-6731-4b1d-9b03-485d04de4867,2025-12-30T20:01:43,1,1,1,0,1,3,135.12,5,2,0,0,0,0,3,1.03,0.0,0,1,10,3,0,1,0.3,7,0,2,0.0,0,negative_hard
synthetic_user_0163,7c1af9a0-cf09-4356-8c0d-d762fbb21208,2025-12-30T20:01:43,0,0,0,2,0,3,135.12,5,2,0,0,0,0,1,1.76,0.0,0,1,24,3,0,0,0.125,0,0,0,0.0,0,negative_soft
synthetic_user_0052,40a8032b-e43c-43dc-ba5f-d650f1c0a979,2025-12-30T20:31:07,1,1,1,0,1,3,126.02,2,1,1,0,0,0,1,0.41,0.0,0,1,10,5,3,2,0.5,4,0,1,0.0,0,negative_hard
synthetic_user_0052,fbb68aab-9b3b-4e24-9109-ea047f927347,2025-12-30T20:31:07,1,1,1,0,1,3,126.02,2,1,1,0,0,0,3,1.03,0.0,0,1,11,4,1,0,0.3636,4,0,1,0.0,0,negative_hard
synthetic_user_0052,dcd20897-e14a-43fc-b2ba-66bb4a569874,2025-12-30T20:31:07,1,1,1,0,1,3,126.02,2,1,1,0,0,0,1,0.69,0.0,0,1,13,4,2,2,0.3077,4,0,1,0.0,0,negative_hard
synthetic_user_0052,8706bbb8-8343-4edc-9af4-244b9cad76aa,2025-12-30T20:31:07,1,1,0,1,0,3,126.02,2,1,1,0,0,0,0,0.47,0.0,0,0,74,23,5,2,0.3108,0,0,1,0.0,0,negative_soft
synthetic_user_0038,a8231f34-c157-4fcd-b08a-5a3420cc0cee,2025-12-30T20:53:58,0,0,0,2,0,1,115.53,1,0,0,0,0,0,1,0.69,0.0,0,1,9,3,0,1,0.3333,0,0,0,0.0,0,negative_soft
synthetic_user_0038,8706bbb8-8343-4edc-9af4-244b9cad76aa,2025-12-30T20:53:58,0,0,0,3,0,1,115.53,1,0,0,0,0,0,0,0.47,0.0,0,0,74,23,5,2,0.3108,0,0,0,0.0,0,negative_soft
synthetic_user_0038,2c1e63cb-30f5-4e05-92af-ea93368ef4ab,2025-12-30T20:53:58,0,0,0,2,0,1,115.53,1,0,0,0,0,0,1,0.41,0.0,0,1,18,6,2,2,0.3333,0,0,0,0.0,0,negative_soft
synthetic_user_0038,09593622-ad83-4d14-8236-17bea51dbb13,2025-12-30T20:53:58,0,0,0,2,0,1,115.53,1,0,0,0,0,0,1,0.69,0.0,0,1,21,9,2,5,0.4286,0,0,0,0.0,0,negative_soft
synthetic_user_0038,dbcab77a-8d8a-4721-b07d-d5d9ecc7874d,2025-12-30T20:59:53,0,0,0,2,0,1,115.54,1,1,0,0,0,0,1,0.58,0.0,0,0,4,2,0,0,0.5,0,0,0,0.0,0,negative_soft
synthetic_user_0038,2c1e63cb-30f5-4e05-92af-ea93368ef4ab,2025-12-30T20:59:53,0,0,0,2,0,1,115.54,1,1,0,0,0,0,1,0.41,0.0,0,1,18,6,2,2,0.3333,0,0,0,0.0,0,negative_soft
synthetic_user_0038,98a77293-8faf-4d27-8248-6eb91f481d8f,2025-12-30T20:59:53,0,0,0,2,0,1,115.54,1,1,0,0,0,0,0,0.58,0.0,0,0,17,11,5,3,0.6471,0,0,0,0.0,0,negative_soft
synthetic_user_0038,ea97dfce-6731-4b1d-9b03-485d04de4867,2025-12-30T20:59:53,0,0,0,2,0,1,115.54,1,1,0,0,0,0,3,1.03,0.0,0,1,10,3,0,1,0.3,0,0,0,0.0,0,negative_soft
synthetic_user_0192,a8231f34-c157-4fcd-b08a-5a3420cc0cee,2025-12-31T07:14:56,1,1,0,1,0,4,107.4,1,0,0,0,0,0,1,0.69,0.0,0,1,9,3,0,1,0.3333,1,0,0,0.0,0,negative_soft
synthetic_user_0192,830353af-6497-4bc7-bab8-08114b64b682,2025-12-31T07:14:56,1,1,0,1,0,4,107.4,1,0,0,0,0,0,0,1.05,0.0,0,0,13,6,1,1,0.4615,1,0,0,0.0,0,negative_soft
synthetic_user_0192,95461cac-4301-4ade-8b3c-98201e8731db,2025-12-31T07:14:56,1,1,0,1,0,4,107.4,1,0,0,0,0,0,1,0.41,0.0,0,1,7,2,1,0,0.2857,1,0,0,0.0,0,negative_soft
synthetic_user_0192,09593622-ad83-4d14-8236-17bea51dbb13,2025-12-31T07:14:56,1,1,0,1,0,4,107.4,1,0,0,0,0,0,1,0.69,0.0,0,1,21,9,2,5,0.4286,1,0,0,0.0,0,negative_soft
synthetic_user_0192,2c1e63cb-30f5-4e05-92af-ea93368ef4ab,2025-12-31T07:24:16,1,1,0,1,0,4,107.41,2,0,0,0,0,0,1,0.41,0.0,0,1,18,6,2,2,0.3333,2,0,0,0.0,0,negative_soft
synthetic_user_0192,a8231f34-c157-4fcd-b08a-5a3420cc0cee,2025-12-31T07:24:16,1,1,0,1,0,4,107.41,2,0,0,0,0,0,1,0.69,0.0,0,1,9,3,0,1,0.3333,2,0,0,0.0,0,negative_soft
synthetic_user_0192,45a799e0-5716-4209-b489-bd8f9ef13974,2025-12-31T07:24:16,1,1,0,1,0,4,107.41,2,0,0,0,0,0,1,0.41,0.0,0,1,3,1,0,0,0.3333,2,0,0,0.0,0,negative_soft
synthetic_user_0192,8b44ea69-a5bb-4779-8c63-bf20e4da58c7,2025-12-31T07:24:16,1,1,0,1,0,4,107.41,2,0,0,0,0,0,1,0.69,0.0,0,1,15,10,3,3,0.6667,2,0,0,0.0,0,negative_soft
synthetic_user_0101,2c1e63cb-30f5-4e05-92af-ea93368ef4ab,2025-12-31T23:31:33,1,1,1,0,1,3,132.69,3,0,0,0,0,0,1,0.41,0.0,0,1,18,6,2,2,0.3333,2,0,0,0.0,0,negative_hard
synthetic_user_0101,dcd20897-e14a-43fc-b2ba-66bb4a569874,2025-12-31T23:31:33,1,1,1,0,1,3,132.69,3,0,0,0,0,0,1,0.69,0.0,0,1,13,4,2,2,0.3077,2,0,0,0.0,0,negative_hard
synthetic_user_0101,087164bc-8a57-44b1-bd06-0644f475917b,2025-12-31T23:31:33,1,1,1,0,1,3,132.69,3,0,0,0,0,0,0,0.58,0.0,0,0,12,3,2,0,0.25,2,0,0,0.0,0,negative_hard
synthetic_user_0101,7c1af9a0-cf09-4356-8c0d-d762fbb21208,2025-12-31T23:31:33,0,0,0,2,0,3,132.69,3,0,0,0,0,0,1,1.76,0.0,0,1,25,4,0,1,0.16,0,0,0,0.0,0,negative_soft
synthetic_user_0101,45a799e0-5716-4209-b489-bd8f9ef13974,2025-12-31T23:32:45,1,1,1,0,1,3,132.69,3,1,0,0,0,0,1,0.41,0.0,0,1,3,1,0,0,0.3333,2,0,1,0.0,0,negative_hard
synthetic_user_0101,830353af-6497-4bc7-bab8-08114b64b682,2025-12-31T23:32:45,1,1,1,0,1,3,132.69,3,1,0,0,0,0,0,1.05,0.0,0,0,13,6,1,1,0.4615,2,0,1,0.0,0,negative_hard
synthetic_user_0101,f6081dfd-75ec-4719-a05b-6ec1f95df15f,2025-12-31T23:32:45,1,1,1,0,1,3,132.69,3,1,0,0,0,0,1,1.05,0.0,0,1,9,1,0,1,0.1111,2,0,1,0.0,0,negative_hard
synthetic_user_0101,7c1af9a0-cf09-4356-8c0d-d762fbb21208,2025-12-31T23:32:45,0,0,0,2,0,3,132.69,3,1,0,0,0,0,1,1.76,0.0,0,1,25,4,0,1,0.16,0,0,0,0.0,0,negative_soft
synthetic_user_0101,dcd20897-e14a-43fc-b2ba-66bb4a569874,2025-12-31T23:34:51,1,1,1,0,1,3,132.69,3,1,0,0,1,0,1,0.69,0.0,0,1,13,4,2,2,0.3077,2,0,1,0.0,0,negative_hard
synthetic_user_0101,5a0f55cf-16af-4459-9030-0c7c6e11207f,2025-12-31T23:34:51,1,1,1,0,1,3,132.69,3,1,0,0,1,0,0,0.58,0.0,0,0,8,4,1,2,0.5,2,0,1,0.0,0,negative_hard
synthetic_user_0101,e72c3d3b-cf36-4cc4-9a40-d8cc5d28df84,2025-12-31T23:34:51,1,1,1,0,1,3,132.69,3,1,0,0,1,0,1,0.41,0.0,0,1,13,6,3,2,0.4615,2,0,1,0.0,0,negative_hard
synthetic_user_0101,7c1af9a0-cf09-4356-8c0d-d762fbb21208,2025-12-31T23:34:51,0,0,0,2,0,3,132.69,3,1,0,0,1,0,1,1.76,0.0,0,1,25,4,0,1,0.16,0,0,0,0.0,0,negative_soft
synthetic_user_0172,5a0f55cf-16af-4459-9030-0c7c6e11207f,2025-12-31T23:48:10,1,1,1,0,1,3,125.93,5,1,0,1,1,0,0,0.58,0.0,0,0,8,4,1,2,0.5,7,0,1,0.0,0,negative_hard
synthetic_user_0172,45a799e0-5716-4209-b489-bd8f9ef13974,2025-12-31T23:48:10,1,1,1,0,1,3,125.93,5,1,0,1,1,0,1,0.41,0.0,0,1,3,1,0,0,0.3333,7,0,1,0.0,0,negative_hard
synthetic_user_0172,a8231f34-c157-4fcd-b08a-5a3420cc0cee,2025-12-31T23:48:10,1,1,1,0,1,3,125.93,5,1,0,1,1,0,1,0.69,0.0,0,1,9,3,0,1,0.3333,7,0,1,0.0,0,negative_hard
synthetic_user_0172,7c1af9a0-cf09-4356-8c0d-d762fbb21208,2025-12-31T23:48:10,0,0,0,2,0,3,125.93,5,1,0,1,1,0,1,1.76,0.0,0,1,25,4,0,1,0.16,0,0,0,0.0,0,negative_soft
synthetic_user_0048,dbcab77a-8d8a-4721-b07d-d5d9ecc7874d,2026-01-01T18:47:10,1,1,1,0,1,3,114.14,1,0,0,0,0,0,1,0.58,0.0,0,0,4,2,0,0,0.5,1,0,0,0.0,0,negative_hard
synthetic_user_0048,087164bc-8a57-44b1-bd06-0644f475917b,2026-01-01T18:47:10,1,1,1,0,1,3,114.14,1,0,0,0,0,0,0,0.58,0.0,0,0,12,3,2,0,0.25,1,0,0,0.0,0,negative_hard
synthetic_user_0048,59bf0b38-d7b5-4024-a66e-a03f1b47095d,2026-01-01T18:47:10,1,1,1,0,1,3,114.14,1,0,0,0,0,0,3,1.03,0.0,0,1,12,5,3,0,0.4167,1,0,0,0.0,0,negative_hard
synthetic_user_0048,8706bbb8-8343-4edc-9af4-244b9cad76aa,2026-01-01T18:47:10,1,1,0,1,0,3,114.14,1,0,0,0,0,0,0,0.47,0.0,0,0,75,24,6,2,0.32,0,0,0,0.0,0,negative_soft
synthetic_user_0048,bd6bddb1-3e29-4767-a194-6196e46f7456,2026-01-01T18:49:03,1,1,1,0,1,3,114.14,1,1,0,0,0,0,1,0.41,0.0,0,1,6,3,1,1,0.5,2,0,1,0.0,0,negative_hard
synthetic_user_0048,fbb68aab-9b3b-4e24-9109-ea047f927347,2026-01-01T18:49:03,1,1,1,0,1,3,114.14,1,1,0,0,0,0,3,1.03,0.0,0,1,11,4,1,0,0.3636,2,0,1,0.0,0,negative_hard
synthetic_user_0048,581c8e36-7a51-4e8e-ac1d-6e9c1d54940f,2026-01-01T18:49:03,1,1,1,0,1,3,114.14,1,1,0,0,0,0,3,1.03,0.0,0,1,11,1,1,0,0.0909,2,0,1,0.0,0,negative_hard
synthetic_user_0048,8706bbb8-8343-4edc-9af4-244b9cad76aa,2026-01-01T18:49:03,1,1,0,1,0,3,114.14,1,1,0,0,0,0,0,0.47,0.0,0,0,75,24,6,2,0.32,0,0,1,0.0,0,negative_soft
synthetic_user_0151,e06a75b5-86f9-4daf-b871-0fba7b7ba57d,2026-01-01T19:40:46,1,1,1,0,1,3,123.66,5,3,2,1,1,0,1,0.58,0.0,0,0,11,4,1,1,0.3636,12,0,3,0.0,0,negative_hard
synthetic_user_0151,945e447f-c018-4d92-b5e5-2f1f7a11bd56,2026-01-01T19:40:46,1,1,1,0,1,3,123.66,5,3,2,1,1,0,3,1.03,0.0,0,1,7,2,1,0,0.2857,12,0,3,0.0,0,negative_hard
synthetic_user_0151,fbb68aab-9b3b-4e24-9109-ea047f927347,2026-01-01T19:40:46,1,1,1,0,1,3,123.66,5,3,2,1,1,0,3,1.03,0.0,0,1,11,4,1,0,0.3636,12,0,3,0.0,0,negative_hard
synthetic_user_0151,7c1af9a0-cf09-4356-8c0d-d762fbb21208,2026-01-01T19:40:46,0,0,0,2,0,3,123.66,5,3,2,1,1,0,1,1.76,0.0,0,1,25,4,0,1,0.16,0,0,0,0.0,0,negative_soft
synthetic_user_0064,45a799e0-5716-4209-b489-bd8f9ef13974,2026-01-01T21:58:28,1,1,0,1,0,4,118.28,4,0,0,0,1,0,1,0.41,0.0,0,1,3,1,0,0,0.3333,0,0,1,0.0,0,negative_soft
synthetic_user_0064,e72c3d3b-cf36-4cc4-9a40-d8cc5d28df84,2026-01-01T21:58:28,1,1,0,1,0,4,118.28,4,0,0,0,1,0,1,0.41,0.0,0,1,14,7,3,3,0.5,0,0,1,0.0,0,negative_soft
synthetic_user_0064,fbb68aab-9b3b-4e24-9109-ea047f927347,2026-01-01T21:58:28,1,1,0,1,0,4,118.28,4,0,0,0,1,0,3,1.03,0.0,0,1,11,4,1,0,0.3636,0,0,1,0.0,0,negative_soft
synthetic_user_0064,581c8e36-7a51-4e8e-ac1d-6e9c1d54940f,2026-01-01T21:58:28,1,1,0,1,0,4,118.28,4,0,0,0,1,0,3,1.03,0.0,0,1,11,1,1,0,0.0909,0,0,1,0.0,0,negative_soft
synthetic_user_0090,b1e94dc4-e19f-4e9b-85e1-69c3b4ab0e97,2026-01-02T20:08:00,1,1,0,1,0,4,139.87,1,0,0,0,0,1,3,1.03,0.0,0,1,9,5,3,2,0.5556,1,0,0,0.0,0,negative_soft
synthetic_user_0090,09593622-ad83-4d14-8236-17bea51dbb13,2026-01-02T20:08:00,1,1,0,1,0,4,139.87,1,0,0,0,0,1,1,0.69,0.0,0,1,21,9,2,5,0.4286,1,0,0,0.0,0,negative_soft
synthetic_user_0090,dbcab77a-8d8a-4721-b07d-d5d9ecc7874d,2026-01-02T20:08:00,1,1,0,1,0,4,139.87,1,0,0,0,0,1,1,0.58,0.0,0,0,4,2,0,0,0.5,1,0,0,0.0,0,negative_soft
synthetic_user_0090,e72c3d3b-cf36-4cc4-9a40-d8cc5d28df84,2026-01-02T20:08:00,1,1,0,1,0,4,139.87,1,0,0,0,0,1,1,0.41,0.0,0,1,14,7,3,3,0.5,1,0,0,0.0,0,negative_soft
synthetic_user_0105,98a77293-8faf-4d27-8248-6eb91f481d8f,2026-01-03T00:55:16,1,1,1,0,1,3,137.21,1,0,0,0,1,0,0,0.58,0.0,0,0,17,11,5,3,0.6471,2,0,1,0.0,0,negative_hard
synthetic_user_0105,2c1e63cb-30f5-4e05-92af-ea93368ef4ab,2026-01-03T00:55:16,1,1,1,0,1,3,137.21,1,0,0,0,1,0,1,0.41,0.0,0,1,18,6,2,2,0.3333,2,0,1,0.0,0,negative_hard
synthetic_user_0105,5a0f55cf-16af-4459-9030-0c7c6e11207f,2026-01-03T00:55:16,1,1,1,0,1,3,137.21,1,0,0,0,1,0,0,0.58,0.0,0,0,8,4,1,2,0.5,2,0,1,0.0,0,negative_hard
synthetic_user_0105,8706bbb8-8343-4edc-9af4-244b9cad76aa,2026-01-03T00:55:16,1,1,0,1,0,3,137.21,1,0,0,0,1,0,0,0.47,0.0,0,0,76,24,6,2,0.3158,0,0,1,0.0,0,negative_soft
synthetic_user_0105,33f6e3a9-237d-433e-b4b6-238e44c80117,2026-01-03T00:57:33,1,1,1,0,1,3,137.21,2,0,0,0,1,0,1,0.58,0.0,0,0,10,4,1,1,0.4,3,0,1,0.0,0,negative_hard
synthetic_user_0105,b1e94dc4-e19f-4e9b-85e1-69c3b4ab0e97,2026-01-03T00:57:33,1,1,1,0,1,3,137.21,2,0,0,0,1,0,3,1.03,0.0,0,1,9,5,3,2,0.5556,3,0,1,0.0,0,negative_hard
synthetic_user_0105,a8231f34-c157-4fcd-b08a-5a3420cc0cee,2026-01-03T00:57:33,1,1,1,0,1,3,137.21,2,0,0,0,1,0,1,0.69,0.0,0,1,9,3,0,1,0.3333,3,0,1,0.0,0,negative_hard
synthetic_user_0105,8706bbb8-8343-4edc-9af4-244b9cad76aa,2026-01-03T00:57:33,1,1,0,1,0,3,137.21,2,0,0,0,1,0,0,0.47,0.0,0,0,76,24,6,2,0.3158,0,0,1,0.0,0,negative_soft
synthetic_user_0069,e06a75b5-86f9-4daf-b871-0fba7b7ba57d,2026-01-03T01:43:30,1,1,1,0,1,3,130.56,3,2,1,0,1,0,1,0.58,0.0,0,0,11,4,1,1,0.3636,7,0,2,0.0,0,negative_hard
synthetic_user_0069,2c1e63cb-30f5-4e05-92af-ea93368ef4ab,2026-01-03T01:43:30,1,1,1,0,1,3,130.56,3,2,1,0,1,0,1,0.41,0.0,0,1,18,6,2,2,0.3333,7,0,2,0.0,0,negative_hard
synthetic_user_0069,40a8032b-e43c-43dc-ba5f-d650f1c0a979,2026-01-03T01:43:30,1,1,1,0,1,3,130.56,3,2,1,0,1,0,1,0.41,0.0,0,1,11,5,3,2,0.4545,7,0,2,0.0,0,negative_hard
synthetic_user_0069,8706bbb8-8343-4edc-9af4-244b9cad76aa,2026-01-03T01:43:30,1,1,0,1,0,3,130.56,3,2,1,0,1,0,0,0.47,0.0,0,0,76,24,6,2,0.3158,0,0,2,0.0,0,negative_soft
synthetic_user_0033,945e447f-c018-4d92-b5e5-2f1f7a11bd56,2026-01-03T06:23:25,1,1,1,0,1,3,112.79,3,2,0,0,0,0,3,1.03,0.0,0,1,7,2,1,0,0.2857,5,0,1,0.0,0,negative_hard
synthetic_user_0033,98a77293-8faf-4d27-8248-6eb91f481d8f,2026-01-03T06:23:25,1,1,1,0,1,3,112.79,3,2,0,0,0,0,0,0.58,0.0,0,0,17,11,5,3,0.6471,5,0,1,0.0,0,negative_hard
synthetic_user_0033,5a0f55cf-16af-4459-9030-0c7c6e11207f,2026-01-03T06:23:25,1,1,1,0,1,3,112.79,3,2,0,0,0,0,0,0.58,0.0,0,0,8,4,1,2,0.5,5,0,1,0.0,0,negative_hard
synthetic_user_0033,8706bbb8-8343-4edc-9af4-244b9cad76aa,2026-01-03T06:23:25,1,1,0,1,0,3,112.79,3,2,0,0,0,0,0,0.47,0.0,0,0,76,24,6,2,0.3158,0,0,1,0.0,0,negative_soft
synthetic_user_0033,45a799e0-5716-4209-b489-bd8f9ef13974,2026-01-03T06:26:29,1,1,1,0,1,3,112.79,3,3,0,0,0,0,1,0.41,0.0,0,1,3,1,0,0,0.3333,6,0,2,0.0,0,negative_hard
synthetic_user_0033,830353af-6497-4bc7-bab8-08114b64b682,2026-01-03T06:26:29,1,1,1,0,1,3,112.79,3,3,0,0,0,0,0,1.05,0.0,0,0,13,6,1,1,0.4615,6,0,2,0.0,0,negative_hard
synthetic_user_0033,a8231f34-c157-4fcd-b08a-5a3420cc0cee,2026-01-03T06:26:29,1,1,1,0,1,3,112.79,3,3,0,0,0,0,1,0.69,0.0,0,1,9,3,0,1,0.3333,6,0,2,0.0,0,negative_hard
synthetic_user_0033,8706bbb8-8343-4edc-9af4-244b9cad76aa,2026-01-03T06:26:29,1,1,0,1,0,3,112.79,3,3,0,0,0,0,0,0.47,0.0,0,0,76,24,6,2,0.3158,0,0,2,0.0,0,negative_soft
synthetic_user_0033,09593622-ad83-4d14-8236-17bea51dbb13,2026-01-03T06:28:51,1,1,1,0,1,3,112.79,3,3,1,0,0,0,1,0.69,0.0,0,1,21,9,2,5,0.4286,7,0,2,0.0,0,negative_hard
synthetic_user_0033,45a799e0-5716-4209-b489-bd8f9ef13974,2026-01-03T06:28:51,1,1,1,0,1,3,112.79,3,3,1,0,0,0,1,0.41,0.0,0,1,3,1,0,0,0.3333,7,0,2,0.0,0,negative_hard
synthetic_user_0033,2c1e63cb-30f5-4e05-92af-ea93368ef4ab,2026-01-03T06:28:51,1,1,1,0,1,3,112.79,3,3,1,0,0,0,1,0.41,0.0,0,1,18,6,2,2,0.3333,7,0,2,0.0,0,negative_hard
synthetic_user_0033,8706bbb8-8343-4edc-9af4-244b9cad76aa,2026-01-03T06:28:51,1,1,0,1,0,3,112.79,3,3,1,0,0,0,0,0.47,0.0,0,0,76,24,6,2,0.3158,0,0,2,0.0,0,negative_soft
synthetic_user_0167,85526add-cd5a-4107-a07e-62ff3f493082,2026-01-03T08:09:29,1,1,1,0,1,3,111.06,6,2,0,1,1,0,0,0.41,0.0,0,0,16,5,0,2,0.3125,9,0,2,0.0,0,negative_hard
synthetic_user_0167,a8231f34-c157-4fcd-b08a-5a3420cc0cee,2026-01-03T08:09:29,1,1,1,0,1,3,111.06,6,2,0,1,1,0,1,0.69,0.0,0,1,9,3,0,1,0.3333,9,0,2,0.0,0,negative_hard
synthetic_user_0167,dbcab77a-8d8a-4721-b07d-d5d9ecc7874d,2026-01-03T08:09:29,1,1,1,0,1,3,111.06,6,2,0,1,1,0,1,0.58,0.0,0,0,5,2,0,0,0.4,9,0,2,0.0,0,negative_hard
synthetic_user_0167,7c1af9a0-cf09-4356-8c0d-d762fbb21208,2026-01-03T08:09:29,0,0,0,2,0,3,111.06,6,2,0,1,1,0,1,1.76,0.0,0,1,25,4,0,1,0.16,0,0,0,0.0,0,negative_soft
synthetic_user_0148,95461cac-4301-4ade-8b3c-98201e8731db,2026-01-03T22:53:14,1,1,1,0,1,3,133.54,3,0,0,0,0,1,1,0.41,0.0,0,1,8,2,1,0,0.25,2,0,0,0.0,0,negative_hard
synthetic_user_0148,a8231f34-c157-4fcd-b08a-5a3420cc0cee,2026-01-03T22:53:14,1,1,1,0,1,3,133.54,3,0,0,0,0,1,1,0.69,0.0,0,1,9,3,0,1,0.3333,2,0,0,0.0,0,negative_hard
synthetic_user_0148,98a77293-8faf-4d27-8248-6eb91f481d8f,2026-01-03T22:53:14,1,1,1,0,1,3,133.54,3,0,0,0,0,1,0,0.58,0.0,0,0,17,11,5,3,0.6471,2,0,0,0.0,0,negative_hard
synthetic_user_0148,7c1af9a0-cf09-4356-8c0d-d762fbb21208,2026-01-03T22:53:14,0,0,0,2,0,3,133.54,3,0,0,0,0,1,1,1.76,0.0,0,1,26,4,0,1,0.1538,0,0,0,0.0,0,negative_soft
synthetic_user_0074,a8231f34-c157-4fcd-b08a-5a3420cc0cee,2026-01-04T01:04:45,1,1,1,0,1,3,117.03,6,2,0,1,1,1,1,0.69,0.0,0,1,9,3,0,1,0.3333,9,0,3,0.0,0,negative_hard
synthetic_user_0074,dcf38bea-591e-47ae-aaaf-e01b841cc3b3,2026-01-04T01:04:45,1,1,1,0,1,3,117.03,6,2,0,1,1,1,1,0.69,0.0,0,1,16,4,3,0,0.25,9,0,3,0.0,0,negative_hard
synthetic_user_0074,59bf0b38-d7b5-4024-a66e-a03f1b47095d,2026-01-04T01:04:45,1,1,1,0,1,3,117.03,6,2,0,1,1,1,3,1.03,0.0,0,1,12,5,3,0,0.4167,9,0,3,0.0,0,negative_hard
synthetic_user_0076,5a0f55cf-16af-4459-9030-0c7c6e11207f,2026-01-04T02:04:24,1,1,1,0,1,3,127.51,5,1,0,0,0,0,0,0.58,0.0,0,0,9,5,1,2,0.5556,5,0,1,0.0,0,negative_hard
synthetic_user_0076,e06a75b5-86f9-4daf-b871-0fba7b7ba57d,2026-01-04T02:04:24,1,1,1,0,1,3,127.51,5,1,0,0,0,0,1,0.58,0.0,0,0,11,4,1,1,0.3636,5,0,1,0.0,0,negative_hard
synthetic_user_0076,dcf38bea-591e-47ae-aaaf-e01b841cc3b3,2026-01-04T02:04:24,1,1,1,0,1,3,127.51,5,1,0,0,0,0,1,0.69,0.0,0,1,16,4,3,0,0.25,5,0,1,0.0,0,negative_hard
synthetic_user_0076,7c1af9a0-cf09-4356-8c0d-d762fbb21208,2026-01-04T02:04:24,0,0,0,2,0,3,127.51,5,1,0,0,0,0,1,1.76,0.0,0,1,26,4,0,1,0.1538,0,0,0,0.0,0,negative_soft
synthetic_user_0017,8b44ea69-a5bb-4779-8c63-bf20e4da58c7,2026-01-04T06:40:41,1,1,1,0,1,3,127.07,2,1,0,0,0,1,1,0.69,0.0,0,1,15,10,3,3,0.6667,2,0,1,0.0,0,negative_hard
synthetic_user_0017,2c1e63cb-30f5-4e05-92af-ea93368ef4ab,2026-01-04T06:40:41,1,1,1,0,1,3,127.07,2,1,0,0,0,1,1,0.41,0.0,0,1,18,6,2,2,0.3333,2,0,1,0.0,0,negative_hard
synthetic_user_0017,5a0f55cf-16af-4459-9030-0c7c6e11207f,2026-01-04T06:40:41,1,1,1,0,1,3,127.07,2,1,0,0,0,1,0,0.58,0.0,0,0,9,5,1,2,0.5556,2,0,1,0.0,0,negative_hard
synthetic_user_0017,7c1af9a0-cf09-4356-8c0d-d762fbb21208,2026-01-04T06:40:41,0,0,0,2,0,3,127.07,2,1,0,0,0,1,1,1.76,0.0,0,1,26,4,0,1,0.1538,0,0,0,0.0,0,negative_soft
synthetic_user_0023,c5310615-4076-41e9-9064-736593600471,2026-01-04T21:33:38,1,1,1,0,1,3,123.7,2,0,0,0,0,1,0,1.03,0.0,0,0,16,8,1,3,0.5,1,0,0,0.0,0,negative_hard
synthetic_user_0023,8b44ea69-a5bb-4779-8c63-bf20e4da58c7,2026-01-04T21:33:38,1,1,1,0,1,3,123.7,2,0,0,0,0,1,1,0.69,0.0,0,1,15,10,3,3,0.6667,1,0,0,0.0,0,negative_hard
synthetic_user_0023,945e447f-c018-4d92-b5e5-2f1f7a11bd56,2026-01-04T21:33:38,1,1,1,0,1,3,123.7,2,0,0,0,0,1,3,1.03,0.0,0,1,7,2,1,0,0.2857,1,0,0,0.0,0,negative_hard
synthetic_user_0023,7c1af9a0-cf09-4356-8c0d-d762fbb21208,2026-01-04T21:33:38,0,0,0,2,0,3,123.7,2,0,0,0,0,1,1,1.76,0.0,0,1,26,4,0,1,0.1538,0,0,0,0.0,0,negative_soft
synthetic_user_0019,dbcab77a-8d8a-4721-b07d-d5d9ecc7874d,2026-01-05T05:27:05,1,1,1,0,1,3,135.6,2,1,0,0,0,0,1,0.58,0.0,0,0,6,2,0,0,0.3333,3,0,1,0.0,0,negative_hard
synthetic_user_0019,e06a75b5-86f9-4daf-b871-0fba7b7ba57d,2026-01-05T05:27:05,1,1,1,0,1,3,135.6,2,1,0,0,0,0,1,0.58,0.0,0,0,11,4,1,1,0.3636,3,0,1,0.0,0,negative_hard
synthetic_user_0019,bd6bddb1-3e29-4767-a194-6196e46f7456,2026-01-05T05:27:05,1,1,1,0,1,3,135.6,2,1,0,0,0,0,1,0.41,0.0,0,1,8,3,1,1,0.375,3,0,1,0.0,0,negative_hard
synthetic_user_0019,8706bbb8-8343-4edc-9af4-244b9cad76aa,2026-01-05T05:27:05,1,1,0,1,0,3,135.6,2,1,0,0,0,0,0,0.47,0.0,0,0,80,26,6,2,0.325,0,0,1,0.0,0,negative_soft
synthetic_user_0019,09593622-ad83-4d14-8236-17bea51dbb13,2026-01-05T05:41:52,1,1,1,0,1,3,135.61,3,1,0,0,0,0,1,0.69,0.0,0,1,21,9,2,5,0.4286,4,0,1,0.0,0,negative_hard
synthetic_user_0019,fbb68aab-9b3b-4e24-9109-ea047f927347,2026-01-05T05:41:52,1,1,1,0,1,3,135.61,3,1,0,0,0,0,3,1.03,0.0,0,1,14,5,2,1,0.3571,4,0,1,0.0,0,negative_hard
synthetic_user_0019,581c8e36-7a51-4e8e-ac1d-6e9c1d54940f,2026-01-05T05:41:52,1,1,1,0,1,3,135.61,3,1,0,0,0,0,3,1.03,0.0,0,1,11,1,1,0,0.0909,4,0,1,0.0,0,negative_hard
synthetic_user_0019,8706bbb8-8343-4edc-9af4-244b9cad76aa,2026-01-05T05:41:52,1,1,0,1,0,3,135.61,3,1,0,0,0,0,0,0.47,0.0,0,0,80,26,6,2,0.325,0,0,1,0.0,0,negative_soft
synthetic_user_0019,45a799e0-5716-4209-b489-bd8f9ef13974,2026-01-05T05:51:48,1,1,1,0,1,3,135.62,3,2,0,0,0,0,1,0.41,0.0,0,1,3,1,0,0,0.3333,5,0,2,0.0,0,negative_hard
synthetic_user_0019,a8231f34-c157-4fcd-b08a-5a3420cc0cee,2026-01-05T05:51:48,1,1,1,0,1,3,135.62,3,2,0,0,0,0,1,0.69,0.0,0,1,9,3,0,1,0.3333,5,0,2,0.0,0,negative_hard
synthetic_user_0019,33f6e3a9-237d-433e-b4b6-238e44c80117,2026-01-05T05:51:48,1,1,1,0,1,3,135.62,3,2,0,0,0,0,1,0.58,0.0,0,0,10,4,1,1,0.4,5,0,2,0.0,0,negative_hard
synthetic_user_0019,8706bbb8-8343-4edc-9af4-244b9cad76aa,2026-01-05T05:51:48,1,1,0,1,0,3,135.62,3,2,0,0,0,0,0,0.47,0.0,0,0,80,26,6,2,0.325,0,0,2,0.0,0,negative_soft
synthetic_user_0158,a8231f34-c157-4fcd-b08a-5a3420cc0cee,2026-01-05T21:37:24,1,1,1,0,1,3,128.9,1,0,0,0,0,1,1,0.69,0.0,0,1,9,3,0,1,0.3333,1,0,0,0.0,0,negative_hard
synthetic_user_0158,45a799e0-5716-4209-b489-bd8f9ef13974,2026-01-05T21:37:24,1,1,1,0,1,3,128.9,1,0,0,0,0,1,1,0.41,0.0,0,1,3,1,0,0,0.3333,1,0,0,0.0,0,negative_hard
synthetic_user_0158,8b44ea69-a5bb-4779-8c63-bf20e4da58c7,2026-01-05T21:37:24,1,1,1,0,1,3,128.9,1,0,0,0,0,1,1,0.69,0.0,0,1,15,10,3,3,0.6667,1,0,0,0.0,0,negative_hard
synthetic_user_0158,7c1af9a0-cf09-4356-8c0d-d762fbb21208,2026-01-05T21:37:24,0,0,0,2,0,3,128.9,1,0,0,0,0,1,1,1.76,0.0,0,1,28,4,0,1,0.1429,0,0,0,0.0,0,negative_soft
synthetic_user_0057,a18002e2-24a3-4da4-b558-ea8cadcb047e,2026-01-05T21:48:22,1,1,1,0,1,3,120.06,5,2,0,1,1,0,0,0.58,0.0,0,0,15,8,1,2,0.5333,9,0,2,0.0,0,negative_hard
synthetic_user_0057,ea97dfce-6731-4b1d-9b03-485d04de4867,2026-01-05T21:48:22,1,1,1,0,1,3,120.06,5,2,0,1,1,0,3,1.03,0.0,0,1,10,3,0,1,0.3,9,0,2,0.0,0,negative_hard
synthetic_user_0057,5a0f55cf-16af-4459-9030-0c7c6e11207f,2026-01-05T21:48:22,1,1,1,0,1,3,120.06,5,2,0,1,1,0,0,0.58,0.0,0,0,9,5,1,2,0.5556,9,0,2,0.0,0,negative_hard
synthetic_user_0057,7c1af9a0-cf09-4356-8c0d-d762fbb21208,2026-01-05T21:48:22,0,0,0,2,0,3,120.06,5,2,0,1,1,0,1,1.76,0.0,0,1,28,4,0,1,0.1429,0,0,0,0.0,0,negative_soft
synthetic_user_0158,dbcab77a-8d8a-4721-b07d-d5d9ecc7874d,2026-01-05T21:48:50,1,1,1,0,1,3,128.91,2,0,0,0,0,1,1,0.58,0.0,0,0,6,2,0,0,0.3333,2,0,0,0.0,0,negative_hard
synthetic_user_0158,40a8032b-e43c-43dc-ba5f-d650f1c0a979,2026-01-05T21:48:50,1,1,1,0,1,3,128.91,2,0,0,0,0,1,1,0.41,0.0,0,1,11,5,3,2,0.4545,2,0,0,0.0,0,negative_hard
synthetic_user_0158,b1e94dc4-e19f-4e9b-85e1-69c3b4ab0e97,2026-01-05T21:48:50,1,1,1,0,1,3,128.91,2,0,0,0,0,1,3,1.03,0.0,0,1,12,6,3,2,0.5,2,0,0,0.0,0,negative_hard
synthetic_user_0158,7c1af9a0-cf09-4356-8c0d-d762fbb21208,2026-01-05T21:48:50,0,0,0,2,0,3,128.91,2,0,0,0,0,1,1,1.76,0.0,0,1,28,4,0,1,0.1429,0,0,0,0.0,0,negative_soft
synthetic_user_0057,fbb68aab-9b3b-4e24-9109-ea047f927347,2026-01-05T21:53:52,1,1,1,0,1,3,120.06,5,3,0,1,1,0,3,1.03,0.0,0,1,14,5,2,1,0.3571,10,0,2,0.0,0,negative_hard
synthetic_user_0057,09593622-ad83-4d14-8236-17bea51dbb13,2026-01-05T21:53:52,1,1,1,0,1,3,120.06,5,3,0,1,1,0,1,0.69,0.0,0,1,21,9,2,5,0.4286,10,0,2,0.0,0,negative_hard
synthetic_user_0057,c5310615-4076-41e9-9064-736593600471,2026-01-05T21:53:52,1,1,1,0,1,3,120.06,5,3,0,1,1,0,0,1.03,0.0,0,0,16,8,1,3,0.5,10,0,2,0.0,0,negative_hard
synthetic_user_0057,7c1af9a0-cf09-4356-8c0d-d762fbb21208,2026-01-05T21:53:52,0,0,0,2,0,3,120.06,5,3,0,1,1,0,1,1.76,0.0,0,1,28,4,0,1,0.1429,0,0,0,0.0,0,negative_soft
synthetic_user_0017,dbcab77a-8d8a-4721-b07d-d5d9ecc7874d,2026-01-05T23:16:48,1,1,1,0,1,3,128.76,4,1,0,0,0,1,1,0.58,0.0,0,0,6,2,0,0,0.3333,4,0,1,0.0,0,negative_hard
synthetic_user_0017,95461cac-4301-4ade-8b3c-98201e8731db,2026-01-05T23:16:48,1,1,1,0,1,3,128.76,4,1,0,0,0,1,1,0.41,0.0,0,1,8,2,1,0,0.25,4,0,1,0.0,0,negative_hard
synthetic_user_0017,40a8032b-e43c-43dc-ba5f-d650f1c0a979,2026-01-05T23:16:48,1,1,1,0,1,3,128.76,4,1,0,0,0,1,1,0.41,0.0,0,1,11,5,3,2,0.4545,4,0,1,0.0,0,negative_hard
synthetic_user_0017,7c1af9a0-cf09-4356-8c0d-d762fbb21208,2026-01-05T23:16:48,0,0,0,2,0,3,128.76,4,1,0,0,0,1,1,1.76,0.0,0,1,28,4,0,1,0.1429,0,0,0,0.0,0,negative_soft
synthetic_user_0017,581c8e36-7a51-4e8e-ac1d-6e9c1d54940f,2026-01-05T23:21:59,1,1,1,0,1,3,128.76,4,2,0,0,0,1,3,1.03,0.0,0,1,11,1,1,0,0.0909,5,0,2,0.0,0,negative_hard
synthetic_user_0017,59bf0b38-d7b5-4024-a66e-a03f1b47095d,2026-01-05T23:21:59,1,1,1,0,1,3,128.76,4,2,0,0,0,1,3,1.03,0.0,0,1,12,5,3,0,0.4167,5,0,2,0.0,0,negative_hard
synthetic_user_0017,b1e94dc4-e19f-4e9b-85e1-69c3b4ab0e97,2026-01-05T23:21:59,1,1,1,0,1,3,128.76,4,2,0,0,0,1,3,1.03,0.0,0,1,12,6,3,2,0.5,5,0,2,0.0,0,negative_hard
synthetic_user_0017,7c1af9a0-cf09-4356-8c0d-d762fbb21208,2026-01-05T23:21:59,0,0,0,2,0,3,128.76,4,2,0,0,0,1,1,1.76,0.0,0,1,28,4,0,1,0.1429,0,0,0,0.0,0,negative_soft
synthetic_user_0074,8b44ea69-a5bb-4779-8c63-bf20e4da58c7,2026-01-06T05:09:30,1,1,1,0,1,3,119.19,6,2,0,1,2,1,1,0.69,0.0,0,1,15,10,3,3,0.6667,10,0,4,0.0,0,negative_hard
synthetic_user_0074,95461cac-4301-4ade-8b3c-98201e8731db,2026-01-06T05:09:30,1,1,1,0,1,3,119.19,6,2,0,1,2,1,1,0.41,0.0,0,1,8,2,1,0,0.25,10,0,4,0.0,0,negative_hard
synthetic_user_0074,09593622-ad83-4d14-8236-17bea51dbb13,2026-01-06T05:09:30,1,1,1,0,1,3,119.19,6,2,0,1,2,1,1,0.69,0.0,0,1,21,9,2,5,0.4286,10,0,4,0.0,0,negative_hard
synthetic_user_0186,85526add-cd5a-4107-a07e-62ff3f493082,2026-01-06T07:52:23,1,1,1,0,1,3,134.41,1,0,0,0,0,1,0,0.41,0.0,0,0,16,5,0,2,0.3125,1,0,0,0.0,0,negative_hard
synthetic_user_0186,8b44ea69-a5bb-4779-8c63-bf20e4da58c7,2026-01-06T07:52:23,1,1,1,0,1,3,134.41,1,0,0,0,0,1,1,0.69,0.0,0,1,15,10,3,3,0.6667,1,0,0,0.0,0,negative_hard
synthetic_user_0186,dbcab77a-8d8a-4721-b07d-d5d9ecc7874d,2026-01-06T07:52:23,1,1,1,0,1,3,134.41,1,0,0,0,0,1,1,0.58,0.0,0,0,6,2,0,0,0.3333,1,0,0,0.0,0,negative_hard
synthetic_user_0186,8706bbb8-8343-4edc-9af4-244b9cad76aa,2026-01-06T07:52:23,1,1,0,1,0,3,134.41,1,0,0,0,0,1,0,0.47,0.0,0,0,80,26,6,2,0.325,0,0,0,0.0,0,negative_soft
synthetic_user_0052,fbb68aab-9b3b-4e24-9109-ea047f927347,2026-01-06T22:01:20,1,1,1,0,1,3,133.08,2,2,1,0,0,0,3,1.03,0.0,0,1,14,5,2,1,0.3571,5,0,2,0.0,0,negative_hard
synthetic_user_0052,59bf0b38-d7b5-4024-a66e-a03f1b47095d,2026-01-06T22:01:20,1,1,1,0,1,3,133.08,2,2,1,0,0,0,3,1.03,0.0,0,1,12,5,3,0,0.4167,5,0,2,0.0,0,negative_hard
synthetic_user_0052,e72c3d3b-cf36-4cc4-9a40-d8cc5d28df84,2026-01-06T22:01:20,1,1,1,0,1,3,133.08,2,2,1,0,0,0,1,0.41,0.0,0,1,14,7,3,3,0.5,5,0,2,0.0,0,negative_hard
synthetic_user_0052,8706bbb8-8343-4edc-9af4-244b9cad76aa,2026-01-06T22:01:20,1,1,0,1,0,3,133.08,2,2,1,0,0,0,0,0.47,0.0,0,0,80,26,6,2,0.325,0,0,2,0.0,0,negative_soft
synthetic_user_0015,dbcab77a-8d8a-4721-b07d-d5d9ecc7874d,2026-01-07T06:36:38,1,1,1,0,1,3,137.61,2,1,0,0,1,1,1,0.58,0.0,0,0,6,2,0,0,0.3333,4,0,1,0.0,0,negative_hard
synthetic_user_0015,581c8e36-7a51-4e8e-ac1d-6e9c1d54940f,2026-01-07T06:36:38,1,1,1,0,1,3,137.61,2,1,0,0,1,1,3,1.03,0.0,0,1,11,1,1,0,0.0909,4,0,1,0.0,0,negative_hard
synthetic_user_0015,fbb68aab-9b3b-4e24-9109-ea047f927347,2026-01-07T06:36:38,1,1,1,0,1,3,137.61,2,1,0,0,1,1,3,1.03,0.0,0,1,14,5,2,1,0.3571,4,0,1,0.0,0,negative_hard
synthetic_user_0015,8706bbb8-8343-4edc-9af4-244b9cad76aa,2026-01-07T06:36:38,1,1,0,1,0,3,137.61,2,1,0,0,1,1,0,0.47,0.0,0,0,80,26,6,2,0.325,0,0,1,0.0,0,negative_soft
synthetic_user_0015,087164bc-8a57-44b1-bd06-0644f475917b,2026-01-07T06:42:27,1,1,1,0,1,3,137.61,3,1,0,0,1,1,0,0.58,0.0,0,0,12,3,2,0,0.25,5,0,1,0.0,0,negative_hard
synthetic_user_0015,59bf0b38-d7b5-4024-a66e-a03f1b47095d,2026-01-07T06:42:27,1,1,1,0,1,3,137.61,3,1,0,0,1,1,3,1.03,0.0,0,1,12,5,3,0,0.4167,5,0,1,0.0,0,negative_hard
synthetic_user_0015,dcd20897-e14a-43fc-b2ba-66bb4a569874,2026-01-07T06:42:27,1,1,1,0,1,3,137.61,3,1,0,0,1,1,1,0.69,0.0,0,1,14,4,2,2,0.2857,5,0,1,0.0,0,negative_hard
synthetic_user_0015,8706bbb8-8343-4edc-9af4-244b9cad76aa,2026-01-07T06:42:27,1,1,0,1,0,3,137.61,3,1,0,0,1,1,0,0.47,0.0,0,0,80,26,6,2,0.325,0,0,1,0.0,0,negative_soft
synthetic_user_0015,ea97dfce-6731-4b1d-9b03-485d04de4867,2026-01-07T06:47:45,1,1,1,0,1,3,137.62,3,2,0,0,1,1,3,1.03,0.0,0,1,10,3,0,1,0.3,6,0,2,0.0,0,negative_hard
synthetic_user_0015,f6081dfd-75ec-4719-a05b-6ec1f95df15f,2026-01-07T06:47:45,1,1,1,0,1,3,137.62,3,2,0,0,1,1,1,1.05,0.0,0,1,9,1,0,1,0.1111,6,0,2,0.0,0,negative_hard
synthetic_user_0015,830353af-6497-4bc7-bab8-08114b64b682,2026-01-07T06:47:45,1,1,1,0,1,3,137.62,3,2,0,0,1,1,0,1.05,0.0,0,0,13,6,1,1,0.4615,6,0,2,0.0,0,negative_hard
synthetic_user_0015,8706bbb8-8343-4edc-9af4-244b9cad76aa,2026-01-07T06:47:45,1,1,0,1,0,3,137.62,3,2,0,0,1,1,0,0.47,0.0,0,0,80,26,6,2,0.325,0,0,2,0.0,0,negative_soft
synthetic_user_0052,e72c3d3b-cf36-4cc4-9a40-d8cc5d28df84,2026-01-07T06:59:12,1,1,1,0,1,3,133.45,4,2,1,0,0,0,1,0.41,0.0,0,1,14,7,3,3,0.5,7,0,2,0.0,0,negative_hard
synthetic_user_0052,dcd20897-e14a-43fc-b2ba-66bb4a569874,2026-01-07T06:59:12,1,1,1,0,1,3,133.45,4,2,1,0,0,0,1,0.69,0.0,0,1,14,4,2,2,0.2857,7,0,2,0.0,0,negative_hard
synthetic_user_0052,dcf38bea-591e-47ae-aaaf-e01b841cc3b3,2026-01-07T06:59:12,1,1,1,0,1,3,133.45,4,2,1,0,0,0,1,0.69,0.0,0,1,18,4,3,0,0.2222,7,0,2,0.0,0,negative_hard
synthetic_user_0052,8706bbb8-8343-4edc-9af4-244b9cad76aa,2026-01-07T06:59:12,1,1,0,1,0,3,133.45,4,2,1,0,0,0,0,0.47,0.0,0,0,80,26,6,2,0.325,0,0,2,0.0,0,negative_soft
synthetic_user_0015,98a77293-8faf-4d27-8248-6eb91f481d8f,2026-01-07T07:05:05,1,1,1,0,1,3,137.63,3,2,1,0,1,1,0,0.58,0.0,0,0,18,12,5,4,0.6667,7,0,2,0.0,0,negative_hard
synthetic_user_0015,fbb68aab-9b3b-4e24-9109-ea047f927347,2026-01-07T07:05:05,1,1,1,0,1,3,137.63,3,2,1,0,1,1,3,1.03,0.0,0,1,14,5,2,1,0.3571,7,0,2,0.0,0,negative_hard
synthetic_user_0015,e06a75b5-86f9-4daf-b871-0fba7b7ba57d,2026-01-07T07:05:05,1,1,1,0,1,3,137.63,3,2,1,0,1,1,1,0.58,0.0,0,0,11,4,1,1,0.3636,7,0,2,0.0,0,negative_hard
synthetic_user_0015,8706bbb8-8343-4edc-9af4-244b9cad76aa,2026-01-07T07:05:05,1,1,0,1,0,3,137.63,3,2,1,0,1,1,0,0.47,0.0,0,0,80,26,6,2,0.325,0,0,2,0.0,0,negative_soft
synthetic_user_0144,bd6bddb1-3e29-4767-a194-6196e46f7456,2026-01-07T07:08:46,1,1,1,0,1,3,119.46,3,0,0,0,0,0,1,0.41,0.0,0,1,9,3,1,1,0.3333,3,0,0,0.0,0,negative_hard
synthetic_user_0144,087164bc-8a57-44b1-bd06-0644f475917b,2026-01-07T07:08:46,1,1,1,0,1,3,119.46,3,0,0,0,0,0,0,0.58,0.0,0,0,13,4,2,0,0.3077,3,0,0,0.0,0,negative_hard
synthetic_user_0144,b1e94dc4-e19f-4e9b-85e1-69c3b4ab0e97,2026-01-07T07:08:46,1,1,1,0,1,3,119.46,3,0,0,0,0,0,3,1.03,0.0,0,1,12,6,3,2,0.5,3,0,0,0.0,0,negative_hard
synthetic_user_0144,8706bbb8-8343-4edc-9af4-244b9cad76aa,2026-01-07T07:08:46,1,1,0,1,0,3,119.46,3,0,0,0,0,0,0,0.47,0.0,0,0,80,26,6,2,0.325,0,0,0,0.0,0,negative_soft
synthetic_user_0144,98a77293-8faf-4d27-8248-6eb91f481d8f,2026-01-07T07:16:02,1,1,1,0,1,3,119.46,3,1,0,0,0,0,0,0.58,0.0,0,0,18,12,5,4,0.6667,4,0,1,0.0,0,negative_hard
synthetic_user_0144,85526add-cd5a-4107-a07e-62ff3f493082,2026-01-07T07:16:02,1,1,1,0,1,3,119.46,3,1,0,0,0,0,0,0.41,0.0,0,0,16,5,0,2,0.3125,4,0,1,0.0,0,negative_hard
synthetic_user_0144,dbcab77a-8d8a-4721-b07d-d5d9ecc7874d,2026-01-07T07:16:02,1,1,1,0,1,3,119.46,3,1,0,0,0,0,1,0.58,0.0,0,0,6,2,0,0,0.3333,4,0,1,0.0,0,negative_hard
synthetic_user_0144,8706bbb8-8343-4edc-9af4-244b9cad76aa,2026-01-07T07:16:02,1,1,0,1,0,3,119.46,3,1,0,0,0,0,0,0.47,0.0,0,0,80,26,6,2,0.325,0,0,1,0.0,0,negative_soft
synthetic_user_0144,40a8032b-e43c-43dc-ba5f-d650f1c0a979,2026-01-07T07:18:56,1,1,1,0,1,3,119.46,3,1,0,1,0,0,1,0.41,0.0,0,1,12,5,3,2,0.4167,5,0,1,0.0,0,negative_hard
synthetic_user_0144,f6081dfd-75ec-4719-a05b-6ec1f95df15f,2026-01-07T07:18:56,1,1,1,0,1,3,119.46,3,1,0,1,0,0,1,1.05,0.0,0,1,9,1,0,1,0.1111,5,0,1,0.0,0,negative_hard
synthetic_user_0144,5a0f55cf-16af-4459-9030-0c7c6e11207f,2026-01-07T07:18:56,1,1,1,0,1,3,119.46,3,1,0,1,0,0,0,0.58,0.0,0,0,9,5,1,2,0.5556,5,0,1,0.0,0,negative_hard
synthetic_user_0144,8706bbb8-8343-4edc-9af4-244b9cad76aa,2026-01-07T07:18:56,1,1,0,1,0,3,119.46,3,1,0,1,0,0,0,0.47,0.0,0,0,80,26,6,2,0.325,0,0,1,0.0,0,negative_soft
synthetic_user_0089,e06a75b5-86f9-4daf-b871-0fba7b7ba57d,2026-01-07T18:05:13,1,1,1,0,1,3,117.04,1,1,0,0,0,0,1,0.58,0.0,0,0,12,5,2,2,0.4167,2,0,1,0.0,0,negative_hard
synthetic_user_0089,09593622-ad83-4d14-8236-17bea51dbb13,2026-01-07T18:05:13,1,1,1,0,1,3,117.04,1,1,0,0,0,0,1,0.69,0.0,0,1,21,9,2,5,0.4286,2,0,1,0.0,0,negative_hard
synthetic_user_0089,8b44ea69-a5bb-4779-8c63-bf20e4da58c7,2026-01-07T18:05:13,1,1,1,0,1,3,117.04,1,1,0,0,0,0,1,0.69,0.0,0,1,16,10,3,3,0.625,2,0,1,0.0,0,negative_hard
synthetic_user_0089,8706bbb8-8343-4edc-9af4-244b9cad76aa,2026-01-07T18:05:13,1,1,0,1,0,3,117.04,1,1,0,0,0,0,0,0.47,0.0,0,0,80,26,6,2,0.325,0,0,1,0.0,0,negative_soft
synthetic_user_0183,dcf38bea-591e-47ae-aaaf-e01b841cc3b3,2026-01-07T22:57:12,1,1,1,0,1,3,124.15,3,0,0,0,0,0,1,0.69,0.0,0,1,18,4,3,0,0.2222,3,0,0,0.0,0,negative_hard
synthetic_user_0183,5a0f55cf-16af-4459-9030-0c7c6e11207f,2026-01-07T22:57:12,1,1,1,0,1,3,124.15,3,0,0,0,0,0,0,0.58,0.0,0,0,9,5,1,2,0.5556,3,0,0,0.0,0,negative_hard
synthetic_user_0183,f6081dfd-75ec-4719-a05b-6ec1f95df15f,2026-01-07T22:57:12,1,1,1,0,1,3,124.15,3,0,0,0,0,0,1,1.05,0.0,0,1,9,1,0,1,0.1111,3,0,0,0.0,0,negative_hard
synthetic_user_0183,8706bbb8-8343-4edc-9af4-244b9cad76aa,2026-01-07T22:57:12,1,1,0,1,0,3,124.15,3,0,0,0,0,0,0,0.47,0.0,0,0,80,26,6,2,0.325,0,0,0,0.0,0,negative_soft
synthetic_user_0128,ea97dfce-6731-4b1d-9b03-485d04de4867,2026-01-08T00:01:05,1,1,1,0,1,3,128.18,1,0,0,0,0,0,3,1.03,0.0,0,1,10,3,0,1,0.3,1,0,0,0.0,0,negative_hard
synthetic_user_0128,98a77293-8faf-4d27-8248-6eb91f481d8f,2026-01-08T00:01:05,1,1,1,0,1,3,128.18,1,0,0,0,0,0,0,0.58,0.0,0,0,19,12,5,4,0.6316,1,0,0,0.0,0,negative_hard
synthetic_user_0128,a18002e2-24a3-4da4-b558-ea8cadcb047e,2026-01-08T00:01:05,1,1,1,0,1,3,128.18,1,0,0,0,0,0,0,0.58,0.0,0,0,17,9,2,2,0.5294,1,0,0,0.0,0,negative_hard
synthetic_user_0128,7c1af9a0-cf09-4356-8c0d-d762fbb21208,2026-01-08T00:01:05,0,0,0,2,0,3,128.18,1,0,0,0,0,0,1,1.76,0.0,0,1,28,4,0,1,0.1429,0,0,0,0.0,0,negative_soft
synthetic_user_0190,2c1e63cb-30f5-4e05-92af-ea93368ef4ab,2026-01-08T02:37:32,1,1,1,0,1,3,131.35,5,1,0,1,0,0,1,0.41,0.0,0,1,19,6,2,2,0.3158,7,0,1,0.0,0,negative_hard
synthetic_user_0190,e72c3d3b-cf36-4cc4-9a40-d8cc5d28df84,2026-01-08T02:37:32,1,1,1,0,1,3,131.35,5,1,0,1,0,0,1,0.41,0.0,0,1,14,7,3,3,0.5,7,0,1,0.0,0,negative_hard
synthetic_user_0190,8b44ea69-a5bb-4779-8c63-bf20e4da58c7,2026-01-08T02:37:32,1,1,1,0,1,3,131.35,5,1,0,1,0,0,1,0.69,0.0,0,1,16,10,3,3,0.625,7,0,1,0.0,0,negative_hard
synthetic_user_0190,7c1af9a0-cf09-4356-8c0d-d762fbb21208,2026-01-08T02:37:32,0,0,0,2,0,3,131.35,5,1,0,1,0,0,1,1.76,0.0,0,1,28,4,0,1,0.1429,0,0,0,0.0,0,negative_soft
synthetic_user_0140,e06a75b5-86f9-4daf-b871-0fba7b7ba57d,2026-01-08T07:25:34,1,1,1,0,1,3,138.5,2,1,0,1,1,0,1,0.58,0.0,0,0,12,5,2,2,0.4167,5,0,1,0.0,0,negative_hard
synthetic_user_0140,40a8032b-e43c-43dc-ba5f-d650f1c0a979,2026-01-08T07:25:34,1,1,1,0,1,3,138.5,2,1,0,1,1,0,1,0.41,0.0,0,1,12,5,3,2,0.4167,5,0,1,0.0,0,negative_hard
synthetic_user_0140,fbb68aab-9b3b-4e24-9109-ea047f927347,2026-01-08T07:25:34,1,1,1,0,1,3,138.5,2,1,0,1,1,0,3,1.03,0.0,0,1,14,5,2,1,0.3571,5,0,1,0.0,0,negative_hard
synthetic_user_0140,8706bbb8-8343-4edc-9af4-244b9cad76aa,2026-01-08T07:25:34,1,1,0,1,0,3,138.5,2,1,0,1,1,0,0,0.47,0.0,0,0,80,26,6,2,0.325,0,0,1,0.0,0,negative_soft
synthetic_user_0084,dcd20897-e14a-43fc-b2ba-66bb4a569874,2026-01-08T18:49:10,1,1,1,0,1,3,143.78,1,1,0,0,1,0,1,0.69,0.0,0,1,14,4,2,2,0.2857,3,0,1,0.0,0,negative_hard
synthetic_user_0084,2c1e63cb-30f5-4e05-92af-ea93368ef4ab,2026-01-08T18:49:10,1,1,1,0,1,3,143.78,1,1,0,0,1,0,1,0.41,0.0,0,1,19,6,2,2,0.3158,3,0,1,0.0,0,negative_hard
synthetic_user_0084,e72c3d3b-cf36-4cc4-9a40-d8cc5d28df84,2026-01-08T18:49:10,1,1,1,0,1,3,143.78,1,1,0,0,1,0,1,0.41,0.0,0,1,14,7,3,3,0.5,3,0,1,0.0,0,negative_hard
synthetic_user_0084,8706bbb8-8343-4edc-9af4-244b9cad76aa,2026-01-08T18:49:10,1,1,0,1,0,3,143.78,1,1,0,0,1,0,0,0.47,0.0,0,0,80,26,6,2,0.325,0,0,1,0.0,0,negative_soft
synthetic_user_0161,33f6e3a9-237d-433e-b4b6-238e44c80117,2026-01-08T19:17:09,1,1,1,0,1,3,143.38,3,1,0,0,0,0,1,0.58,0.0,0,0,10,4,1,1,0.4,4,0,1,0.0,0,negative_hard
synthetic_user_0161,830353af-6497-4bc7-bab8-08114b64b682,2026-01-08T19:17:09,1,1,1,0,1,3,143.38,3,1,0,0,0,0,0,1.05,0.0,0,0,14,6,1,1,0.4286,4,0,1,0.0,0,negative_hard
synthetic_user_0161,bd6bddb1-3e29-4767-a194-6196e46f7456,2026-01-08T19:17:09,1,1,1,0,1,3,143.38,3,1,0,0,0,0,1,0.41,0.0,0,1,9,3,1,1,0.3333,4,0,1,0.0,0,negative_hard
synthetic_user_0161,8706bbb8-8343-4edc-9af4-244b9cad76aa,2026-01-08T19:17:09,1,1,0,1,0,3,143.38,3,1,0,0,0,0,0,0.47,0.0,0,0,80,26,6,2,0.325,0,0,1,0.0,0,negative_soft
synthetic_user_0161,f6081dfd-75ec-4719-a05b-6ec1f95df15f,2026-01-08T19:23:15,1,1,1,0,1,3,143.39,4,1,0,0,0,0,1,1.05,0.0,0,1,9,1,0,1,0.1111,5,0,1,0.0,0,negative_hard
synthetic_user_0161,087164bc-8a57-44b1-bd06-0644f475917b,2026-01-08T19:23:15,1,1,1,0,1,3,143.39,4,1,0,0,0,0,0,0.58,0.0,0,0,14,4,2,0,0.2857,5,0,1,0.0,0,negative_hard
synthetic_user_0161,fbb68aab-9b3b-4e24-9109-ea047f927347,2026-01-08T19:23:15,1,1,1,0,1,3,143.39,4,1,0,0,0,0,3,1.03,0.0,0,1,14,5,2,1,0.3571,5,0,1,0.0,0,negative_hard
synthetic_user_0161,8706bbb8-8343-4edc-9af4-244b9cad76aa,2026-01-08T19:23:15,1,1,0,1,0,3,143.39,4,1,0,0,0,0,0,0.47,0.0,0,0,80,26,6,2,0.325,0,0,1,0.0,0,negative_soft
synthetic_user_0161,95461cac-4301-4ade-8b3c-98201e8731db,2026-01-08T19:29:10,1,1,1,0,1,3,143.39,4,2,0,0,0,0,1,0.41,0.0,0,1,8,2,1,0,0.25,6,0,1,0.0,0,negative_hard
synthetic_user_0161,f6081dfd-75ec-4719-a05b-6ec1f95df15f,2026-01-08T19:29:10,1,1,1,0,1,3,143.39,4,2,0,0,0,0,1,1.05,0.0,0,1,9,1,0,1,0.1111,6,0,1,0.0,0,negative_hard
synthetic_user_0161,bd6bddb1-3e29-4767-a194-6196e46f7456,2026-01-08T19:29:10,1,1,1,0,1,3,143.39,4,2,0,0,0,0,1,0.41,0.0,0,1,9,3,1,1,0.3333,6,0,1,0.0,0,negative_hard
synthetic_user_0161,8706bbb8-8343-4edc-9af4-244b9cad76aa,2026-01-08T19:29:10,1,1,0,1,0,3,143.39,4,2,0,0,0,0,0,0.47,0.0,0,0,80,26,6,2,0.325,0,0,1,0.0,0,negative_soft
synthetic_user_0077,2c1e63cb-30f5-4e05-92af-ea93368ef4ab,2026-01-08T20:40:46,1,1,1,0,1,3,127.01,6,2,2,0,1,0,1,0.41,0.0,0,1,19,6,2,2,0.3158,11,0,3,0.0,0,negative_hard
synthetic_user_0077,09593622-ad83-4d14-8236-17bea51dbb13,2026-01-08T20:40:46,1,1,1,0,1,3,127.01,6,2,2,0,1,0,1,0.69,0.0,0,1,21,9,2,5,0.4286,11,0,3,0.0,0,negative_hard
synthetic_user_0077,dcd20897-e14a-43fc-b2ba-66bb4a569874,2026-01-08T20:40:46,1,1,1,0,1,3,127.01,6,2,2,0,1,0,1,0.69,0.0,0,1,14,4,2,2,0.2857,11,0,3,0.0,0,negative_hard
synthetic_user_0077,7c1af9a0-cf09-4356-8c0d-d762fbb21208,2026-01-08T20:40:46,0,0,0,2,0,3,127.01,6,2,2,0,1,0,1,1.76,0.0,0,1,28,4,0,1,0.1429,0,0,0,0.0,0,negative_soft
synthetic_user_0077,85526add-cd5a-4107-a07e-62ff3f493082,2026-01-08T20:45:20,1,1,1,0,1,3,127.01,7,2,2,0,1,0,0,0.41,0.0,0,0,16,5,0,2,0.3125,12,0,3,0.0,0,negative_hard
synthetic_user_0077,8b44ea69-a5bb-4779-8c63-bf20e4da58c7,2026-01-08T20:45:20,1,1,1,0,1,3,127.01,7,2,2,0,1,0,1,0.69,0.0,0,1,16,10,3,3,0.625,12,0,3,0.0,0,negative_hard
synthetic_user_0077,fbb68aab-9b3b-4e24-9109-ea047f927347,2026-01-08T20:45:20,1,1,1,0,1,3,127.01,7,2,2,0,1,0,3,1.03,0.0,0,1,14,5,2,1,0.3571,12,0,3,0.0,0,negative_hard
synthetic_user_0077,7c1af9a0-cf09-4356-8c0d-d762fbb21208,2026-01-08T20:45:20,0,0,0,2,0,3,127.01,7,2,2,0,1,0,1,1.76,0.0,0,1,28,4,0,1,0.1429,0,0,0,0.0,0,negative_soft
synthetic_user_0057,087164bc-8a57-44b1-bd06-0644f475917b,2026-01-08T23:31:14,1,1,1,0,1,3,123.13,6,3,0,2,1,0,0,0.58,0.0,0,0,14,4,2,0,0.2857,12,0,2,0.0,0,negative_hard
synthetic_user_0057,f6081dfd-75ec-4719-a05b-6ec1f95df15f,2026-01-08T23:31:14,1,1,1,0,1,3,123.13,6,3,0,2,1,0,1,1.05,0.0,0,1,9,1,0,1,0.1111,12,0,2,0.0,0,negative_hard
synthetic_user_0057,830353af-6497-4bc7-bab8-08114b64b682,2026-01-08T23:31:14,1,1,1,0,1,3,123.13,6,3,0,2,1,0,0,1.05,0.0,0,0,14,6,1,1,0.4286,12,0,2,0.0,0,negative_hard
synthetic_user_0057,7c1af9a0-cf09-4356-8c0d-d762fbb21208,2026-01-08T23:31:14,0,0,0,2,0,3,123.13,6,3,0,2,1,0,1,1.76,0.0,0,1,28,4,0,1,0.1429,0,0,0,0.0,0,negative_soft
synthetic_user_0136,5a0f55cf-16af-4459-9030-0c7c6e11207f,2026-01-08T23:36:28,1,1,1,0,1,3,136.75,1,0,0,0,0,0,0,0.58,0.0,0,0,10,5,1,2,0.5,1,0,0,0.0,0,negative_hard
synthetic_user_0136,2c1e63cb-30f5-4e05-92af-ea93368ef4ab,2026-01-08T23:36:28,1,1,1,0,1,3,136.75,1,0,0,0,0,0,1,0.41,0.0,0,1,19,6,2,2,0.3158,1,0,0,0.0,0,negative_hard
synthetic_user_0136,09593622-ad83-4d14-8236-17bea51dbb13,2026-01-08T23:36:28,1,1,1,0,1,3,136.75,1,0,0,0,0,0,1,0.69,0.0,0,1,21,9,2,5,0.4286,1,0,0,0.0,0,negative_hard
synthetic_user_0136,8706bbb8-8343-4edc-9af4-244b9cad76aa,2026-01-08T23:36:28,1,1,0,1,0,3,136.75,1,0,0,0,0,0,0,0.47,0.0,0,0,81,26,6,2,0.321,0,0,0,0.0,0,negative_soft
synthetic_user_0066,a8231f34-c157-4fcd-b08a-5a3420cc0cee,2026-01-08T23:48:35,1,1,1,0,1,3,126.62,3,0,0,0,1,1,1,0.69,0.0,0,1,11,4,0,1,0.3636,4,0,1,0.0,0,negative_hard
synthetic_user_0066,2c1e63cb-30f5-4e05-92af-ea93368ef4ab,2026-01-08T23:48:35,1,1,1,0,1,3,126.62,3,0,0,0,1,1,1,0.41,0.0,0,1,19,6,2,2,0.3158,4,0,1,0.0,0,negative_hard
synthetic_user_0066,830353af-6497-4bc7-bab8-08114b64b682,2026-01-08T23:48:35,1,1,1,0,1,3,126.62,3,0,0,0,1,1,0,1.05,0.0,0,0,14,6,1,1,0.4286,4,0,1,0.0,0,negative_hard
synthetic_user_0066,8706bbb8-8343-4edc-9af4-244b9cad76aa,2026-01-08T23:48:35,1,1,0,1,0,3,126.62,3,0,0,0,1,1,0,0.47,0.0,0,0,81,26,6,2,0.321,0,0,1,0.0,0,negative_soft
synthetic_user_0019,a8231f34-c157-4fcd-b08a-5a3420cc0cee,2026-01-09T00:48:35,1,1,1,0,1,3,139.41,4,2,0,0,1,0,1,0.69,0.0,0,1,11,4,0,1,0.3636,7,0,2,0.0,0,negative_hard
synthetic_user_0019,85526add-cd5a-4107-a07e-62ff3f493082,2026-01-09T00:48:35,1,1,1,0,1,3,139.41,4,2,0,0,1,0,0,0.41,0.0,0,0,17,6,0,2,0.3529,7,0,2,0.0,0,negative_hard
synthetic_user_0019,087164bc-8a57-44b1-bd06-0644f475917b,2026-01-09T00:48:35,1,1,1,0,1,3,139.41,4,2,0,0,1,0,0,0.58,0.0,0,0,14,4,2,0,0.2857,7,0,2,0.0,0,negative_hard
synthetic_user_0019,8706bbb8-8343-4edc-9af4-244b9cad76aa,2026-01-09T00:48:35,1,1,0,1,0,3,139.41,4,2,0,0,1,0,0,0.47,0.0,0,0,81,26,6,2,0.321,0,0,2,0.0,0,negative_soft
synthetic_user_0019,087164bc-8a57-44b1-bd06-0644f475917b,2026-01-09T00:51:15,1,1,1,0,1,3,139.41,4,2,0,0,2,0,0,0.58,0.0,0,0,14,4,2,0,0.2857,8,0,3,0.0,0,negative_hard
synthetic_user_0019,945e447f-c018-4d92-b5e5-2f1f7a11bd56,2026-01-09T00:51:15,1,1,1,0,1,3,139.41,4,2,0,0,2,0,3,1.03,0.0,0,1,10,3,1,1,0.3,8,0,3,0.0,0,negative_hard
synthetic_user_0019,dcf38bea-591e-47ae-aaaf-e01b841cc3b3,2026-01-09T00:51:15,1,1,1,0,1,3,139.41,4,2,0,0,2,0,1,0.69,0.0,0,1,19,4,3,0,0.2105,8,0,3,0.0,0,negative_hard
synthetic_user_0019,8706bbb8-8343-4edc-9af4-244b9cad76aa,2026-01-09T00:51:15,1,1,0,1,0,3,139.41,4,2,0,0,2,0,0,0.47,0.0,0,0,81,26,6,2,0.321,0,0,3,0.0,0,negative_soft
synthetic_user_0139,40a8032b-e43c-43dc-ba5f-d650f1c0a979,2026-01-09T09:10:57,1,1,1,0,1,3,133.32,1,0,0,0,0,0,1,0.41,0.0,0,1,12,5,3,2,0.4167,0,0,0,0.0,0,negative_hard
synthetic_user_0139,a18002e2-24a3-4da4-b558-ea8cadcb047e,2026-01-09T09:10:57,1,1,1,0,1,3,133.32,1,0,0,0,0,0,0,0.58,0.0,0,0,19,10,2,2,0.5263,0,0,0,0.0,0,negative_hard
synthetic_user_0139,a8231f34-c157-4fcd-b08a-5a3420cc0cee,2026-01-09T09:10:57,1,1,1,0,1,3,133.32,1,0,0,0,0,0,1,0.69,0.0,0,1,11,4,0,1,0.3636,0,0,0,0.0,0,negative_hard
synthetic_user_0139,7c1af9a0-cf09-4356-8c0d-d762fbb21208,2026-01-09T09:10:57,0,0,0,2,0,3,133.32,1,0,0,0,0,0,1,1.76,0.0,0,1,29,4,0,1,0.1379,0,0,0,0.0,0,negative_soft
synthetic_user_0017,830353af-6497-4bc7-bab8-08114b64b682,2026-01-09T19:35:43,1,1,1,0,1,3,132.61,4,2,0,1,0,1,0,1.05,0.0,0,0,14,6,1,1,0.4286,6,0,2,0.0,0,negative_hard
synthetic_user_0017,09593622-ad83-4d14-8236-17bea51dbb13,2026-01-09T19:35:43,1,1,1,0,1,3,132.61,4,2,0,1,0,1,1,0.69,0.0,0,1,21,9,2,5,0.4286,6,0,2,0.0,0,negative_hard
synthetic_user_0017,b1e94dc4-e19f-4e9b-85e1-69c3b4ab0e97,2026-01-09T19:35:43,1,1,1,0,1,3,132.61,4,2,0,1,0,1,3,1.03,0.0,0,1,12,6,3,2,0.5,6,0,2,0.0,0,negative_hard
synthetic_user_0017,7c1af9a0-cf09-4356-8c0d-d762fbb21208,2026-01-09T19:35:43,0,0,0,2,0,3,132.61,4,2,0,1,0,1,1,1.76,0.0,0,1,29,4,0,1,0.1379,0,0,0,0.0,0,negative_soft
synthetic_user_0017,fbb68aab-9b3b-4e24-9109-ea047f927347,2026-01-09T19:39:52,1,1,1,0,1,3,132.61,5,2,0,1,0,1,3,1.03,0.0,0,1,14,5,2,1,0.3571,6,0,2,0.0,0,negative_hard
synthetic_user_0017,95461cac-4301-4ade-8b3c-98201e8731db,2026-01-09T19:39:52,1,1,1,0,1,3,132.61,5,2,0,1,0,1,1,0.41,0.0,0,1,8,2,1,0,0.25,6,0,2,0.0,0,negative_hard
synthetic_user_0017,e72c3d3b-cf36-4cc4-9a40-d8cc5d28df84,2026-01-09T19:39:52,1,1,1,0,1,3,132.61,5,2,0,1,0,1,1,0.41,0.0,0,1,14,7,3,3,0.5,6,0,2,0.0,0,negative_hard
synthetic_user_0017,7c1af9a0-cf09-4356-8c0d-d762fbb21208,2026-01-09T19:39:52,0,0,0,2,0,3,132.61,5,2,0,1,0,1,1,1.76,0.0,0,1,29,4,0,1,0.1379,0,0,0,0.0,0,negative_soft
synthetic_user_0017,830353af-6497-4bc7-bab8-08114b64b682,2026-01-09T19:42:24,1,1,1,0,1,3,132.61,5,3,0,1,0,1,0,1.05,0.0,0,0,14,6,1,1,0.4286,6,0,3,0.0,0,negative_hard
synthetic_user_0017,e06a75b5-86f9-4daf-b871-0fba7b7ba57d,2026-01-09T19:42:24,1,1,1,0,1,3,132.61,5,3,0,1,0,1,1,0.58,0.0,0,0,12,5,2,2,0.4167,6,0,3,0.0,0,negative_hard
synthetic_user_0017,dcf38bea-591e-47ae-aaaf-e01b841cc3b3,2026-01-09T19:42:24,1,1,1,0,1,3,132.61,5,3,0,1,0,1,1,0.69,0.0,0,1,19,4,3,0,0.2105,6,0,3,0.0,0,negative_hard
synthetic_user_0017,7c1af9a0-cf09-4356-8c0d-d762fbb21208,2026-01-09T19:42:24,0,0,0,2,0,3,132.61,5,3,0,1,0,1,1,1.76,0.0,0,1,29,4,0,1,0.1379,0,0,0,0.0,0,negative_soft
synthetic_user_0094,95461cac-4301-4ade-8b3c-98201e8731db,2026-01-09T20:05:37,1,1,1,0,1,3,146.07,1,0,0,0,0,1,1,0.41,0.0,0,1,8,2,1,0,0.25,0,0,0,0.0,0,negative_hard
synthetic_user_0094,ea97dfce-6731-4b1d-9b03-485d04de4867,2026-01-09T20:05:37,1,1,1,0,1,3,146.07,1,0,0,0,0,1,3,1.03,0.0,0,1,10,3,0,1,0.3,0,0,0,0.0,0,negative_hard
synthetic_user_0094,33f6e3a9-237d-433e-b4b6-238e44c80117,2026-01-09T20:05:37,1,1,1,0,1,3,146.07,1,0,0,0,0,1,1,0.58,0.0,0,0,10,4,1,1,0.4,0,0,0,0.0,0,negative_hard
synthetic_user_0094,7c1af9a0-cf09-4356-8c0d-d762fbb21208,2026-01-09T20:05:37,0,0,0,2,0,3,146.07,1,0,0,0,0,1,1,1.76,0.0,0,1,29,4,0,1,0.1379,0,0,0,0.0,0,negative_soft
synthetic_user_0083,b1e94dc4-e19f-4e9b-85e1-69c3b4ab0e97,2026-01-09T21:18:28,1,1,1,0,1,3,143.28,1,0,0,0,0,1,3,1.03,0.0,0,1,12,6,3,2,0.5,0,0,0,0.0,0,negative_hard
synthetic_user_0083,09593622-ad83-4d14-8236-17bea51dbb13,2026-01-09T21:18:28,1,1,1,0,1,3,143.28,1,0,0,0,0,1,1,0.69,0.0,0,1,21,9,2,5,0.4286,0,0,0,0.0,0,negative_hard
synthetic_user_0083,40a8032b-e43c-43dc-ba5f-d650f1c0a979,2026-01-09T21:18:28,1,1,1,0,1,3,143.28,1,0,0,0,0,1,1,0.41,0.0,0,1,12,5,3,2,0.4167,0,0,0,0.0,0,negative_hard
synthetic_user_0083,7c1af9a0-cf09-4356-8c0d-d762fbb21208,2026-01-09T21:18:28,0,0,0,2,0,3,143.28,1,0,0,0,0,1,1,1.76,0.0,0,1,29,4,0,1,0.1379,0,0,0,0.0,0,negative_soft
synthetic_user_0112,f6081dfd-75ec-4719-a05b-6ec1f95df15f,2026-01-09T21:19:13,1,1,1,0,1,3,139.02,3,0,0,0,0,0,1,1.05,0.0,0,1,9,1,0,1,0.1111,2,0,0,0.0,0,negative_hard
synthetic_user_0112,33f6e3a9-237d-433e-b4b6-238e44c80117,2026-01-09T21:19:13,1,1,1,0,1,3,139.02,3,0,0,0,0,0,1,0.58,0.0,0,0,10,4,1,1,0.4,2,0,0,0.0,0,negative_hard
synthetic_user_0112,8b44ea69-a5bb-4779-8c63-bf20e4da58c7,2026-01-09T21:19:13,1,1,1,0,1,3,139.02,3,0,0,0,0,0,1,0.69,0.0,0,1,16,10,3,3,0.625,2,0,0,0.0,0,negative_hard
synthetic_user_0112,7c1af9a0-cf09-4356-8c0d-d762fbb21208,2026-01-09T21:19:13,0,0,0,2,0,3,139.02,3,0,0,0,0,0,1,1.76,0.0,0,1,29,4,0,1,0.1379,0,0,0,0.0,0,negative_soft
synthetic_user_0112,dbcab77a-8d8a-4721-b07d-d5d9ecc7874d,2026-01-09T21:21:54,1,1,1,0,1,3,139.03,4,0,0,0,0,0,1,0.58,0.0,0,0,8,2,0,0,0.25,3,0,0,0.0,0,negative_hard
synthetic_user_0112,85526add-cd5a-4107-a07e-62ff3f493082,2026-01-09T21:21:54,1,1,1,0,1,3,139.03,4,0,0,0,0,0,0,0.41,0.0,0,0,17,6,0,2,0.3529,3,0,0,0.0,0,negative_hard
synthetic_user_0112,33f6e3a9-237d-433e-b4b6-238e44c80117,2026-01-09T21:21:54,1,1,1,0,1,3,139.03,4,0,0,0,0,0,1,0.58,0.0,0,0,10,4,1,1,0.4,3,0,0,0.0,0,negative_hard
synthetic_user_0112,7c1af9a0-cf09-4356-8c0d-d762fbb21208,2026-01-09T21:21:54,0,0,0,2,0,3,139.03,4,0,0,0,0,0,1,1.76,0.0,0,1,29,4,0,1,0.1379,0,0,0,0.0,0,negative_soft
synthetic_user_0083,e72c3d3b-cf36-4cc4-9a40-d8cc5d28df84,2026-01-09T21:30:25,1,1,1,0,1,3,143.29,2,0,0,0,0,1,1,0.41,0.0,0,1,15,7,3,3,0.4667,0,0,0,0.0,0,negative_hard
synthetic_user_0083,bd6bddb1-3e29-4767-a194-6196e46f7456,2026-01-09T21:30:25,1,1,1,0,1,3,143.29,2,0,0,0,0,1,1,0.41,0.0,0,1,9,3,1,1,0.3333,0,0,0,0.0,0,negative_hard
synthetic_user_0083,95461cac-4301-4ade-8b3c-98201e8731db,2026-01-09T21:30:25,1,1,1,0,1,3,143.29,2,0,0,0,0,1,1,0.41,0.0,0,1,8,2,1,0,0.25,0,0,0,0.0,0,negative_hard
synthetic_user_0083,7c1af9a0-cf09-4356-8c0d-d762fbb21208,2026-01-09T21:30:25,0,0,0,2,0,3,143.29,2,0,0,0,0,1,1,1.76,0.0,0,1,29,4,0,1,0.1379,0,0,0,0.0,0,negative_soft
synthetic_user_0083,dcf38bea-591e-47ae-aaaf-e01b841cc3b3,2026-01-09T21:37:45,1,1,1,0,1,3,143.3,2,1,0,0,0,1,1,0.69,0.0,0,1,19,4,3,0,0.2105,0,0,1,0.0,0,negative_hard
synthetic_user_0083,95461cac-4301-4ade-8b3c-98201e8731db,2026-01-09T21:37:45,1,1,1,0,1,3,143.3,2,1,0,0,0,1,1,0.41,0.0,0,1,8,2,1,0,0.25,0,0,1,0.0,0,negative_hard
synthetic_user_0083,33f6e3a9-237d-433e-b4b6-238e44c80117,2026-01-09T21:37:45,1,1,1,0,1,3,143.3,2,1,0,0,0,1,1,0.58,0.0,0,0,10,4,1,1,0.4,0,0,1,0.0,0,negative_hard
synthetic_user_0083,7c1af9a0-cf09-4356-8c0d-d762fbb21208,2026-01-09T21:37:45,0,0,0,2,0,3,143.3,2,1,0,0,0,1,1,1.76,0.0,0,1,29,4,0,1,0.1379,0,0,0,0.0,0,negative_soft
synthetic_user_0036,40a8032b-e43c-43dc-ba5f-d650f1c0a979,2026-01-09T22:58:05,1,1,1,0,1,3,139.41,2,1,0,0,0,0,1,0.41,0.0,0,1,13,6,3,2,0.4615,3,0,1,0.0,0,negative_hard
synthetic_user_0036,2c1e63cb-30f5-4e05-92af-ea93368ef4ab,2026-01-09T22:58:05,1,1,1,0,1,3,139.41,2,1,0,0,0,0,1,0.41,0.0,0,1,19,6,2,2,0.3158,3,0,1,0.0,0,negative_hard
synthetic_user_0036,ea97dfce-6731-4b1d-9b03-485d04de4867,2026-01-09T22:58:05,1,1,1,0,1,3,139.41,2,1,0,0,0,0,3,1.03,0.0,0,1,10,3,0,1,0.3,3,0,1,0.0,0,negative_hard
synthetic_user_0036,8706bbb8-8343-4edc-9af4-244b9cad76aa,2026-01-09T22:58:05,1,1,0,1,0,3,139.41,2,1,0,0,0,0,0,0.47,0.0,0,0,85,28,7,3,0.3294,0,0,1,0.0,0,negative_soft
synthetic_user_0036,fbb68aab-9b3b-4e24-9109-ea047f927347,2026-01-09T22:58:24,1,1,1,0,1,3,139.41,2,1,0,0,1,0,3,1.03,0.0,0,1,14,5,2,1,0.3571,4,0,2,0.0,0,negative_hard
synthetic_user_0036,dbcab77a-8d8a-4721-b07d-d5d9ecc7874d,2026-01-09T22:58:24,1,1,1,0,1,3,139.41,2,1,0,0,1,0,1,0.58,0.0,0,0,8,2,0,0,0.25,4,0,2,0.0,0,negative_hard
synthetic_user_0036,33f6e3a9-237d-433e-b4b6-238e44c80117,2026-01-09T22:58:24,1,1,1,0,1,3,139.41,2,1,0,0,1,0,1,0.58,0.0,0,0,10,4,1,1,0.4,4,0,2,0.0,0,negative_hard
synthetic_user_0036,8706bbb8-8343-4edc-9af4-244b9cad76aa,2026-01-09T22:58:24,1,1,0,1,0,3,139.41,2,1,0,0,1,0,0,0.47,0.0,0,0,85,28,7,3,0.3294,0,0,2,0.0,0,negative_soft
synthetic_user_0036,dcd20897-e14a-43fc-b2ba-66bb4a569874,2026-01-09T23:04:22,1,1,1,0,1,3,139.41,2,2,0,0,1,0,1,0.69,0.0,0,1,14,4,2,2,0.2857,5,0,2,0.0,0,negative_hard
synthetic_user_0036,33f6e3a9-237d-433e-b4b6-238e44c80117,2026-01-09T23:04:22,1,1,1,0,1,3,139.41,2,2,0,0,1,0,1,0.58,0.0,0,0,10,4,1,1,0.4,5,0,2,0.0,0,negative_hard
synthetic_user_0036,09593622-ad83-4d14-8236-17bea51dbb13,2026-01-09T23:04:22,1,1,1,0,1,3,139.41,2,2,0,0,1,0,1,0.69,0.0,0,1,21,9,2,5,0.4286,5,0,2,0.0,0,negative_hard
synthetic_user_0036,8706bbb8-8343-4edc-9af4-244b9cad76aa,2026-01-09T23:04:22,1,1,0,1,0,3,139.41,2,2,0,0,1,0,0,0.47,0.0,0,0,85,28,7,3,0.3294,0,0,2,0.0,0,negative_soft
synthetic_user_0148,5a0f55cf-16af-4459-9030-0c7c6e11207f,2026-01-10T01:49:13,1,1,1,0,1,3,139.66,5,0,0,0,0,1,0,0.58,0.0,0,0,12,6,1,2,0.5,3,0,0,0.0,0,negative_hard
synthetic_user_0148,ea97dfce-6731-4b1d-9b03-485d04de4867,2026-01-10T01:49:13,1,1,1,0,1,3,139.66,5,0,0,0,0,1,3,1.03,0.0,0,1,10,3,0,1,0.3,3,0,0,0.0,0,negative_hard
synthetic_user_0148,33f6e3a9-237d-433e-b4b6-238e44c80117,2026-01-10T01:49:13,1,1,1,0,1,3,139.66,5,0,0,0,0,1,1,0.58,0.0,0,0,10,4,1,1,0.4,3,0,0,0.0,0,negative_hard
synthetic_user_0148,7c1af9a0-cf09-4356-8c0d-d762fbb21208,2026-01-10T01:49:13,0,0,0,2,0,3,139.66,5,0,0,0,0,1,1,1.76,0.0,0,1,29,4,0,1,0.1379,0,0,0,0.0,0,negative_soft
synthetic_user_0148,f6081dfd-75ec-4719-a05b-6ec1f95df15f,2026-01-10T02:13:19,1,1,1,0,1,3,139.68,5,1,0,0,0,1,1,1.05,0.0,0,1,9,1,0,1,0.1111,4,0,1,0.0,0,negative_hard
synthetic_user_0148,ea97dfce-6731-4b1d-9b03-485d04de4867,2026-01-10T02:13:19,1,1,1,0,1,3,139.68,5,1,0,0,0,1,3,1.03,0.0,0,1,10,3,0,1,0.3,4,0,1,0.0,0,negative_hard
synthetic_user_0148,5a0f55cf-16af-4459-9030-0c7c6e11207f,2026-01-10T02:13:19,1,1,1,0,1,3,139.68,5,1,0,0,0,1,0,0.58,0.0,0,0,12,6,1,2,0.5,4,0,1,0.0,0,negative_hard
synthetic_user_0148,7c1af9a0-cf09-4356-8c0d-d762fbb21208,2026-01-10T02:13:19,0,0,0,2,0,3,139.68,5,1,0,0,0,1,1,1.76,0.0,0,1,29,4,0,1,0.1379,0,0,0,0.0,0,negative_soft
synthetic_user_0179,945e447f-c018-4d92-b5e5-2f1f7a11bd56,2026-01-10T02:14:04,1,1,1,0,1,3,145.01,3,0,0,0,0,0,3,1.03,0.0,0,1,10,3,1,1,0.3,3,0,0,0.0,0,negative_hard
synthetic_user_0179,5a0f55cf-16af-4459-9030-0c7c6e11207f,2026-01-10T02:14:04,1,1,1,0,1,3,145.01,3,0,0,0,0,0,0,0.58,0.0,0,0,12,6,1,2,0.5,3,0,0,0.0,0,negative_hard
synthetic_user_0179,a8231f34-c157-4fcd-b08a-5a3420cc0cee,2026-01-10T02:14:04,1,1,1,0,1,3,145.01,3,0,0,0,0,0,1,0.69,0.0,0,1,11,4,0,1,0.3636,3,0,0,0.0,0,negative_hard
synthetic_user_0179,7c1af9a0-cf09-4356-8c0d-d762fbb21208,2026-01-10T02:14:04,0,0,0,2,0,3,145.01,3,0,0,0,0,0,1,1.76,0.0,0,1,29,4,0,1,0.1379,0,0,0,0.0,0,negative_soft
synthetic_user_0067,40a8032b-e43c-43dc-ba5f-d650f1c0a979,2026-01-10T03:31:22,1,1,1,0,1,3,131.05,6,1,1,0,0,0,1,0.41,0.0,0,1,13,6,3,2,0.4615,7,0,1,0.0,0,negative_hard
synthetic_user_0067,8b44ea69-a5bb-4779-8c63-bf20e4da58c7,2026-01-10T03:31:22,1,1,1,0,1,3,131.05,6,1,1,0,0,0,1,0.69,0.0,0,1,16,10,3,3,0.625,7,0,1,0.0,0,negative_hard
synthetic_user_0067,b1e94dc4-e19f-4e9b-85e1-69c3b4ab0e97,2026-01-10T03:31:22,1,1,1,0,1,3,131.05,6,1,1,0,0,0,3,1.03,0.0,0,1,12,6,3,2,0.5,7,0,1,0.0,0,negative_hard
synthetic_user_0081,dcf38bea-591e-47ae-aaaf-e01b841cc3b3,2026-01-10T08:50:06,1,1,1,0,1,3,132.04,4,2,1,0,2,1,1,0.69,0.0,0,1,19,4,3,0,0.2105,3,0,2,0.0,0,negative_hard
synthetic_user_0081,a18002e2-24a3-4da4-b558-ea8cadcb047e,2026-01-10T08:50:06,1,1,1,0,1,3,132.04,4,2,1,0,2,1,0,0.58,0.0,0,0,19,10,2,2,0.5263,3,0,2,0.0,0,negative_hard
synthetic_user_0081,5a0f55cf-16af-4459-9030-0c7c6e11207f,2026-01-10T08:50:06,1,1,1,0,1,3,132.04,4,2,1,0,2,1,0,0.58,0.0,0,0,12,6,1,2,0.5,3,0,2,0.0,0,negative_hard
synthetic_user_0081,7c1af9a0-cf09-4356-8c0d-d762fbb21208,2026-01-10T08:50:06,0,0,0,2,0,3,132.04,4,2,1,0,2,1,1,1.76,0.0,0,1,29,4,0,1,0.1379,0,0,0,0.0,0,negative_soft
synthetic_user_0081,40a8032b-e43c-43dc-ba5f-d650f1c0a979,2026-01-10T08:57:39,1,1,1,0,1,3,132.05,4,3,1,0,2,1,1,0.41,0.0,0,1,14,6,3,2,0.4286,3,0,2,0.0,0,negative_hard
synthetic_user_0081,95461cac-4301-4ade-8b3c-98201e8731db,2026-01-10T08:57:39,1,1,1,0,1,3,132.05,4,3,1,0,2,1,1,0.41,0.0,0,1,8,2,1,0,0.25,3,0,2,0.0,0,negative_hard
synthetic_user_0081,dcf38bea-591e-47ae-aaaf-e01b841cc3b3,2026-01-10T08:57:39,1,1,1,0,1,3,132.05,4,3,1,0,2,1,1,0.69,0.0,0,1,19,4,3,0,0.2105,3,0,2,0.0,0,negative_hard
synthetic_user_0081,7c1af9a0-cf09-4356-8c0d-d762fbb21208,2026-01-10T08:57:39,0,0,0,2,0,3,132.05,4,3,1,0,2,1,1,1.76,0.0,0,1,29,4,0,1,0.1379,0,0,0,0.0,0,negative_soft
synthetic_user_0088,945e447f-c018-4d92-b5e5-2f1f7a11bd56,2026-01-10T23:29:15,1,1,1,0,1,3,120.97,3,2,1,0,0,0,3,1.03,0.0,0,1,10,3,1,1,0.3,4,0,2,0.0,0,negative_hard
synthetic_user_0088,a18002e2-24a3-4da4-b558-ea8cadcb047e,2026-01-10T23:29:15,1,1,1,0,1,3,120.97,3,2,1,0,0,0,0,0.58,0.0,0,0,19,10,2,2,0.5263,4,0,2,0.0,0,negative_hard
synthetic_user_0088,2c1e63cb-30f5-4e05-92af-ea93368ef4ab,2026-01-10T23:29:15,1,1,1,0,1,3,120.97,3,2,1,0,0,0,1,0.41,0.0,0,1,19,6,2,2,0.3158,4,0,2,0.0,0,negative_hard
synthetic_user_0088,7c1af9a0-cf09-4356-8c0d-d762fbb21208,2026-01-10T23:29:15,0,0,0,2,0,3,120.97,3,2,1,0,0,0,1,1.76,0.0,0,1,29,4,0,1,0.1379,0,0,0,0.0,0,negative_soft
synthetic_user_0088,dcd20897-e14a-43fc-b2ba-66bb4a569874,2026-01-10T23:35:53,1,1,1,0,1,3,120.97,3,3,1,0,0,0,1,0.69,0.0,0,1,14,4,2,2,0.2857,5,0,3,0.0,0,negative_hard
synthetic_user_0088,830353af-6497-4bc7-bab8-08114b64b682,2026-01-10T23:35:53,1,1,1,0,1,3,120.97,3,3,1,0,0,0,0,1.05,0.0,0,0,14,6,1,1,0.4286,5,0,3,0.0,0,negative_hard
synthetic_user_0088,ea97dfce-6731-4b1d-9b03-485d04de4867,2026-01-10T23:35:53,1,1,1,0,1,3,120.97,3,3,1,0,0,0,3,1.03,0.0,0,1,10,3,0,1,0.3,5,0,3,0.0,0,negative_hard
synthetic_user_0088,7c1af9a0-cf09-4356-8c0d-d762fbb21208,2026-01-10T23:35:53,0,0,0,2,0,3,120.97,3,3,1,0,0,0,1,1.76,0.0,0,1,29,4,0,1,0.1379,0,0,0,0.0,0,negative_soft
synthetic_user_0169,e06a75b5-86f9-4daf-b871-0fba7b7ba57d,2026-01-11T01:06:54,1,1,1,0,1,3,118.9,2,0,0,0,0,1,1,0.58,0.0,0,0,12,5,2,2,0.4167,1,0,0,0.0,0,negative_hard
synthetic_user_0169,09593622-ad83-4d14-8236-17bea51dbb13,2026-01-11T01:06:54,1,1,1,0,1,3,118.9,2,0,0,0,0,1,1,0.69,0.0,0,1,22,10,2,5,0.4545,1,0,0,0.0,0,negative_hard
synthetic_user_0169,45a799e0-5716-4209-b489-bd8f9ef13974,2026-01-11T01:06:54,1,1,1,0,1,3,118.9,2,0,0,0,0,1,1,0.41,0.0,0,1,5,3,1,0,0.6,1,0,0,0.0,0,negative_hard
synthetic_user_0169,7c1af9a0-cf09-4356-8c0d-d762fbb21208,2026-01-11T01:06:54,0,0,0,2,0,3,118.9,2,0,0,0,0,1,1,1.76,0.0,0,1,29,4,0,1,0.1379,0,0,0,0.0,0,negative_soft
synthetic_user_0169,dcd20897-e14a-43fc-b2ba-66bb4a569874,2026-01-11T01:09:34,1,1,1,0,1,3,118.9,2,1,0,0,0,1,1,0.69,0.0,0,1,14,4,2,2,0.2857,2,0,1,0.0,0,negative_hard
synthetic_user_0169,95461cac-4301-4ade-8b3c-98201e8731db,2026-01-11T01:09:34,1,1,1,0,1,3,118.9,2,1,0,0,0,1,1,0.41,0.0,0,1,8,2,1,0,0.25,2,0,1,0.0,0,negative_hard
synthetic_user_0169,33f6e3a9-237d-433e-b4b6-238e44c80117,2026-01-11T01:09:34,1,1,1,0,1,3,118.9,2,1,0,0,0,1,1,0.58,0.0,0,0,10,4,1,1,0.4,2,0,1,0.0,0,negative_hard
synthetic_user_0169,7c1af9a0-cf09-4356-8c0d-d762fbb21208,2026-01-11T01:09:34,0,0,0,2,0,3,118.9,2,1,0,0,0,1,1,1.76,0.0,0,1,29,4,0,1,0.1379,0,0,0,0.0,0,negative_soft
synthetic_user_0136,087164bc-8a57-44b1-bd06-0644f475917b,2026-01-11T05:03:42,1,1,1,0,1,3,138.97,3,0,0,0,0,0,0,0.58,0.0,0,0,14,4,2,0,0.2857,3,0,0,0.0,0,negative_hard
synthetic_user_0136,fbb68aab-9b3b-4e24-9109-ea047f927347,2026-01-11T05:03:42,1,1,1,0,1,3,138.97,3,0,0,0,0,0,3,1.03,0.0,0,1,14,5,2,1,0.3571,3,0,0,0.0,0,negative_hard
synthetic_user_0136,dcf38bea-591e-47ae-aaaf-e01b841cc3b3,2026-01-11T05:03:42,1,1,1,0,1,3,138.97,3,0,0,0,0,0,1,0.69,0.0,0,1,19,4,3,0,0.2105,3,0,0,0.0,0,negative_hard
synthetic_user_0136,8706bbb8-8343-4edc-9af4-244b9cad76aa,2026-01-11T05:03:42,1,1,0,1,0,3,138.97,3,0,0,0,0,0,0,0.47,0.0,0,0,87,29,8,3,0.3333,0,0,0,0.0,0,negative_soft
synthetic_user_0048,f6081dfd-75ec-4719-a05b-6ec1f95df15f,2026-01-11T22:52:11,1,1,1,0,1,3,124.31,1,1,0,1,0,0,1,1.05,0.0,0,1,9,1,0,1,0.1111,3,0,1,0.0,0,negative_hard
synthetic_user_0048,8b44ea69-a5bb-4779-8c63-bf20e4da58c7,2026-01-11T22:52:11,1,1,1,0,1,3,124.31,1,1,0,1,0,0,1,0.69,0.0,0,1,17,11,4,3,0.6471,3,0,1,0.0,0,negative_hard
synthetic_user_0048,dcd20897-e14a-43fc-b2ba-66bb4a569874,2026-01-11T22:52:11,1,1,1,0,1,3,124.31,1,1,0,1,0,0,1,0.69,0.0,0,1,14,4,2,2,0.2857,3,0,1,0.0,0,negative_hard
synthetic_user_0048,8706bbb8-8343-4edc-9af4-244b9cad76aa,2026-01-11T22:52:11,1,1,0,1,0,3,124.31,1,1,0,1,0,0,0,0.47,0.0,0,0,87,29,8,3,0.3333,0,0,1,0.0,0,negative_soft
synthetic_user_0080,a18002e2-24a3-4da4-b558-ea8cadcb047e,2026-01-11T22:55:42,0,0,0,2,0,1,125.21,2,0,0,0,0,0,0,0.58,0.0,0,0,19,10,2,2,0.5263,1,0,0,0.0,0,negative_soft
synthetic_user_0080,33f6e3a9-237d-433e-b4b6-238e44c80117,2026-01-11T22:55:42,0,0,0,2,0,1,125.21,2,0,0,0,0,0,1,0.58,0.0,0,0,10,4,1,1,0.4,1,0,0,0.0,0,negative_soft
synthetic_user_0080,98a77293-8faf-4d27-8248-6eb91f481d8f,2026-01-11T22:55:42,0,0,0,2,0,1,125.21,2,0,0,0,0,0,0,0.58,0.0,0,0,21,13,5,4,0.619,1,0,0,0.0,0,negative_soft
synthetic_user_0080,2c1e63cb-30f5-4e05-92af-ea93368ef4ab,2026-01-11T22:55:42,0,0,0,2,0,1,125.21,2,0,0,0,0,0,1,0.41,0.0,0,1,19,6,2,2,0.3158,1,0,0,0.0,0,negative_soft
synthetic_user_0080,40a8032b-e43c-43dc-ba5f-d650f1c0a979,2026-01-11T22:56:36,0,0,0,2,0,1,125.21,2,0,0,0,1,0,1,0.41,0.0,0,1,14,6,3,2,0.4286,1,0,0,0.0,0,negative_soft
synthetic_user_0080,c5310615-4076-41e9-9064-736593600471,2026-01-11T22:56:36,0,0,0,2,0,1,125.21,2,0,0,0,1,0,0,1.03,0.0,0,0,16,8,1,3,0.5,1,0,0,0.0,0,negative_soft
synthetic_user_0080,8b44ea69-a5bb-4779-8c63-bf20e4da58c7,2026-01-11T22:56:36,0,0,0,2,0,1,125.21,2,0,0,0,1,0,1,0.69,0.0,0,1,17,11,4,3,0.6471,1,0,0,0.0,0,negative_soft
synthetic_user_0080,830353af-6497-4bc7-bab8-08114b64b682,2026-01-11T22:56:36,0,0,0,2,0,1,125.21,2,0,0,0,1,0,0,1.05,0.0,0,0,14,6,1,1,0.4286,1,0,0,0.0,0,negative_soft
synthetic_user_0172,2c1e63cb-30f5-4e05-92af-ea93368ef4ab,2026-01-12T06:20:07,1,1,1,0,1,3,137.2,5,1,0,1,2,0,1,0.41,0.0,0,1,19,6,2,2,0.3158,8,0,2,0.0,0,negative_hard
synthetic_user_0172,8b44ea69-a5bb-4779-8c63-bf20e4da58c7,2026-01-12T06:20:07,1,1,1,0,1,3,137.2,5,1,0,1,2,0,1,0.69,0.0,0,1,18,11,4,3,0.6111,8,0,2,0.0,0,negative_hard
synthetic_user_0172,dbcab77a-8d8a-4721-b07d-d5d9ecc7874d,2026-01-12T06:20:07,1,1,1,0,1,3,137.2,5,1,0,1,2,0,1,0.58,0.0,0,0,10,2,0,0,0.2,8,0,2,0.0,0,negative_hard
synthetic_user_0172,7c1af9a0-cf09-4356-8c0d-d762fbb21208,2026-01-12T06:20:07,0,0,0,2,0,3,137.2,5,1,0,1,2,0,1,1.76,0.0,0,1,31,5,0,1,0.1613,0,0,0,0.0,0,negative_soft
synthetic_user_0039,f6081dfd-75ec-4719-a05b-6ec1f95df15f,2026-01-12T07:24:26,1,1,1,0,1,3,121.86,3,0,0,0,1,1,1,1.05,0.0,0,1,9,1,0,1,0.1111,3,0,1,0.0,0,negative_hard
synthetic_user_0039,830353af-6497-4bc7-bab8-08114b64b682,2026-01-12T07:24:26,1,1,1,0,1,3,121.86,3,0,0,0,1,1,0,1.05,0.0,0,0,14,6,1,1,0.4286,3,0,1,0.0,0,negative_hard
synthetic_user_0039,e06a75b5-86f9-4daf-b871-0fba7b7ba57d,2026-01-12T07:24:26,1,1,1,0,1,3,121.86,3,0,0,0,1,1,1,0.58,0.0,0,0,13,5,2,2,0.3846,3,0,1,0.0,0,negative_hard
synthetic_user_0039,7c1af9a0-cf09-4356-8c0d-d762fbb21208,2026-01-12T07:24:26,0,0,0,2,0,3,121.86,3,0,0,0,1,1,1,1.76,0.0,0,1,31,5,0,1,0.1613,0,0,0,0.0,0,negative_soft
synthetic_user_0133,dcd20897-e14a-43fc-b2ba-66bb4a569874,2026-01-13T04:42:48,1,1,1,0,1,3,148.44,5,1,1,0,0,1,1,0.69,0.0,0,1,14,4,2,2,0.2857,6,0,1,0.0,0,negative_hard
synthetic_user_0133,45a799e0-5716-4209-b489-bd8f9ef13974,2026-01-13T04:42:48,1,1,1,0,1,3,148.44,5,1,1,0,0,1,1,0.41,0.0,0,1,5,3,1,0,0.6,6,0,1,0.0,0,negative_hard
synthetic_user_0133,09593622-ad83-4d14-8236-17bea51dbb13,2026-01-13T04:42:48,1,1,1,0,1,3,148.44,5,1,1,0,0,1,1,0.69,0.0,0,1,22,10,2,5,0.4545,6,0,1,0.0,0,negative_hard
synthetic_user_0133,7c1af9a0-cf09-4356-8c0d-d762fbb21208,2026-01-13T04:42:48,0,0,0,2,0,3,148.44,5,1,1,0,0,1,1,1.76,0.0,0,1,31,5,0,1,0.1613,0,0,0,0.0,0,negative_soft
synthetic_user_0172,bd6bddb1-3e29-4767-a194-6196e46f7456,2026-01-14T18:20:44,1,1,1,0,1,3,139.7,6,1,0,1,2,0,1,0.41,0.0,0,1,9,3,1,1,0.3333,9,0,2,0.0,0,negative_hard
synthetic_user_0172,a18002e2-24a3-4da4-b558-ea8cadcb047e,2026-01-14T18:20:44,1,1,1,0,1,3,139.7,6,1,0,1,2,0,0,0.58,0.0,0,0,20,10,2,2,0.5,9,0,2,0.0,0,negative_hard
synthetic_user_0172,fbb68aab-9b3b-4e24-9109-ea047f927347,2026-01-14T18:20:44,1,1,1,0,1,3,139.7,6,1,0,1,2,0,3,1.03,0.0,0,1,14,5,2,1,0.3571,9,0,2,0.0,0,negative_hard
synthetic_user_0172,7c1af9a0-cf09-4356-8c0d-d762fbb21208,2026-01-14T18:20:44,0,0,0,2,0,3,139.7,6,1,0,1,2,0,1,1.76,0.0,0,1,31,5,0,1,0.1613,0,0,0,0.0,0,negative_soft
synthetic_user_0073,f6081dfd-75ec-4719-a05b-6ec1f95df15f,2026-01-16T06:07:19,1,1,1,0,1,3,131.87,5,1,1,0,0,0,1,1.05,0.0,0,1,9,1,0,1,0.1111,6,0,1,0.0,0,negative_hard
synthetic_user_0073,40a8032b-e43c-43dc-ba5f-d650f1c0a979,2026-01-16T06:07:19,1,1,1,0,1,3,131.87,5,1,1,0,0,0,1,0.41,0.0,0,1,14,6,3,2,0.4286,6,0,1,0.0,0,negative_hard
synthetic_user_0073,dcd20897-e14a-43fc-b2ba-66bb4a569874,2026-01-16T06:07:19,1,1,1,0,1,3,131.87,5,1,1,0,0,0,1,0.69,0.0,0,1,14,4,2,2,0.2857,6,0,1,0.0,0,negative_hard
synthetic_user_0073,7c1af9a0-cf09-4356-8c0d-d762fbb21208,2026-01-16T06:07:19,0,0,0,2,0,3,131.87,5,1,1,0,0,0,1,1.76,0.0,0,1,31,5,0,1,0.1613,0,0,0,0.0,0,negative_soft
synthetic_user_0076,dcd20897-e14a-43fc-b2ba-66bb4a569874,2026-01-16T08:41:49,1,1,1,0,1,3,139.79,6,2,0,0,0,0,1,0.69,0.0,0,1,14,4,2,2,0.2857,6,0,2,0.0,0,negative_hard
synthetic_user_0076,a8231f34-c157-4fcd-b08a-5a3420cc0cee,2026-01-16T08:41:49,1,1,1,0,1,3,139.79,6,2,0,0,0,0,1,0.69,0.0,0,1,11,4,0,1,0.3636,6,0,2,0.0,0,negative_hard
synthetic_user_0076,ea97dfce-6731-4b1d-9b03-485d04de4867,2026-01-16T08:41:49,1,1,1,0,1,3,139.79,6,2,0,0,0,0,3,1.03,0.0,0,1,10,3,0,1,0.3,6,0,2,0.0,0,negative_hard
synthetic_user_0076,7c1af9a0-cf09-4356-8c0d-d762fbb21208,2026-01-16T08:41:49,0,0,0,2,0,3,139.79,6,2,0,0,0,0,1,1.76,0.0,0,1,31,5,0,1,0.1613,0,0,0,0.0,0,negative_soft
synthetic_user_0076,40a8032b-e43c-43dc-ba5f-d650f1c0a979,2026-01-16T08:44:07,1,1,1,0,1,3,139.79,6,3,0,0,0,0,1,0.41,0.0,0,1,14,6,3,2,0.4286,7,0,3,0.0,0,negative_hard
synthetic_user_0076,2c1e63cb-30f5-4e05-92af-ea93368ef4ab,2026-01-16T08:44:07,1,1,1,0,1,3,139.79,6,3,0,0,0,0,1,0.41,0.0,0,1,20,6,2,2,0.3,7,0,3,0.0,0,negative_hard
synthetic_user_0076,95461cac-4301-4ade-8b3c-98201e8731db,2026-01-16T08:44:07,1,1,1,0,1,3,139.79,6,3,0,0,0,0,1,0.41,0.0,0,1,8,2,1,0,0.25,7,0,3,0.0,0,negative_hard
synthetic_user_0076,7c1af9a0-cf09-4356-8c0d-d762fbb21208,2026-01-16T08:44:07,0,0,0,2,0,3,139.79,6,3,0,0,0,0,1,1.76,0.0,0,1,31,5,0,1,0.1613,0,0,0,0.0,0,negative_soft
synthetic_user_0120,f6081dfd-75ec-4719-a05b-6ec1f95df15f,2026-01-16T18:19:24,1,1,1,0,1,3,146.92,4,1,0,0,0,0,1,1.05,0.0,0,1,9,1,0,1,0.1111,2,0,1,0.0,0,negative_hard
synthetic_user_0120,09593622-ad83-4d14-8236-17bea51dbb13,2026-01-16T18:19:24,1,1,1,0,1,3,146.92,4,1,0,0,0,0,1,0.69,0.0,0,1,22,10,2,5,0.4545,2,0,1,0.0,0,negative_hard
synthetic_user_0120,8b44ea69-a5bb-4779-8c63-bf20e4da58c7,2026-01-16T18:19:24,1,1,1,0,1,3,146.92,4,1,0,0,0,0,1,0.69,0.0,0,1,18,11,4,3,0.6111,2,0,1,0.0,0,negative_hard
synthetic_user_0120,7c1af9a0-cf09-4356-8c0d-d762fbb21208,2026-01-16T18:19:24,0,0,0,2,0,3,146.92,4,1,0,0,0,0,1,1.76,0.0,0,1,31,5,0,1,0.1613,0,0,0,0.0,0,negative_soft
synthetic_user_0090,ea97dfce-6731-4b1d-9b03-485d04de4867,2026-01-16T20:46:56,1,1,0,1,0,4,153.9,3,0,0,0,0,1,3,1.03,0.0,0,1,10,3,0,1,0.3,2,0,0,0.0,0,negative_soft
synthetic_user_0090,a8231f34-c157-4fcd-b08a-5a3420cc0cee,2026-01-16T20:46:56,1,1,0,1,0,4,153.9,3,0,0,0,0,1,1,0.69,0.0,0,1,11,4,0,1,0.3636,2,0,0,0.0,0,negative_soft
synthetic_user_0090,830353af-6497-4bc7-bab8-08114b64b682,2026-01-16T20:46:56,1,1,0,1,0,4,153.9,3,0,0,0,0,1,0,1.05,0.0,0,0,14,6,1,1,0.4286,2,0,0,0.0,0,negative_soft
synthetic_user_0090,45a799e0-5716-4209-b489-bd8f9ef13974,2026-01-16T20:46:56,1,1,0,1,0,4,153.9,3,0,0,0,0,1,1,0.41,0.0,0,1,5,3,1,0,0.6,2,0,0,0.0,0,negative_soft
synthetic_user_0015,95461cac-4301-4ade-8b3c-98201e8731db,2026-01-17T19:56:03,1,1,1,0,1,3,148.16,3,2,1,0,2,1,1,0.41,0.0,0,1,8,2,1,0,0.25,8,0,2,0.0,0,negative_hard
synthetic_user_0015,830353af-6497-4bc7-bab8-08114b64b682,2026-01-17T19:56:03,1,1,1,0,1,3,148.16,3,2,1,0,2,1,0,1.05,0.0,0,0,14,6,1,1,0.4286,8,0,2,0.0,0,negative_hard
synthetic_user_0015,40a8032b-e43c-43dc-ba5f-d650f1c0a979,2026-01-17T19:56:03,1,1,1,0,1,3,148.16,3,2,1,0,2,1,1,0.41,0.0,0,1,14,6,3,2,0.4286,8,0,2,0.0,0,negative_hard
synthetic_user_0015,8706bbb8-8343-4edc-9af4-244b9cad76aa,2026-01-17T19:56:03,1,1,0,1,0,3,148.16,3,2,1,0,2,1,0,0.47,0.0,0,0,93,32,8,3,0.3441,0,0,2,0.0,0,negative_soft
synthetic_user_0070,a8231f34-c157-4fcd-b08a-5a3420cc0cee,2026-01-17T20:50:14,1,1,0,1,0,4,148.19,1,0,0,0,0,1,1,0.69,0.0,0,1,11,4,0,1,0.3636,0,0,0,0.0,0,negative_soft
synthetic_user_0070,ea97dfce-6731-4b1d-9b03-485d04de4867,2026-01-17T20:50:14,1,1,0,1,0,4,148.19,1,0,0,0,0,1,3,1.03,0.0,0,1,10,3,0,1,0.3,0,0,0,0.0,0,negative_soft
synthetic_user_0070,98a77293-8faf-4d27-8248-6eb91f481d8f,2026-01-17T20:50:14,1,1,0,1,0,4,148.19,1,0,0,0,0,1,0,0.58,0.0,0,0,21,13,5,4,0.619,0,0,0,0.0,0,negative_soft
synthetic_user_0070,e72c3d3b-cf36-4cc4-9a40-d8cc5d28df84,2026-01-17T20:50:14,1,1,0,1,0,4,148.19,1,0,0,0,0,1,1,0.41,0.0,0,1,17,7,3,3,0.4118,0,0,0,0.0,0,negative_soft
synthetic_user_0070,ea97dfce-6731-4b1d-9b03-485d04de4867,2026-01-17T21:07:49,1,1,0,1,0,4,148.2,1,1,0,0,0,1,3,1.03,0.0,0,1,10,3,0,1,0.3,0,0,1,0.0,0,negative_soft
synthetic_user_0070,85526add-cd5a-4107-a07e-62ff3f493082,2026-01-17T21:07:49,1,1,0,1,0,4,148.2,1,1,0,0,0,1,0,0.41,0.0,0,0,19,7,1,2,0.3684,0,0,1,0.0,0,negative_soft
synthetic_user_0070,33f6e3a9-237d-433e-b4b6-238e44c80117,2026-01-17T21:07:49,1,1,0,1,0,4,148.2,1,1,0,0,0,1,1,0.58,0.0,0,0,10,4,1,1,0.4,0,0,1,0.0,0,negative_soft
synthetic_user_0070,a18002e2-24a3-4da4-b558-ea8cadcb047e,2026-01-17T21:07:49,1,1,0,1,0,4,148.2,1,1,0,0,0,1,0,0.58,0.0,0,0,20,10,2,2,0.5,0,0,1,0.0,0,negative_soft
synthetic_user_0137,087164bc-8a57-44b1-bd06-0644f475917b,2026-01-17T21:23:10,1,1,1,0,1,3,125.2,3,0,0,0,0,0,0,0.58,0.0,0,0,16,5,2,0,0.3125,3,0,0,0.0,0,negative_hard
synthetic_user_0137,95461cac-4301-4ade-8b3c-98201e8731db,2026-01-17T21:23:10,1,1,1,0,1,3,125.2,3,0,0,0,0,0,1,0.41,0.0,0,1,8,2,1,0,0.25,3,0,0,0.0,0,negative_hard
synthetic_user_0137,c5310615-4076-41e9-9064-736593600471,2026-01-17T21:23:10,1,1,1,0,1,3,125.2,3,0,0,0,0,0,0,1.03,0.0,0,0,17,8,1,3,0.4706,3,0,0,0.0,0,negative_hard
synthetic_user_0137,8706bbb8-8343-4edc-9af4-244b9cad76aa,2026-01-17T21:23:10,1,1,0,1,0,3,125.2,3,0,0,0,0,0,0,0.47,0.0,0,0,94,33,8,3,0.3511,0,0,0,0.0,0,negative_soft
synthetic_user_0074,087164bc-8a57-44b1-bd06-0644f475917b,2026-01-18T00:31:08,1,1,1,0,1,3,131.0,8,2,0,1,2,1,0,0.58,0.0,0,0,16,5,2,0,0.3125,12,0,4,0.0,0,negative_hard
synthetic_user_0074,59bf0b38-d7b5-4024-a66e-a03f1b47095d,2026-01-18T00:31:08,1,1,1,0,1,3,131.0,8,2,0,1,2,1,3,1.03,0.0,0,1,13,5,3,0,0.3846,12,0,4,0.0,0,negative_hard
synthetic_user_0074,8b44ea69-a5bb-4779-8c63-bf20e4da58c7,2026-01-18T00:31:08,1,1,1,0,1,3,131.0,8,2,0,1,2,1,1,0.69,0.0,0,1,18,11,4,3,0.6111,12,0,4,0.0,0,negative_hard
synthetic_user_0125,5a0f55cf-16af-4459-9030-0c7c6e11207f,2026-01-18T03:08:48,1,1,1,0,1,3,130.96,8,1,1,0,3,0,0,0.58,0.0,0,0,13,6,1,2,0.4615,12,0,2,0.0,0,negative_hard
synthetic_user_0125,ea97dfce-6731-4b1d-9b03-485d04de4867,2026-01-18T03:08:48,1,1,1,0,1,3,130.96,8,1,1,0,3,0,3,1.03,0.0,0,1,10,3,0,1,0.3,12,0,2,0.0,0,negative_hard
synthetic_user_0125,8b44ea69-a5bb-4779-8c63-bf20e4da58c7,2026-01-18T03:08:48,1,1,1,0,1,3,130.96,8,1,1,0,3,0,1,0.69,0.0,0,1,18,11,4,3,0.6111,12,0,2,0.0,0,negative_hard
synthetic_user_0125,7c1af9a0-cf09-4356-8c0d-d762fbb21208,2026-01-18T03:08:48,0,0,0,2,0,3,130.96,8,1,1,0,3,0,1,1.76,0.0,0,1,31,5,0,1,0.1613,0,0,0,0.0,0,negative_soft
synthetic_user_0125,581c8e36-7a51-4e8e-ac1d-6e9c1d54940f,2026-01-18T03:22:53,1,1,1,0,1,3,130.97,9,1,1,0,3,0,3,1.03,0.0,0,1,12,2,2,0,0.1667,12,0,2,0.0,0,negative_hard
synthetic_user_0125,8b44ea69-a5bb-4779-8c63-bf20e4da58c7,2026-01-18T03:22:53,1,1,1,0,1,3,130.97,9,1,1,0,3,0,1,0.69,0.0,0,1,18,11,4,3,0.6111,12,0,2,0.0,0,negative_hard
synthetic_user_0125,f6081dfd-75ec-4719-a05b-6ec1f95df15f,2026-01-18T03:22:53,1,1,1,0,1,3,130.97,9,1,1,0,3,0,1,1.05,0.0,0,1,9,1,0,1,0.1111,12,0,2,0.0,0,negative_hard
synthetic_user_0125,7c1af9a0-cf09-4356-8c0d-d762fbb21208,2026-01-18T03:22:53,0,0,0,2,0,3,130.97,9,1,1,0,3,0,1,1.76,0.0,0,1,31,5,0,1,0.1613,0,0,0,0.0,0,negative_soft
synthetic_user_0177,f6081dfd-75ec-4719-a05b-6ec1f95df15f,2026-01-18T09:02:15,1,1,1,0,1,3,128.33,5,0,0,0,0,1,1,1.05,0.0,0,1,9,1,0,1,0.1111,4,0,0,0.0,0,negative_hard
synthetic_user_0177,33f6e3a9-237d-433e-b4b6-238e44c80117,2026-01-18T09:02:15,1,1,1,0,1,3,128.33,5,0,0,0,0,1,1,0.58,0.0,0,0,10,4,1,1,0.4,4,0,0,0.0,0,negative_hard
synthetic_user_0177,8b44ea69-a5bb-4779-8c63-bf20e4da58c7,2026-01-18T09:02:15,1,1,1,0,1,3,128.33,5,0,0,0,0,1,1,0.69,0.0,0,1,18,11,4,3,0.6111,4,0,0,0.0,0,negative_hard
synthetic_user_0177,7c1af9a0-cf09-4356-8c0d-d762fbb21208,2026-01-18T09:02:15,0,0,0,2,0,3,128.33,5,0,0,0,0,1,1,1.76,0.0,0,1,31,5,0,1,0.1613,0,0,0,0.0,0,negative_soft
synthetic_user_0028,2c1e63cb-30f5-4e05-92af-ea93368ef4ab,2026-01-18T22:26:11,1,1,1,0,1,3,134.67,3,0,0,0,1,0,1,0.41,0.0,0,1,20,6,2,2,0.3,4,0,1,0.0,0,negative_hard
synthetic_user_0028,b1e94dc4-e19f-4e9b-85e1-69c3b4ab0e97,2026-01-18T22:26:11,1,1,1,0,1,3,134.67,3,0,0,0,1,0,3,1.03,0.0,0,1,12,6,3,2,0.5,4,0,1,0.0,0,negative_hard
synthetic_user_0028,33f6e3a9-237d-433e-b4b6-238e44c80117,2026-01-18T22:26:11,1,1,1,0,1,3,134.67,3,0,0,0,1,0,1,0.58,0.0,0,0,10,4,1,1,0.4,4,0,1,0.0,0,negative_hard
synthetic_user_0028,8706bbb8-8343-4edc-9af4-244b9cad76aa,2026-01-18T22:26:11,1,1,0,1,0,3,134.67,3,0,0,0,1,0,0,0.47,0.0,0,0,96,34,8,3,0.3542,0,0,1,0.0,0,negative_soft
synthetic_user_0164,fbb68aab-9b3b-4e24-9109-ea047f927347,2026-01-19T02:45:53,1,1,1,0,1,3,126.56,1,0,0,0,0,0,3,1.03,0.0,0,1,15,5,2,1,0.3333,1,0,0,0.0,0,negative_hard
synthetic_user_0164,59bf0b38-d7b5-4024-a66e-a03f1b47095d,2026-01-19T02:45:53,1,1,1,0,1,3,126.56,1,0,0,0,0,0,3,1.03,0.0,0,1,13,5,3,0,0.3846,1,0,0,0.0,0,negative_hard
synthetic_user_0164,dbcab77a-8d8a-4721-b07d-d5d9ecc7874d,2026-01-19T02:45:53,1,1,1,0,1,3,126.56,1,0,0,0,0,0,1,0.58,0.0,0,0,11,3,0,0,0.2727,1,0,0,0.0,0,negative_hard
synthetic_user_0164,8706bbb8-8343-4edc-9af4-244b9cad76aa,2026-01-19T02:45:53,1,1,0,1,0,3,126.56,1,0,0,0,0,0,0,0.47,0.0,0,0,97,34,8,3,0.3505,0,0,0,0.0,0,negative_soft
synthetic_user_0164,dcd20897-e14a-43fc-b2ba-66bb4a569874,2026-01-19T02:57:18,1,1,1,0,1,3,126.57,2,0,0,0,0,0,1,0.69,0.0,0,1,15,4,2,2,0.2667,2,0,0,0.0,0,negative_hard
synthetic_user_0164,5a0f55cf-16af-4459-9030-0c7c6e11207f,2026-01-19T02:57:18,1,1,1,0,1,3,126.57,2,0,0,0,0,0,0,0.58,0.0,0,0,13,6,1,2,0.4615,2,0,0,0.0,0,negative_hard
synthetic_user_0164,bd6bddb1-3e29-4767-a194-6196e46f7456,2026-01-19T02:57:18,1,1,1,0,1,3,126.57,2,0,0,0,0,0,1,0.41,0.0,0,1,9,3,1,1,0.3333,2,0,0,0.0,0,negative_hard
synthetic_user_0164,8706bbb8-8343-4edc-9af4-244b9cad76aa,2026-01-19T02:57:18,1,1,0,1,0,3,126.57,2,0,0,0,0,0,0,0.47,0.0,0,0,97,34,8,3,0.3505,0,0,0,0.0,0,negative_soft
synthetic_user_0014,dcd20897-e14a-43fc-b2ba-66bb4a569874,2026-01-19T08:14:21,1,1,1,0,1,3,136.82,1,0,0,0,0,1,1,0.69,0.0,0,1,15,4,2,2,0.2667,1,0,0,0.0,0,negative_hard
synthetic_user_0014,2c1e63cb-30f5-4e05-92af-ea93368ef4ab,2026-01-19T08:14:21,1,1,1,0,1,3,136.82,1,0,0,0,0,1,1,0.41,0.0,0,1,20,6,2,2,0.3,1,0,0,0.0,0,negative_hard
synthetic_user_0014,8b44ea69-a5bb-4779-8c63-bf20e4da58c7,2026-01-19T08:14:21,1,1,1,0,1,3,136.82,1,0,0,0,0,1,1,0.69,0.0,0,1,19,11,4,3,0.5789,1,0,0,0.0,0,negative_hard
synthetic_user_0014,7c1af9a0-cf09-4356-8c0d-d762fbb21208,2026-01-19T08:14:21,0,0,0,2,0,3,136.82,1,0,0,0,0,1,1,1.76,0.0,0,1,31,5,0,1,0.1613,0,0,0,0.0,0,negative_soft
synthetic_user_0163,40a8032b-e43c-43dc-ba5f-d650f1c0a979,2026-01-19T08:15:04,1,1,1,0,1,3,154.63,6,2,0,1,0,0,1,0.41,0.0,0,1,14,6,3,2,0.4286,9,0,2,0.0,0,negative_hard
synthetic_user_0163,dbcab77a-8d8a-4721-b07d-d5d9ecc7874d,2026-01-19T08:15:04,1,1,1,0,1,3,154.63,6,2,0,1,0,0,1,0.58,0.0,0,0,11,3,0,0,0.2727,9,0,2,0.0,0,negative_hard
synthetic_user_0163,581c8e36-7a51-4e8e-ac1d-6e9c1d54940f,2026-01-19T08:15:04,1,1,1,0,1,3,154.63,6,2,0,1,0,0,3,1.03,0.0,0,1,12,2,2,0,0.1667,9,0,2,0.0,0,negative_hard
synthetic_user_0163,7c1af9a0-cf09-4356-8c0d-d762fbb21208,2026-01-19T08:15:04,0,0,0,2,0,3,154.63,6,2,0,1,0,0,1,1.76,0.0,0,1,31,5,0,1,0.1613,0,0,0,0.0,0,negative_soft
synthetic_user_0163,945e447f-c018-4d92-b5e5-2f1f7a11bd56,2026-01-19T08:23:13,1,1,1,0,1,3,154.63,6,3,0,1,0,0,3,1.03,0.0,0,1,10,3,1,1,0.3,10,0,3,0.0,0,negative_hard
synthetic_user_0163,98a77293-8faf-4d27-8248-6eb91f481d8f,2026-01-19T08:23:13,1,1,1,0,1,3,154.63,6,3,0,1,0,0,0,0.58,0.0,0,0,21,13,5,4,0.619,10,0,3,0.0,0,negative_hard
synthetic_user_0163,f6081dfd-75ec-4719-a05b-6ec1f95df15f,2026-01-19T08:23:13,1,1,1,0,1,3,154.63,6,3,0,1,0,0,1,1.05,0.0,0,1,9,1,0,1,0.1111,10,0,3,0.0,0,negative_hard
synthetic_user_0163,7c1af9a0-cf09-4356-8c0d-d762fbb21208,2026-01-19T08:23:13,0,0,0,2,0,3,154.63,6,3,0,1,0,0,1,1.76,0.0,0,1,31,5,0,1,0.1613,0,0,0,0.0,0,negative_soft
synthetic_user_0074,09593622-ad83-4d14-8236-17bea51dbb13,2026-01-19T08:54:40,1,1,1,0,1,3,132.35,9,2,0,1,2,1,1,0.69,0.0,0,1,22,10,2,5,0.4545,13,0,4,0.0,0,negative_hard
synthetic_user_0074,bd6bddb1-3e29-4767-a194-6196e46f7456,2026-01-19T08:54:40,1,1,1,0,1,3,132.35,9,2,0,1,2,1,1,0.41,0.0,0,1,10,4,1,1,0.4,13,0,4,0.0,0,negative_hard
synthetic_user_0074,f6081dfd-75ec-4719-a05b-6ec1f95df15f,2026-01-19T08:54:40,1,1,1,0,1,3,132.35,9,2,0,1,2,1,1,1.05,0.0,0,1,9,1,0,1,0.1111,13,0,4,0.0,0,negative_hard
synthetic_user_0074,945e447f-c018-4d92-b5e5-2f1f7a11bd56,2026-01-19T09:01:27,1,1,1,0,1,3,132.36,10,2,0,1,2,1,3,1.03,0.0,0,1,10,3,1,1,0.3,14,0,4,0.0,0,negative_hard
synthetic_user_0074,98a77293-8faf-4d27-8248-6eb91f481d8f,2026-01-19T09:01:27,1,1,1,0,1,3,132.36,10,2,0,1,2,1,0,0.58,0.0,0,0,21,13,5,4,0.619,14,0,4,0.0,0,negative_hard
synthetic_user_0074,09593622-ad83-4d14-8236-17bea51dbb13,2026-01-19T09:01:27,1,1,1,0,1,3,132.36,10,2,0,1,2,1,1,0.69,0.0,0,1,22,10,2,5,0.4545,14,0,4,0.0,0,negative_hard
synthetic_user_0074,bd6bddb1-3e29-4767-a194-6196e46f7456,2026-01-19T09:02:39,1,1,1,0,1,3,132.36,10,3,0,1,2,1,1,0.41,0.0,0,1,10,4,1,1,0.4,15,0,4,0.0,0,negative_hard
synthetic_user_0074,e72c3d3b-cf36-4cc4-9a40-d8cc5d28df84,2026-01-19T09:02:39,1,1,1,0,1,3,132.36,10,3,0,1,2,1,1,0.41,0.0,0,1,17,7,3,3,0.4118,15,0,4,0.0,0,negative_hard
synthetic_user_0074,dcf38bea-591e-47ae-aaaf-e01b841cc3b3,2026-01-19T09:02:39,1,1,1,0,1,3,132.36,10,3,0,1,2,1,1,0.69,0.0,0,1,19,4,3,0,0.2105,15,0,4,0.0,0,negative_hard
synthetic_user_0074,f6081dfd-75ec-4719-a05b-6ec1f95df15f,2026-01-19T09:04:52,1,1,1,0,1,3,132.36,10,3,0,1,3,1,1,1.05,0.0,0,1,9,1,0,1,0.1111,16,0,4,0.0,0,negative_hard
synthetic_user_0074,087164bc-8a57-44b1-bd06-0644f475917b,2026-01-19T09:04:52,1,1,1,0,1,3,132.36,10,3,0,1,3,1,0,0.58,0.0,0,0,16,5,2,0,0.3125,16,0,4,0.0,0,negative_hard
synthetic_user_0074,5a0f55cf-16af-4459-9030-0c7c6e11207f,2026-01-19T09:04:52,1,1,1,0,1,3,132.36,10,3,0,1,3,1,0,0.58,0.0,0,0,13,6,1,2,0.4615,16,0,4,0.0,0,negative_hard
synthetic_user_0146,33f6e3a9-237d-433e-b4b6-238e44c80117,2026-01-19T21:23:42,1,1,1,0,1,3,127.1,2,1,0,0,1,0,1,0.58,0.0,0,0,11,4,1,1,0.3636,2,0,2,0.0,0,negative_hard
synthetic_user_0146,e06a75b5-86f9-4daf-b871-0fba7b7ba57d,2026-01-19T21:23:42,1,1,1,0,1,3,127.1,2,1,0,0,1,0,1,0.58,0.0,0,0,13,5,2,2,0.3846,2,0,2,0.0,0,negative_hard
synthetic_user_0146,b1e94dc4-e19f-4e9b-85e1-69c3b4ab0e97,2026-01-19T21:23:42,1,1,1,0,1,3,127.1,2,1,0,0,1,0,3,1.03,0.0,0,1,12,6,3,2,0.5,2,0,2,0.0,0,negative_hard
synthetic_user_0146,7c1af9a0-cf09-4356-8c0d-d762fbb21208,2026-01-19T21:23:42,0,0,0,2,0,3,127.1,2,1,0,0,1,0,1,1.76,0.0,0,1,31,5,0,1,0.1613,0,0,0,0.0,0,negative_soft
synthetic_user_0099,e06a75b5-86f9-4daf-b871-0fba7b7ba57d,2026-01-19T21:25:06,1,1,1,0,1,3,138.29,1,0,0,0,0,1,1,0.58,0.0,0,0,13,5,2,2,0.3846,1,0,0,0.0,0,negative_hard
synthetic_user_0099,2c1e63cb-30f5-4e05-92af-ea93368ef4ab,2026-01-19T21:25:06,1,1,1,0,1,3,138.29,1,0,0,0,0,1,1,0.41,0.0,0,1,20,6,2,2,0.3,1,0,0,0.0,0,negative_hard
synthetic_user_0099,fbb68aab-9b3b-4e24-9109-ea047f927347,2026-01-19T21:25:06,1,1,1,0,1,3,138.29,1,0,0,0,0,1,3,1.03,0.0,0,1,16,6,2,2,0.375,1,0,0,0.0,0,negative_hard
synthetic_user_0099,7c1af9a0-cf09-4356-8c0d-d762fbb21208,2026-01-19T21:25:06,0,0,0,2,0,3,138.29,1,0,0,0,0,1,1,1.76,0.0,0,1,31,5,0,1,0.1613,0,0,0,0.0,0,negative_soft
synthetic_user_0099,dbcab77a-8d8a-4721-b07d-d5d9ecc7874d,2026-01-19T21:34:31,1,1,1,0,1,3,138.29,1,1,0,0,0,1,1,0.58,0.0,0,0,11,3,0,0,0.2727,2,0,1,0.0,0,negative_hard
synthetic_user_0099,33f6e3a9-237d-433e-b4b6-238e44c80117,2026-01-19T21:34:31,1,1,1,0,1,3,138.29,1,1,0,0,0,1,1,0.58,0.0,0,0,11,4,1,1,0.3636,2,0,1,0.0,0,negative_hard
synthetic_user_0099,45a799e0-5716-4209-b489-bd8f9ef13974,2026-01-19T21:34:31,1,1,1,0,1,3,138.29,1,1,0,0,0,1,1,0.41,0.0,0,1,6,4,1,1,0.6667,2,0,1,0.0,0,negative_hard
synthetic_user_0099,7c1af9a0-cf09-4356-8c0d-d762fbb21208,2026-01-19T21:34:31,0,0,0,2,0,3,138.29,1,1,0,0,0,1,1,1.76,0.0,0,1,31,5,0,1,0.1613,0,0,0,0.0,0,negative_soft
synthetic_user_0141,e72c3d3b-cf36-4cc4-9a40-d8cc5d28df84,2026-01-20T01:19:42,1,1,1,0,1,3,155.33,5,0,0,0,0,0,1,0.41,0.0,0,1,17,7,3,3,0.4118,4,0,0,0.0,0,negative_hard
synthetic_user_0141,f6081dfd-75ec-4719-a05b-6ec1f95df15f,2026-01-20T01:19:42,1,1,1,0,1,3,155.33,5,0,0,0,0,0,1,1.05,0.0,0,1,9,1,0,1,0.1111,4,0,0,0.0,0,negative_hard
synthetic_user_0141,45a799e0-5716-4209-b489-bd8f9ef13974,2026-01-20T01:19:42,1,1,1,0,1,3,155.33,5,0,0,0,0,0,1,0.41,0.0,0,1,6,4,1,1,0.6667,4,0,0,0.0,0,negative_hard
synthetic_user_0141,8706bbb8-8343-4edc-9af4-244b9cad76aa,2026-01-20T01:19:42,1,1,0,1,0,3,155.33,5,0,0,0,0,0,0,0.47,0.0,0,0,99,34,8,3,0.3434,0,0,0,0.0,0,negative_soft
synthetic_user_0038,40a8032b-e43c-43dc-ba5f-d650f1c0a979,2026-01-20T06:13:52,0,0,0,2,0,1,135.92,1,1,0,1,0,0,1,0.41,0.0,0,1,14,6,3,2,0.4286,0,0,0,0.0,0,negative_soft
synthetic_user_0038,945e447f-c018-4d92-b5e5-2f1f7a11bd56,2026-01-20T06:13:52,0,0,0,2,0,1,135.92,1,1,0,1,0,0,3,1.03,0.0,0,1,10,3,1,1,0.3,0,0,0,0.0,0,negative_soft
synthetic_user_0038,5a0f55cf-16af-4459-9030-0c7c6e11207f,2026-01-20T06:13:52,0,0,0,2,0,1,135.92,1,1,0,1,0,0,0,0.58,0.0,0,0,13,6,1,2,0.4615,0,0,0,0.0,0,negative_soft
synthetic_user_0038,c5310615-4076-41e9-9064-736593600471,2026-01-20T06:13:52,0,0,0,2,0,1,135.92,1,1,0,1,0,0,0,1.03,0.0,0,0,17,8,1,3,0.4706,0,0,0,0.0,0,negative_soft
synthetic_user_0036,2c1e63cb-30f5-4e05-92af-ea93368ef4ab,2026-01-20T06:50:04,1,1,1,0,1,3,149.73,2,2,1,0,1,0,1,0.41,0.0,0,1,20,6,2,2,0.3,6,0,2,0.0,0,negative_hard
synthetic_user_0036,581c8e36-7a51-4e8e-ac1d-6e9c1d54940f,2026-01-20T06:50:04,1,1,1,0,1,3,149.73,2,2,1,0,1,0,3,1.03,0.0,0,1,12,2,2,0,0.1667,6,0,2,0.0,0,negative_hard
synthetic_user_0036,b1e94dc4-e19f-4e9b-85e1-69c3b4ab0e97,2026-01-20T06:50:04,1,1,1,0,1,3,149.73,2,2,1,0,1,0,3,1.03,0.0,0,1,12,6,3,2,0.5,6,0,2,0.0,0,negative_hard
synthetic_user_0036,8706bbb8-8343-4edc-9af4-244b9cad76aa,2026-01-20T06:50:04,1,1,0,1,0,3,149.73,2,2,1,0,1,0,0,0.47,0.0,0,0,99,34,8,3,0.3434,0,0,2,0.0,0,negative_soft
synthetic_user_0036,dbcab77a-8d8a-4721-b07d-d5d9ecc7874d,2026-01-20T06:57:48,1,1,1,0,1,3,149.74,3,2,1,0,1,0,1,0.58,0.0,0,0,11,3,0,0,0.2727,7,0,2,0.0,0,negative_hard
synthetic_user_0036,e06a75b5-86f9-4daf-b871-0fba7b7ba57d,2026-01-20T06:57:48,1,1,1,0,1,3,149.74,3,2,1,0,1,0,1,0.58,0.0,0,0,13,5,2,2,0.3846,7,0,2,0.0,0,negative_hard
synthetic_user_0036,a8231f34-c157-4fcd-b08a-5a3420cc0cee,2026-01-20T06:57:48,1,1,1,0,1,3,149.74,3,2,1,0,1,0,1,0.69,0.0,0,1,11,4,0,1,0.3636,7,0,2,0.0,0,negative_hard
synthetic_user_0036,8706bbb8-8343-4edc-9af4-244b9cad76aa,2026-01-20T06:57:48,1,1,0,1,0,3,149.74,3,2,1,0,1,0,0,0.47,0.0,0,0,99,34,8,3,0.3434,0,0,2,0.0,0,negative_soft
synthetic_user_0036,5a0f55cf-16af-4459-9030-0c7c6e11207f,2026-01-20T07:05:14,1,1,1,0,1,3,149.75,3,3,1,0,1,0,0,0.58,0.0,0,0,13,6,1,2,0.4615,8,0,2,0.0,0,negative_hard
synthetic_user_0036,fbb68aab-9b3b-4e24-9109-ea047f927347,2026-01-20T07:05:14,1,1,1,0,1,3,149.75,3,3,1,0,1,0,3,1.03,0.0,0,1,16,6,2,2,0.375,8,0,2,0.0,0,negative_hard
synthetic_user_0036,c5310615-4076-41e9-9064-736593600471,2026-01-20T07:05:14,1,1,1,0,1,3,149.75,3,3,1,0,1,0,0,1.03,0.0,0,0,17,8,1,3,0.4706,8,0,2,0.0,0,negative_hard
synthetic_user_0036,8706bbb8-8343-4edc-9af4-244b9cad76aa,2026-01-20T07:05:14,1,1,0,1,0,3,149.75,3,3,1,0,1,0,0,0.47,0.0,0,0,99,34,8,3,0.3434,0,0,2,0.0,0,negative_soft
synthetic_user_0088,581c8e36-7a51-4e8e-ac1d-6e9c1d54940f,2026-01-20T07:12:45,1,1,1,0,1,3,130.29,3,3,2,0,0,0,3,1.03,0.0,0,1,12,2,2,0,0.1667,6,0,3,0.0,0,negative_hard
synthetic_user_0088,09593622-ad83-4d14-8236-17bea51dbb13,2026-01-20T07:12:45,1,1,1,0,1,3,130.29,3,3,2,0,0,0,1,0.69,0.0,0,1,22,10,2,5,0.4545,6,0,3,0.0,0,negative_hard
synthetic_user_0088,bd6bddb1-3e29-4767-a194-6196e46f7456,2026-01-20T07:12:45,1,1,1,0,1,3,130.29,3,3,2,0,0,0,1,0.41,0.0,0,1,11,4,1,1,0.3636,6,0,3,0.0,0,negative_hard
synthetic_user_0088,7c1af9a0-cf09-4356-8c0d-d762fbb21208,2026-01-20T07:12:45,0,0,0,2,0,3,130.29,3,3,2,0,0,0,1,1.76,0.0,0,1,32,5,0,1,0.1562,0,0,0,0.0,0,negative_soft
synthetic_user_0088,b1e94dc4-e19f-4e9b-85e1-69c3b4ab0e97,2026-01-20T07:24:49,1,1,1,0,1,3,130.3,4,3,2,0,0,0,3,1.03,0.0,0,1,12,6,3,2,0.5,7,0,3,0.0,0,negative_hard
synthetic_user_0088,e06a75b5-86f9-4daf-b871-0fba7b7ba57d,2026-01-20T07:24:49,1,1,1,0,1,3,130.3,4,3,2,0,0,0,1,0.58,0.0,0,0,13,5,2,2,0.3846,7,0,3,0.0,0,negative_hard
synthetic_user_0088,fbb68aab-9b3b-4e24-9109-ea047f927347,2026-01-20T07:24:49,1,1,1,0,1,3,130.3,4,3,2,0,0,0,3,1.03,0.0,0,1,16,6,2,2,0.375,7,0,3,0.0,0,negative_hard
synthetic_user_0088,7c1af9a0-cf09-4356-8c0d-d762fbb21208,2026-01-20T07:24:49,0,0,0,2,0,3,130.3,4,3,2,0,0,0,1,1.76,0.0,0,1,32,5,0,1,0.1562,0,0,0,0.0,0,negative_soft
synthetic_user_0024,a18002e2-24a3-4da4-b558-ea8cadcb047e,2026-01-20T22:52:39,1,1,1,0,1,3,139.85,6,2,0,0,2,0,0,0.58,0.0,0,0,21,10,2,2,0.4762,10,0,2,0.0,0,negative_hard
synthetic_user_0024,f6081dfd-75ec-4719-a05b-6ec1f95df15f,2026-01-20T22:52:39,1,1,1,0,1,3,139.85,6,2,0,0,2,0,1,1.05,0.0,0,1,9,1,0,1,0.1111,10,0,2,0.0,0,negative_hard
synthetic_user_0024,dcd20897-e14a-43fc-b2ba-66bb4a569874,2026-01-20T22:52:39,1,1,1,0,1,3,139.85,6,2,0,0,2,0,1,0.69,0.0,0,1,15,4,2,2,0.2667,10,0,2,0.0,0,negative_hard
synthetic_user_0024,8706bbb8-8343-4edc-9af4-244b9cad76aa,2026-01-20T22:52:39,1,1,0,1,0,3,139.85,6,2,0,0,2,0,0,0.47,0.0,0,0,99,34,8,3,0.3434,0,0,2,0.0,0,negative_soft
synthetic_user_0139,e72c3d3b-cf36-4cc4-9a40-d8cc5d28df84,2026-01-21T05:36:06,1,1,1,0,1,3,145.17,1,0,0,0,1,0,1,0.41,0.0,0,1,17,7,3,3,0.4118,0,0,1,0.0,0,negative_hard
synthetic_user_0139,8b44ea69-a5bb-4779-8c63-bf20e4da58c7,2026-01-21T05:36:06,1,1,1,0,1,3,145.17,1,0,0,0,1,0,1,0.69,0.0,0,1,20,11,4,3,0.55,0,0,1,0.0,0,negative_hard
synthetic_user_0139,f6081dfd-75ec-4719-a05b-6ec1f95df15f,2026-01-21T05:36:06,1,1,1,0,1,3,145.17,1,0,0,0,1,0,1,1.05,0.0,0,1,9,1,0,1,0.1111,0,0,1,0.0,0,negative_hard
synthetic_user_0139,7c1af9a0-cf09-4356-8c0d-d762fbb21208,2026-01-21T05:36:06,0,0,0,2,0,3,145.17,1,0,0,0,1,0,1,1.76,0.0,0,1,33,5,0,1,0.1515,0,0,0,0.0,0,negative_soft
synthetic_user_0016,98a77293-8faf-4d27-8248-6eb91f481d8f,2026-01-21T20:11:09,1,1,1,0,1,3,154.04,5,0,0,0,0,0,0,0.58,0.0,0,0,22,13,5,4,0.5909,5,0,0,0.0,0,negative_hard
synthetic_user_0016,a18002e2-24a3-4da4-b558-ea8cadcb047e,2026-01-21T20:11:09,1,1,1,0,1,3,154.04,5,0,0,0,0,0,0,0.58,0.0,0,0,22,10,2,2,0.4545,5,0,0,0.0,0,negative_hard
synthetic_user_0016,dcf38bea-591e-47ae-aaaf-e01b841cc3b3,2026-01-21T20:11:09,1,1,1,0,1,3,154.04,5,0,0,0,0,0,1,0.69,0.0,0,1,19,4,3,0,0.2105,5,0,0,0.0,0,negative_hard
synthetic_user_0016,7c1af9a0-cf09-4356-8c0d-d762fbb21208,2026-01-21T20:11:09,0,0,0,2,0,3,154.04,5,0,0,0,0,0,1,1.76,0.0,0,1,33,5,0,1,0.1515,0,0,0,0.0,0,negative_soft
synthetic_user_0016,581c8e36-7a51-4e8e-ac1d-6e9c1d54940f,2026-01-21T20:20:13,1,1,1,0,1,3,154.05,5,1,0,0,0,0,3,1.03,0.0,0,1,12,2,2,0,0.1667,6,0,1,0.0,0,negative_hard
synthetic_user_0016,98a77293-8faf-4d27-8248-6eb91f481d8f,2026-01-21T20:20:13,1,1,1,0,1,3,154.05,5,1,0,0,0,0,0,0.58,0.0,0,0,22,13,5,4,0.5909,6,0,1,0.0,0,negative_hard
synthetic_user_0016,45a799e0-5716-4209-b489-bd8f9ef13974,2026-01-21T20:20:13,1,1,1,0,1,3,154.05,5,1,0,0,0,0,1,0.41,0.0,0,1,7,5,2,1,0.7143,6,0,1,0.0,0,negative_hard
synthetic_user_0016,7c1af9a0-cf09-4356-8c0d-d762fbb21208,2026-01-21T20:20:13,0,0,0,2,0,3,154.05,5,1,0,0,0,0,1,1.76,0.0,0,1,33,5,0,1,0.1515,0,0,0,0.0,0,negative_soft
synthetic_user_0180,ea97dfce-6731-4b1d-9b03-485d04de4867,2026-01-21T22:21:15,1,1,1,0,1,3,136.95,8,3,1,1,2,0,3,1.03,0.0,0,1,11,3,0,1,0.2727,10,0,4,0.0,0,negative_hard
synthetic_user_0180,e06a75b5-86f9-4daf-b871-0fba7b7ba57d,2026-01-21T22:21:15,1,1,1,0,1,3,136.95,8,3,1,1,2,0,1,0.58,0.0,0,0,14,5,2,2,0.3571,10,0,4,0.0,0,negative_hard
synthetic_user_0180,b1e94dc4-e19f-4e9b-85e1-69c3b4ab0e97,2026-01-21T22:21:15,1,1,1,0,1,3,136.95,8,3,1,1,2,0,3,1.03,0.0,0,1,13,7,4,2,0.5385,10,0,4,0.0,0,negative_hard
synthetic_user_0180,7c1af9a0-cf09-4356-8c0d-d762fbb21208,2026-01-21T22:21:15,0,0,0,2,0,3,136.95,8,3,1,1,2,0,1,1.76,0.0,0,1,33,5,0,1,0.1515,0,0,0,0.0,0,negative_soft
synthetic_user_0170,45a799e0-5716-4209-b489-bd8f9ef13974,2026-01-22T03:33:19,1,1,1,0,1,3,149.88,4,1,0,0,0,0,1,0.41,0.0,0,1,7,5,2,1,0.7143,5,0,1,0.0,0,negative_hard
synthetic_user_0170,ea97dfce-6731-4b1d-9b03-485d04de4867,2026-01-22T03:33:19,1,1,1,0,1,3,149.88,4,1,0,0,0,0,3,1.03,0.0,0,1,11,3,0,1,0.2727,5,0,1,0.0,0,negative_hard
synthetic_user_0170,dcf38bea-591e-47ae-aaaf-e01b841cc3b3,2026-01-22T03:33:19,1,1,1,0,1,3,149.88,4,1,0,0,0,0,1,0.69,0.0,0,1,20,4,3,0,0.2,5,0,1,0.0,0,negative_hard
synthetic_user_0170,8706bbb8-8343-4edc-9af4-244b9cad76aa,2026-01-22T03:33:19,1,1,0,1,0,3,149.88,4,1,0,0,0,0,0,0.47,0.0,0,0,101,34,8,3,0.3366,0,0,1,0.0,0,negative_soft
synthetic_user_0016,ea97dfce-6731-4b1d-9b03-485d04de4867,2026-01-22T04:07:33,1,1,1,0,1,3,154.37,5,1,1,0,0,0,3,1.03,0.0,0,1,11,3,0,1,0.2727,7,0,1,0.0,0,negative_hard
synthetic_user_0016,945e447f-c018-4d92-b5e5-2f1f7a11bd56,2026-01-22T04:07:33,1,1,1,0,1,3,154.37,5,1,1,0,0,0,3,1.03,0.0,0,1,10,3,1,1,0.3,7,0,1,0.0,0,negative_hard
synthetic_user_0016,e06a75b5-86f9-4daf-b871-0fba7b7ba57d,2026-01-22T04:07:33,1,1,1,0,1,3,154.37,5,1,1,0,0,0,1,0.58,0.0,0,0,14,5,2,2,0.3571,7,0,1,0.0,0,negative_hard
synthetic_user_0016,7c1af9a0-cf09-4356-8c0d-d762fbb21208,2026-01-22T04:07:33,0,0,0,2,0,3,154.37,5,1,1,0,0,0,1,1.76,0.0,0,1,33,5,0,1,0.1515,0,0,0,0.0,0,negative_soft
synthetic_user_0016,a18002e2-24a3-4da4-b558-ea8cadcb047e,2026-01-22T04:23:27,1,1,1,0,1,3,154.39,6,1,1,0,0,0,0,0.58,0.0,0,0,23,10,2,2,0.4348,8,0,1,0.0,0,negative_hard
synthetic_user_0016,dbcab77a-8d8a-4721-b07d-d5d9ecc7874d,2026-01-22T04:23:27,1,1,1,0,1,3,154.39,6,1,1,0,0,0,1,0.58,0.0,0,0,11,3,0,0,0.2727,8,0,1,0.0,0,negative_hard
synthetic_user_0016,945e447f-c018-4d92-b5e5-2f1f7a11bd56,2026-01-22T04:23:27,1,1,1,0,1,3,154.39,6,1,1,0,0,0,3,1.03,0.0,0,1,10,3,1,1,0.3,8,0,1,0.0,0,negative_hard
synthetic_user_0016,7c1af9a0-cf09-4356-8c0d-d762fbb21208,2026-01-22T04:23:27,0,0,0,2,0,3,154.39,6,1,1,0,0,0,1,1.76,0.0,0,1,33,5,0,1,0.1515,0,0,0,0.0,0,negative_soft
synthetic_user_0016,ea97dfce-6731-4b1d-9b03-485d04de4867,2026-01-22T04:33:59,1,1,1,0,1,3,154.39,6,2,1,0,0,0,3,1.03,0.0,0,1,11,3,0,1,0.2727,9,0,2,0.0,0,negative_hard
synthetic_user_0016,dcf38bea-591e-47ae-aaaf-e01b841cc3b3,2026-01-22T04:33:59,1,1,1,0,1,3,154.39,6,2,1,0,0,0,1,0.69,0.0,0,1,20,4,3,0,0.2,9,0,2,0.0,0,negative_hard
synthetic_user_0016,dbcab77a-8d8a-4721-b07d-d5d9ecc7874d,2026-01-22T04:33:59,1,1,1,0,1,3,154.39,6,2,1,0,0,0,1,0.58,0.0,0,0,11,3,0,0,0.2727,9,0,2,0.0,0,negative_hard
synthetic_user_0016,7c1af9a0-cf09-4356-8c0d-d762fbb21208,2026-01-22T04:33:59,0,0,0,2,0,3,154.39,6,2,1,0,0,0,1,1.76,0.0,0,1,33,5,0,1,0.1515,0,0,0,0.0,0,negative_soft
synthetic_user_0043,40a8032b-e43c-43dc-ba5f-d650f1c0a979,2026-01-22T05:46:36,1,1,1,0,1,3,142.81,2,0,0,0,0,0,1,0.41,0.0,0,1,14,6,3,2,0.4286,2,0,0,0.0,0,negative_hard
synthetic_user_0043,85526add-cd5a-4107-a07e-62ff3f493082,2026-01-22T05:46:36,1,1,1,0,1,3,142.81,2,0,0,0,0,0,0,0.41,0.0,0,0,21,8,1,2,0.381,2,0,0,0.0,0,negative_hard
synthetic_user_0043,2c1e63cb-30f5-4e05-92af-ea93368ef4ab,2026-01-22T05:46:36,1,1,1,0,1,3,142.81,2,0,0,0,0,0,1,0.41,0.0,0,1,20,6,2,2,0.3,2,0,0,0.0,0,negative_hard
synthetic_user_0043,8706bbb8-8343-4edc-9af4-244b9cad76aa,2026-01-22T05:46:36,1,1,0,1,0,3,142.81,2,0,0,0,0,0,0,0.47,0.0,0,0,101,34,8,3,0.3366,0,0,0,0.0,0,negative_soft
synthetic_user_0034,40a8032b-e43c-43dc-ba5f-d650f1c0a979,2026-01-23T01:20:11,1,1,1,0,1,3,145.86,2,1,0,0,0,0,1,0.41,0.0,0,1,14,6,3,2,0.4286,3,0,1,0.0,0,negative_hard
synthetic_user_0034,5a0f55cf-16af-4459-9030-0c7c6e11207f,2026-01-23T01:20:11,1,1,1,0,1,3,145.86,2,1,0,0,0,0,0,0.58,0.0,0,0,13,6,1,2,0.4615,3,0,1,0.0,0,negative_hard
synthetic_user_0034,dbcab77a-8d8a-4721-b07d-d5d9ecc7874d,2026-01-23T01:20:11,1,1,1,0,1,3,145.86,2,1,0,0,0,0,1,0.58,0.0,0,0,11,3,0,0,0.2727,3,0,1,0.0,0,negative_hard
synthetic_user_0034,7c1af9a0-cf09-4356-8c0d-d762fbb21208,2026-01-23T01:20:11,0,0,0,2,0,3,145.86,2,1,0,0,0,0,1,1.76,0.0,0,1,33,5,0,1,0.1515,0,0,0,0.0,0,negative_soft
synthetic_user_0034,f6081dfd-75ec-4719-a05b-6ec1f95df15f,2026-01-23T01:34:26,1,1,1,0,1,3,145.87,3,1,0,0,0,0,1,1.05,0.0,0,1,9,1,0,1,0.1111,4,0,1,0.0,0,negative_hard
synthetic_user_0034,945e447f-c018-4d92-b5e5-2f1f7a11bd56,2026-01-23T01:34:26,1,1,1,0,1,3,145.87,3,1,0,0,0,0,3,1.03,0.0,0,1,10,3,1,1,0.3,4,0,1,0.0,0,negative_hard
synthetic_user_0034,a8231f34-c157-4fcd-b08a-5a3420cc0cee,2026-01-23T01:34:26,1,1,1,0,1,3,145.87,3,1,0,0,0,0,1,0.69,0.0,0,1,11,4,0,1,0.3636,4,0,1,0.0,0,negative_hard
synthetic_user_0034,7c1af9a0-cf09-4356-8c0d-d762fbb21208,2026-01-23T01:34:26,0,0,0,2,0,3,145.87,3,1,0,0,0,0,1,1.76,0.0,0,1,33,5,0,1,0.1515,0,0,0,0.0,0,negative_soft
synthetic_user_0144,bd6bddb1-3e29-4767-a194-6196e46f7456,2026-01-23T02:46:11,1,1,1,0,1,3,135.27,5,1,1,1,0,0,1,0.41,0.0,0,1,12,5,1,1,0.4167,8,0,1,0.0,0,negative_hard
synthetic_user_0144,95461cac-4301-4ade-8b3c-98201e8731db,2026-01-23T02:46:11,1,1,1,0,1,3,135.27,5,1,1,1,0,0,1,0.41,0.0,0,1,8,2,1,0,0.25,8,0,1,0.0,0,negative_hard
synthetic_user_0144,087164bc-8a57-44b1-bd06-0644f475917b,2026-01-23T02:46:11,1,1,1,0,1,3,135.27,5,1,1,1,0,0,0,0.58,0.0,0,0,16,5,2,0,0.3125,8,0,1,0.0,0,negative_hard
synthetic_user_0144,8706bbb8-8343-4edc-9af4-244b9cad76aa,2026-01-23T02:46:11,1,1,0,1,0,3,135.27,5,1,1,1,0,0,0,0.47,0.0,0,0,101,34,8,3,0.3366,0,0,1,0.0,0,negative_soft
synthetic_user_0115,bd6bddb1-3e29-4767-a194-6196e46f7456,2026-01-23T05:35:31,1,1,1,0,1,3,155.12,5,1,1,0,2,1,1,0.41,0.0,0,1,12,5,1,1,0.4167,9,0,2,0.0,0,negative_hard
synthetic_user_0115,830353af-6497-4bc7-bab8-08114b64b682,2026-01-23T05:35:31,1,1,1,0,1,3,155.12,5,1,1,0,2,1,0,1.05,0.0,0,0,15,7,1,2,0.4667,9,0,2,0.0,0,negative_hard
synthetic_user_0115,dcd20897-e14a-43fc-b2ba-66bb4a569874,2026-01-23T05:35:31,1,1,1,0,1,3,155.12,5,1,1,0,2,1,1,0.69,0.0,0,1,16,5,3,2,0.3125,9,0,2,0.0,0,negative_hard
synthetic_user_0115,8706bbb8-8343-4edc-9af4-244b9cad76aa,2026-01-23T05:35:31,1,1,0,1,0,3,155.12,5,1,1,0,2,1,0,0.47,0.0,0,0,101,34,8,3,0.3366,0,0,2,0.0,0,negative_soft
synthetic_user_0026,2c1e63cb-30f5-4e05-92af-ea93368ef4ab,2026-01-23T21:03:06,1,1,1,0,1,3,159.15,6,1,0,0,0,0,1,0.41,0.0,0,1,20,6,2,2,0.3,6,0,1,0.0,0,negative_hard
synthetic_user_0026,dcd20897-e14a-43fc-b2ba-66bb4a569874,2026-01-23T21:03:06,1,1,1,0,1,3,159.15,6,1,0,0,0,0,1,0.69,0.0,0,1,16,5,3,2,0.3125,6,0,1,0.0,0,negative_hard
synthetic_user_0026,945e447f-c018-4d92-b5e5-2f1f7a11bd56,2026-01-23T21:03:06,1,1,1,0,1,3,159.15,6,1,0,0,0,0,3,1.03,0.0,0,1,10,3,1,1,0.3,6,0,1,0.0,0,negative_hard
synthetic_user_0026,7c1af9a0-cf09-4356-8c0d-d762fbb21208,2026-01-23T21:03:06,0,0,0,2,0,3,159.15,6,1,0,0,0,0,1,1.76,0.0,0,1,33,5,0,1,0.1515,0,0,0,0.0,0,negative_soft
synthetic_user_0147,e06a75b5-86f9-4daf-b871-0fba7b7ba57d,2026-01-24T01:13:00,1,1,1,0,1,3,142.62,3,1,0,0,1,0,1,0.58,0.0,0,0,15,5,2,2,0.3333,5,0,1,0.0,0,negative_hard
synthetic_user_0147,8b44ea69-a5bb-4779-8c63-bf20e4da58c7,2026-01-24T01:13:00,1,1,1,0,1,3,142.62,3,1,0,0,1,0,1,0.69,0.0,0,1,21,11,4,3,0.5238,5,0,1,0.0,0,negative_hard
synthetic_user_0147,c5310615-4076-41e9-9064-736593600471,2026-01-24T01:13:00,1,1,1,0,1,3,142.62,3,1,0,0,1,0,0,1.03,0.0,0,0,18,8,1,3,0.4444,5,0,1,0.0,0,negative_hard
synthetic_user_0147,7c1af9a0-cf09-4356-8c0d-d762fbb21208,2026-01-24T01:13:00,0,0,0,2,0,3,142.62,3,1,0,0,1,0,1,1.76,0.0,0,1,33,5,0,1,0.1515,0,0,0,0.0,0,negative_soft
synthetic_user_0076,98a77293-8faf-4d27-8248-6eb91f481d8f,2026-01-24T01:19:00,1,1,1,0,1,3,147.48,6,3,1,0,0,0,0,0.58,0.0,0,0,22,13,5,4,0.5909,8,0,3,0.0,0,negative_hard
synthetic_user_0076,087164bc-8a57-44b1-bd06-0644f475917b,2026-01-24T01:19:00,1,1,1,0,1,3,147.48,6,3,1,0,0,0,0,0.58,0.0,0,0,16,5,2,0,0.3125,8,0,3,0.0,0,negative_hard
synthetic_user_0076,95461cac-4301-4ade-8b3c-98201e8731db,2026-01-24T01:19:00,1,1,1,0,1,3,147.48,6,3,1,0,0,0,1,0.41,0.0,0,1,8,2,1,0,0.25,8,0,3,0.0,0,negative_hard
synthetic_user_0076,7c1af9a0-cf09-4356-8c0d-d762fbb21208,2026-01-24T01:19:00,0,0,0,2,0,3,147.48,6,3,1,0,0,0,1,1.76,0.0,0,1,33,5,0,1,0.1515,0,0,0,0.0,0,negative_soft
synthetic_user_0147,dbcab77a-8d8a-4721-b07d-d5d9ecc7874d,2026-01-24T01:19:57,1,1,1,0,1,3,142.62,3,2,0,0,1,0,1,0.58,0.0,0,0,11,3,0,0,0.2727,6,0,1,0.0,0,negative_hard
synthetic_user_0147,b1e94dc4-e19f-4e9b-85e1-69c3b4ab0e97,2026-01-24T01:19:57,1,1,1,0,1,3,142.62,3,2,0,0,1,0,3,1.03,0.0,0,1,13,7,4,2,0.5385,6,0,1,0.0,0,negative_hard
synthetic_user_0147,8b44ea69-a5bb-4779-8c63-bf20e4da58c7,2026-01-24T01:19:57,1,1,1,0,1,3,142.62,3,2,0,0,1,0,1,0.69,0.0,0,1,21,11,4,3,0.5238,6,0,1,0.0,0,negative_hard
synthetic_user_0147,7c1af9a0-cf09-4356-8c0d-d762fbb21208,2026-01-24T01:19:57,0,0,0,2,0,3,142.62,3,2,0,0,1,0,1,1.76,0.0,0,1,33,5,0,1,0.1515,0,0,0,0.0,0,negative_soft
synthetic_user_0076,ea97dfce-6731-4b1d-9b03-485d04de4867,2026-01-24T01:24:21,1,1,1,0,1,3,147.48,7,3,1,0,0,0,3,1.03,0.0,0,1,12,3,0,1,0.25,9,0,3,0.0,0,negative_hard
synthetic_user_0076,2c1e63cb-30f5-4e05-92af-ea93368ef4ab,2026-01-24T01:24:21,1,1,1,0,1,3,147.48,7,3,1,0,0,0,1,0.41,0.0,0,1,20,6,2,2,0.3,9,0,3,0.0,0,negative_hard
synthetic_user_0076,087164bc-8a57-44b1-bd06-0644f475917b,2026-01-24T01:24:21,1,1,1,0,1,3,147.48,7,3,1,0,0,0,0,0.58,0.0,0,0,16,5,2,0,0.3125,9,0,3,0.0,0,negative_hard
synthetic_user_0076,7c1af9a0-cf09-4356-8c0d-d762fbb21208,2026-01-24T01:24:21,0,0,0,2,0,3,147.48,7,3,1,0,0,0,1,1.76,0.0,0,1,33,5,0,1,0.1515,0,0,0,0.0,0,negative_soft
synthetic_user_0104,09593622-ad83-4d14-8236-17bea51dbb13,2026-01-24T07:02:21,1,1,0,1,0,4,149.62,3,1,0,1,0,1,1,0.69,0.0,0,1,22,10,2,5,0.4545,0,0,1,0.0,0,negative_soft
synthetic_user_0104,95461cac-4301-4ade-8b3c-98201e8731db,2026-01-24T07:02:21,1,1,0,1,0,4,149.62,3,1,0,1,0,1,1,0.41,0.0,0,1,8,2,1,0,0.25,0,0,1,0.0,0,negative_soft
synthetic_user_0104,a18002e2-24a3-4da4-b558-ea8cadcb047e,2026-01-24T07:02:21,1,1,0,1,0,4,149.62,3,1,0,1,0,1,0,0.58,0.0,0,0,24,10,2,2,0.4167,0,0,1,0.0,0,negative_soft
synthetic_user_0104,2c1e63cb-30f5-4e05-92af-ea93368ef4ab,2026-01-24T07:02:21,1,1,0,1,0,4,149.62,3,1,0,1,0,1,1,0.41,0.0,0,1,20,6,2,2,0.3,0,0,1,0.0,0,negative_soft
synthetic_user_0104,98a77293-8faf-4d27-8248-6eb91f481d8f,2026-01-24T07:10:23,1,1,0,1,0,4,149.62,3,2,0,1,0,1,0,0.58,0.0,0,0,22,13,5,4,0.5909,0,0,1,0.0,0,negative_soft
synthetic_user_0104,dcf38bea-591e-47ae-aaaf-e01b841cc3b3,2026-01-24T07:10:23,1,1,0,1,0,4,149.62,3,2,0,1,0,1,1,0.69,0.0,0,1,20,4,3,0,0.2,0,0,1,0.0,0,negative_soft
synthetic_user_0104,a18002e2-24a3-4da4-b558-ea8cadcb047e,2026-01-24T07:10:23,1,1,0,1,0,4,149.62,3,2,0,1,0,1,0,0.58,0.0,0,0,24,10,2,2,0.4167,0,0,1,0.0,0,negative_soft
synthetic_user_0104,95461cac-4301-4ade-8b3c-98201e8731db,2026-01-24T07:10:23,1,1,0,1,0,4,149.62,3,2,0,1,0,1,1,0.41,0.0,0,1,8,2,1,0,0.25,0,0,1,0.0,0,negative_soft
synthetic_user_0112,581c8e36-7a51-4e8e-ac1d-6e9c1d54940f,2026-01-24T07:56:10,1,1,1,0,1,3,153.47,4,1,0,0,0,0,3,1.03,0.0,0,1,13,3,2,0,0.2308,4,0,1,0.0,0,negative_hard
synthetic_user_0112,b1e94dc4-e19f-4e9b-85e1-69c3b4ab0e97,2026-01-24T07:56:10,1,1,1,0,1,3,153.47,4,1,0,0,0,0,3,1.03,0.0,0,1,13,7,4,2,0.5385,4,0,1,0.0,0,negative_hard
synthetic_user_0112,945e447f-c018-4d92-b5e5-2f1f7a11bd56,2026-01-24T07:56:10,1,1,1,0,1,3,153.47,4,1,0,0,0,0,3,1.03,0.0,0,1,10,3,1,1,0.3,4,0,1,0.0,0,negative_hard
synthetic_user_0112,7c1af9a0-cf09-4356-8c0d-d762fbb21208,2026-01-24T07:56:10,0,0,0,2,0,3,153.47,4,1,0,0,0,0,1,1.76,0.0,0,1,33,5,0,1,0.1515,0,0,0,0.0,0,negative_soft
synthetic_user_0018,dcf38bea-591e-47ae-aaaf-e01b841cc3b3,2026-01-24T21:03:56,1,1,1,0,1,3,136.48,6,1,0,1,1,0,1,0.69,0.0,0,1,20,4,3,0,0.2,8,0,1,0.0,0,negative_hard
synthetic_user_0018,45a799e0-5716-4209-b489-bd8f9ef13974,2026-01-24T21:03:56,1,1,1,0,1,3,136.48,6,1,0,1,1,0,1,0.41,0.0,0,1,7,5,2,1,0.7143,8,0,1,0.0,0,negative_hard
synthetic_user_0018,40a8032b-e43c-43dc-ba5f-d650f1c0a979,2026-01-24T21:03:56,1,1,1,0,1,3,136.48,6,1,0,1,1,0,1,0.41,0.0,0,1,15,6,3,2,0.4,8,0,1,0.0,0,negative_hard
synthetic_user_0018,7c1af9a0-cf09-4356-8c0d-d762fbb21208,2026-01-24T21:03:56,0,0,0,2,0,3,136.48,6,1,0,1,1,0,1,1.76,0.0,0,1,33,5,0,1,0.1515,0,0,0,0.0,0,negative_soft
synthetic_user_0018,e72c3d3b-cf36-4cc4-9a40-d8cc5d28df84,2026-01-24T21:15:54,1,1,1,0,1,3,136.49,6,2,0,1,1,0,1,0.41,0.0,0,1,17,7,3,3,0.4118,9,0,1,0.0,0,negative_hard
synthetic_user_0018,087164bc-8a57-44b1-bd06-0644f475917b,2026-01-24T21:15:54,1,1,1,0,1,3,136.49,6,2,0,1,1,0,0,0.58,0.0,0,0,18,5,2,0,0.2778,9,0,1,0.0,0,negative_hard
synthetic_user_0018,2c1e63cb-30f5-4e05-92af-ea93368ef4ab,2026-01-24T21:15:54,1,1,1,0,1,3,136.49,6,2,0,1,1,0,1,0.41,0.0,0,1,20,6,2,2,0.3,9,0,1,0.0,0,negative_hard
synthetic_user_0018,7c1af9a0-cf09-4356-8c0d-d762fbb21208,2026-01-24T21:15:54,0,0,0,2,0,3,136.49,6,2,0,1,1,0,1,1.76,0.0,0,1,33,5,0,1,0.1515,0,0,0,0.0,0,negative_soft
synthetic_user_0123,2c1e63cb-30f5-4e05-92af-ea93368ef4ab,2026-01-25T04:28:44,1,1,1,0,1,3,139.52,2,1,0,0,0,1,1,0.41,0.0,0,1,20,6,2,2,0.3,1,0,1,0.0,0,negative_hard
synthetic_user_0123,40a8032b-e43c-43dc-ba5f-d650f1c0a979,2026-01-25T04:28:44,1,1,1,0,1,3,139.52,2,1,0,0,0,1,1,0.41,0.0,0,1,15,6,3,2,0.4,1,0,1,0.0,0,negative_hard
synthetic_user_0123,f6081dfd-75ec-4719-a05b-6ec1f95df15f,2026-01-25T04:28:44,1,1,1,0,1,3,139.52,2,1,0,0,0,1,1,1.05,0.0,0,1,9,1,0,1,0.1111,1,0,1,0.0,0,negative_hard
synthetic_user_0123,98a77293-8faf-4d27-8248-6eb91f481d8f,2026-01-25T04:43:18,1,1,1,0,1,3,139.53,3,1,0,0,0,1,0,0.58,0.0,0,0,22,13,5,4,0.5909,1,0,1,0.0,0,negative_hard
synthetic_user_0123,95461cac-4301-4ade-8b3c-98201e8731db,2026-01-25T04:43:18,1,1,1,0,1,3,139.53,3,1,0,0,0,1,1,0.41,0.0,0,1,9,2,1,0,0.2222,1,0,1,0.0,0,negative_hard
synthetic_user_0123,945e447f-c018-4d92-b5e5-2f1f7a11bd56,2026-01-25T04:43:18,1,1,1,0,1,3,139.53,3,1,0,0,0,1,3,1.03,0.0,0,1,10,3,1,1,0.3,1,0,1,0.0,0,negative_hard
synthetic_user_0015,dbcab77a-8d8a-4721-b07d-d5d9ecc7874d,2026-01-26T20:26:35,1,1,1,0,1,3,157.19,5,2,1,0,2,1,1,0.58,0.0,0,0,11,3,0,0,0.2727,10,0,2,0.0,0,negative_hard
synthetic_user_0015,f6081dfd-75ec-4719-a05b-6ec1f95df15f,2026-01-26T20:26:35,1,1,1,0,1,3,157.19,5,2,1,0,2,1,1,1.05,0.0,0,1,9,1,0,1,0.1111,10,0,2,0.0,0,negative_hard
synthetic_user_0015,ea97dfce-6731-4b1d-9b03-485d04de4867,2026-01-26T20:26:35,1,1,1,0,1,3,157.19,5,2,1,0,2,1,3,1.03,0.0,0,1,12,3,0,1,0.25,10,0,2,0.0,0,negative_hard
synthetic_user_0015,8706bbb8-8343-4edc-9af4-244b9cad76aa,2026-01-26T20:26:35,1,1,0,1,0,3,157.19,5,2,1,0,2,1,0,0.47,0.0,0,0,107,36,9,3,0.3364,0,0,2,0.0,0,negative_soft
synthetic_user_0015,581c8e36-7a51-4e8e-ac1d-6e9c1d54940f,2026-01-26T20:28:04,1,1,1,0,1,3,157.19,5,3,1,0,2,1,3,1.03,0.0,0,1,13,3,2,0,0.2308,11,0,3,0.0,0,negative_hard
synthetic_user_0015,40a8032b-e43c-43dc-ba5f-d650f1c0a979,2026-01-26T20:28:04,1,1,1,0,1,3,157.19,5,3,1,0,2,1,1,0.41,0.0,0,1,15,6,3,2,0.4,11,0,3,0.0,0,negative_hard
synthetic_user_0015,dcf38bea-591e-47ae-aaaf-e01b841cc3b3,2026-01-26T20:28:04,1,1,1,0,1,3,157.19,5,3,1,0,2,1,1,0.69,0.0,0,1,22,4,3,0,0.1818,11,0,3,0.0,0,negative_hard
synthetic_user_0015,8706bbb8-8343-4edc-9af4-244b9cad76aa,2026-01-26T20:28:04,1,1,0,1,0,3,157.19,5,3,1,0,2,1,0,0.47,0.0,0,0,107,36,9,3,0.3364,0,0,3,0.0,0,negative_soft
synthetic_user_0190,ea97dfce-6731-4b1d-9b03-485d04de4867,2026-01-26T22:29:41,1,1,1,0,1,3,150.17,8,1,0,1,0,0,3,1.03,0.0,0,1,12,3,0,1,0.25,10,0,1,0.0,0,negative_hard
synthetic_user_0190,dcd20897-e14a-43fc-b2ba-66bb4a569874,2026-01-26T22:29:41,1,1,1,0,1,3,150.17,8,1,0,1,0,0,1,0.69,0.0,0,1,16,5,3,2,0.3125,10,0,1,0.0,0,negative_hard
synthetic_user_0190,95461cac-4301-4ade-8b3c-98201e8731db,2026-01-26T22:29:41,1,1,1,0,1,3,150.17,8,1,0,1,0,0,1,0.41,0.0,0,1,9,2,1,0,0.2222,10,0,1,0.0,0,negative_hard
synthetic_user_0190,7c1af9a0-cf09-4356-8c0d-d762fbb21208,2026-01-26T22:29:41,0,0,0,2,0,3,150.17,8,1,0,1,0,0,1,1.76,0.0,0,1,33,5,0,1,0.1515,0,0,0,0.0,0,negative_soft
synthetic_user_0111,f6081dfd-75ec-4719-a05b-6ec1f95df15f,2026-01-27T02:58:59,1,1,0,1,0,4,140.02,4,2,1,0,0,0,1,1.05,0.0,0,1,9,1,0,1,0.1111,0,0,1,0.0,0,negative_soft
synthetic_user_0111,a18002e2-24a3-4da4-b558-ea8cadcb047e,2026-01-27T02:58:59,1,1,0,1,0,4,140.02,4,2,1,0,0,0,0,0.58,0.0,0,0,24,10,2,2,0.4167,0,0,1,0.0,0,negative_soft
synthetic_user_0111,dcd20897-e14a-43fc-b2ba-66bb4a569874,2026-01-27T02:58:59,1,1,0,1,0,4,140.02,4,2,1,0,0,0,1,0.69,0.0,0,1,16,5,3,2,0.3125,0,0,1,0.0,0,negative_soft
synthetic_user_0111,59bf0b38-d7b5-4024-a66e-a03f1b47095d,2026-01-27T02:58:59,1,1,0,1,0,4,140.02,4,2,1,0,0,0,3,1.03,0.0,0,1,13,5,3,0,0.3846,0,0,1,0.0,0,negative_soft
synthetic_user_0100,45a799e0-5716-4209-b489-bd8f9ef13974,2026-01-27T05:25:11,1,1,1,0,1,3,146.52,1,1,0,0,0,0,1,0.41,0.0,0,1,8,6,3,1,0.75,2,0,1,0.0,0,negative_hard
synthetic_user_0100,dbcab77a-8d8a-4721-b07d-d5d9ecc7874d,2026-01-27T05:25:11,1,1,1,0,1,3,146.52,1,1,0,0,0,0,1,0.58,0.0,0,0,12,3,0,0,0.25,2,0,1,0.0,0,negative_hard
synthetic_user_0100,087164bc-8a57-44b1-bd06-0644f475917b,2026-01-27T05:25:11,1,1,1,0,1,3,146.52,1,1,0,0,0,0,0,0.58,0.0,0,0,18,5,2,0,0.2778,2,0,1,0.0,0,negative_hard
synthetic_user_0100,7c1af9a0-cf09-4356-8c0d-d762fbb21208,2026-01-27T05:25:11,0,0,0,2,0,3,146.52,1,1,0,0,0,0,1,1.76,0.0,0,1,33,5,0,1,0.1515,0,0,0,0.0,0,negative_soft
synthetic_user_0109,bd6bddb1-3e29-4767-a194-6196e46f7456,2026-01-27T07:51:30,0,0,0,2,0,1,144.25,5,1,0,0,0,0,1,0.41,0.0,0,1,13,5,1,1,0.3846,1,0,0,0.0,0,negative_soft
synthetic_user_0109,f6081dfd-75ec-4719-a05b-6ec1f95df15f,2026-01-27T07:51:30,0,0,0,2,0,1,144.25,5,1,0,0,0,0,1,1.05,0.0,0,1,9,1,0,1,0.1111,1,0,0,0.0,0,negative_soft
synthetic_user_0109,c5310615-4076-41e9-9064-736593600471,2026-01-27T07:51:30,0,0,0,2,0,1,144.25,5,1,0,0,0,0,0,1.03,0.0,0,0,20,8,1,3,0.4,1,0,0,0.0,0,negative_soft
synthetic_user_0109,dbcab77a-8d8a-4721-b07d-d5d9ecc7874d,2026-01-27T07:51:30,0,0,0,2,0,1,144.25,5,1,0,0,0,0,1,0.58,0.0,0,0,12,3,0,0,0.25,1,0,0,0.0,0,negative_soft
synthetic_user_0095,59bf0b38-d7b5-4024-a66e-a03f1b47095d,2026-01-27T18:30:58,1,1,1,0,1,3,154.82,2,0,0,0,0,1,3,1.03,0.0,0,1,13,5,3,0,0.3846,1,0,0,0.0,0,negative_hard
synthetic_user_0095,ea97dfce-6731-4b1d-9b03-485d04de4867,2026-01-27T18:30:58,1,1,1,0,1,3,154.82,2,0,0,0,0,1,3,1.03,0.0,0,1,12,3,0,1,0.25,1,0,0,0.0,0,negative_hard
synthetic_user_0095,45a799e0-5716-4209-b489-bd8f9ef13974,2026-01-27T18:30:58,1,1,1,0,1,3,154.82,2,0,0,0,0,1,1,0.41,0.0,0,1,8,6,3,1,0.75,1,0,0,0.0,0,negative_hard
synthetic_user_0194,f6081dfd-75ec-4719-a05b-6ec1f95df15f,2026-01-28T05:34:32,1,1,1,0,1,3,138.12,5,3,0,1,0,1,1,1.05,0.0,0,1,9,1,0,1,0.1111,7,0,2,0.0,0,negative_hard
synthetic_user_0194,e06a75b5-86f9-4daf-b871-0fba7b7ba57d,2026-01-28T05:34:32,1,1,1,0,1,3,138.12,5,3,0,1,0,1,1,0.58,0.0,0,0,16,5,2,2,0.3125,7,0,2,0.0,0,negative_hard
synthetic_user_0194,ea97dfce-6731-4b1d-9b03-485d04de4867,2026-01-28T05:34:32,1,1,1,0,1,3,138.12,5,3,0,1,0,1,3,1.03,0.0,0,1,12,3,0,1,0.25,7,0,2,0.0,0,negative_hard
synthetic_user_0194,7c1af9a0-cf09-4356-8c0d-d762fbb21208,2026-01-28T05:34:32,0,0,0,2,0,3,138.12,5,3,0,1,0,1,1,1.76,0.0,0,1,33,5,0,1,0.1515,0,0,0,0.0,0,negative_soft
synthetic_user_0122,f6081dfd-75ec-4719-a05b-6ec1f95df15f,2026-01-28T06:45:48,1,1,1,0,1,3,154.22,1,0,0,0,0,1,1,1.05,0.0,0,1,9,1,0,1,0.1111,1,0,0,0.0,0,negative_hard
synthetic_user_0122,a18002e2-24a3-4da4-b558-ea8cadcb047e,2026-01-28T06:45:48,1,1,1,0,1,3,154.22,1,0,0,0,0,1,0,0.58,0.0,0,0,24,10,2,2,0.4167,1,0,0,0.0,0,negative_hard
synthetic_user_0122,830353af-6497-4bc7-bab8-08114b64b682,2026-01-28T06:45:48,1,1,1,0,1,3,154.22,1,0,0,0,0,1,0,1.05,0.0,0,0,17,8,1,2,0.4706,1,0,0,0.0,0,negative_hard
synthetic_user_0122,8706bbb8-8343-4edc-9af4-244b9cad76aa,2026-01-28T06:45:48,1,1,0,1,0,3,154.22,1,0,0,0,0,1,0,0.47,0.0,0,0,112,36,9,3,0.3214,0,0,0,0.0,0,negative_soft
synthetic_user_0140,fbb68aab-9b3b-4e24-9109-ea047f927347,2026-01-28T18:12:50,1,1,1,0,1,3,158.95,3,1,0,1,2,0,3,1.03,0.0,0,1,17,6,2,2,0.3529,7,0,2,0.0,0,negative_hard
synthetic_user_0140,a8231f34-c157-4fcd-b08a-5a3420cc0cee,2026-01-28T18:12:50,1,1,1,0,1,3,158.95,3,1,0,1,2,0,1,0.69,0.0,0,1,11,4,0,1,0.3636,7,0,2,0.0,0,negative_hard
synthetic_user_0140,830353af-6497-4bc7-bab8-08114b64b682,2026-01-28T18:12:50,1,1,1,0,1,3,158.95,3,1,0,1,2,0,0,1.05,0.0,0,0,17,8,1,2,0.4706,7,0,2,0.0,0,negative_hard
synthetic_user_0140,8706bbb8-8343-4edc-9af4-244b9cad76aa,2026-01-28T18:12:50,1,1,0,1,0,3,158.95,3,1,0,1,2,0,0,0.47,0.0,0,0,112,36,9,3,0.3214,0,0,2,0.0,0,negative_soft
synthetic_user_0140,830353af-6497-4bc7-bab8-08114b64b682,2026-01-28T18:14:43,1,1,1,0,1,3,158.95,3,2,0,1,2,0,0,1.05,0.0,0,0,17,8,1,2,0.4706,8,0,3,0.0,0,negative_hard
synthetic_user_0140,e06a75b5-86f9-4daf-b871-0fba7b7ba57d,2026-01-28T18:14:43,1,1,1,0,1,3,158.95,3,2,0,1,2,0,1,0.58,0.0,0,0,16,5,2,2,0.3125,8,0,3,0.0,0,negative_hard
synthetic_user_0140,40a8032b-e43c-43dc-ba5f-d650f1c0a979,2026-01-28T18:14:43,1,1,1,0,1,3,158.95,3,2,0,1,2,0,1,0.41,0.0,0,1,15,6,3,2,0.4,8,0,3,0.0,0,negative_hard
synthetic_user_0140,8706bbb8-8343-4edc-9af4-244b9cad76aa,2026-01-28T18:14:43,1,1,0,1,0,3,158.95,3,2,0,1,2,0,0,0.47,0.0,0,0,112,36,9,3,0.3214,0,0,3,0.0,0,negative_soft
synthetic_user_0030,98a77293-8faf-4d27-8248-6eb91f481d8f,2026-01-28T19:59:28,0,0,0,2,0,1,151.98,4,0,0,0,0,0,0,0.58,0.0,0,0,22,13,5,4,0.5909,3,0,0,0.0,0,negative_soft
synthetic_user_0030,e06a75b5-86f9-4daf-b871-0fba7b7ba57d,2026-01-28T19:59:28,0,0,0,2,0,1,151.98,4,0,0,0,0,0,1,0.58,0.0,0,0,16,5,2,2,0.3125,3,0,0,0.0,0,negative_soft
synthetic_user_0030,a8231f34-c157-4fcd-b08a-5a3420cc0cee,2026-01-28T19:59:28,0,0,0,2,0,1,151.98,4,0,0,0,0,0,1,0.69,0.0,0,1,11,4,0,1,0.3636,3,0,0,0.0,0,negative_soft
synthetic_user_0030,581c8e36-7a51-4e8e-ac1d-6e9c1d54940f,2026-01-28T19:59:28,0,0,0,2,0,1,151.98,4,0,0,0,0,0,3,1.03,0.0,0,1,13,3,2,0,0.2308,3,0,0,0.0,0,negative_soft
synthetic_user_0177,95461cac-4301-4ade-8b3c-98201e8731db,2026-01-28T22:03:48,1,1,1,0,1,3,138.88,5,0,0,0,1,1,1,0.41,0.0,0,1,9,2,1,0,0.2222,5,0,1,0.0,0,negative_hard
synthetic_user_0177,dcf38bea-591e-47ae-aaaf-e01b841cc3b3,2026-01-28T22:03:48,1,1,1,0,1,3,138.88,5,0,0,0,1,1,1,0.69,0.0,0,1,22,4,3,0,0.1818,5,0,1,0.0,0,negative_hard
synthetic_user_0177,a18002e2-24a3-4da4-b558-ea8cadcb047e,2026-01-28T22:03:48,1,1,1,0,1,3,138.88,5,0,0,0,1,1,0,0.58,0.0,0,0,24,10,2,2,0.4167,5,0,1,0.0,0,negative_hard
synthetic_user_0177,7c1af9a0-cf09-4356-8c0d-d762fbb21208,2026-01-28T22:03:48,0,0,0,2,0,3,138.88,5,0,0,0,1,1,1,1.76,0.0,0,1,34,5,0,1,0.1471,0,0,0,0.0,0,negative_soft
synthetic_user_0100,09593622-ad83-4d14-8236-17bea51dbb13,2026-01-29T06:57:30,1,1,1,0,1,3,148.58,3,1,0,0,0,0,1,0.69,0.0,0,1,22,10,2,5,0.4545,4,0,1,0.0,0,negative_hard
synthetic_user_0100,dbcab77a-8d8a-4721-b07d-d5d9ecc7874d,2026-01-29T06:57:30,1,1,1,0,1,3,148.58,3,1,0,0,0,0,1,0.58,0.0,0,0,12,3,0,0,0.25,4,0,1,0.0,0,negative_hard
synthetic_user_0100,f6081dfd-75ec-4719-a05b-6ec1f95df15f,2026-01-29T06:57:30,1,1,1,0,1,3,148.58,3,1,0,0,0,0,1,1.05,0.0,0,1,9,1,0,1,0.1111,4,0,1,0.0,0,negative_hard
synthetic_user_0100,7c1af9a0-cf09-4356-8c0d-d762fbb21208,2026-01-29T06:57:30,0,0,0,2,0,3,148.58,3,1,0,0,0,0,1,1.76,0.0,0,1,34,5,0,1,0.1471,0,0,0,0.0,0,negative_soft
synthetic_user_0100,33f6e3a9-237d-433e-b4b6-238e44c80117,2026-01-29T07:11:34,1,1,1,0,1,3,148.59,3,2,0,0,0,0,1,0.58,0.0,0,0,14,6,3,1,0.4286,5,0,2,0.0,0,negative_hard
synthetic_user_0100,dbcab77a-8d8a-4721-b07d-d5d9ecc7874d,2026-01-29T07:11:34,1,1,1,0,1,3,148.59,3,2,0,0,0,0,1,0.58,0.0,0,0,12,3,0,0,0.25,5,0,2,0.0,0,negative_hard
synthetic_user_0100,59bf0b38-d7b5-4024-a66e-a03f1b47095d,2026-01-29T07:11:34,1,1,1,0,1,3,148.59,3,2,0,0,0,0,3,1.03,0.0,0,1,14,6,3,0,0.4286,5,0,2,0.0,0,negative_hard
synthetic_user_0100,7c1af9a0-cf09-4356-8c0d-d762fbb21208,2026-01-29T07:11:34,0,0,0,2,0,3,148.59,3,2,0,0,0,0,1,1.76,0.0,0,1,34,5,0,1,0.1471,0,0,0,0.0,0,negative_soft
synthetic_user_0093,ea97dfce-6731-4b1d-9b03-485d04de4867,2026-01-30T00:38:13,1,1,1,0,1,3,164.68,5,2,1,1,0,0,3,1.03,0.0,0,1,12,3,0,1,0.25,8,0,1,0.0,0,negative_hard
synthetic_user_0093,40a8032b-e43c-43dc-ba5f-d650f1c0a979,2026-01-30T00:38:13,1,1,1,0,1,3,164.68,5,2,1,1,0,0,1,0.41,0.0,0,1,15,6,3,2,0.4,8,0,1,0.0,0,negative_hard
synthetic_user_0093,98a77293-8faf-4d27-8248-6eb91f481d8f,2026-01-30T00:38:13,1,1,1,0,1,3,164.68,5,2,1,1,0,0,0,0.58,0.0,0,0,22,13,5,4,0.5909,8,0,1,0.0,0,negative_hard
synthetic_user_0093,7c1af9a0-cf09-4356-8c0d-d762fbb21208,2026-01-30T00:38:13,0,0,0,2,0,3,164.68,5,2,1,1,0,0,1,1.76,0.0,0,1,34,5,0,1,0.1471,0,0,0,0.0,0,negative_soft
synthetic_user_0093,e06a75b5-86f9-4daf-b871-0fba7b7ba57d,2026-01-30T00:48:12,1,1,1,0,1,3,164.68,5,3,1,1,0,0,1,0.58,0.0,0,0,17,5,2,2,0.2941,9,0,1,0.0,0,negative_hard
synthetic_user_0093,85526add-cd5a-4107-a07e-62ff3f493082,2026-01-30T00:48:12,1,1,1,0,1,3,164.68,5,3,1,1,0,0,0,0.41,0.0,0,0,23,8,1,2,0.3478,9,0,1,0.0,0,negative_hard
synthetic_user_0093,98a77293-8faf-4d27-8248-6eb91f481d8f,2026-01-30T00:48:12,1,1,1,0,1,3,164.68,5,3,1,1,0,0,0,0.58,0.0,0,0,22,13,5,4,0.5909,9,0,1,0.0,0,negative_hard
synthetic_user_0093,7c1af9a0-cf09-4356-8c0d-d762fbb21208,2026-01-30T00:48:12,0,0,0,2,0,3,164.68,5,3,1,1,0,0,1,1.76,0.0,0,1,34,5,0,1,0.1471,0,0,0,0.0,0,negative_soft
synthetic_user_0165,2c1e63cb-30f5-4e05-92af-ea93368ef4ab,2026-01-30T00:54:39,1,1,1,0,1,3,157.89,2,0,0,0,1,0,1,0.41,0.0,0,1,20,6,2,2,0.3,3,0,1,0.0,0,negative_hard
synthetic_user_0165,33f6e3a9-237d-433e-b4b6-238e44c80117,2026-01-30T00:54:39,1,1,1,0,1,3,157.89,2,0,0,0,1,0,1,0.58,0.0,0,0,14,6,3,1,0.4286,3,0,1,0.0,0,negative_hard
synthetic_user_0165,945e447f-c018-4d92-b5e5-2f1f7a11bd56,2026-01-30T00:54:39,1,1,1,0,1,3,157.89,2,0,0,0,1,0,3,1.03,0.0,0,1,10,3,1,1,0.3,3,0,1,0.0,0,negative_hard
synthetic_user_0165,7c1af9a0-cf09-4356-8c0d-d762fbb21208,2026-01-30T00:54:39,0,0,0,2,0,3,157.89,2,0,0,0,1,0,1,1.76,0.0,0,1,34,5,0,1,0.1471,0,0,0,0.0,0,negative_soft
synthetic_user_0165,40a8032b-e43c-43dc-ba5f-d650f1c0a979,2026-01-30T01:05:15,1,1,1,0,1,3,157.9,2,1,0,0,1,0,1,0.41,0.0,0,1,15,6,3,2,0.4,4,0,2,0.0,0,negative_hard
synthetic_user_0165,85526add-cd5a-4107-a07e-62ff3f493082,2026-01-30T01:05:15,1,1,1,0,1,3,157.9,2,1,0,0,1,0,0,0.41,0.0,0,0,23,8,1,2,0.3478,4,0,2,0.0,0,negative_hard
synthetic_user_0165,33f6e3a9-237d-433e-b4b6-238e44c80117,2026-01-30T01:05:15,1,1,1,0,1,3,157.9,2,1,0,0,1,0,1,0.58,0.0,0,0,14,6,3,1,0.4286,4,0,2,0.0,0,negative_hard
synthetic_user_0165,7c1af9a0-cf09-4356-8c0d-d762fbb21208,2026-01-30T01:05:15,0,0,0,2,0,3,157.9,2,1,0,0,1,0,1,1.76,0.0,0,1,34,5,0,1,0.1471,0,0,0,0.0,0,negative_soft
synthetic_user_0165,a8231f34-c157-4fcd-b08a-5a3420cc0cee,2026-01-30T01:07:29,1,1,1,0,1,3,157.9,2,1,1,0,1,0,1,0.69,0.0,0,1,12,4,0,1,0.3333,5,0,2,0.0,0,negative_hard
synthetic_user_0165,98a77293-8faf-4d27-8248-6eb91f481d8f,2026-01-30T01:07:29,1,1,1,0,1,3,157.9,2,1,1,0,1,0,0,0.58,0.0,0,0,22,13,5,4,0.5909,5,0,2,0.0,0,negative_hard
synthetic_user_0165,09593622-ad83-4d14-8236-17bea51dbb13,2026-01-30T01:07:29,1,1,1,0,1,3,157.9,2,1,1,0,1,0,1,0.69,0.0,0,1,22,10,2,5,0.4545,5,0,2,0.0,0,negative_hard
synthetic_user_0165,7c1af9a0-cf09-4356-8c0d-d762fbb21208,2026-01-30T01:07:29,0,0,0,2,0,3,157.9,2,1,1,0,1,0,1,1.76,0.0,0,1,34,5,0,1,0.1471,0,0,0,0.0,0,negative_soft
synthetic_user_0165,5a0f55cf-16af-4459-9030-0c7c6e11207f,2026-01-30T01:08:09,1,1,1,0,1,3,157.9,2,1,1,0,2,0,0,0.58,0.0,0,0,14,6,1,2,0.4286,6,0,2,0.0,0,negative_hard
synthetic_user_0165,a18002e2-24a3-4da4-b558-ea8cadcb047e,2026-01-30T01:08:09,1,1,1,0,1,3,157.9,2,1,1,0,2,0,0,0.58,0.0,0,0,24,10,2,2,0.4167,6,0,2,0.0,0,negative_hard
synthetic_user_0165,087164bc-8a57-44b1-bd06-0644f475917b,2026-01-30T01:08:09,1,1,1,0,1,3,157.9,2,1,1,0,2,0,0,0.58,0.0,0,0,18,5,2,0,0.2778,6,0,2,0.0,0,negative_hard
synthetic_user_0165,7c1af9a0-cf09-4356-8c0d-d762fbb21208,2026-01-30T01:08:09,0,0,0,2,0,3,157.9,2,1,1,0,2,0,1,1.76,0.0,0,1,34,5,0,1,0.1471,0,0,0,0.0,0,negative_soft
synthetic_user_0107,bd6bddb1-3e29-4767-a194-6196e46f7456,2026-01-30T18:19:56,1,1,1,0,1,3,146.83,2,1,1,0,1,1,1,0.41,0.0,0,1,13,5,1,1,0.3846,5,0,1,0.0,0,negative_hard
synthetic_user_0107,dcd20897-e14a-43fc-b2ba-66bb4a569874,2026-01-30T18:19:56,1,1,1,0,1,3,146.83,2,1,1,0,1,1,1,0.69,0.0,0,1,18,6,3,2,0.3333,5,0,1,0.0,0,negative_hard
synthetic_user_0107,e72c3d3b-cf36-4cc4-9a40-d8cc5d28df84,2026-01-30T18:19:56,1,1,1,0,1,3,146.83,2,1,1,0,1,1,1,0.41,0.0,0,1,17,7,3,3,0.4118,5,0,1,0.0,0,negative_hard
synthetic_user_0107,8706bbb8-8343-4edc-9af4-244b9cad76aa,2026-01-30T18:19:56,1,1,0,1,0,3,146.83,2,1,1,0,1,1,0,0.47,0.0,0,0,114,36,9,3,0.3158,0,0,1,0.0,0,negative_soft
synthetic_user_0018,2c1e63cb-30f5-4e05-92af-ea93368ef4ab,2026-01-30T18:45:48,1,1,1,0,1,3,142.38,7,2,0,1,2,0,1,0.41,0.0,0,1,20,6,2,2,0.3,11,0,1,0.0,0,negative_hard
synthetic_user_0018,c5310615-4076-41e9-9064-736593600471,2026-01-30T18:45:48,1,1,1,0,1,3,142.38,7,2,0,1,2,0,0,1.03,0.0,0,0,20,8,1,3,0.4,11,0,1,0.0,0,negative_hard
synthetic_user_0018,8b44ea69-a5bb-4779-8c63-bf20e4da58c7,2026-01-30T18:45:48,1,1,1,0,1,3,142.38,7,2,0,1,2,0,1,0.69,0.0,0,1,21,11,4,3,0.5238,11,0,1,0.0,0,negative_hard
synthetic_user_0018,7c1af9a0-cf09-4356-8c0d-d762fbb21208,2026-01-30T18:45:48,0,0,0,2,0,3,142.38,7,2,0,1,2,0,1,1.76,0.0,0,1,34,5,0,1,0.1471,0,0,0,0.0,0,negative_soft
synthetic_user_0097,dbcab77a-8d8a-4721-b07d-d5d9ecc7874d,2026-01-30T21:59:39,1,1,1,0,1,3,138.01,2,1,1,0,0,1,1,0.58,0.0,0,0,12,3,0,0,0.25,4,0,1,0.0,0,negative_hard
synthetic_user_0097,59bf0b38-d7b5-4024-a66e-a03f1b47095d,2026-01-30T21:59:39,1,1,1,0,1,3,138.01,2,1,1,0,0,1,3,1.03,0.0,0,1,15,6,3,0,0.4,4,0,1,0.0,0,negative_hard
synthetic_user_0097,e06a75b5-86f9-4daf-b871-0fba7b7ba57d,2026-01-30T21:59:39,1,1,1,0,1,3,138.01,2,1,1,0,0,1,1,0.58,0.0,0,0,19,7,2,2,0.3684,4,0,1,0.0,0,negative_hard
synthetic_user_0097,8706bbb8-8343-4edc-9af4-244b9cad76aa,2026-01-30T21:59:39,1,1,0,1,0,3,138.01,2,1,1,0,0,1,0,0.47,0.0,0,0,114,36,9,3,0.3158,0,0,1,0.0,0,negative_soft
synthetic_user_0097,dbcab77a-8d8a-4721-b07d-d5d9ecc7874d,2026-01-30T22:06:17,1,1,1,0,1,3,138.02,3,1,1,0,0,1,1,0.58,0.0,0,0,12,3,0,0,0.25,5,0,1,0.0,0,negative_hard
synthetic_user_0097,09593622-ad83-4d14-8236-17bea51dbb13,2026-01-30T22:06:17,1,1,1,0,1,3,138.02,3,1,1,0,0,1,1,0.69,0.0,0,1,22,10,2,5,0.4545,5,0,1,0.0,0,negative_hard
synthetic_user_0097,8b44ea69-a5bb-4779-8c63-bf20e4da58c7,2026-01-30T22:06:17,1,1,1,0,1,3,138.02,3,1,1,0,0,1,1,0.69,0.0,0,1,21,11,4,3,0.5238,5,0,1,0.0,0,negative_hard
synthetic_user_0097,8706bbb8-8343-4edc-9af4-244b9cad76aa,2026-01-30T22:06:17,1,1,0,1,0,3,138.02,3,1,1,0,0,1,0,0.47,0.0,0,0,114,36,9,3,0.3158,0,0,1,0.0,0,negative_soft
synthetic_user_0097,dcf38bea-591e-47ae-aaaf-e01b841cc3b3,2026-01-30T22:16:11,1,1,1,0,1,3,138.02,3,2,1,0,0,1,1,0.69,0.0,0,1,23,5,4,1,0.2174,6,0,1,0.0,0,negative_hard
synthetic_user_0097,09593622-ad83-4d14-8236-17bea51dbb13,2026-01-30T22:16:11,1,1,1,0,1,3,138.02,3,2,1,0,0,1,1,0.69,0.0,0,1,22,10,2,5,0.4545,6,0,1,0.0,0,negative_hard
synthetic_user_0097,33f6e3a9-237d-433e-b4b6-238e44c80117,2026-01-30T22:16:11,1,1,1,0,1,3,138.02,3,2,1,0,0,1,1,0.58,0.0,0,0,14,6,3,1,0.4286,6,0,1,0.0,0,negative_hard
synthetic_user_0097,8706bbb8-8343-4edc-9af4-244b9cad76aa,2026-01-30T22:16:11,1,1,0,1,0,3,138.02,3,2,1,0,0,1,0,0.47,0.0,0,0,114,36,9,3,0.3158,0,0,1,0.0,0,negative_soft
synthetic_user_0097,ea97dfce-6731-4b1d-9b03-485d04de4867,2026-01-30T22:17:14,1,1,1,0,1,3,138.02,3,2,1,1,0,1,3,1.03,0.0,0,1,12,3,0,1,0.25,7,0,1,0.0,0,negative_hard
synthetic_user_0097,b1e94dc4-e19f-4e9b-85e1-69c3b4ab0e97,2026-01-30T22:17:14,1,1,1,0,1,3,138.02,3,2,1,1,0,1,3,1.03,0.0,0,1,14,8,4,3,0.5714,7,0,1,0.0,0,negative_hard
synthetic_user_0097,8b44ea69-a5bb-4779-8c63-bf20e4da58c7,2026-01-30T22:17:14,1,1,1,0,1,3,138.02,3,2,1,1,0,1,1,0.69,0.0,0,1,21,11,4,3,0.5238,7,0,1,0.0,0,negative_hard
synthetic_user_0097,8706bbb8-8343-4edc-9af4-244b9cad76aa,2026-01-30T22:17:14,1,1,0,1,0,3,138.02,3,2,1,1,0,1,0,0.47,0.0,0,0,114,36,9,3,0.3158,0,0,1,0.0,0,negative_soft
synthetic_user_0011,b1e94dc4-e19f-4e9b-85e1-69c3b4ab0e97,2026-01-31T02:05:57,1,1,1,0,1,3,150.0,3,1,0,0,0,1,3,1.03,0.0,0,1,14,8,4,3,0.5714,3,0,1,0.0,0,negative_hard
synthetic_user_0011,95461cac-4301-4ade-8b3c-98201e8731db,2026-01-31T02:05:57,1,1,1,0,1,3,150.0,3,1,0,0,0,1,1,0.41,0.0,0,1,9,2,1,0,0.2222,3,0,1,0.0,0,negative_hard
synthetic_user_0011,945e447f-c018-4d92-b5e5-2f1f7a11bd56,2026-01-31T02:05:57,1,1,1,0,1,3,150.0,3,1,0,0,0,1,3,1.03,0.0,0,1,10,3,1,1,0.3,3,0,1,0.0,0,negative_hard
synthetic_user_0011,7c1af9a0-cf09-4356-8c0d-d762fbb21208,2026-01-31T02:05:57,0,0,0,2,0,3,150.0,3,1,0,0,0,1,1,1.76,0.0,0,1,34,5,0,1,0.1471,0,0,0,0.0,0,negative_soft
synthetic_user_0197,45a799e0-5716-4209-b489-bd8f9ef13974,2026-02-01T01:41:12,1,1,0,1,0,4,139.78,8,4,1,0,3,0,1,0.41,0.0,0,1,9,6,3,1,0.6667,0,0,1,0.0,0,negative_soft
synthetic_user_0197,5a0f55cf-16af-4459-9030-0c7c6e11207f,2026-02-01T01:41:12,1,1,0,1,0,4,139.78,8,4,1,0,3,0,0,0.58,0.0,0,0,14,6,1,2,0.4286,0,0,1,0.0,0,negative_soft
synthetic_user_0197,59bf0b38-d7b5-4024-a66e-a03f1b47095d,2026-02-01T01:41:12,1,1,0,1,0,4,139.78,8,4,1,0,3,0,3,1.03,0.0,0,1,15,6,3,0,0.4,0,0,1,0.0,0,negative_soft
synthetic_user_0197,40a8032b-e43c-43dc-ba5f-d650f1c0a979,2026-02-01T01:41:12,1,1,0,1,0,4,139.78,8,4,1,0,3,0,1,0.41,0.0,0,1,15,6,3,2,0.4,0,0,1,0.0,0,negative_soft
synthetic_user_0108,e06a75b5-86f9-4daf-b871-0fba7b7ba57d,2026-02-01T01:46:39,1,1,1,0,1,3,142.06,2,0,0,0,0,0,1,0.58,0.0,0,0,19,7,2,2,0.3684,2,0,0,0.0,0,negative_hard
synthetic_user_0108,dcd20897-e14a-43fc-b2ba-66bb4a569874,2026-02-01T01:46:39,1,1,1,0,1,3,142.06,2,0,0,0,0,0,1,0.69,0.0,0,1,18,6,3,2,0.3333,2,0,0,0.0,0,negative_hard
synthetic_user_0108,85526add-cd5a-4107-a07e-62ff3f493082,2026-02-01T01:46:39,1,1,1,0,1,3,142.06,2,0,0,0,0,0,0,0.41,0.0,0,0,23,8,1,2,0.3478,2,0,0,0.0,0,negative_hard
synthetic_user_0108,8706bbb8-8343-4edc-9af4-244b9cad76aa,2026-02-01T01:46:39,1,1,0,1,0,3,142.06,2,0,0,0,0,0,0,0.47,0.0,0,0,116,37,9,3,0.319,0,0,0,0.0,0,negative_soft
synthetic_user_0108,dcf38bea-591e-47ae-aaaf-e01b841cc3b3,2026-02-01T01:53:24,1,1,1,0,1,3,142.07,2,1,0,0,0,0,1,0.69,0.0,0,1,23,5,4,1,0.2174,3,0,1,0.0,0,negative_hard
synthetic_user_0108,45a799e0-5716-4209-b489-bd8f9ef13974,2026-02-01T01:53:24,1,1,1,0,1,3,142.07,2,1,0,0,0,0,1,0.41,0.0,0,1,9,6,3,1,0.6667,3,0,1,0.0,0,negative_hard
synthetic_user_0108,c5310615-4076-41e9-9064-736593600471,2026-02-01T01:53:24,1,1,1,0,1,3,142.07,2,1,0,0,0,0,0,1.03,0.0,0,0,20,8,1,3,0.4,3,0,1,0.0,0,negative_hard
synthetic_user_0108,8706bbb8-8343-4edc-9af4-244b9cad76aa,2026-02-01T01:53:24,1,1,0,1,0,3,142.07,2,1,0,0,0,0,0,0.47,0.0,0,0,116,37,9,3,0.319,0,0,1,0.0,0,negative_soft
synthetic_user_0052,a8231f34-c157-4fcd-b08a-5a3420cc0cee,2026-02-01T22:06:04,1,1,1,0,1,3,159.08,4,3,1,0,0,0,1,0.69,0.0,0,1,12,4,0,1,0.3333,8,0,3,0.0,0,negative_hard
synthetic_user_0052,dcd20897-e14a-43fc-b2ba-66bb4a569874,2026-02-01T22:06:04,1,1,1,0,1,3,159.08,4,3,1,0,0,0,1,0.69,0.0,0,1,18,6,3,2,0.3333,8,0,3,0.0,0,negative_hard
synthetic_user_0052,945e447f-c018-4d92-b5e5-2f1f7a11bd56,2026-02-01T22:06:04,1,1,1,0,1,3,159.08,4,3,1,0,0,0,3,1.03,0.0,0,1,10,3,1,1,0.3,8,0,3,0.0,0,negative_hard
synthetic_user_0052,8706bbb8-8343-4edc-9af4-244b9cad76aa,2026-02-01T22:06:04,1,1,0,1,0,3,159.08,4,3,1,0,0,0,0,0.47,0.0,0,0,116,37,9,3,0.319,0,0,3,0.0,0,negative_soft
synthetic_user_0087,ea97dfce-6731-4b1d-9b03-485d04de4867,2026-02-02T19:55:12,1,1,1,0,1,3,156.45,4,1,1,0,1,0,3,1.03,0.0,0,1,13,3,0,1,0.2308,7,0,2,0.0,0,negative_hard
synthetic_user_0087,dcf38bea-591e-47ae-aaaf-e01b841cc3b3,2026-02-02T19:55:12,1,1,1,0,1,3,156.45,4,1,1,0,1,0,1,0.69,0.0,0,1,23,5,4,1,0.2174,7,0,2,0.0,0,negative_hard
synthetic_user_0087,5a0f55cf-16af-4459-9030-0c7c6e11207f,2026-02-02T19:55:12,1,1,1,0,1,3,156.45,4,1,1,0,1,0,0,0.58,0.0,0,0,14,6,1,2,0.4286,7,0,2,0.0,0,negative_hard
synthetic_user_0087,8706bbb8-8343-4edc-9af4-244b9cad76aa,2026-02-02T19:55:12,1,1,0,1,0,3,156.45,4,1,1,0,1,0,0,0.47,0.0,0,0,116,37,9,3,0.319,0,0,2,0.0,0,negative_soft
synthetic_user_0087,dcf38bea-591e-47ae-aaaf-e01b841cc3b3,2026-02-02T20:04:34,1,1,1,0,1,3,156.45,4,2,1,0,1,0,1,0.69,0.0,0,1,23,5,4,1,0.2174,8,0,3,0.0,0,negative_hard
synthetic_user_0087,5a0f55cf-16af-4459-9030-0c7c6e11207f,2026-02-02T20:04:34,1,1,1,0,1,3,156.45,4,2,1,0,1,0,0,0.58,0.0,0,0,14,6,1,2,0.4286,8,0,3,0.0,0,negative_hard
synthetic_user_0087,945e447f-c018-4d92-b5e5-2f1f7a11bd56,2026-02-02T20:04:34,1,1,1,0,1,3,156.45,4,2,1,0,1,0,3,1.03,0.0,0,1,10,3,1,1,0.3,8,0,3,0.0,0,negative_hard
synthetic_user_0087,8706bbb8-8343-4edc-9af4-244b9cad76aa,2026-02-02T20:04:34,1,1,0,1,0,3,156.45,4,2,1,0,1,0,0,0.47,0.0,0,0,116,37,9,3,0.319,0,0,3,0.0,0,negative_soft
synthetic_user_0125,fbb68aab-9b3b-4e24-9109-ea047f927347,2026-02-03T20:32:40,1,1,1,0,1,3,147.69,9,2,1,0,3,0,3,1.03,0.0,0,1,17,6,2,2,0.3529,12,0,3,0.0,0,negative_hard
synthetic_user_0125,087164bc-8a57-44b1-bd06-0644f475917b,2026-02-03T20:32:40,1,1,1,0,1,3,147.69,9,2,1,0,3,0,0,0.58,0.0,0,0,18,5,2,0,0.2778,12,0,3,0.0,0,negative_hard
synthetic_user_0125,2c1e63cb-30f5-4e05-92af-ea93368ef4ab,2026-02-03T20:32:40,1,1,1,0,1,3,147.69,9,2,1,0,3,0,1,0.41,0.0,0,1,20,6,2,2,0.3,12,0,3,0.0,0,negative_hard
synthetic_user_0125,7c1af9a0-cf09-4356-8c0d-d762fbb21208,2026-02-03T20:32:40,0,0,0,2,0,3,147.69,9,2,1,0,3,0,1,1.76,0.0,0,1,34,5,0,1,0.1471,0,0,0,0.0,0,negative_soft
synthetic_user_0125,2c1e63cb-30f5-4e05-92af-ea93368ef4ab,2026-02-03T20:45:43,1,1,1,0,1,3,147.69,10,2,1,0,3,0,1,0.41,0.0,0,1,20,6,2,2,0.3,13,0,3,0.0,0,negative_hard
synthetic_user_0125,45a799e0-5716-4209-b489-bd8f9ef13974,2026-02-03T20:45:43,1,1,1,0,1,3,147.69,10,2,1,0,3,0,1,0.41,0.0,0,1,10,6,3,1,0.6,13,0,3,0.0,0,negative_hard
synthetic_user_0125,830353af-6497-4bc7-bab8-08114b64b682,2026-02-03T20:45:43,1,1,1,0,1,3,147.69,10,2,1,0,3,0,0,1.05,0.0,0,0,17,8,1,2,0.4706,13,0,3,0.0,0,negative_hard
synthetic_user_0125,7c1af9a0-cf09-4356-8c0d-d762fbb21208,2026-02-03T20:45:43,0,0,0,2,0,3,147.69,10,2,1,0,3,0,1,1.76,0.0,0,1,34,5,0,1,0.1471,0,0,0,0.0,0,negative_soft
synthetic_user_0125,dbcab77a-8d8a-4721-b07d-d5d9ecc7874d,2026-02-03T20:48:03,1,1,1,0,1,3,147.7,10,3,1,0,3,0,1,0.58,0.0,0,0,12,3,0,0,0.25,14,0,3,0.0,0,negative_hard
synthetic_user_0125,45a799e0-5716-4209-b489-bd8f9ef13974,2026-02-03T20:48:03,1,1,1,0,1,3,147.7,10,3,1,0,3,0,1,0.41,0.0,0,1,10,6,3,1,0.6,14,0,3,0.0,0,negative_hard
synthetic_user_0125,b1e94dc4-e19f-4e9b-85e1-69c3b4ab0e97,2026-02-03T20:48:03,1,1,1,0,1,3,147.7,10,3,1,0,3,0,3,1.03,0.0,0,1,15,8,4,3,0.5333,14,0,3,0.0,0,negative_hard
synthetic_user_0125,7c1af9a0-cf09-4356-8c0d-d762fbb21208,2026-02-03T20:48:03,0,0,0,2,0,3,147.7,10,3,1,0,3,0,1,1.76,0.0,0,1,34,5,0,1,0.1471,0,0,0,0.0,0,negative_soft
synthetic_user_0125,b1e94dc4-e19f-4e9b-85e1-69c3b4ab0e97,2026-02-03T21:01:03,1,1,1,0,1,3,147.7,10,3,2,0,3,0,3,1.03,0.0,0,1,15,8,4,3,0.5333,15,0,3,0.0,0,negative_hard
synthetic_user_0125,c5310615-4076-41e9-9064-736593600471,2026-02-03T21:01:03,1,1,1,0,1,3,147.7,10,3,2,0,3,0,0,1.03,0.0,0,0,20,8,1,3,0.4,15,0,3,0.0,0,negative_hard
synthetic_user_0125,09593622-ad83-4d14-8236-17bea51dbb13,2026-02-03T21:01:03,1,1,1,0,1,3,147.7,10,3,2,0,3,0,1,0.69,0.0,0,1,23,10,2,5,0.4348,15,0,3,0.0,0,negative_hard
synthetic_user_0125,7c1af9a0-cf09-4356-8c0d-d762fbb21208,2026-02-03T21:01:03,0,0,0,2,0,3,147.7,10,3,2,0,3,0,1,1.76,0.0,0,1,34,5,0,1,0.1471,0,0,0,0.0,0,negative_soft
synthetic_user_0171,a8231f34-c157-4fcd-b08a-5a3420cc0cee,2026-02-03T22:13:51,1,1,1,0,1,3,157.73,5,2,2,1,2,0,1,0.69,0.0,0,1,12,4,0,1,0.3333,11,0,1,0.0,0,negative_hard
synthetic_user_0171,bd6bddb1-3e29-4767-a194-6196e46f7456,2026-02-03T22:13:51,1,1,1,0,1,3,157.73,5,2,2,1,2,0,1,0.41,0.0,0,1,13,5,1,1,0.3846,11,0,1,0.0,0,negative_hard
synthetic_user_0171,95461cac-4301-4ade-8b3c-98201e8731db,2026-02-03T22:13:51,1,1,1,0,1,3,157.73,5,2,2,1,2,0,1,0.41,0.0,0,1,9,2,1,0,0.2222,11,0,1,0.0,0,negative_hard
synthetic_user_0171,7c1af9a0-cf09-4356-8c0d-d762fbb21208,2026-02-03T22:13:51,0,0,0,2,0,3,157.73,5,2,2,1,2,0,1,1.76,0.0,0,1,34,5,0,1,0.1471,0,0,0,0.0,0,negative_soft
synthetic_user_0147,ea97dfce-6731-4b1d-9b03-485d04de4867,2026-02-04T01:47:53,1,1,1,0,1,3,153.64,4,2,1,0,1,0,3,1.03,0.0,0,1,13,3,0,1,0.2308,8,0,1,0.0,0,negative_hard
synthetic_user_0147,bd6bddb1-3e29-4767-a194-6196e46f7456,2026-02-04T01:47:53,1,1,1,0,1,3,153.64,4,2,1,0,1,0,1,0.41,0.0,0,1,13,5,1,1,0.3846,8,0,1,0.0,0,negative_hard
synthetic_user_0147,dcf38bea-591e-47ae-aaaf-e01b841cc3b3,2026-02-04T01:47:53,1,1,1,0,1,3,153.64,4,2,1,0,1,0,1,0.69,0.0,0,1,23,5,4,1,0.2174,8,0,1,0.0,0,negative_hard
synthetic_user_0147,7c1af9a0-cf09-4356-8c0d-d762fbb21208,2026-02-04T01:47:53,0,0,0,2,0,3,153.64,4,2,1,0,1,0,1,1.76,0.0,0,1,34,5,0,1,0.1471,0,0,0,0.0,0,negative_soft
synthetic_user_0147,8b44ea69-a5bb-4779-8c63-bf20e4da58c7,2026-02-04T02:10:15,1,1,1,0,1,3,153.65,4,3,1,0,1,0,1,0.69,0.0,0,1,21,11,4,3,0.5238,9,0,2,0.0,0,negative_hard
synthetic_user_0147,c5310615-4076-41e9-9064-736593600471,2026-02-04T02:10:15,1,1,1,0,1,3,153.65,4,3,1,0,1,0,0,1.03,0.0,0,0,20,8,1,3,0.4,9,0,2,0.0,0,negative_hard
synthetic_user_0147,95461cac-4301-4ade-8b3c-98201e8731db,2026-02-04T02:10:15,1,1,1,0,1,3,153.65,4,3,1,0,1,0,1,0.41,0.0,0,1,9,2,1,0,0.2222,9,0,2,0.0,0,negative_hard
synthetic_user_0147,7c1af9a0-cf09-4356-8c0d-d762fbb21208,2026-02-04T02:10:15,0,0,0,2,0,3,153.65,4,3,1,0,1,0,1,1.76,0.0,0,1,34,5,0,1,0.1471,0,0,0,0.0,0,negative_soft
synthetic_user_0037,33f6e3a9-237d-433e-b4b6-238e44c80117,2026-02-04T05:53:28,1,1,1,0,1,3,164.44,3,1,0,1,0,0,1,0.58,0.0,0,0,14,6,3,1,0.4286,4,0,1,0.0,0,negative_hard
synthetic_user_0037,59bf0b38-d7b5-4024-a66e-a03f1b47095d,2026-02-04T05:53:28,1,1,1,0,1,3,164.44,3,1,0,1,0,0,3,1.03,0.0,0,1,16,6,3,0,0.375,4,0,1,0.0,0,negative_hard
synthetic_user_0037,2c1e63cb-30f5-4e05-92af-ea93368ef4ab,2026-02-04T05:53:28,1,1,1,0,1,3,164.44,3,1,0,1,0,0,1,0.41,0.0,0,1,20,6,2,2,0.3,4,0,1,0.0,0,negative_hard
synthetic_user_0037,8706bbb8-8343-4edc-9af4-244b9cad76aa,2026-02-04T05:53:28,1,1,0,1,0,3,164.44,3,1,0,1,0,0,0,0.47,0.0,0,0,117,38,9,3,0.3248,0,0,1,0.0,0,negative_soft
synthetic_user_0037,ea97dfce-6731-4b1d-9b03-485d04de4867,2026-02-04T06:09:09,1,1,1,0,1,3,164.45,4,1,0,1,0,0,3,1.03,0.0,0,1,13,3,0,1,0.2308,5,0,1,0.0,0,negative_hard
synthetic_user_0037,a18002e2-24a3-4da4-b558-ea8cadcb047e,2026-02-04T06:09:09,1,1,1,0,1,3,164.45,4,1,0,1,0,0,0,0.58,0.0,0,0,25,10,2,2,0.4,5,0,1,0.0,0,negative_hard
synthetic_user_0037,e06a75b5-86f9-4daf-b871-0fba7b7ba57d,2026-02-04T06:09:09,1,1,1,0,1,3,164.45,4,1,0,1,0,0,1,0.58,0.0,0,0,20,7,2,2,0.35,5,0,1,0.0,0,negative_hard
synthetic_user_0037,8706bbb8-8343-4edc-9af4-244b9cad76aa,2026-02-04T06:09:09,1,1,0,1,0,3,164.45,4,1,0,1,0,0,0,0.47,0.0,0,0,117,38,9,3,0.3248,0,0,1,0.0,0,negative_soft
synthetic_user_0162,f6081dfd-75ec-4719-a05b-6ec1f95df15f,2026-02-04T19:18:22,1,1,0,1,0,4,151.19,1,0,0,0,0,1,1,1.05,0.0,0,1,10,2,0,2,0.2,0,0,0,0.0,0,negative_soft
synthetic_user_0162,bd6bddb1-3e29-4767-a194-6196e46f7456,2026-02-04T19:18:22,1,1,0,1,0,4,151.19,1,0,0,0,0,1,1,0.41,0.0,0,1,13,5,1,1,0.3846,0,0,0,0.0,0,negative_soft
synthetic_user_0162,e72c3d3b-cf36-4cc4-9a40-d8cc5d28df84,2026-02-04T19:18:22,1,1,0,1,0,4,151.19,1,0,0,0,0,1,1,0.41,0.0,0,1,17,7,3,3,0.4118,0,0,0,0.0,0,negative_soft
synthetic_user_0162,b1e94dc4-e19f-4e9b-85e1-69c3b4ab0e97,2026-02-04T19:18:22,1,1,0,1,0,4,151.19,1,0,0,0,0,1,3,1.03,0.0,0,1,15,8,4,3,0.5333,0,0,0,0.0,0,negative_soft
synthetic_user_0171,98a77293-8faf-4d27-8248-6eb91f481d8f,2026-02-04T20:48:22,1,1,1,0,1,3,158.67,6,3,2,1,2,0,0,0.58,0.0,0,0,25,15,7,5,0.6,12,0,2,0.0,0,negative_hard
synthetic_user_0171,945e447f-c018-4d92-b5e5-2f1f7a11bd56,2026-02-04T20:48:22,1,1,1,0,1,3,158.67,6,3,2,1,2,0,3,1.03,0.0,0,1,10,3,1,1,0.3,12,0,2,0.0,0,negative_hard
synthetic_user_0171,e06a75b5-86f9-4daf-b871-0fba7b7ba57d,2026-02-04T20:48:22,1,1,1,0,1,3,158.67,6,3,2,1,2,0,1,0.58,0.0,0,0,20,7,2,2,0.35,12,0,2,0.0,0,negative_hard
synthetic_user_0171,7c1af9a0-cf09-4356-8c0d-d762fbb21208,2026-02-04T20:48:22,0,0,0,2,0,3,158.67,6,3,2,1,2,0,1,1.76,0.0,0,1,34,5,0,1,0.1471,0,0,0,0.0,0,negative_soft
synthetic_user_0195,ea97dfce-6731-4b1d-9b03-485d04de4867,2026-02-04T23:38:12,1,1,1,0,1,3,155.16,2,1,0,1,1,0,3,1.03,0.0,0,1,13,3,0,1,0.2308,5,0,1,0.0,0,negative_hard
synthetic_user_0195,09593622-ad83-4d14-8236-17bea51dbb13,2026-02-04T23:38:12,1,1,1,0,1,3,155.16,2,1,0,1,1,0,1,0.69,0.0,0,1,24,11,2,5,0.4583,5,0,1,0.0,0,negative_hard
synthetic_user_0195,95461cac-4301-4ade-8b3c-98201e8731db,2026-02-04T23:38:12,1,1,1,0,1,3,155.16,2,1,0,1,1,0,1,0.41,0.0,0,1,9,2,1,0,0.2222,5,0,1,0.0,0,negative_hard
synthetic_user_0110,dcd20897-e14a-43fc-b2ba-66bb4a569874,2026-02-05T00:28:20,1,1,1,0,1,3,142.66,4,1,0,0,1,1,1,0.69,0.0,0,1,19,7,3,2,0.3684,6,0,2,0.0,0,negative_hard
synthetic_user_0110,087164bc-8a57-44b1-bd06-0644f475917b,2026-02-05T00:28:20,1,1,1,0,1,3,142.66,4,1,0,0,1,1,0,0.58,0.0,0,0,18,5,2,0,0.2778,6,0,2,0.0,0,negative_hard
synthetic_user_0110,2c1e63cb-30f5-4e05-92af-ea93368ef4ab,2026-02-05T00:28:20,1,1,1,0,1,3,142.66,4,1,0,0,1,1,1,0.41,0.0,0,1,20,6,2,2,0.3,6,0,2,0.0,0,negative_hard
synthetic_user_0110,8706bbb8-8343-4edc-9af4-244b9cad76aa,2026-02-05T00:28:20,1,1,0,1,0,3,142.66,4,1,0,0,1,1,0,0.47,0.0,0,0,118,38,9,3,0.322,0,0,2,0.0,0,negative_soft
synthetic_user_0134,5a0f55cf-16af-4459-9030-0c7c6e11207f,2026-02-05T02:24:48,1,1,1,0,1,3,153.79,2,1,1,1,0,1,0,0.58,0.0,0,0,14,6,1,2,0.4286,5,0,1,0.0,0,negative_hard
synthetic_user_0134,830353af-6497-4bc7-bab8-08114b64b682,2026-02-05T02:24:48,1,1,1,0,1,3,153.79,2,1,1,1,0,1,0,1.05,0.0,0,0,17,8,1,2,0.4706,5,0,1,0.0,0,negative_hard
synthetic_user_0134,dbcab77a-8d8a-4721-b07d-d5d9ecc7874d,2026-02-05T02:24:48,1,1,1,0,1,3,153.79,2,1,1,1,0,1,1,0.58,0.0,0,0,12,3,0,0,0.25,5,0,1,0.0,0,negative_hard
synthetic_user_0134,8706bbb8-8343-4edc-9af4-244b9cad76aa,2026-02-05T02:24:48,1,1,0,1,0,3,153.79,2,1,1,1,0,1,0,0.47,0.0,0,0,118,38,9,3,0.322,0,0,1,0.0,0,negative_soft
synthetic_user_0134,581c8e36-7a51-4e8e-ac1d-6e9c1d54940f,2026-02-05T02:27:56,1,1,1,0,1,3,153.79,3,1,1,1,0,1,3,1.03,0.0,0,1,13,3,2,0,0.2308,6,0,1,0.0,0,negative_hard
synthetic_user_0134,e72c3d3b-cf36-4cc4-9a40-d8cc5d28df84,2026-02-05T02:27:56,1,1,1,0,1,3,153.79,3,1,1,1,0,1,1,0.41,0.0,0,1,17,7,3,3,0.4118,6,0,1,0.0,0,negative_hard
synthetic_user_0134,33f6e3a9-237d-433e-b4b6-238e44c80117,2026-02-05T02:27:56,1,1,1,0,1,3,153.79,3,1,1,1,0,1,1,0.58,0.0,0,0,14,6,3,1,0.4286,6,0,1,0.0,0,negative_hard
synthetic_user_0134,8706bbb8-8343-4edc-9af4-244b9cad76aa,2026-02-05T02:27:56,1,1,0,1,0,3,153.79,3,1,1,1,0,1,0,0.47,0.0,0,0,118,38,9,3,0.322,0,0,1,0.0,0,negative_soft
synthetic_user_0094,f6081dfd-75ec-4719-a05b-6ec1f95df15f,2026-02-05T04:19:31,1,1,1,0,1,3,172.41,1,0,0,0,1,1,1,1.05,0.0,0,1,10,2,0,2,0.2,0,0,1,0.0,0,negative_hard
synthetic_user_0094,a18002e2-24a3-4da4-b558-ea8cadcb047e,2026-02-05T04:19:31,1,1,1,0,1,3,172.41,1,0,0,0,1,1,0,0.58,0.0,0,0,25,10,2,2,0.4,0,0,1,0.0,0,negative_hard
synthetic_user_0094,8b44ea69-a5bb-4779-8c63-bf20e4da58c7,2026-02-05T04:19:31,1,1,1,0,1,3,172.41,1,0,0,0,1,1,1,0.69,0.0,0,1,21,11,4,3,0.5238,0,0,1,0.0,0,negative_hard
synthetic_user_0094,7c1af9a0-cf09-4356-8c0d-d762fbb21208,2026-02-05T04:19:31,0,0,0,2,0,3,172.41,1,0,0,0,1,1,1,1.76,0.0,0,1,34,5,0,1,0.1471,0,0,0,0.0,0,negative_soft
synthetic_user_0109,09593622-ad83-4d14-8236-17bea51dbb13,2026-02-06T04:33:35,0,0,0,2,0,1,154.12,7,1,0,0,0,0,1,0.69,0.0,0,1,24,11,2,5,0.4583,2,0,0,0.0,0,negative_soft
synthetic_user_0109,dcf38bea-591e-47ae-aaaf-e01b841cc3b3,2026-02-06T04:33:35,0,0,0,2,0,1,154.12,7,1,0,0,0,0,1,0.69,0.0,0,1,24,5,4,1,0.2083,2,0,0,0.0,0,negative_soft
synthetic_user_0109,2c1e63cb-30f5-4e05-92af-ea93368ef4ab,2026-02-06T04:33:35,0,0,0,2,0,1,154.12,7,1,0,0,0,0,1,0.41,0.0,0,1,20,6,2,2,0.3,2,0,0,0.0,0,negative_soft
synthetic_user_0109,dbcab77a-8d8a-4721-b07d-d5d9ecc7874d,2026-02-06T04:33:35,0,0,0,2,0,1,154.12,7,1,0,0,0,0,1,0.58,0.0,0,0,12,3,0,0,0.25,2,0,0,0.0,0,negative_soft
synthetic_user_0109,bd6bddb1-3e29-4767-a194-6196e46f7456,2026-02-06T04:36:14,0,0,0,2,0,1,154.12,7,1,0,0,1,0,1,0.41,0.0,0,1,13,5,1,1,0.3846,2,0,0,0.0,0,negative_soft
synthetic_user_0109,2c1e63cb-30f5-4e05-92af-ea93368ef4ab,2026-02-06T04:36:14,0,0,0,2,0,1,154.12,7,1,0,0,1,0,1,0.41,0.0,0,1,20,6,2,2,0.3,2,0,0,0.0,0,negative_soft
synthetic_user_0109,f6081dfd-75ec-4719-a05b-6ec1f95df15f,2026-02-06T04:36:14,0,0,0,2,0,1,154.12,7,1,0,0,1,0,1,1.05,0.0,0,1,10,2,0,2,0.2,2,0,0,0.0,0,negative_soft
synthetic_user_0109,945e447f-c018-4d92-b5e5-2f1f7a11bd56,2026-02-06T04:36:14,0,0,0,2,0,1,154.12,7,1,0,0,1,0,3,1.03,0.0,0,1,10,3,1,1,0.3,2,0,0,0.0,0,negative_soft
synthetic_user_0173,581c8e36-7a51-4e8e-ac1d-6e9c1d54940f,2026-02-06T06:25:31,1,1,1,0,1,3,167.03,7,5,1,2,2,1,3,1.03,0.0,0,1,13,3,2,0,0.2308,17,0,2,0.0,0,negative_hard
synthetic_user_0173,95461cac-4301-4ade-8b3c-98201e8731db,2026-02-06T06:25:31,1,1,1,0,1,3,167.03,7,5,1,2,2,1,1,0.41,0.0,0,1,9,2,1,0,0.2222,17,0,2,0.0,0,negative_hard
synthetic_user_0173,33f6e3a9-237d-433e-b4b6-238e44c80117,2026-02-06T06:25:31,1,1,1,0,1,3,167.03,7,5,1,2,2,1,1,0.58,0.0,0,0,14,6,3,1,0.4286,17,0,2,0.0,0,negative_hard
synthetic_user_0173,8706bbb8-8343-4edc-9af4-244b9cad76aa,2026-02-06T06:25:31,1,1,0,1,0,3,167.03,7,5,1,2,2,1,0,0.47,0.0,0,0,119,38,9,3,0.3193,0,0,2,0.0,0,negative_soft
synthetic_user_0110,fbb68aab-9b3b-4e24-9109-ea047f927347,2026-02-06T07:36:47,1,1,1,0,1,3,143.96,6,1,0,0,1,1,3,1.03,0.0,0,1,18,7,2,2,0.3889,8,0,2,0.0,0,negative_hard
synthetic_user_0110,f6081dfd-75ec-4719-a05b-6ec1f95df15f,2026-02-06T07:36:47,1,1,1,0,1,3,143.96,6,1,0,0,1,1,1,1.05,0.0,0,1,10,2,0,2,0.2,8,0,2,0.0,0,negative_hard
synthetic_user_0110,33f6e3a9-237d-433e-b4b6-238e44c80117,2026-02-06T07:36:47,1,1,1,0,1,3,143.96,6,1,0,0,1,1,1,0.58,0.0,0,0,14,6,3,1,0.4286,8,0,2,0.0,0,negative_hard
synthetic_user_0110,8706bbb8-8343-4edc-9af4-244b9cad76aa,2026-02-06T07:36:47,1,1,0,1,0,3,143.96,6,1,0,0,1,1,0,0.47,0.0,0,0,119,38,9,3,0.3193,0,0,2,0.0,0,negative_soft
synthetic_user_0110,98a77293-8faf-4d27-8248-6eb91f481d8f,2026-02-06T07:38:35,1,1,1,0,1,3,143.96,6,2,0,0,1,1,0,0.58,0.0,0,0,25,15,7,5,0.6,9,0,2,0.0,0,negative_hard
synthetic_user_0110,e72c3d3b-cf36-4cc4-9a40-d8cc5d28df84,2026-02-06T07:38:35,1,1,1,0,1,3,143.96,6,2,0,0,1,1,1,0.41,0.0,0,1,18,7,3,3,0.3889,9,0,2,0.0,0,negative_hard
synthetic_user_0110,40a8032b-e43c-43dc-ba5f-d650f1c0a979,2026-02-06T07:38:35,1,1,1,0,1,3,143.96,6,2,0,0,1,1,1,0.41,0.0,0,1,15,6,3,2,0.4,9,0,2,0.0,0,negative_hard
synthetic_user_0110,8706bbb8-8343-4edc-9af4-244b9cad76aa,2026-02-06T07:38:35,1,1,0,1,0,3,143.96,6,2,0,0,1,1,0,0.47,0.0,0,0,119,38,9,3,0.3193,0,0,2,0.0,0,negative_soft
synthetic_user_0042,33f6e3a9-237d-433e-b4b6-238e44c80117,2026-02-06T08:20:08,1,1,1,0,1,3,171.86,3,1,1,1,0,0,1,0.58,0.0,0,0,14,6,3,1,0.4286,6,0,1,0.0,0,negative_hard
synthetic_user_0042,8b44ea69-a5bb-4779-8c63-bf20e4da58c7,2026-02-06T08:20:08,1,1,1,0,1,3,171.86,3,1,1,1,0,0,1,0.69,0.0,0,1,21,11,4,3,0.5238,6,0,1,0.0,0,negative_hard
synthetic_user_0042,85526add-cd5a-4107-a07e-62ff3f493082,2026-02-06T08:20:08,1,1,1,0,1,3,171.86,3,1,1,1,0,0,0,0.41,0.0,0,0,25,10,2,3,0.4,6,0,1,0.0,0,negative_hard
synthetic_user_0042,8706bbb8-8343-4edc-9af4-244b9cad76aa,2026-02-06T08:20:08,1,1,0,1,0,3,171.86,3,1,1,1,0,0,0,0.47,0.0,0,0,119,38,9,3,0.3193,0,0,1,0.0,0,negative_soft
synthetic_user_0042,fbb68aab-9b3b-4e24-9109-ea047f927347,2026-02-06T08:31:06,1,1,1,0,1,3,171.87,4,1,1,1,0,0,3,1.03,0.0,0,1,18,7,2,2,0.3889,7,0,1,0.0,0,negative_hard
synthetic_user_0042,830353af-6497-4bc7-bab8-08114b64b682,2026-02-06T08:31:06,1,1,1,0,1,3,171.87,4,1,1,1,0,0,0,1.05,0.0,0,0,17,8,1,2,0.4706,7,0,1,0.0,0,negative_hard
synthetic_user_0042,a18002e2-24a3-4da4-b558-ea8cadcb047e,2026-02-06T08:31:06,1,1,1,0,1,3,171.87,4,1,1,1,0,0,0,0.58,0.0,0,0,25,10,2,2,0.4,7,0,1,0.0,0,negative_hard
synthetic_user_0042,8706bbb8-8343-4edc-9af4-244b9cad76aa,2026-02-06T08:31:06,1,1,0,1,0,3,171.87,4,1,1,1,0,0,0,0.47,0.0,0,0,119,38,9,3,0.3193,0,0,1,0.0,0,negative_soft
synthetic_user_0042,40a8032b-e43c-43dc-ba5f-d650f1c0a979,2026-02-06T08:34:40,1,1,1,0,1,3,171.87,4,2,1,1,0,0,1,0.41,0.0,0,1,15,6,3,2,0.4,8,0,1,0.0,0,negative_hard
synthetic_user_0042,98a77293-8faf-4d27-8248-6eb91f481d8f,2026-02-06T08:34:40,1,1,1,0,1,3,171.87,4,2,1,1,0,0,0,0.58,0.0,0,0,25,15,7,5,0.6,8,0,1,0.0,0,negative_hard
synthetic_user_0042,c5310615-4076-41e9-9064-736593600471,2026-02-06T08:34:40,1,1,1,0,1,3,171.87,4,2,1,1,0,0,0,1.03,0.0,0,0,21,8,1,3,0.381,8,0,1,0.0,0,negative_hard
synthetic_user_0042,8706bbb8-8343-4edc-9af4-244b9cad76aa,2026-02-06T08:34:40,1,1,0,1,0,3,171.87,4,2,1,1,0,0,0,0.47,0.0,0,0,119,38,9,3,0.3193,0,0,1,0.0,0,negative_soft
synthetic_user_0019,dbcab77a-8d8a-4721-b07d-d5d9ecc7874d,2026-02-06T23:09:06,1,1,1,0,1,3,168.34,6,3,0,0,2,0,1,0.58,0.0,0,0,12,3,0,0,0.25,11,0,3,0.0,0,negative_hard
synthetic_user_0019,59bf0b38-d7b5-4024-a66e-a03f1b47095d,2026-02-06T23:09:06,1,1,1,0,1,3,168.34,6,3,0,0,2,0,3,1.03,0.0,0,1,16,6,3,0,0.375,11,0,3,0.0,0,negative_hard
synthetic_user_0019,dcf38bea-591e-47ae-aaaf-e01b841cc3b3,2026-02-06T23:09:06,1,1,1,0,1,3,168.34,6,3,0,0,2,0,1,0.69,0.0,0,1,24,5,4,1,0.2083,11,0,3,0.0,0,negative_hard
synthetic_user_0019,8706bbb8-8343-4edc-9af4-244b9cad76aa,2026-02-06T23:09:06,1,1,0,1,0,3,168.34,6,3,0,0,2,0,0,0.47,0.0,0,0,119,38,9,3,0.3193,0,0,3,0.0,0,negative_soft
synthetic_user_0074,dcd20897-e14a-43fc-b2ba-66bb4a569874,2026-02-07T00:03:30,1,1,1,0,1,3,150.98,12,3,0,2,3,1,1,0.69,0.0,0,1,20,8,4,2,0.4,19,0,4,0.0,0,negative_hard
synthetic_user_0074,95461cac-4301-4ade-8b3c-98201e8731db,2026-02-07T00:03:30,1,1,1,0,1,3,150.98,12,3,0,2,3,1,1,0.41,0.0,0,1,9,2,1,0,0.2222,19,0,4,0.0,0,negative_hard
synthetic_user_0074,5a0f55cf-16af-4459-9030-0c7c6e11207f,2026-02-07T00:03:30,1,1,1,0,1,3,150.98,12,3,0,2,3,1,0,0.58,0.0,0,0,14,6,1,2,0.4286,19,0,4,0.0,0,negative_hard
synthetic_user_0110,945e447f-c018-4d92-b5e5-2f1f7a11bd56,2026-02-07T01:28:57,1,1,1,0,1,3,144.7,7,2,0,0,2,1,3,1.03,0.0,0,1,10,3,1,1,0.3,11,0,2,0.0,0,negative_hard
synthetic_user_0110,33f6e3a9-237d-433e-b4b6-238e44c80117,2026-02-07T01:28:57,1,1,1,0,1,3,144.7,7,2,0,0,2,1,1,0.58,0.0,0,0,14,6,3,1,0.4286,11,0,2,0.0,0,negative_hard
synthetic_user_0110,45a799e0-5716-4209-b489-bd8f9ef13974,2026-02-07T01:28:57,1,1,1,0,1,3,144.7,7,2,0,0,2,1,1,0.41,0.0,0,1,10,6,3,1,0.6,11,0,2,0.0,0,negative_hard
synthetic_user_0110,8706bbb8-8343-4edc-9af4-244b9cad76aa,2026-02-07T01:28:57,1,1,0,1,0,3,144.7,7,2,0,0,2,1,0,0.47,0.0,0,0,119,38,9,3,0.3193,0,0,2,0.0,0,negative_soft
synthetic_user_0195,e06a75b5-86f9-4daf-b871-0fba7b7ba57d,2026-02-07T01:40:14,1,1,1,0,1,3,157.25,3,1,0,1,2,0,1,0.58,0.0,0,0,22,8,2,2,0.3636,7,0,2,0.0,0,negative_hard
synthetic_user_0195,2c1e63cb-30f5-4e05-92af-ea93368ef4ab,2026-02-07T01:40:14,1,1,1,0,1,3,157.25,3,1,0,1,2,0,1,0.41,0.0,0,1,20,6,2,2,0.3,7,0,2,0.0,0,negative_hard
synthetic_user_0195,09593622-ad83-4d14-8236-17bea51dbb13,2026-02-07T01:40:14,1,1,1,0,1,3,157.25,3,1,0,1,2,0,1,0.69,0.0,0,1,24,11,2,5,0.4583,7,0,2,0.0,0,negative_hard
synthetic_user_0195,830353af-6497-4bc7-bab8-08114b64b682,2026-02-07T01:47:08,1,1,1,0,1,3,157.25,3,2,0,1,2,0,0,1.05,0.0,0,0,17,8,1,2,0.4706,8,0,3,0.0,0,negative_hard
synthetic_user_0195,09593622-ad83-4d14-8236-17bea51dbb13,2026-02-07T01:47:08,1,1,1,0,1,3,157.25,3,2,0,1,2,0,1,0.69,0.0,0,1,24,11,2,5,0.4583,8,0,3,0.0,0,negative_hard
synthetic_user_0195,e06a75b5-86f9-4daf-b871-0fba7b7ba57d,2026-02-07T01:47:08,1,1,1,0,1,3,157.25,3,2,0,1,2,0,1,0.58,0.0,0,0,22,8,2,2,0.3636,8,0,3,0.0,0,negative_hard
synthetic_user_0174,ea97dfce-6731-4b1d-9b03-485d04de4867,2026-02-08T01:43:34,0,0,0,2,0,1,175.21,4,0,0,0,0,0,3,1.03,0.0,0,1,13,3,0,1,0.2308,1,0,0,0.0,0,negative_soft
synthetic_user_0174,087164bc-8a57-44b1-bd06-0644f475917b,2026-02-08T01:43:34,0,0,0,2,0,1,175.21,4,0,0,0,0,0,0,0.58,0.0,0,0,18,5,2,0,0.2778,1,0,0,0.0,0,negative_soft
synthetic_user_0174,98a77293-8faf-4d27-8248-6eb91f481d8f,2026-02-08T01:43:34,0,0,0,2,0,1,175.21,4,0,0,0,0,0,0,0.58,0.0,0,0,25,15,7,5,0.6,1,0,0,0.0,0,negative_soft
synthetic_user_0174,e72c3d3b-cf36-4cc4-9a40-d8cc5d28df84,2026-02-08T01:43:34,0,0,0,2,0,1,175.21,4,0,0,0,0,0,1,0.41,0.0,0,1,18,7,3,3,0.3889,1,0,0,0.0,0,negative_soft
synthetic_user_0087,a8231f34-c157-4fcd-b08a-5a3420cc0cee,2026-02-08T04:08:13,1,1,1,0,1,3,161.79,4,2,1,1,1,0,1,0.69,0.0,0,1,12,4,0,1,0.3333,9,0,3,0.0,0,negative_hard
synthetic_user_0087,fbb68aab-9b3b-4e24-9109-ea047f927347,2026-02-08T04:08:13,1,1,1,0,1,3,161.79,4,2,1,1,1,0,3,1.03,0.0,0,1,18,7,2,2,0.3889,9,0,3,0.0,0,negative_hard
synthetic_user_0087,8b44ea69-a5bb-4779-8c63-bf20e4da58c7,2026-02-08T04:08:13,1,1,1,0,1,3,161.79,4,2,1,1,1,0,1,0.69,0.0,0,1,21,11,4,3,0.5238,9,0,3,0.0,0,negative_hard
synthetic_user_0087,8706bbb8-8343-4edc-9af4-244b9cad76aa,2026-02-08T04:08:13,1,1,0,1,0,3,161.79,4,2,1,1,1,0,0,0.47,0.0,0,0,119,38,9,3,0.3193,0,0,3,0.0,0,negative_soft
synthetic_user_0188,33f6e3a9-237d-433e-b4b6-238e44c80117,2026-02-08T05:17:58,1,1,1,0,1,3,173.92,3,1,1,1,0,0,1,0.58,0.0,0,0,14,6,3,1,0.4286,6,0,1,0.0,0,negative_hard
synthetic_user_0188,b1e94dc4-e19f-4e9b-85e1-69c3b4ab0e97,2026-02-08T05:17:58,1,1,1,0,1,3,173.92,3,1,1,1,0,0,3,1.03,0.0,0,1,17,10,4,3,0.5882,6,0,1,0.0,0,negative_hard
synthetic_user_0188,a18002e2-24a3-4da4-b558-ea8cadcb047e,2026-02-08T05:17:58,1,1,1,0,1,3,173.92,3,1,1,1,0,0,0,0.58,0.0,0,0,26,10,2,2,0.3846,6,0,1,0.0,0,negative_hard
synthetic_user_0188,8706bbb8-8343-4edc-9af4-244b9cad76aa,2026-02-08T05:17:58,1,1,0,1,0,3,173.92,3,1,1,1,0,0,0,0.47,0.0,0,0,119,38,9,3,0.3193,0,0,1,0.0,0,negative_soft
synthetic_user_0110,830353af-6497-4bc7-bab8-08114b64b682,2026-02-08T20:49:12,1,1,1,0,1,3,146.51,8,2,0,0,3,1,0,1.05,0.0,0,0,17,8,1,2,0.4706,13,0,2,0.0,0,negative_hard
synthetic_user_0110,45a799e0-5716-4209-b489-bd8f9ef13974,2026-02-08T20:49:12,1,1,1,0,1,3,146.51,8,2,0,0,3,1,1,0.41,0.0,0,1,10,6,3,1,0.6,13,0,2,0.0,0,negative_hard
synthetic_user_0110,dcf38bea-591e-47ae-aaaf-e01b841cc3b3,2026-02-08T20:49:12,1,1,1,0,1,3,146.51,8,2,0,0,3,1,1,0.69,0.0,0,1,24,5,4,1,0.2083,13,0,2,0.0,0,negative_hard
synthetic_user_0110,8706bbb8-8343-4edc-9af4-244b9cad76aa,2026-02-08T20:49:12,1,1,0,1,0,3,146.51,8,2,0,0,3,1,0,0.47,0.0,0,0,119,38,9,3,0.3193,0,0,2,0.0,0,negative_soft
synthetic_user_0086,e72c3d3b-cf36-4cc4-9a40-d8cc5d28df84,2026-02-08T21:26:10,1,1,1,0,1,3,147.49,4,0,0,0,1,0,1,0.41,0.0,0,1,18,7,3,3,0.3889,5,0,1,0.0,0,negative_hard
synthetic_user_0086,95461cac-4301-4ade-8b3c-98201e8731db,2026-02-08T21:26:10,1,1,1,0,1,3,147.49,4,0,0,0,1,0,1,0.41,0.0,0,1,9,2,1,0,0.2222,5,0,1,0.0,0,negative_hard
synthetic_user_0086,2c1e63cb-30f5-4e05-92af-ea93368ef4ab,2026-02-08T21:26:10,1,1,1,0,1,3,147.49,4,0,0,0,1,0,1,0.41,0.0,0,1,20,6,2,2,0.3,5,0,1,0.0,0,negative_hard
synthetic_user_0086,8706bbb8-8343-4edc-9af4-244b9cad76aa,2026-02-08T21:26:10,1,1,0,1,0,3,147.49,4,0,0,0,1,0,0,0.47,0.0,0,0,119,38,9,3,0.3193,0,0,1,0.0,0,negative_soft
synthetic_user_0144,09593622-ad83-4d14-8236-17bea51dbb13,2026-02-08T22:29:18,1,1,1,0,1,3,152.1,7,1,1,1,0,0,1,0.69,0.0,0,1,24,11,2,5,0.4583,10,0,1,0.0,0,negative_hard
synthetic_user_0144,98a77293-8faf-4d27-8248-6eb91f481d8f,2026-02-08T22:29:18,1,1,1,0,1,3,152.1,7,1,1,1,0,0,0,0.58,0.0,0,0,25,15,7,5,0.6,10,0,1,0.0,0,negative_hard
synthetic_user_0144,40a8032b-e43c-43dc-ba5f-d650f1c0a979,2026-02-08T22:29:18,1,1,1,0,1,3,152.1,7,1,1,1,0,0,1,0.41,0.0,0,1,16,7,3,2,0.4375,10,0,1,0.0,0,negative_hard
synthetic_user_0144,8706bbb8-8343-4edc-9af4-244b9cad76aa,2026-02-08T22:29:18,1,1,0,1,0,3,152.1,7,1,1,1,0,0,0,0.47,0.0,0,0,119,38,9,3,0.3193,0,0,1,0.0,0,negative_soft
synthetic_user_0129,33f6e3a9-237d-433e-b4b6-238e44c80117,2026-02-09T04:31:43,1,1,1,0,1,3,174.8,3,1,1,0,0,0,1,0.58,0.0,0,0,14,6,3,1,0.4286,4,0,1,0.0,0,negative_hard
synthetic_user_0129,a18002e2-24a3-4da4-b558-ea8cadcb047e,2026-02-09T04:31:43,1,1,1,0,1,3,174.8,3,1,1,0,0,0,0,0.58,0.0,0,0,26,10,2,2,0.3846,4,0,1,0.0,0,negative_hard
synthetic_user_0129,2c1e63cb-30f5-4e05-92af-ea93368ef4ab,2026-02-09T04:31:43,1,1,1,0,1,3,174.8,3,1,1,0,0,0,1,0.41,0.0,0,1,20,6,2,2,0.3,4,0,1,0.0,0,negative_hard
synthetic_user_0129,7c1af9a0-cf09-4356-8c0d-d762fbb21208,2026-02-09T04:31:43,0,0,0,2,0,3,174.8,3,1,1,0,0,0,1,1.76,0.0,0,1,36,7,0,1,0.1944,0,0,0,0.0,0,negative_soft
synthetic_user_0159,dbcab77a-8d8a-4721-b07d-d5d9ecc7874d,2026-02-09T18:10:36,1,1,0,1,0,4,153.63,3,1,1,0,0,0,1,0.58,0.0,0,0,13,4,0,0,0.3077,2,0,1,0.0,0,negative_soft
synthetic_user_0159,5a0f55cf-16af-4459-9030-0c7c6e11207f,2026-02-09T18:10:36,1,1,0,1,0,4,153.63,3,1,1,0,0,0,0,0.58,0.0,0,0,15,7,1,2,0.4667,2,0,1,0.0,0,negative_soft
synthetic_user_0159,45a799e0-5716-4209-b489-bd8f9ef13974,2026-02-09T18:10:36,1,1,0,1,0,4,153.63,3,1,1,0,0,0,1,0.41,0.0,0,1,10,6,3,1,0.6,2,0,1,0.0,0,negative_soft
synthetic_user_0159,b1e94dc4-e19f-4e9b-85e1-69c3b4ab0e97,2026-02-09T18:10:36,1,1,0,1,0,4,153.63,3,1,1,0,0,0,3,1.03,0.0,0,1,17,10,4,3,0.5882,2,0,1,0.0,0,negative_soft
synthetic_user_0044,f6081dfd-75ec-4719-a05b-6ec1f95df15f,2026-02-09T18:47:27,1,1,1,0,1,3,165.21,3,1,1,0,0,1,1,1.05,0.0,0,1,11,2,0,2,0.1818,4,0,1,0.0,0,negative_hard
synthetic_user_0044,95461cac-4301-4ade-8b3c-98201e8731db,2026-02-09T18:47:27,1,1,1,0,1,3,165.21,3,1,1,0,0,1,1,0.41,0.0,0,1,9,2,1,0,0.2222,4,0,1,0.0,0,negative_hard
synthetic_user_0044,8b44ea69-a5bb-4779-8c63-bf20e4da58c7,2026-02-09T18:47:27,1,1,1,0,1,3,165.21,3,1,1,0,0,1,1,0.69,0.0,0,1,22,12,4,3,0.5455,4,0,1,0.0,0,negative_hard
synthetic_user_0172,dcd20897-e14a-43fc-b2ba-66bb4a569874,2026-02-09T18:52:05,1,1,1,0,1,3,165.72,8,1,0,1,2,0,1,0.69,0.0,0,1,21,9,4,2,0.4286,11,0,2,0.0,0,negative_hard
synthetic_user_0172,59bf0b38-d7b5-4024-a66e-a03f1b47095d,2026-02-09T18:52:05,1,1,1,0,1,3,165.72,8,1,0,1,2,0,3,1.03,0.0,0,1,16,6,3,0,0.375,11,0,2,0.0,0,negative_hard
synthetic_user_0172,dbcab77a-8d8a-4721-b07d-d5d9ecc7874d,2026-02-09T18:52:05,1,1,1,0,1,3,165.72,8,1,0,1,2,0,1,0.58,0.0,0,0,13,4,0,0,0.3077,11,0,2,0.0,0,negative_hard
synthetic_user_0172,7c1af9a0-cf09-4356-8c0d-d762fbb21208,2026-02-09T18:52:05,0,0,0,2,0,3,165.72,8,1,0,1,2,0,1,1.76,0.0,0,1,36,7,0,1,0.1944,0,0,0,0.0,0,negative_soft
synthetic_user_0062,45a799e0-5716-4209-b489-bd8f9ef13974,2026-02-10T01:21:23,1,1,1,0,1,3,162.21,1,1,1,0,0,0,1,0.41,0.0,0,1,10,6,3,1,0.6,3,0,1,0.0,0,negative_hard
synthetic_user_0062,ea97dfce-6731-4b1d-9b03-485d04de4867,2026-02-10T01:21:23,1,1,1,0,1,3,162.21,1,1,1,0,0,0,3,1.03,0.0,0,1,13,3,0,1,0.2308,3,0,1,0.0,0,negative_hard
synthetic_user_0062,e06a75b5-86f9-4daf-b871-0fba7b7ba57d,2026-02-10T01:21:23,1,1,1,0,1,3,162.21,1,1,1,0,0,0,1,0.58,0.0,0,0,22,8,2,2,0.3636,3,0,1,0.0,0,negative_hard
synthetic_user_0062,8706bbb8-8343-4edc-9af4-244b9cad76aa,2026-02-10T01:21:23,1,1,0,1,0,3,162.21,1,1,1,0,0,0,0,0.47,0.0,0,0,120,38,9,3,0.3167,0,0,1,0.0,0,negative_soft
synthetic_user_0062,2c1e63cb-30f5-4e05-92af-ea93368ef4ab,2026-02-10T01:31:54,1,1,1,0,1,3,162.22,2,1,1,0,0,0,1,0.41,0.0,0,1,20,6,2,2,0.3,4,0,1,0.0,0,negative_hard
synthetic_user_0062,09593622-ad83-4d14-8236-17bea51dbb13,2026-02-10T01:31:54,1,1,1,0,1,3,162.22,2,1,1,0,0,0,1,0.69,0.0,0,1,24,11,2,5,0.4583,4,0,1,0.0,0,negative_hard
synthetic_user_0062,e72c3d3b-cf36-4cc4-9a40-d8cc5d28df84,2026-02-10T01:31:54,1,1,1,0,1,3,162.22,2,1,1,0,0,0,1,0.41,0.0,0,1,18,7,3,3,0.3889,4,0,1,0.0,0,negative_hard
synthetic_user_0062,8706bbb8-8343-4edc-9af4-244b9cad76aa,2026-02-10T01:31:54,1,1,0,1,0,3,162.22,2,1,1,0,0,0,0,0.47,0.0,0,0,120,38,9,3,0.3167,0,0,1,0.0,0,negative_soft
synthetic_user_0035,33f6e3a9-237d-433e-b4b6-238e44c80117,2026-02-10T05:49:23,1,1,1,0,1,3,178.03,1,0,0,0,0,1,1,0.58,0.0,0,0,15,6,3,1,0.4,1,0,0,0.0,0,negative_hard
synthetic_user_0035,59bf0b38-d7b5-4024-a66e-a03f1b47095d,2026-02-10T05:49:23,1,1,1,0,1,3,178.03,1,0,0,0,0,1,3,1.03,0.0,0,1,16,6,3,0,0.375,1,0,0,0.0,0,negative_hard
synthetic_user_0035,087164bc-8a57-44b1-bd06-0644f475917b,2026-02-10T05:49:23,1,1,1,0,1,3,178.03,1,0,0,0,0,1,0,0.58,0.0,0,0,18,5,2,0,0.2778,1,0,0,0.0,0,negative_hard
synthetic_user_0035,8706bbb8-8343-4edc-9af4-244b9cad76aa,2026-02-10T05:49:23,1,1,0,1,0,3,178.03,1,0,0,0,0,1,0,0.47,0.0,0,0,120,38,9,3,0.3167,0,0,0,0.0,0,negative_soft
synthetic_user_0084,c5310615-4076-41e9-9064-736593600471,2026-02-10T08:33:18,1,1,1,0,1,3,176.35,3,1,0,0,1,0,0,1.03,0.0,0,0,21,8,1,3,0.381,5,0,1,0.0,0,negative_hard
synthetic_user_0084,dcf38bea-591e-47ae-aaaf-e01b841cc3b3,2026-02-10T08:33:18,1,1,1,0,1,3,176.35,3,1,0,0,1,0,1,0.69,0.0,0,1,24,5,4,1,0.2083,5,0,1,0.0,0,negative_hard
synthetic_user_0084,8b44ea69-a5bb-4779-8c63-bf20e4da58c7,2026-02-10T08:33:18,1,1,1,0,1,3,176.35,3,1,0,0,1,0,1,0.69,0.0,0,1,23,12,4,3,0.5217,5,0,1,0.0,0,negative_hard
synthetic_user_0084,8706bbb8-8343-4edc-9af4-244b9cad76aa,2026-02-10T08:33:18,1,1,0,1,0,3,176.35,3,1,0,0,1,0,0,0.47,0.0,0,0,120,38,9,3,0.3167,0,0,1,0.0,0,negative_soft
synthetic_user_0084,95461cac-4301-4ade-8b3c-98201e8731db,2026-02-10T08:45:36,1,1,1,0,1,3,176.36,3,2,0,0,1,0,1,0.41,0.0,0,1,9,2,1,0,0.2222,6,0,1,0.0,0,negative_hard
synthetic_user_0084,fbb68aab-9b3b-4e24-9109-ea047f927347,2026-02-10T08:45:36,1,1,1,0,1,3,176.36,3,2,0,0,1,0,3,1.03,0.0,0,1,19,7,2,2,0.3684,6,0,1,0.0,0,negative_hard
synthetic_user_0084,945e447f-c018-4d92-b5e5-2f1f7a11bd56,2026-02-10T08:45:36,1,1,1,0,1,3,176.36,3,2,0,0,1,0,3,1.03,0.0,0,1,10,3,1,1,0.3,6,0,1,0.0,0,negative_hard
synthetic_user_0084,8706bbb8-8343-4edc-9af4-244b9cad76aa,2026-02-10T08:45:36,1,1,0,1,0,3,176.36,3,2,0,0,1,0,0,0.47,0.0,0,0,120,38,9,3,0.3167,0,0,1,0.0,0,negative_soft
synthetic_user_0179,087164bc-8a57-44b1-bd06-0644f475917b,2026-02-11T06:08:17,1,1,1,0,1,3,177.17,3,0,0,0,1,0,0,0.58,0.0,0,0,18,5,2,0,0.2778,4,0,1,0.0,0,negative_hard
synthetic_user_0179,33f6e3a9-237d-433e-b4b6-238e44c80117,2026-02-11T06:08:17,1,1,1,0,1,3,177.17,3,0,0,0,1,0,1,0.58,0.0,0,0,15,6,3,1,0.4,4,0,1,0.0,0,negative_hard
synthetic_user_0179,c5310615-4076-41e9-9064-736593600471,2026-02-11T06:08:17,1,1,1,0,1,3,177.17,3,0,0,0,1,0,0,1.03,0.0,0,0,21,8,1,3,0.381,4,0,1,0.0,0,negative_hard
synthetic_user_0179,7c1af9a0-cf09-4356-8c0d-d762fbb21208,2026-02-11T06:08:17,0,0,0,2,0,3,177.17,3,0,0,0,1,0,1,1.76,0.0,0,1,36,7,0,1,0.1944,0,0,0,0.0,0,negative_soft
synthetic_user_0179,945e447f-c018-4d92-b5e5-2f1f7a11bd56,2026-02-11T06:20:47,1,1,1,0,1,3,177.18,4,0,0,0,1,0,3,1.03,0.0,0,1,10,3,1,1,0.3,5,0,1,0.0,0,negative_hard
synthetic_user_0179,830353af-6497-4bc7-bab8-08114b64b682,2026-02-11T06:20:47,1,1,1,0,1,3,177.18,4,0,0,0,1,0,0,1.05,0.0,0,0,17,8,1,2,0.4706,5,0,1,0.0,0,negative_hard
synthetic_user_0179,dcf38bea-591e-47ae-aaaf-e01b841cc3b3,2026-02-11T06:20:47,1,1,1,0,1,3,177.18,4,0,0,0,1,0,1,0.69,0.0,0,1,24,5,4,1,0.2083,5,0,1,0.0,0,negative_hard
synthetic_user_0179,7c1af9a0-cf09-4356-8c0d-d762fbb21208,2026-02-11T06:20:47,0,0,0,2,0,3,177.18,4,0,0,0,1,0,1,1.76,0.0,0,1,36,7,0,1,0.1944,0,0,0,0.0,0,negative_soft
synthetic_user_0179,bd6bddb1-3e29-4767-a194-6196e46f7456,2026-02-11T06:34:38,1,1,1,0,1,3,177.19,4,1,0,0,1,0,1,0.41,0.0,0,1,13,5,1,1,0.3846,6,0,1,0.0,0,negative_hard
synthetic_user_0179,98a77293-8faf-4d27-8248-6eb91f481d8f,2026-02-11T06:34:38,1,1,1,0,1,3,177.19,4,1,0,0,1,0,0,0.58,0.0,0,0,25,15,7,5,0.6,6,0,1,0.0,0,negative_hard
synthetic_user_0179,c5310615-4076-41e9-9064-736593600471,2026-02-11T06:34:38,1,1,1,0,1,3,177.19,4,1,0,0,1,0,0,1.03,0.0,0,0,21,8,1,3,0.381,6,0,1,0.0,0,negative_hard
synthetic_user_0179,7c1af9a0-cf09-4356-8c0d-d762fbb21208,2026-02-11T06:34:38,0,0,0,2,0,3,177.19,4,1,0,0,1,0,1,1.76,0.0,0,1,36,7,0,1,0.1944,0,0,0,0.0,0,negative_soft
synthetic_user_0154,c5310615-4076-41e9-9064-736593600471,2026-02-11T08:29:57,1,1,1,0,1,3,152.74,1,0,0,0,1,1,0,1.03,0.0,0,0,21,8,1,3,0.381,0,0,1,0.0,0,negative_hard
synthetic_user_0154,45a799e0-5716-4209-b489-bd8f9ef13974,2026-02-11T08:29:57,1,1,1,0,1,3,152.74,1,0,0,0,1,1,1,0.41,0.0,0,1,10,6,3,1,0.6,0,0,1,0.0,0,negative_hard
synthetic_user_0154,40a8032b-e43c-43dc-ba5f-d650f1c0a979,2026-02-11T08:29:57,1,1,1,0,1,3,152.74,1,0,0,0,1,1,1,0.41,0.0,0,1,17,8,3,2,0.4706,0,0,1,0.0,0,negative_hard
synthetic_user_0154,7c1af9a0-cf09-4356-8c0d-d762fbb21208,2026-02-11T08:29:57,0,0,0,2,0,3,152.74,1,0,0,0,1,1,1,1.76,0.0,0,1,36,7,0,1,0.1944,0,0,0,0.0,0,negative_soft
synthetic_user_0111,087164bc-8a57-44b1-bd06-0644f475917b,2026-02-12T01:11:23,1,1,0,1,0,4,155.94,6,2,1,0,1,0,0,0.58,0.0,0,0,18,5,2,0,0.2778,1,0,1,0.0,0,negative_soft
synthetic_user_0111,f6081dfd-75ec-4719-a05b-6ec1f95df15f,2026-02-12T01:11:23,1,1,0,1,0,4,155.94,6,2,1,0,1,0,1,1.05,0.0,0,1,11,2,0,2,0.1818,1,0,1,0.0,0,negative_soft
synthetic_user_0111,bd6bddb1-3e29-4767-a194-6196e46f7456,2026-02-12T01:11:23,1,1,0,1,0,4,155.94,6,2,1,0,1,0,1,0.41,0.0,0,1,13,5,1,1,0.3846,1,0,1,0.0,0,negative_soft
synthetic_user_0111,b1e94dc4-e19f-4e9b-85e1-69c3b4ab0e97,2026-02-12T01:11:23,1,1,0,1,0,4,155.94,6,2,1,0,1,0,3,1.03,0.0,0,1,18,10,4,3,0.5556,1,0,1,0.0,0,negative_soft
synthetic_user_0111,dbcab77a-8d8a-4721-b07d-d5d9ecc7874d,2026-02-12T01:23:16,1,1,0,1,0,4,155.95,6,3,1,0,1,0,1,0.58,0.0,0,0,14,5,0,1,0.3571,1,0,1,0.0,0,negative_soft
synthetic_user_0111,ea97dfce-6731-4b1d-9b03-485d04de4867,2026-02-12T01:23:16,1,1,0,1,0,4,155.95,6,3,1,0,1,0,3,1.03,0.0,0,1,13,3,0,1,0.2308,1,0,1,0.0,0,negative_soft
synthetic_user_0111,98a77293-8faf-4d27-8248-6eb91f481d8f,2026-02-12T01:23:16,1,1,0,1,0,4,155.95,6,3,1,0,1,0,0,0.58,0.0,0,0,25,15,7,5,0.6,1,0,1,0.0,0,negative_soft
synthetic_user_0111,bd6bddb1-3e29-4767-a194-6196e46f7456,2026-02-12T01:23:16,1,1,0,1,0,4,155.95,6,3,1,0,1,0,1,0.41,0.0,0,1,13,5,1,1,0.3846,1,0,1,0.0,0,negative_soft
synthetic_user_0183,c5310615-4076-41e9-9064-736593600471,2026-02-12T06:58:53,1,1,1,0,1,3,159.48,5,0,0,0,1,0,0,1.03,0.0,0,0,21,8,1,3,0.381,6,0,1,0.0,0,negative_hard
synthetic_user_0183,a18002e2-24a3-4da4-b558-ea8cadcb047e,2026-02-12T06:58:53,1,1,1,0,1,3,159.48,5,0,0,0,1,0,0,0.58,0.0,0,0,28,11,2,2,0.3929,6,0,1,0.0,0,negative_hard
synthetic_user_0183,8b44ea69-a5bb-4779-8c63-bf20e4da58c7,2026-02-12T06:58:53,1,1,1,0,1,3,159.48,5,0,0,0,1,0,1,0.69,0.0,0,1,24,12,4,3,0.5,6,0,1,0.0,0,negative_hard
synthetic_user_0183,8706bbb8-8343-4edc-9af4-244b9cad76aa,2026-02-12T06:58:53,1,1,0,1,0,3,159.48,5,0,0,0,1,0,0,0.47,0.0,0,0,123,39,9,4,0.3171,0,0,1,0.0,0,negative_soft
synthetic_user_0148,b1e94dc4-e19f-4e9b-85e1-69c3b4ab0e97,2026-02-12T20:47:42,1,1,1,0,1,3,173.45,6,1,0,0,1,1,3,1.03,0.0,0,1,18,10,4,3,0.5556,5,0,1,0.0,0,negative_hard
synthetic_user_0148,dbcab77a-8d8a-4721-b07d-d5d9ecc7874d,2026-02-12T20:47:42,1,1,1,0,1,3,173.45,6,1,0,0,1,1,1,0.58,0.0,0,0,14,5,0,1,0.3571,5,0,1,0.0,0,negative_hard
synthetic_user_0148,5a0f55cf-16af-4459-9030-0c7c6e11207f,2026-02-12T20:47:42,1,1,1,0,1,3,173.45,6,1,0,0,1,1,0,0.58,0.0,0,0,16,8,1,2,0.5,5,0,1,0.0,0,negative_hard
synthetic_user_0148,7c1af9a0-cf09-4356-8c0d-d762fbb21208,2026-02-12T20:47:42,0,0,0,2,0,3,173.45,6,1,0,0,1,1,1,1.76,0.0,0,1,36,7,0,1,0.1944,0,0,0,0.0,0,negative_soft
synthetic_user_0168,a8231f34-c157-4fcd-b08a-5a3420cc0cee,2026-02-12T21:53:08,1,1,1,0,1,3,179.12,6,1,0,0,0,0,1,0.69,0.0,0,1,15,5,0,1,0.3333,3,0,1,0.0,0,negative_hard
synthetic_user_0168,f6081dfd-75ec-4719-a05b-6ec1f95df15f,2026-02-12T21:53:08,1,1,1,0,1,3,179.12,6,1,0,0,0,0,1,1.05,0.0,0,1,11,2,0,2,0.1818,3,0,1,0.0,0,negative_hard
synthetic_user_0168,33f6e3a9-237d-433e-b4b6-238e44c80117,2026-02-12T21:53:08,1,1,1,0,1,3,179.12,6,1,0,0,0,0,1,0.58,0.0,0,0,16,6,3,1,0.375,3,0,1,0.0,0,negative_hard
synthetic_user_0168,7c1af9a0-cf09-4356-8c0d-d762fbb21208,2026-02-12T21:53:08,0,0,0,2,0,3,179.12,6,1,0,0,0,0,1,1.76,0.0,0,1,36,7,0,1,0.1944,0,0,0,0.0,0,negative_soft
synthetic_user_0168,fbb68aab-9b3b-4e24-9109-ea047f927347,2026-02-12T21:59:02,1,1,1,0,1,3,179.12,6,2,0,0,0,0,3,1.03,0.0,0,1,20,7,2,2,0.35,4,0,2,0.0,0,negative_hard
synthetic_user_0168,45a799e0-5716-4209-b489-bd8f9ef13974,2026-02-12T21:59:02,1,1,1,0,1,3,179.12,6,2,0,0,0,0,1,0.41,0.0,0,1,10,6,3,1,0.6,4,0,2,0.0,0,negative_hard
synthetic_user_0168,59bf0b38-d7b5-4024-a66e-a03f1b47095d,2026-02-12T21:59:02,1,1,1,0,1,3,179.12,6,2,0,0,0,0,3,1.03,0.0,0,1,17,6,3,0,0.3529,4,0,2,0.0,0,negative_hard
synthetic_user_0168,7c1af9a0-cf09-4356-8c0d-d762fbb21208,2026-02-12T21:59:02,0,0,0,2,0,3,179.12,6,2,0,0,0,0,1,1.76,0.0,0,1,36,7,0,1,0.1944,0,0,0,0.0,0,negative_soft
synthetic_user_0174,087164bc-8a57-44b1-bd06-0644f475917b,2026-02-13T23:34:16,0,0,0,2,0,1,181.12,4,1,0,0,0,0,0,0.58,0.0,0,0,18,5,2,0,0.2778,1,0,0,0.0,0,negative_soft
synthetic_user_0174,40a8032b-e43c-43dc-ba5f-d650f1c0a979,2026-02-13T23:34:16,0,0,0,2,0,1,181.12,4,1,0,0,0,0,1,0.41,0.0,0,1,17,8,3,2,0.4706,1,0,0,0.0,0,negative_soft
synthetic_user_0174,5a0f55cf-16af-4459-9030-0c7c6e11207f,2026-02-13T23:34:16,0,0,0,2,0,1,181.12,4,1,0,0,0,0,0,0.58,0.0,0,0,16,8,1,2,0.5,1,0,0,0.0,0,negative_soft
synthetic_user_0174,bd6bddb1-3e29-4767-a194-6196e46f7456,2026-02-13T23:34:16,0,0,0,2,0,1,181.12,4,1,0,0,0,0,1,0.41,0.0,0,1,13,5,1,1,0.3846,1,0,0,0.0,0,negative_soft
synthetic_user_0031,dbcab77a-8d8a-4721-b07d-d5d9ecc7874d,2026-02-14T01:38:09,1,1,1,0,1,3,167.75,5,3,1,1,1,0,1,0.58,0.0,0,0,15,5,0,1,0.3333,3,0,2,0.0,0,negative_hard
synthetic_user_0031,087164bc-8a57-44b1-bd06-0644f475917b,2026-02-14T01:38:09,1,1,1,0,1,3,167.75,5,3,1,1,1,0,0,0.58,0.0,0,0,18,5,2,0,0.2778,3,0,2,0.0,0,negative_hard
synthetic_user_0031,e72c3d3b-cf36-4cc4-9a40-d8cc5d28df84,2026-02-14T01:38:09,1,1,1,0,1,3,167.75,5,3,1,1,1,0,1,0.41,0.0,0,1,18,7,3,3,0.3889,3,0,2,0.0,0,negative_hard
synthetic_user_0031,7c1af9a0-cf09-4356-8c0d-d762fbb21208,2026-02-14T01:38:09,0,0,0,2,0,3,167.75,5,3,1,1,1,0,1,1.76,0.0,0,1,36,7,0,1,0.1944,0,0,0,0.0,0,negative_soft
synthetic_user_0082,e72c3d3b-cf36-4cc4-9a40-d8cc5d28df84,2026-02-14T05:09:37,1,1,1,0,1,3,175.43,5,1,1,0,0,1,1,0.41,0.0,0,1,18,7,3,3,0.3889,7,0,1,0.0,0,negative_hard
synthetic_user_0082,dcf38bea-591e-47ae-aaaf-e01b841cc3b3,2026-02-14T05:09:37,1,1,1,0,1,3,175.43,5,1,1,0,0,1,1,0.69,0.0,0,1,25,6,4,2,0.24,7,0,1,0.0,0,negative_hard
synthetic_user_0082,5a0f55cf-16af-4459-9030-0c7c6e11207f,2026-02-14T05:09:37,1,1,1,0,1,3,175.43,5,1,1,0,0,1,0,0.58,0.0,0,0,16,8,1,2,0.5,7,0,1,0.0,0,negative_hard
synthetic_user_0082,8706bbb8-8343-4edc-9af4-244b9cad76aa,2026-02-14T05:09:37,1,1,0,1,0,3,175.43,5,1,1,0,0,1,0,0.47,0.0,0,0,124,39,9,4,0.3145,0,0,1,0.0,0,negative_soft
synthetic_user_0082,ea97dfce-6731-4b1d-9b03-485d04de4867,2026-02-14T05:15:03,1,1,1,0,1,3,175.43,5,2,1,0,0,1,3,1.03,0.0,0,1,13,3,0,1,0.2308,8,0,2,0.0,0,negative_hard
synthetic_user_0082,e72c3d3b-cf36-4cc4-9a40-d8cc5d28df84,2026-02-14T05:15:03,1,1,1,0,1,3,175.43,5,2,1,0,0,1,1,0.41,0.0,0,1,18,7,3,3,0.3889,8,0,2,0.0,0,negative_hard
synthetic_user_0082,98a77293-8faf-4d27-8248-6eb91f481d8f,2026-02-14T05:15:03,1,1,1,0,1,3,175.43,5,2,1,0,0,1,0,0.58,0.0,0,0,26,15,7,5,0.5769,8,0,2,0.0,0,negative_hard
synthetic_user_0082,8706bbb8-8343-4edc-9af4-244b9cad76aa,2026-02-14T05:15:03,1,1,0,1,0,3,175.43,5,2,1,0,0,1,0,0.47,0.0,0,0,124,39,9,4,0.3145,0,0,2,0.0,0,negative_soft
synthetic_user_0179,c5310615-4076-41e9-9064-736593600471,2026-02-14T06:48:42,1,1,1,0,1,3,180.2,4,1,0,1,1,0,0,1.03,0.0,0,0,21,8,1,3,0.381,7,0,1,0.0,0,negative_hard
synthetic_user_0179,e72c3d3b-cf36-4cc4-9a40-d8cc5d28df84,2026-02-14T06:48:42,1,1,1,0,1,3,180.2,4,1,0,1,1,0,1,0.41,0.0,0,1,18,7,3,3,0.3889,7,0,1,0.0,0,negative_hard
synthetic_user_0179,a18002e2-24a3-4da4-b558-ea8cadcb047e,2026-02-14T06:48:42,1,1,1,0,1,3,180.2,4,1,0,1,1,0,0,0.58,0.0,0,0,28,11,2,2,0.3929,7,0,1,0.0,0,negative_hard
synthetic_user_0179,7c1af9a0-cf09-4356-8c0d-d762fbb21208,2026-02-14T06:48:42,0,0,0,2,0,3,180.2,4,1,0,1,1,0,1,1.76,0.0,0,1,36,7,0,1,0.1944,0,0,0,0.0,0,negative_soft
synthetic_user_0172,581c8e36-7a51-4e8e-ac1d-6e9c1d54940f,2026-02-14T21:29:36,1,1,1,0,1,3,170.83,8,2,0,1,2,0,3,1.03,0.0,0,1,14,3,2,0,0.2143,12,0,3,0.0,0,negative_hard
synthetic_user_0172,087164bc-8a57-44b1-bd06-0644f475917b,2026-02-14T21:29:36,1,1,1,0,1,3,170.83,8,2,0,1,2,0,0,0.58,0.0,0,0,18,5,2,0,0.2778,12,0,3,0.0,0,negative_hard
synthetic_user_0172,c5310615-4076-41e9-9064-736593600471,2026-02-14T21:29:36,1,1,1,0,1,3,170.83,8,2,0,1,2,0,0,1.03,0.0,0,0,21,8,1,3,0.381,12,0,3,0.0,0,negative_hard
synthetic_user_0172,7c1af9a0-cf09-4356-8c0d-d762fbb21208,2026-02-14T21:29:36,0,0,0,2,0,3,170.83,8,2,0,1,2,0,1,1.76,0.0,0,1,36,7,0,1,0.1944,0,0,0,0.0,0,negative_soft
synthetic_user_0172,dbcab77a-8d8a-4721-b07d-d5d9ecc7874d,2026-02-14T21:32:28,1,1,1,0,1,3,170.83,9,2,0,1,2,0,1,0.58,0.0,0,0,15,5,0,1,0.3333,12,0,3,0.0,0,negative_hard
synthetic_user_0172,f6081dfd-75ec-4719-a05b-6ec1f95df15f,2026-02-14T21:32:28,1,1,1,0,1,3,170.83,9,2,0,1,2,0,1,1.05,0.0,0,1,13,3,0,3,0.2308,12,0,3,0.0,0,negative_hard
synthetic_user_0172,dcd20897-e14a-43fc-b2ba-66bb4a569874,2026-02-14T21:32:28,1,1,1,0,1,3,170.83,9,2,0,1,2,0,1,0.69,0.0,0,1,21,9,4,2,0.4286,12,0,3,0.0,0,negative_hard
synthetic_user_0172,7c1af9a0-cf09-4356-8c0d-d762fbb21208,2026-02-14T21:32:28,0,0,0,2,0,3,170.83,9,2,0,1,2,0,1,1.76,0.0,0,1,36,7,0,1,0.1944,0,0,0,0.0,0,negative_soft
synthetic_user_0172,dcd20897-e14a-43fc-b2ba-66bb4a569874,2026-02-14T21:34:48,1,1,1,0,1,3,170.83,9,3,0,1,2,0,1,0.69,0.0,0,1,21,9,4,2,0.4286,12,0,4,0.0,0,negative_hard
synthetic_user_0172,fbb68aab-9b3b-4e24-9109-ea047f927347,2026-02-14T21:34:48,1,1,1,0,1,3,170.83,9,3,0,1,2,0,3,1.03,0.0,0,1,20,7,2,2,0.35,12,0,4,0.0,0,negative_hard
synthetic_user_0172,581c8e36-7a51-4e8e-ac1d-6e9c1d54940f,2026-02-14T21:34:48,1,1,1,0,1,3,170.83,9,3,0,1,2,0,3,1.03,0.0,0,1,14,3,2,0,0.2143,12,0,4,0.0,0,negative_hard
synthetic_user_0172,7c1af9a0-cf09-4356-8c0d-d762fbb21208,2026-02-14T21:34:48,0,0,0,2,0,3,170.83,9,3,0,1,2,0,1,1.76,0.0,0,1,36,7,0,1,0.1944,0,0,0,0.0,0,negative_soft
synthetic_user_0192,dcf38bea-591e-47ae-aaaf-e01b841cc3b3,2026-02-15T02:00:53,1,1,0,1,0,4,153.18,4,1,0,0,0,0,1,0.69,0.0,0,1,25,6,4,2,0.24,4,0,1,0.0,0,negative_soft
synthetic_user_0192,a18002e2-24a3-4da4-b558-ea8cadcb047e,2026-02-15T02:00:53,1,1,0,1,0,4,153.18,4,1,0,0,0,0,0,0.58,0.0,0,0,28,11,2,2,0.3929,4,0,1,0.0,0,negative_soft
synthetic_user_0192,581c8e36-7a51-4e8e-ac1d-6e9c1d54940f,2026-02-15T02:00:53,1,1,0,1,0,4,153.18,4,1,0,0,0,0,3,1.03,0.0,0,1,14,3,2,0,0.2143,4,0,1,0.0,0,negative_soft
synthetic_user_0192,5a0f55cf-16af-4459-9030-0c7c6e11207f,2026-02-15T02:00:53,1,1,0,1,0,4,153.18,4,1,0,0,0,0,0,0.58,0.0,0,0,16,8,1,2,0.5,4,0,1,0.0,0,negative_soft
synthetic_user_0192,830353af-6497-4bc7-bab8-08114b64b682,2026-02-15T02:20:00,1,1,0,1,0,4,153.2,4,2,0,0,0,0,0,1.05,0.0,0,0,17,8,1,2,0.4706,4,0,2,0.0,0,negative_soft
synthetic_user_0192,95461cac-4301-4ade-8b3c-98201e8731db,2026-02-15T02:20:00,1,1,0,1,0,4,153.2,4,2,0,0,0,0,1,0.41,0.0,0,1,9,2,1,0,0.2222,4,0,2,0.0,0,negative_soft
synthetic_user_0192,85526add-cd5a-4107-a07e-62ff3f493082,2026-02-15T02:20:00,1,1,0,1,0,4,153.2,4,2,0,0,0,0,0,0.41,0.0,0,0,27,10,2,3,0.3704,4,0,2,0.0,0,negative_soft
synthetic_user_0192,945e447f-c018-4d92-b5e5-2f1f7a11bd56,2026-02-15T02:20:00,1,1,0,1,0,4,153.2,4,2,0,0,0,0,3,1.03,0.0,0,1,10,3,1,1,0.3,4,0,2,0.0,0,negative_soft
synthetic_user_0180,95461cac-4301-4ade-8b3c-98201e8731db,2026-02-15T03:52:30,1,1,1,0,1,3,161.18,8,3,1,1,3,0,1,0.41,0.0,0,1,9,2,1,0,0.2222,11,0,5,0.0,0,negative_hard
synthetic_user_0180,98a77293-8faf-4d27-8248-6eb91f481d8f,2026-02-15T03:52:30,1,1,1,0,1,3,161.18,8,3,1,1,3,0,0,0.58,0.0,0,0,26,15,7,5,0.5769,11,0,5,0.0,0,negative_hard
synthetic_user_0180,f6081dfd-75ec-4719-a05b-6ec1f95df15f,2026-02-15T03:52:30,1,1,1,0,1,3,161.18,8,3,1,1,3,0,1,1.05,0.0,0,1,13,3,0,3,0.2308,11,0,5,0.0,0,negative_hard
synthetic_user_0180,7c1af9a0-cf09-4356-8c0d-d762fbb21208,2026-02-15T03:52:30,0,0,0,2,0,3,161.18,8,3,1,1,3,0,1,1.76,0.0,0,1,36,7,0,1,0.1944,0,0,0,0.0,0,negative_soft
synthetic_user_0051,945e447f-c018-4d92-b5e5-2f1f7a11bd56,2026-02-15T18:45:44,1,1,1,0,1,3,156.69,7,3,1,0,0,1,3,1.03,0.0,0,1,10,3,1,1,0.3,10,0,2,0.0,0,negative_hard
synthetic_user_0051,45a799e0-5716-4209-b489-bd8f9ef13974,2026-02-15T18:45:44,1,1,1,0,1,3,156.69,7,3,1,0,0,1,1,0.41,0.0,0,1,10,6,3,1,0.6,10,0,2,0.0,0,negative_hard
synthetic_user_0051,b1e94dc4-e19f-4e9b-85e1-69c3b4ab0e97,2026-02-15T18:45:44,1,1,1,0,1,3,156.69,7,3,1,0,0,1,3,1.03,0.0,0,1,18,10,4,3,0.5556,10,0,2,0.0,0,negative_hard
synthetic_user_0051,7c1af9a0-cf09-4356-8c0d-d762fbb21208,2026-02-15T18:45:44,0,0,0,2,0,3,156.69,7,3,1,0,0,1,1,1.76,0.0,0,1,36,7,0,1,0.1944,0,0,0,0.0,0,negative_soft
synthetic_user_0051,dcf38bea-591e-47ae-aaaf-e01b841cc3b3,2026-02-15T18:59:20,1,1,1,0,1,3,156.7,8,3,1,0,0,1,1,0.69,0.0,0,1,25,6,4,2,0.24,10,0,2,0.0,0,negative_hard
synthetic_user_0051,5a0f55cf-16af-4459-9030-0c7c6e11207f,2026-02-15T18:59:20,1,1,1,0,1,3,156.7,8,3,1,0,0,1,0,0.58,0.0,0,0,16,8,1,2,0.5,10,0,2,0.0,0,negative_hard
synthetic_user_0051,945e447f-c018-4d92-b5e5-2f1f7a11bd56,2026-02-15T18:59:20,1,1,1,0,1,3,156.7,8,3,1,0,0,1,3,1.03,0.0,0,1,10,3,1,1,0.3,10,0,2,0.0,0,negative_hard
synthetic_user_0051,7c1af9a0-cf09-4356-8c0d-d762fbb21208,2026-02-15T18:59:20,0,0,0,2,0,3,156.7,8,3,1,0,0,1,1,1.76,0.0,0,1,36,7,0,1,0.1944,0,0,0,0.0,0,negative_soft
synthetic_user_0067,33f6e3a9-237d-433e-b4b6-238e44c80117,2026-02-15T20:57:37,1,1,1,0,1,3,167.78,10,1,1,0,1,0,1,0.58,0.0,0,0,17,6,3,1,0.3529,11,0,2,0.0,0,negative_hard
synthetic_user_0067,dcd20897-e14a-43fc-b2ba-66bb4a569874,2026-02-15T20:57:37,1,1,1,0,1,3,167.78,10,1,1,0,1,0,1,0.69,0.0,0,1,21,9,4,2,0.4286,11,0,2,0.0,0,negative_hard
synthetic_user_0067,85526add-cd5a-4107-a07e-62ff3f493082,2026-02-15T20:57:37,1,1,1,0,1,3,167.78,10,1,1,0,1,0,0,0.41,0.0,0,0,27,10,2,3,0.3704,11,0,2,0.0,0,negative_hard
synthetic_user_0137,087164bc-8a57-44b1-bd06-0644f475917b,2026-02-16T21:32:23,1,1,1,0,1,3,155.21,4,1,0,0,0,0,0,0.58,0.0,0,0,18,5,2,0,0.2778,5,0,1,0.0,0,negative_hard
synthetic_user_0137,45a799e0-5716-4209-b489-bd8f9ef13974,2026-02-16T21:32:23,1,1,1,0,1,3,155.21,4,1,0,0,0,0,1,0.41,0.0,0,1,10,6,3,1,0.6,5,0,1,0.0,0,negative_hard
synthetic_user_0137,a8231f34-c157-4fcd-b08a-5a3420cc0cee,2026-02-16T21:32:23,1,1,1,0,1,3,155.21,4,1,0,0,0,0,1,0.69,0.0,0,1,18,6,0,1,0.3333,5,0,1,0.0,0,negative_hard
synthetic_user_0137,8706bbb8-8343-4edc-9af4-244b9cad76aa,2026-02-16T21:32:23,1,1,0,1,0,3,155.21,4,1,0,0,0,0,0,0.47,0.0,0,0,128,42,10,4,0.3281,0,0,1,0.0,0,negative_soft
synthetic_user_0095,a18002e2-24a3-4da4-b558-ea8cadcb047e,2026-02-16T21:44:41,1,1,1,0,1,3,174.96,4,0,0,0,0,1,0,0.58,0.0,0,0,28,11,2,2,0.3929,1,0,0,0.0,0,negative_hard
synthetic_user_0095,dcd20897-e14a-43fc-b2ba-66bb4a569874,2026-02-16T21:44:41,1,1,1,0,1,3,174.96,4,0,0,0,0,1,1,0.69,0.0,0,1,21,9,4,2,0.4286,1,0,0,0.0,0,negative_hard
synthetic_user_0095,e72c3d3b-cf36-4cc4-9a40-d8cc5d28df84,2026-02-16T21:44:41,1,1,1,0,1,3,174.96,4,0,0,0,0,1,1,0.41,0.0,0,1,19,7,3,3,0.3684,1,0,0,0.0,0,negative_hard
synthetic_user_0026,945e447f-c018-4d92-b5e5-2f1f7a11bd56,2026-02-17T01:06:43,1,1,1,0,1,3,183.31,8,1,0,0,0,0,3,1.03,0.0,0,1,10,3,1,1,0.3,7,0,1,0.0,0,negative_hard
synthetic_user_0026,33f6e3a9-237d-433e-b4b6-238e44c80117,2026-02-17T01:06:43,1,1,1,0,1,3,183.31,8,1,0,0,0,0,1,0.58,0.0,0,0,17,6,3,1,0.3529,7,0,1,0.0,0,negative_hard
synthetic_user_0026,2c1e63cb-30f5-4e05-92af-ea93368ef4ab,2026-02-17T01:06:43,1,1,1,0,1,3,183.31,8,1,0,0,0,0,1,0.41,0.0,0,1,21,7,2,2,0.3333,7,0,1,0.0,0,negative_hard
synthetic_user_0026,7c1af9a0-cf09-4356-8c0d-d762fbb21208,2026-02-17T01:06:43,0,0,0,2,0,3,183.31,8,1,0,0,0,0,1,1.76,0.0,0,1,36,7,0,1,0.1944,0,0,0,0.0,0,negative_soft
synthetic_user_0024,85526add-cd5a-4107-a07e-62ff3f493082,2026-02-17T04:51:22,1,1,1,0,1,3,167.1,8,2,0,0,2,0,0,0.41,0.0,0,0,28,10,2,3,0.3571,12,0,2,0.0,0,negative_hard
synthetic_user_0024,dcf38bea-591e-47ae-aaaf-e01b841cc3b3,2026-02-17T04:51:22,1,1,1,0,1,3,167.1,8,2,0,0,2,0,1,0.69,0.0,0,1,25,6,4,2,0.24,12,0,2,0.0,0,negative_hard
synthetic_user_0024,087164bc-8a57-44b1-bd06-0644f475917b,2026-02-17T04:51:22,1,1,1,0,1,3,167.1,8,2,0,0,2,0,0,0.58,0.0,0,0,18,5,2,0,0.2778,12,0,2,0.0,0,negative_hard
synthetic_user_0024,8706bbb8-8343-4edc-9af4-244b9cad76aa,2026-02-17T04:51:22,1,1,0,1,0,3,167.1,8,2,0,0,2,0,0,0.47,0.0,0,0,128,42,10,4,0.3281,0,0,2,0.0,0,negative_soft
synthetic_user_0024,98a77293-8faf-4d27-8248-6eb91f481d8f,2026-02-17T04:53:34,1,1,1,0,1,3,167.11,8,3,0,0,2,0,0,0.58,0.0,0,0,26,15,7,5,0.5769,13,0,2,0.0,0,negative_hard
synthetic_user_0024,5a0f55cf-16af-4459-9030-0c7c6e11207f,2026-02-17T04:53:34,1,1,1,0,1,3,167.11,8,3,0,0,2,0,0,0.58,0.0,0,0,17,8,1,2,0.4706,13,0,2,0.0,0,negative_hard
synthetic_user_0024,dcd20897-e14a-43fc-b2ba-66bb4a569874,2026-02-17T04:53:34,1,1,1,0,1,3,167.11,8,3,0,0,2,0,1,0.69,0.0,0,1,21,9,4,2,0.4286,13,0,2,0.0,0,negative_hard
synthetic_user_0024,8706bbb8-8343-4edc-9af4-244b9cad76aa,2026-02-17T04:53:34,1,1,0,1,0,3,167.11,8,3,0,0,2,0,0,0.47,0.0,0,0,128,42,10,4,0.3281,0,0,2,0.0,0,negative_soft
synthetic_user_0024,dcf38bea-591e-47ae-aaaf-e01b841cc3b3,2026-02-17T04:57:48,1,1,1,0,1,3,167.11,8,3,1,0,2,0,1,0.69,0.0,0,1,25,6,4,2,0.24,14,0,2,0.0,0,negative_hard
synthetic_user_0024,45a799e0-5716-4209-b489-bd8f9ef13974,2026-02-17T04:57:48,1,1,1,0,1,3,167.11,8,3,1,0,2,0,1,0.41,0.0,0,1,10,6,3,1,0.6,14,0,2,0.0,0,negative_hard
synthetic_user_0024,f6081dfd-75ec-4719-a05b-6ec1f95df15f,2026-02-17T04:57:48,1,1,1,0,1,3,167.11,8,3,1,0,2,0,1,1.05,0.0,0,1,13,3,0,3,0.2308,14,0,2,0.0,0,negative_hard
synthetic_user_0024,8706bbb8-8343-4edc-9af4-244b9cad76aa,2026-02-17T04:57:48,1,1,0,1,0,3,167.11,8,3,1,0,2,0,0,0.47,0.0,0,0,128,42,10,4,0.3281,0,0,2,0.0,0,negative_soft
synthetic_user_0024,98a77293-8faf-4d27-8248-6eb91f481d8f,2026-02-17T05:06:20,1,1,1,0,1,3,167.11,8,3,1,1,2,0,0,0.58,0.0,0,0,26,15,7,5,0.5769,15,0,2,0.0,0,negative_hard
synthetic_user_0024,dbcab77a-8d8a-4721-b07d-d5d9ecc7874d,2026-02-17T05:06:20,1,1,1,0,1,3,167.11,8,3,1,1,2,0,1,0.58,0.0,0,0,16,5,0,1,0.3125,15,0,2,0.0,0,negative_hard
synthetic_user_0024,85526add-cd5a-4107-a07e-62ff3f493082,2026-02-17T05:06:20,1,1,1,0,1,3,167.11,8,3,1,1,2,0,0,0.41,0.0,0,0,28,10,2,3,0.3571,15,0,2,0.0,0,negative_hard
synthetic_user_0024,8706bbb8-8343-4edc-9af4-244b9cad76aa,2026-02-17T05:06:20,1,1,0,1,0,3,167.11,8,3,1,1,2,0,0,0.47,0.0,0,0,128,42,10,4,0.3281,0,0,2,0.0,0,negative_soft
synthetic_user_0126,40a8032b-e43c-43dc-ba5f-d650f1c0a979,2026-02-17T21:10:08,1,1,1,0,1,3,180.06,1,0,0,0,0,1,1,0.41,0.0,0,1,17,8,3,2,0.4706,1,0,0,0.0,0,negative_hard
synthetic_user_0126,e72c3d3b-cf36-4cc4-9a40-d8cc5d28df84,2026-02-17T21:10:08,1,1,1,0,1,3,180.06,1,0,0,0,0,1,1,0.41,0.0,0,1,19,7,3,3,0.3684,1,0,0,0.0,0,negative_hard
synthetic_user_0126,95461cac-4301-4ade-8b3c-98201e8731db,2026-02-17T21:10:08,1,1,1,0,1,3,180.06,1,0,0,0,0,1,1,0.41,0.0,0,1,9,2,1,0,0.2222,1,0,0,0.0,0,negative_hard
synthetic_user_0126,8706bbb8-8343-4edc-9af4-244b9cad76aa,2026-02-17T21:10:08,1,1,0,1,0,3,180.06,1,0,0,0,0,1,0,0.47,0.0,0,0,128,42,10,4,0.3281,0,0,0,0.0,0,negative_soft
synthetic_user_0064,945e447f-c018-4d92-b5e5-2f1f7a11bd56,2026-02-18T02:30:23,1,1,0,1,0,4,165.47,5,0,0,0,2,0,3,1.03,0.0,0,1,10,3,1,1,0.3,0,0,1,0.0,0,negative_soft
synthetic_user_0064,dcd20897-e14a-43fc-b2ba-66bb4a569874,2026-02-18T02:30:23,1,1,0,1,0,4,165.47,5,0,0,0,2,0,1,0.69,0.0,0,1,22,9,4,2,0.4091,0,0,1,0.0,0,negative_soft
synthetic_user_0064,a8231f34-c157-4fcd-b08a-5a3420cc0cee,2026-02-18T02:30:23,1,1,0,1,0,4,165.47,5,0,0,0,2,0,1,0.69,0.0,0,1,18,6,0,1,0.3333,0,0,1,0.0,0,negative_soft
synthetic_user_0064,59bf0b38-d7b5-4024-a66e-a03f1b47095d,2026-02-18T02:30:23,1,1,0,1,0,4,165.47,5,0,0,0,2,0,3,1.03,0.0,0,1,18,6,3,0,0.3333,0,0,1,0.0,0,negative_soft
synthetic_user_0064,dcf38bea-591e-47ae-aaaf-e01b841cc3b3,2026-02-18T02:35:23,1,1,0,1,0,4,165.47,5,1,0,0,2,0,1,0.69,0.0,0,1,26,6,4,2,0.2308,0,0,1,0.0,0,negative_soft
synthetic_user_0064,45a799e0-5716-4209-b489-bd8f9ef13974,2026-02-18T02:35:23,1,1,0,1,0,4,165.47,5,1,0,0,2,0,1,0.41,0.0,0,1,10,6,3,1,0.6,0,0,1,0.0,0,negative_soft
synthetic_user_0064,b1e94dc4-e19f-4e9b-85e1-69c3b4ab0e97,2026-02-18T02:35:23,1,1,0,1,0,4,165.47,5,1,0,0,2,0,3,1.03,0.0,0,1,18,10,4,3,0.5556,0,0,1,0.0,0,negative_soft
synthetic_user_0064,85526add-cd5a-4107-a07e-62ff3f493082,2026-02-18T02:35:23,1,1,0,1,0,4,165.47,5,1,0,0,2,0,0,0.41,0.0,0,0,28,10,2,3,0.3571,0,0,1,0.0,0,negative_soft
synthetic_user_0066,a18002e2-24a3-4da4-b558-ea8cadcb047e,2026-02-18T02:38:16,1,1,1,0,1,3,166.74,4,1,0,0,1,1,0,0.58,0.0,0,0,28,11,2,2,0.3929,6,0,2,0.0,0,negative_hard
synthetic_user_0066,fbb68aab-9b3b-4e24-9109-ea047f927347,2026-02-18T02:38:16,1,1,1,0,1,3,166.74,4,1,0,0,1,1,3,1.03,0.0,0,1,22,8,3,3,0.3636,6,0,2,0.0,0,negative_hard
synthetic_user_0066,8b44ea69-a5bb-4779-8c63-bf20e4da58c7,2026-02-18T02:38:16,1,1,1,0,1,3,166.74,4,1,0,0,1,1,1,0.69,0.0,0,1,24,12,4,3,0.5,6,0,2,0.0,0,negative_hard
synthetic_user_0066,8706bbb8-8343-4edc-9af4-244b9cad76aa,2026-02-18T02:38:16,1,1,0,1,0,3,166.74,4,1,0,0,1,1,0,0.47,0.0,0,0,129,43,11,4,0.3333,0,0,2,0.0,0,negative_soft
synthetic_user_0066,a8231f34-c157-4fcd-b08a-5a3420cc0cee,2026-02-18T02:39:27,1,1,1,0,1,3,166.74,4,2,0,0,1,1,1,0.69,0.0,0,1,18,6,0,1,0.3333,7,0,3,0.0,0,negative_hard
synthetic_user_0066,2c1e63cb-30f5-4e05-92af-ea93368ef4ab,2026-02-18T02:39:27,1,1,1,0,1,3,166.74,4,2,0,0,1,1,1,0.41,0.0,0,1,21,7,2,2,0.3333,7,0,3,0.0,0,negative_hard
synthetic_user_0066,45a799e0-5716-4209-b489-bd8f9ef13974,2026-02-18T02:39:27,1,1,1,0,1,3,166.74,4,2,0,0,1,1,1,0.41,0.0,0,1,10,6,3,1,0.6,7,0,3,0.0,0,negative_hard
synthetic_user_0066,8706bbb8-8343-4edc-9af4-244b9cad76aa,2026-02-18T02:39:27,1,1,0,1,0,3,166.74,4,2,0,0,1,1,0,0.47,0.0,0,0,129,43,11,4,0.3333,0,0,3,0.0,0,negative_soft
synthetic_user_0091,e06a75b5-86f9-4daf-b871-0fba7b7ba57d,2026-02-18T05:28:35,1,1,1,0,1,3,163.6,5,0,0,0,0,0,1,0.58,0.0,0,0,24,8,2,2,0.3333,5,0,0,0.0,0,negative_hard
synthetic_user_0091,945e447f-c018-4d92-b5e5-2f1f7a11bd56,2026-02-18T05:28:35,1,1,1,0,1,3,163.6,5,0,0,0,0,0,3,1.03,0.0,0,1,11,3,1,1,0.2727,5,0,0,0.0,0,negative_hard
synthetic_user_0091,f6081dfd-75ec-4719-a05b-6ec1f95df15f,2026-02-18T05:28:35,1,1,1,0,1,3,163.6,5,0,0,0,0,0,1,1.05,0.0,0,1,13,3,0,3,0.2308,5,0,0,0.0,0,negative_hard
synthetic_user_0091,7c1af9a0-cf09-4356-8c0d-d762fbb21208,2026-02-18T05:28:35,0,0,0,2,0,3,163.6,5,0,0,0,0,0,1,1.76,0.0,0,1,36,7,0,1,0.1944,0,0,0,0.0,0,negative_soft
synthetic_user_0110,45a799e0-5716-4209-b489-bd8f9ef13974,2026-02-18T08:45:10,1,1,1,0,1,3,156.0,9,3,0,0,3,1,1,0.41,0.0,0,1,10,6,3,1,0.6,15,0,3,0.0,0,negative_hard
synthetic_user_0110,945e447f-c018-4d92-b5e5-2f1f7a11bd56,2026-02-18T08:45:10,1,1,1,0,1,3,156.0,9,3,0,0,3,1,3,1.03,0.0,0,1,11,3,1,1,0.2727,15,0,3,0.0,0,negative_hard
synthetic_user_0110,087164bc-8a57-44b1-bd06-0644f475917b,2026-02-18T08:45:10,1,1,1,0,1,3,156.0,9,3,0,0,3,1,0,0.58,0.0,0,0,18,5,2,0,0.2778,15,0,3,0.0,0,negative_hard
synthetic_user_0110,8706bbb8-8343-4edc-9af4-244b9cad76aa,2026-02-18T08:45:10,1,1,0,1,0,3,156.0,9,3,0,0,3,1,0,0.47,0.0,0,0,129,43,11,4,0.3333,0,0,3,0.0,0,negative_soft
synthetic_user_0052,b1e94dc4-e19f-4e9b-85e1-69c3b4ab0e97,2026-02-18T23:10:56,1,1,1,0,1,3,176.13,5,3,1,0,0,0,3,1.03,0.0,0,1,18,10,4,3,0.5556,9,0,3,0.0,0,negative_hard
synthetic_user_0052,95461cac-4301-4ade-8b3c-98201e8731db,2026-02-18T23:10:56,1,1,1,0,1,3,176.13,5,3,1,0,0,0,1,0.41,0.0,0,1,9,2,1,0,0.2222,9,0,3,0.0,0,negative_hard
synthetic_user_0052,5a0f55cf-16af-4459-9030-0c7c6e11207f,2026-02-18T23:10:56,1,1,1,0,1,3,176.13,5,3,1,0,0,0,0,0.58,0.0,0,0,17,8,1,2,0.4706,9,0,3,0.0,0,negative_hard
synthetic_user_0052,8706bbb8-8343-4edc-9af4-244b9cad76aa,2026-02-18T23:10:56,1,1,0,1,0,3,176.13,5,3,1,0,0,0,0,0.47,0.0,0,0,129,43,11,4,0.3333,0,0,3,0.0,0,negative_soft
synthetic_user_0106,59bf0b38-d7b5-4024-a66e-a03f1b47095d,2026-02-19T02:47:18,1,1,1,0,1,3,161.88,4,1,0,0,0,0,3,1.03,0.0,0,1,18,6,3,0,0.3333,0,0,1,0.0,0,negative_hard
synthetic_user_0106,dcf38bea-591e-47ae-aaaf-e01b841cc3b3,2026-02-19T02:47:18,1,1,1,0,1,3,161.88,4,1,0,0,0,0,1,0.69,0.0,0,1,26,6,4,2,0.2308,0,0,1,0.0,0,negative_hard
synthetic_user_0106,fbb68aab-9b3b-4e24-9109-ea047f927347,2026-02-19T02:47:18,1,1,1,0,1,3,161.88,4,1,0,0,0,0,3,1.03,0.0,0,1,22,8,3,3,0.3636,0,0,1,0.0,0,negative_hard
synthetic_user_0106,7c1af9a0-cf09-4356-8c0d-d762fbb21208,2026-02-19T02:47:18,0,0,0,2,0,3,161.88,4,1,0,0,0,0,1,1.76,0.0,0,1,36,7,0,1,0.1944,0,0,0,0.0,0,negative_soft
synthetic_user_0068,33f6e3a9-237d-433e-b4b6-238e44c80117,2026-02-19T06:50:06,1,1,1,0,1,3,181.91,4,1,1,0,0,1,1,0.58,0.0,0,0,17,6,3,1,0.3529,4,0,1,0.0,0,negative_hard
synthetic_user_0068,8b44ea69-a5bb-4779-8c63-bf20e4da58c7,2026-02-19T06:50:06,1,1,1,0,1,3,181.91,4,1,1,0,0,1,1,0.69,0.0,0,1,25,12,4,3,0.48,4,0,1,0.0,0,negative_hard
synthetic_user_0068,98a77293-8faf-4d27-8248-6eb91f481d8f,2026-02-19T06:50:06,1,1,1,0,1,3,181.91,4,1,1,0,0,1,0,0.58,0.0,0,0,26,15,7,5,0.5769,4,0,1,0.0,0,negative_hard
synthetic_user_0068,8706bbb8-8343-4edc-9af4-244b9cad76aa,2026-02-19T06:50:06,1,1,0,1,0,3,181.91,4,1,1,0,0,1,0,0.47,0.0,0,0,130,44,11,4,0.3385,0,0,1,0.0,0,negative_soft
synthetic_user_0068,945e447f-c018-4d92-b5e5-2f1f7a11bd56,2026-02-19T06:59:46,1,1,1,0,1,3,181.92,4,2,1,0,0,1,3,1.03,0.0,0,1,11,3,1,1,0.2727,5,0,2,0.0,0,negative_hard
synthetic_user_0068,bd6bddb1-3e29-4767-a194-6196e46f7456,2026-02-19T06:59:46,1,1,1,0,1,3,181.92,4,2,1,0,0,1,1,0.41,0.0,0,1,14,5,1,1,0.3571,5,0,2,0.0,0,negative_hard
synthetic_user_0068,98a77293-8faf-4d27-8248-6eb91f481d8f,2026-02-19T06:59:46,1,1,1,0,1,3,181.92,4,2,1,0,0,1,0,0.58,0.0,0,0,26,15,7,5,0.5769,5,0,2,0.0,0,negative_hard
synthetic_user_0068,8706bbb8-8343-4edc-9af4-244b9cad76aa,2026-02-19T06:59:46,1,1,0,1,0,3,181.92,4,2,1,0,0,1,0,0.47,0.0,0,0,130,44,11,4,0.3385,0,0,2,0.0,0,negative_soft
synthetic_user_0086,98a77293-8faf-4d27-8248-6eb91f481d8f,2026-02-20T00:10:50,1,1,1,0,1,3,158.6,5,1,0,0,1,0,0,0.58,0.0,0,0,26,15,7,5,0.5769,7,0,2,0.0,0,negative_hard
synthetic_user_0086,e06a75b5-86f9-4daf-b871-0fba7b7ba57d,2026-02-20T00:10:50,1,1,1,0,1,3,158.6,5,1,0,0,1,0,1,0.58,0.0,0,0,24,8,2,2,0.3333,7,0,2,0.0,0,negative_hard
synthetic_user_0086,bd6bddb1-3e29-4767-a194-6196e46f7456,2026-02-20T00:10:50,1,1,1,0,1,3,158.6,5,1,0,0,1,0,1,0.41,0.0,0,1,14,5,1,1,0.3571,7,0,2,0.0,0,negative_hard
synthetic_user_0086,8706bbb8-8343-4edc-9af4-244b9cad76aa,2026-02-20T00:10:50,1,1,0,1,0,3,158.6,5,1,0,0,1,0,0,0.47,0.0,0,0,131,44,11,4,0.3359,0,0,2,0.0,0,negative_soft
synthetic_user_0151,85526add-cd5a-4107-a07e-62ff3f493082,2026-02-20T04:12:45,1,1,1,0,1,3,173.01,7,3,2,1,1,0,0,0.41,0.0,0,0,28,10,2,3,0.3571,13,0,3,0.0,0,negative_hard
synthetic_user_0151,c5310615-4076-41e9-9064-736593600471,2026-02-20T04:12:45,1,1,1,0,1,3,173.01,7,3,2,1,1,0,0,1.03,0.0,0,0,21,8,1,3,0.381,13,0,3,0.0,0,negative_hard
synthetic_user_0151,45a799e0-5716-4209-b489-bd8f9ef13974,2026-02-20T04:12:45,1,1,1,0,1,3,173.01,7,3,2,1,1,0,1,0.41,0.0,0,1,10,6,3,1,0.6,13,0,3,0.0,0,negative_hard
synthetic_user_0151,7c1af9a0-cf09-4356-8c0d-d762fbb21208,2026-02-20T04:12:45,0,0,0,2,0,3,173.01,7,3,2,1,1,0,1,1.76,0.0,0,1,37,7,0,1,0.1892,0,0,0,0.0,0,negative_soft
synthetic_user_0151,09593622-ad83-4d14-8236-17bea51dbb13,2026-02-20T04:36:32,1,1,1,0,1,3,173.03,8,3,2,1,1,0,1,0.69,0.0,0,1,26,11,2,5,0.4231,14,0,3,0.0,0,negative_hard
synthetic_user_0151,dcf38bea-591e-47ae-aaaf-e01b841cc3b3,2026-02-20T04:36:32,1,1,1,0,1,3,173.03,8,3,2,1,1,0,1,0.69,0.0,0,1,26,6,4,2,0.2308,14,0,3,0.0,0,negative_hard
synthetic_user_0151,95461cac-4301-4ade-8b3c-98201e8731db,2026-02-20T04:36:32,1,1,1,0,1,3,173.03,8,3,2,1,1,0,1,0.41,0.0,0,1,9,2,1,0,0.2222,14,0,3,0.0,0,negative_hard
synthetic_user_0151,7c1af9a0-cf09-4356-8c0d-d762fbb21208,2026-02-20T04:36:32,0,0,0,2,0,3,173.03,8,3,2,1,1,0,1,1.76,0.0,0,1,37,7,0,1,0.1892,0,0,0,0.0,0,negative_soft
synthetic_user_0055,c5310615-4076-41e9-9064-736593600471,2026-02-20T22:48:06,1,1,1,0,1,3,179.53,6,0,0,0,0,1,0,1.03,0.0,0,0,21,8,1,3,0.381,6,0,0,0.0,0,negative_hard
synthetic_user_0055,830353af-6497-4bc7-bab8-08114b64b682,2026-02-20T22:48:06,1,1,1,0,1,3,179.53,6,0,0,0,0,1,0,1.05,0.0,0,0,20,9,2,2,0.45,6,0,0,0.0,0,negative_hard
synthetic_user_0055,a8231f34-c157-4fcd-b08a-5a3420cc0cee,2026-02-20T22:48:06,1,1,1,0,1,3,179.53,6,0,0,0,0,1,1,0.69,0.0,0,1,19,6,0,1,0.3158,6,0,0,0.0,0,negative_hard
synthetic_user_0055,8706bbb8-8343-4edc-9af4-244b9cad76aa,2026-02-20T22:48:06,1,1,0,1,0,3,179.53,6,0,0,0,0,1,0,0.47,0.0,0,0,132,44,11,4,0.3333,0,0,0,0.0,0,negative_soft
synthetic_user_0120,98a77293-8faf-4d27-8248-6eb91f481d8f,2026-02-21T05:12:30,1,1,1,0,1,3,182.38,4,2,0,0,0,0,0,0.58,0.0,0,0,26,15,7,5,0.5769,3,0,2,0.0,0,negative_hard
synthetic_user_0120,bd6bddb1-3e29-4767-a194-6196e46f7456,2026-02-21T05:12:30,1,1,1,0,1,3,182.38,4,2,0,0,0,0,1,0.41,0.0,0,1,14,5,1,1,0.3571,3,0,2,0.0,0,negative_hard
synthetic_user_0120,b1e94dc4-e19f-4e9b-85e1-69c3b4ab0e97,2026-02-21T05:12:30,1,1,1,0,1,3,182.38,4,2,0,0,0,0,3,1.03,0.0,0,1,18,10,4,3,0.5556,3,0,2,0.0,0,negative_hard
synthetic_user_0120,7c1af9a0-cf09-4356-8c0d-d762fbb21208,2026-02-21T05:12:30,0,0,0,2,0,3,182.38,4,2,0,0,0,0,1,1.76,0.0,0,1,37,7,0,1,0.1892,0,0,0,0.0,0,negative_soft
synthetic_user_0120,40a8032b-e43c-43dc-ba5f-d650f1c0a979,2026-02-21T05:14:52,1,1,1,0,1,3,182.38,5,2,0,0,0,0,1,0.41,0.0,0,1,18,9,3,2,0.5,4,0,2,0.0,0,negative_hard
synthetic_user_0120,dbcab77a-8d8a-4721-b07d-d5d9ecc7874d,2026-02-21T05:14:52,1,1,1,0,1,3,182.38,5,2,0,0,0,0,1,0.58,0.0,0,0,17,5,0,1,0.2941,4,0,2,0.0,0,negative_hard
synthetic_user_0120,45a799e0-5716-4209-b489-bd8f9ef13974,2026-02-21T05:14:52,1,1,1,0,1,3,182.38,5,2,0,0,0,0,1,0.41,0.0,0,1,10,6,3,1,0.6,4,0,2,0.0,0,negative_hard
synthetic_user_0120,7c1af9a0-cf09-4356-8c0d-d762fbb21208,2026-02-21T05:14:52,0,0,0,2,0,3,182.38,5,2,0,0,0,0,1,1.76,0.0,0,1,37,7,0,1,0.1892,0,0,0,0.0,0,negative_soft
synthetic_user_0120,09593622-ad83-4d14-8236-17bea51dbb13,2026-02-21T05:33:32,1,1,1,0,1,3,182.39,5,3,0,0,0,0,1,0.69,0.0,0,1,27,12,2,5,0.4444,5,0,2,0.0,0,negative_hard
synthetic_user_0120,830353af-6497-4bc7-bab8-08114b64b682,2026-02-21T05:33:32,1,1,1,0,1,3,182.39,5,3,0,0,0,0,0,1.05,0.0,0,0,20,9,2,2,0.45,5,0,2,0.0,0,negative_hard
synthetic_user_0120,2c1e63cb-30f5-4e05-92af-ea93368ef4ab,2026-02-21T05:33:32,1,1,1,0,1,3,182.39,5,3,0,0,0,0,1,0.41,0.0,0,1,21,7,2,2,0.3333,5,0,2,0.0,0,negative_hard
synthetic_user_0120,7c1af9a0-cf09-4356-8c0d-d762fbb21208,2026-02-21T05:33:32,0,0,0,2,0,3,182.39,5,3,0,0,0,0,1,1.76,0.0,0,1,37,7,0,1,0.1892,0,0,0,0.0,0,negative_soft
synthetic_user_0068,40a8032b-e43c-43dc-ba5f-d650f1c0a979,2026-02-21T07:18:08,1,1,1,0,1,3,183.93,4,2,2,0,0,1,1,0.41,0.0,0,1,18,9,3,2,0.5,6,0,2,0.0,0,negative_hard
synthetic_user_0068,a18002e2-24a3-4da4-b558-ea8cadcb047e,2026-02-21T07:18:08,1,1,1,0,1,3,183.93,4,2,2,0,0,1,0,0.58,0.0,0,0,28,11,2,2,0.3929,6,0,2,0.0,0,negative_hard
synthetic_user_0068,59bf0b38-d7b5-4024-a66e-a03f1b47095d,2026-02-21T07:18:08,1,1,1,0,1,3,183.93,4,2,2,0,0,1,3,1.03,0.0,0,1,18,6,3,0,0.3333,6,0,2,0.0,0,negative_hard
synthetic_user_0068,8706bbb8-8343-4edc-9af4-244b9cad76aa,2026-02-21T07:18:08,1,1,0,1,0,3,183.93,4,2,2,0,0,1,0,0.47,0.0,0,0,132,44,11,4,0.3333,0,0,2,0.0,0,negative_soft
synthetic_user_0013,ea97dfce-6731-4b1d-9b03-485d04de4867,2026-02-21T07:20:32,1,1,1,0,1,3,176.22,1,0,0,0,0,0,3,1.03,0.0,0,1,13,3,0,1,0.2308,1,0,0,0.0,0,negative_hard
synthetic_user_0013,a18002e2-24a3-4da4-b558-ea8cadcb047e,2026-02-21T07:20:32,1,1,1,0,1,3,176.22,1,0,0,0,0,0,0,0.58,0.0,0,0,28,11,2,2,0.3929,1,0,0,0.0,0,negative_hard
synthetic_user_0013,f6081dfd-75ec-4719-a05b-6ec1f95df15f,2026-02-21T07:20:32,1,1,1,0,1,3,176.22,1,0,0,0,0,0,1,1.05,0.0,0,1,13,3,0,3,0.2308,1,0,0,0.0,0,negative_hard
synthetic_user_0013,8706bbb8-8343-4edc-9af4-244b9cad76aa,2026-02-21T07:20:32,1,1,0,1,0,3,176.22,1,0,0,0,0,0,0,0.47,0.0,0,0,132,44,11,4,0.3333,0,0,0,0.0,0,negative_soft
synthetic_user_0013,bd6bddb1-3e29-4767-a194-6196e46f7456,2026-02-21T07:21:09,1,1,1,0,1,3,176.22,1,0,0,0,1,0,1,0.41,0.0,0,1,14,5,1,1,0.3571,2,0,1,0.0,0,negative_hard
synthetic_user_0013,dcf38bea-591e-47ae-aaaf-e01b841cc3b3,2026-02-21T07:21:09,1,1,1,0,1,3,176.22,1,0,0,0,1,0,1,0.69,0.0,0,1,26,6,4,2,0.2308,2,0,1,0.0,0,negative_hard
synthetic_user_0013,5a0f55cf-16af-4459-9030-0c7c6e11207f,2026-02-21T07:21:09,1,1,1,0,1,3,176.22,1,0,0,0,1,0,0,0.58,0.0,0,0,18,8,1,2,0.4444,2,0,1,0.0,0,negative_hard
synthetic_user_0013,8706bbb8-8343-4edc-9af4-244b9cad76aa,2026-02-21T07:21:09,1,1,0,1,0,3,176.22,1,0,0,0,1,0,0,0.47,0.0,0,0,132,44,11,4,0.3333,0,0,1,0.0,0,negative_soft
synthetic_user_0013,830353af-6497-4bc7-bab8-08114b64b682,2026-02-21T07:24:52,1,1,1,0,1,3,176.23,1,1,0,0,1,0,0,1.05,0.0,0,0,21,9,2,2,0.4286,3,0,1,0.0,0,negative_hard
synthetic_user_0013,ea97dfce-6731-4b1d-9b03-485d04de4867,2026-02-21T07:24:52,1,1,1,0,1,3,176.23,1,1,0,0,1,0,3,1.03,0.0,0,1,13,3,0,1,0.2308,3,0,1,0.0,0,negative_hard
synthetic_user_0013,a18002e2-24a3-4da4-b558-ea8cadcb047e,2026-02-21T07:24:52,1,1,1,0,1,3,176.23,1,1,0,0,1,0,0,0.58,0.0,0,0,28,11,2,2,0.3929,3,0,1,0.0,0,negative_hard
synthetic_user_0013,8706bbb8-8343-4edc-9af4-244b9cad76aa,2026-02-21T07:24:52,1,1,0,1,0,3,176.23,1,1,0,0,1,0,0,0.47,0.0,0,0,132,44,11,4,0.3333,0,0,1,0.0,0,negative_soft
synthetic_user_0012,fbb68aab-9b3b-4e24-9109-ea047f927347,2026-02-21T08:47:54,1,1,1,0,1,3,183.85,4,2,0,1,1,1,3,1.03,0.0,0,1,22,8,3,3,0.3636,8,0,2,0.0,0,negative_hard
synthetic_user_0012,59bf0b38-d7b5-4024-a66e-a03f1b47095d,2026-02-21T08:47:54,1,1,1,0,1,3,183.85,4,2,0,1,1,1,3,1.03,0.0,0,1,18,6,3,0,0.3333,8,0,2,0.0,0,negative_hard
synthetic_user_0012,98a77293-8faf-4d27-8248-6eb91f481d8f,2026-02-21T08:47:54,1,1,1,0,1,3,183.85,4,2,0,1,1,1,0,0.58,0.0,0,0,26,15,7,5,0.5769,8,0,2,0.0,0,negative_hard
synthetic_user_0012,8706bbb8-8343-4edc-9af4-244b9cad76aa,2026-02-21T08:47:54,1,1,0,1,0,3,183.85,4,2,0,1,1,1,0,0.47,0.0,0,0,132,44,11,4,0.3333,0,0,2,0.0,0,negative_soft
synthetic_user_0035,98a77293-8faf-4d27-8248-6eb91f481d8f,2026-02-22T01:49:43,1,1,1,0,1,3,189.86,2,1,0,0,0,1,0,0.58,0.0,0,0,26,15,7,5,0.5769,3,0,1,0.0,0,negative_hard
synthetic_user_0035,2c1e63cb-30f5-4e05-92af-ea93368ef4ab,2026-02-22T01:49:43,1,1,1,0,1,3,189.86,2,1,0,0,0,1,1,0.41,0.0,0,1,21,7,2,2,0.3333,3,0,1,0.0,0,negative_hard
synthetic_user_0035,e06a75b5-86f9-4daf-b871-0fba7b7ba57d,2026-02-22T01:49:43,1,1,1,0,1,3,189.86,2,1,0,0,0,1,1,0.58,0.0,0,0,24,8,2,2,0.3333,3,0,1,0.0,0,negative_hard
synthetic_user_0035,8706bbb8-8343-4edc-9af4-244b9cad76aa,2026-02-22T01:49:43,1,1,0,1,0,3,189.86,2,1,0,0,0,1,0,0.47,0.0,0,0,132,44,11,4,0.3333,0,0,1,0.0,0,negative_soft
synthetic_user_0035,bd6bddb1-3e29-4767-a194-6196e46f7456,2026-02-22T02:02:50,1,1,1,0,1,3,189.87,3,1,0,0,0,1,1,0.41,0.0,0,1,14,5,1,1,0.3571,4,0,1,0.0,0,negative_hard
synthetic_user_0035,f6081dfd-75ec-4719-a05b-6ec1f95df15f,2026-02-22T02:02:50,1,1,1,0,1,3,189.87,3,1,0,0,0,1,1,1.05,0.0,0,1,13,3,0,3,0.2308,4,0,1,0.0,0,negative_hard
synthetic_user_0035,581c8e36-7a51-4e8e-ac1d-6e9c1d54940f,2026-02-22T02:02:50,1,1,1,0,1,3,189.87,3,1,0,0,0,1,3,1.03,0.0,0,1,14,3,2,0,0.2143,4,0,1,0.0,0,negative_hard
synthetic_user_0035,8706bbb8-8343-4edc-9af4-244b9cad76aa,2026-02-22T02:02:50,1,1,0,1,0,3,189.87,3,1,0,0,0,1,0,0.47,0.0,0,0,132,44,11,4,0.3333,0,0,1,0.0,0,negative_soft
synthetic_user_0035,945e447f-c018-4d92-b5e5-2f1f7a11bd56,2026-02-22T02:09:31,1,1,1,0,1,3,189.87,3,2,0,0,0,1,3,1.03,0.0,0,1,11,3,1,1,0.2727,5,0,2,0.0,0,negative_hard
synthetic_user_0035,a18002e2-24a3-4da4-b558-ea8cadcb047e,2026-02-22T02:09:31,1,1,1,0,1,3,189.87,3,2,0,0,0,1,0,0.58,0.0,0,0,28,11,2,2,0.3929,5,0,2,0.0,0,negative_hard
synthetic_user_0035,e72c3d3b-cf36-4cc4-9a40-d8cc5d28df84,2026-02-22T02:09:31,1,1,1,0,1,3,189.87,3,2,0,0,0,1,1,0.41,0.0,0,1,19,7,3,3,0.3684,5,0,2,0.0,0,negative_hard
synthetic_user_0035,8706bbb8-8343-4edc-9af4-244b9cad76aa,2026-02-22T02:09:31,1,1,0,1,0,3,189.87,3,2,0,0,0,1,0,0.47,0.0,0,0,132,44,11,4,0.3333,0,0,2,0.0,0,negative_soft
synthetic_user_0035,2c1e63cb-30f5-4e05-92af-ea93368ef4ab,2026-02-22T02:16:00,1,1,1,0,1,3,189.88,3,2,1,0,0,1,1,0.41,0.0,0,1,21,7,2,2,0.3333,6,0,2,0.0,0,negative_hard
synthetic_user_0035,e72c3d3b-cf36-4cc4-9a40-d8cc5d28df84,2026-02-22T02:16:00,1,1,1,0,1,3,189.88,3,2,1,0,0,1,1,0.41,0.0,0,1,19,7,3,3,0.3684,6,0,2,0.0,0,negative_hard
synthetic_user_0035,830353af-6497-4bc7-bab8-08114b64b682,2026-02-22T02:16:00,1,1,1,0,1,3,189.88,3,2,1,0,0,1,0,1.05,0.0,0,0,21,9,2,2,0.4286,6,0,2,0.0,0,negative_hard
synthetic_user_0035,8706bbb8-8343-4edc-9af4-244b9cad76aa,2026-02-22T02:16:00,1,1,0,1,0,3,189.88,3,2,1,0,0,1,0,0.47,0.0,0,0,132,44,11,4,0.3333,0,0,2,0.0,0,negative_soft
synthetic_user_0169,85526add-cd5a-4107-a07e-62ff3f493082,2026-02-22T06:59:36,1,1,1,0,1,3,161.15,2,1,1,0,0,1,0,0.41,0.0,0,0,30,12,4,4,0.4,3,0,1,0.0,0,negative_hard
synthetic_user_0169,dbcab77a-8d8a-4721-b07d-d5d9ecc7874d,2026-02-22T06:59:36,1,1,1,0,1,3,161.15,2,1,1,0,0,1,1,0.58,0.0,0,0,17,5,0,1,0.2941,3,0,1,0.0,0,negative_hard
synthetic_user_0169,2c1e63cb-30f5-4e05-92af-ea93368ef4ab,2026-02-22T06:59:36,1,1,1,0,1,3,161.15,2,1,1,0,0,1,1,0.41,0.0,0,1,21,7,2,2,0.3333,3,0,1,0.0,0,negative_hard
synthetic_user_0169,7c1af9a0-cf09-4356-8c0d-d762fbb21208,2026-02-22T06:59:36,0,0,0,2,0,3,161.15,2,1,1,0,0,1,1,1.76,0.0,0,1,37,7,0,1,0.1892,0,0,0,0.0,0,negative_soft
synthetic_user_0195,8b44ea69-a5bb-4779-8c63-bf20e4da58c7,2026-02-22T19:58:06,1,1,1,0,1,3,173.01,4,2,0,1,3,0,1,0.69,0.0,0,1,25,12,4,3,0.48,9,0,3,0.0,0,negative_hard
synthetic_user_0195,5a0f55cf-16af-4459-9030-0c7c6e11207f,2026-02-22T19:58:06,1,1,1,0,1,3,173.01,4,2,0,1,3,0,0,0.58,0.0,0,0,18,8,1,2,0.4444,9,0,3,0.0,0,negative_hard
synthetic_user_0195,95461cac-4301-4ade-8b3c-98201e8731db,2026-02-22T19:58:06,1,1,1,0,1,3,173.01,4,2,0,1,3,0,1,0.41,0.0,0,1,9,2,1,0,0.2222,9,0,3,0.0,0,negative_hard
synthetic_user_0195,59bf0b38-d7b5-4024-a66e-a03f1b47095d,2026-02-22T20:11:59,1,1,1,0,1,3,173.02,5,2,0,1,3,0,3,1.03,0.0,0,1,18,6,3,0,0.3333,9,0,3,0.0,0,negative_hard
synthetic_user_0195,830353af-6497-4bc7-bab8-08114b64b682,2026-02-22T20:11:59,1,1,1,0,1,3,173.02,5,2,0,1,3,0,0,1.05,0.0,0,0,21,9,2,2,0.4286,9,0,3,0.0,0,negative_hard
synthetic_user_0195,8b44ea69-a5bb-4779-8c63-bf20e4da58c7,2026-02-22T20:11:59,1,1,1,0,1,3,173.02,5,2,0,1,3,0,1,0.69,0.0,0,1,25,12,4,3,0.48,9,0,3,0.0,0,negative_hard
synthetic_user_0011,8b44ea69-a5bb-4779-8c63-bf20e4da58c7,2026-02-22T22:41:26,1,1,1,0,1,3,172.85,3,2,0,0,0,1,1,0.69,0.0,0,1,25,12,4,3,0.48,3,0,2,0.0,0,negative_hard
synthetic_user_0011,a8231f34-c157-4fcd-b08a-5a3420cc0cee,2026-02-22T22:41:26,1,1,1,0,1,3,172.85,3,2,0,0,0,1,1,0.69,0.0,0,1,19,6,0,1,0.3158,3,0,2,0.0,0,negative_hard
synthetic_user_0011,33f6e3a9-237d-433e-b4b6-238e44c80117,2026-02-22T22:41:26,1,1,1,0,1,3,172.85,3,2,0,0,0,1,1,0.58,0.0,0,0,17,6,3,1,0.3529,3,0,2,0.0,0,negative_hard
synthetic_user_0011,7c1af9a0-cf09-4356-8c0d-d762fbb21208,2026-02-22T22:41:26,0,0,0,2,0,3,172.85,3,2,0,0,0,1,1,1.76,0.0,0,1,37,7,0,1,0.1892,0,0,0,0.0,0,negative_soft
synthetic_user_0080,945e447f-c018-4d92-b5e5-2f1f7a11bd56,2026-02-23T03:05:07,0,0,0,2,0,1,167.38,3,1,0,0,1,0,3,1.03,0.0,0,1,11,3,1,1,0.2727,2,0,0,0.0,0,negative_soft
synthetic_user_0080,a8231f34-c157-4fcd-b08a-5a3420cc0cee,2026-02-23T03:05:07,0,0,0,2,0,1,167.38,3,1,0,0,1,0,1,0.69,0.0,0,1,19,6,0,1,0.3158,2,0,0,0.0,0,negative_soft
synthetic_user_0080,830353af-6497-4bc7-bab8-08114b64b682,2026-02-23T03:05:07,0,0,0,2,0,1,167.38,3,1,0,0,1,0,0,1.05,0.0,0,0,21,9,2,2,0.4286,2,0,0,0.0,0,negative_soft
synthetic_user_0080,f6081dfd-75ec-4719-a05b-6ec1f95df15f,2026-02-23T03:05:07,0,0,0,2,0,1,167.38,3,1,0,0,1,0,1,1.05,0.0,0,1,13,3,0,3,0.2308,2,0,0,0.0,0,negative_soft
synthetic_user_0062,5a0f55cf-16af-4459-9030-0c7c6e11207f,2026-02-23T07:15:04,1,1,1,0,1,3,175.46,3,1,1,0,1,0,0,0.58,0.0,0,0,18,8,1,2,0.4444,6,0,1,0.0,0,negative_hard
synthetic_user_0062,09593622-ad83-4d14-8236-17bea51dbb13,2026-02-23T07:15:04,1,1,1,0,1,3,175.46,3,1,1,0,1,0,1,0.69,0.0,0,1,27,12,2,5,0.4444,6,0,1,0.0,0,negative_hard
synthetic_user_0062,59bf0b38-d7b5-4024-a66e-a03f1b47095d,2026-02-23T07:15:04,1,1,1,0,1,3,175.46,3,1,1,0,1,0,3,1.03,0.0,0,1,18,6,3,0,0.3333,6,0,1,0.0,0,negative_hard
synthetic_user_0062,8706bbb8-8343-4edc-9af4-244b9cad76aa,2026-02-23T07:15:04,1,1,0,1,0,3,175.46,3,1,1,0,1,0,0,0.47,0.0,0,0,136,45,11,4,0.3309,0,0,1,0.0,0,negative_soft
synthetic_user_0062,b1e94dc4-e19f-4e9b-85e1-69c3b4ab0e97,2026-02-23T07:22:17,1,1,1,0,1,3,175.46,3,2,1,0,1,0,3,1.03,0.0,0,1,18,10,4,3,0.5556,7,0,1,0.0,0,negative_hard
synthetic_user_0062,a8231f34-c157-4fcd-b08a-5a3420cc0cee,2026-02-23T07:22:17,1,1,1,0,1,3,175.46,3,2,1,0,1,0,1,0.69,0.0,0,1,19,6,0,1,0.3158,7,0,1,0.0,0,negative_hard
synthetic_user_0062,ea97dfce-6731-4b1d-9b03-485d04de4867,2026-02-23T07:22:17,1,1,1,0,1,3,175.46,3,2,1,0,1,0,3,1.03,0.0,0,1,13,3,0,1,0.2308,7,0,1,0.0,0,negative_hard
synthetic_user_0062,8706bbb8-8343-4edc-9af4-244b9cad76aa,2026-02-23T07:22:17,1,1,0,1,0,3,175.46,3,2,1,0,1,0,0,0.47,0.0,0,0,136,45,11,4,0.3309,0,0,1,0.0,0,negative_soft
synthetic_user_0022,40a8032b-e43c-43dc-ba5f-d650f1c0a979,2026-02-23T19:02:41,1,1,1,0,1,3,170.68,1,0,0,0,0,1,1,0.41,0.0,0,1,18,9,3,2,0.5,1,0,0,0.0,0,negative_hard
synthetic_user_0022,e06a75b5-86f9-4daf-b871-0fba7b7ba57d,2026-02-23T19:02:41,1,1,1,0,1,3,170.68,1,0,0,0,0,1,1,0.58,0.0,0,0,25,8,2,2,0.32,1,0,0,0.0,0,negative_hard
synthetic_user_0022,8b44ea69-a5bb-4779-8c63-bf20e4da58c7,2026-02-23T19:02:41,1,1,1,0,1,3,170.68,1,0,0,0,0,1,1,0.69,0.0,0,1,25,12,4,3,0.48,1,0,0,0.0,0,negative_hard
synthetic_user_0022,8706bbb8-8343-4edc-9af4-244b9cad76aa,2026-02-23T19:02:41,1,1,0,1,0,3,170.68,1,0,0,0,0,1,0,0.47,0.0,0,0,137,45,11,4,0.3285,0,0,0,0.0,0,negative_soft
synthetic_user_0012,98a77293-8faf-4d27-8248-6eb91f481d8f,2026-02-23T22:58:13,1,1,1,0,1,3,186.44,5,3,0,1,1,1,0,0.58,0.0,0,0,26,15,7,5,0.5769,10,0,2,0.0,0,negative_hard
synthetic_user_0012,fbb68aab-9b3b-4e24-9109-ea047f927347,2026-02-23T22:58:13,1,1,1,0,1,3,186.44,5,3,0,1,1,1,3,1.03,0.0,0,1,22,8,3,3,0.3636,10,0,2,0.0,0,negative_hard
synthetic_user_0012,45a799e0-5716-4209-b489-bd8f9ef13974,2026-02-23T22:58:13,1,1,1,0,1,3,186.44,5,3,0,1,1,1,1,0.41,0.0,0,1,10,6,3,1,0.6,10,0,2,0.0,0,negative_hard
synthetic_user_0012,8706bbb8-8343-4edc-9af4-244b9cad76aa,2026-02-23T22:58:13,1,1,0,1,0,3,186.44,5,3,0,1,1,1,0,0.47,0.0,0,0,137,45,11,4,0.3285,0,0,2,0.0,0,negative_soft
synthetic_user_0012,fbb68aab-9b3b-4e24-9109-ea047f927347,2026-02-23T23:08:53,1,1,1,0,1,3,186.45,5,4,0,1,1,1,3,1.03,0.0,0,1,22,8,3,3,0.3636,11,0,3,0.0,0,negative_hard
synthetic_user_0012,581c8e36-7a51-4e8e-ac1d-6e9c1d54940f,2026-02-23T23:08:53,1,1,1,0,1,3,186.45,5,4,0,1,1,1,3,1.03,0.0,0,1,14,3,2,0,0.2143,11,0,3,0.0,0,negative_hard
synthetic_user_0012,dbcab77a-8d8a-4721-b07d-d5d9ecc7874d,2026-02-23T23:08:53,1,1,1,0,1,3,186.45,5,4,0,1,1,1,1,0.58,0.0,0,0,17,5,0,1,0.2941,11,0,3,0.0,0,negative_hard
synthetic_user_0012,8706bbb8-8343-4edc-9af4-244b9cad76aa,2026-02-23T23:08:53,1,1,0,1,0,3,186.45,5,4,0,1,1,1,0,0.47,0.0,0,0,137,45,11,4,0.3285,0,0,3,0.0,0,negative_soft
synthetic_user_0054,98a77293-8faf-4d27-8248-6eb91f481d8f,2026-02-24T01:15:43,1,1,1,0,1,3,162.25,5,3,0,0,0,1,0,0.58,0.0,0,0,26,15,7,5,0.5769,4,0,2,0.0,0,negative_hard
synthetic_user_0054,bd6bddb1-3e29-4767-a194-6196e46f7456,2026-02-24T01:15:43,1,1,1,0,1,3,162.25,5,3,0,0,0,1,1,0.41,0.0,0,1,14,5,1,1,0.3571,4,0,2,0.0,0,negative_hard
synthetic_user_0054,dcf38bea-591e-47ae-aaaf-e01b841cc3b3,2026-02-24T01:15:43,1,1,1,0,1,3,162.25,5,3,0,0,0,1,1,0.69,0.0,0,1,26,6,4,2,0.2308,4,0,2,0.0,0,negative_hard
synthetic_user_0054,7c1af9a0-cf09-4356-8c0d-d762fbb21208,2026-02-24T01:15:43,0,0,0,2,0,3,162.25,5,3,0,0,0,1,1,1.76,0.0,0,1,37,7,0,1,0.1892,0,0,0,0.0,0,negative_soft
synthetic_user_0186,dbcab77a-8d8a-4721-b07d-d5d9ecc7874d,2026-02-25T19:46:25,1,1,1,0,1,3,184.91,2,1,0,0,0,1,1,0.58,0.0,0,0,17,5,0,1,0.2941,3,0,1,0.0,0,negative_hard
synthetic_user_0186,dcd20897-e14a-43fc-b2ba-66bb4a569874,2026-02-25T19:46:25,1,1,1,0,1,3,184.91,2,1,0,0,0,1,1,0.69,0.0,0,1,22,10,4,3,0.4545,3,0,1,0.0,0,negative_hard
synthetic_user_0186,5a0f55cf-16af-4459-9030-0c7c6e11207f,2026-02-25T19:46:25,1,1,1,0,1,3,184.91,2,1,0,0,0,1,0,0.58,0.0,0,0,19,9,2,2,0.4737,3,0,1,0.0,0,negative_hard
synthetic_user_0186,8706bbb8-8343-4edc-9af4-244b9cad76aa,2026-02-25T19:46:25,1,1,0,1,0,3,184.91,2,1,0,0,0,1,0,0.47,0.0,0,0,137,45,11,4,0.3285,0,0,1,0.0,0,negative_soft
synthetic_user_0186,dcf38bea-591e-47ae-aaaf-e01b841cc3b3,2026-02-25T19:51:16,1,1,1,0,1,3,184.91,2,2,0,0,0,1,1,0.69,0.0,0,1,26,6,4,2,0.2308,4,0,2,0.0,0,negative_hard
synthetic_user_0186,98a77293-8faf-4d27-8248-6eb91f481d8f,2026-02-25T19:51:16,1,1,1,0,1,3,184.91,2,2,0,0,0,1,0,0.58,0.0,0,0,26,15,7,5,0.5769,4,0,2,0.0,0,negative_hard
synthetic_user_0186,a18002e2-24a3-4da4-b558-ea8cadcb047e,2026-02-25T19:51:16,1,1,1,0,1,3,184.91,2,2,0,0,0,1,0,0.58,0.0,0,0,29,12,3,2,0.4138,4,0,2,0.0,0,negative_hard
synthetic_user_0186,8706bbb8-8343-4edc-9af4-244b9cad76aa,2026-02-25T19:51:16,1,1,0,1,0,3,184.91,2,2,0,0,0,1,0,0.47,0.0,0,0,137,45,11,4,0.3285,0,0,2,0.0,0,negative_soft
synthetic_user_0124,a18002e2-24a3-4da4-b558-ea8cadcb047e,2026-02-25T22:18:42,1,1,1,0,1,3,188.23,5,1,1,1,1,0,0,0.58,0.0,0,0,29,12,3,2,0.4138,8,0,1,0.0,0,negative_hard
synthetic_user_0124,f6081dfd-75ec-4719-a05b-6ec1f95df15f,2026-02-25T22:18:42,1,1,1,0,1,3,188.23,5,1,1,1,1,0,1,1.05,0.0,0,1,14,4,0,3,0.2857,8,0,1,0.0,0,negative_hard
synthetic_user_0124,85526add-cd5a-4107-a07e-62ff3f493082,2026-02-25T22:18:42,1,1,1,0,1,3,188.23,5,1,1,1,1,0,0,0.41,0.0,0,0,31,12,4,4,0.3871,8,0,1,0.0,0,negative_hard
synthetic_user_0124,7c1af9a0-cf09-4356-8c0d-d762fbb21208,2026-02-25T22:18:42,0,0,0,2,0,3,188.23,5,1,1,1,1,0,1,1.76,0.0,0,1,37,7,0,1,0.1892,0,0,0,0.0,0,negative_soft
synthetic_user_0080,fbb68aab-9b3b-4e24-9109-ea047f927347,2026-02-26T04:26:27,0,0,0,2,0,1,170.43,4,1,0,0,1,0,3,1.03,0.0,0,1,22,8,3,3,0.3636,3,0,0,0.0,0,negative_soft
synthetic_user_0080,bd6bddb1-3e29-4767-a194-6196e46f7456,2026-02-26T04:26:27,0,0,0,2,0,1,170.43,4,1,0,0,1,0,1,0.41,0.0,0,1,14,5,1,1,0.3571,3,0,0,0.0,0,negative_soft
synthetic_user_0080,ea97dfce-6731-4b1d-9b03-485d04de4867,2026-02-26T04:26:27,0,0,0,2,0,1,170.43,4,1,0,0,1,0,3,1.03,0.0,0,1,13,3,0,1,0.2308,3,0,0,0.0,0,negative_soft
synthetic_user_0080,33f6e3a9-237d-433e-b4b6-238e44c80117,2026-02-26T04:26:27,0,0,0,2,0,1,170.43,4,1,0,0,1,0,1,0.58,0.0,0,0,17,6,3,1,0.3529,3,0,0,0.0,0,negative_soft
synthetic_user_0052,5a0f55cf-16af-4459-9030-0c7c6e11207f,2026-02-27T00:20:15,1,1,1,0,1,3,184.18,7,3,1,0,0,0,0,0.58,0.0,0,0,19,9,2,2,0.4737,11,0,3,0.0,0,negative_hard
synthetic_user_0052,40a8032b-e43c-43dc-ba5f-d650f1c0a979,2026-02-27T00:20:15,1,1,1,0,1,3,184.18,7,3,1,0,0,0,1,0.41,0.0,0,1,18,9,3,2,0.5,11,0,3,0.0,0,negative_hard
synthetic_user_0052,95461cac-4301-4ade-8b3c-98201e8731db,2026-02-27T00:20:15,1,1,1,0,1,3,184.18,7,3,1,0,0,0,1,0.41,0.0,0,1,9,2,1,0,0.2222,11,0,3,0.0,0,negative_hard
synthetic_user_0052,8706bbb8-8343-4edc-9af4-244b9cad76aa,2026-02-27T00:20:15,1,1,0,1,0,3,184.18,7,3,1,0,0,0,0,0.47,0.0,0,0,138,45,11,4,0.3261,0,0,3,0.0,0,negative_soft
synthetic_user_0052,59bf0b38-d7b5-4024-a66e-a03f1b47095d,2026-02-27T00:25:51,1,1,1,0,1,3,184.18,7,4,1,0,0,0,3,1.03,0.0,0,1,18,6,3,0,0.3333,12,0,4,0.0,0,negative_hard
synthetic_user_0052,945e447f-c018-4d92-b5e5-2f1f7a11bd56,2026-02-27T00:25:51,1,1,1,0,1,3,184.18,7,4,1,0,0,0,3,1.03,0.0,0,1,11,3,1,1,0.2727,12,0,4,0.0,0,negative_hard
synthetic_user_0052,a8231f34-c157-4fcd-b08a-5a3420cc0cee,2026-02-27T00:25:51,1,1,1,0,1,3,184.18,7,4,1,0,0,0,1,0.69,0.0,0,1,20,6,0,1,0.3,12,0,4,0.0,0,negative_hard
synthetic_user_0052,8706bbb8-8343-4edc-9af4-244b9cad76aa,2026-02-27T00:25:51,1,1,0,1,0,3,184.18,7,4,1,0,0,0,0,0.47,0.0,0,0,138,45,11,4,0.3261,0,0,4,0.0,0,negative_soft
synthetic_user_0052,fbb68aab-9b3b-4e24-9109-ea047f927347,2026-02-27T00:33:59,1,1,1,0,1,3,184.19,7,4,2,0,0,0,3,1.03,0.0,0,1,22,8,3,3,0.3636,13,0,4,0.0,0,negative_hard
synthetic_user_0052,59bf0b38-d7b5-4024-a66e-a03f1b47095d,2026-02-27T00:33:59,1,1,1,0,1,3,184.19,7,4,2,0,0,0,3,1.03,0.0,0,1,18,6,3,0,0.3333,13,0,4,0.0,0,negative_hard
synthetic_user_0052,2c1e63cb-30f5-4e05-92af-ea93368ef4ab,2026-02-27T00:33:59,1,1,1,0,1,3,184.19,7,4,2,0,0,0,1,0.41,0.0,0,1,21,7,2,2,0.3333,13,0,4,0.0,0,negative_hard
synthetic_user_0052,8706bbb8-8343-4edc-9af4-244b9cad76aa,2026-02-27T00:33:59,1,1,0,1,0,3,184.19,7,4,2,0,0,0,0,0.47,0.0,0,0,138,45,11,4,0.3261,0,0,4,0.0,0,negative_soft
synthetic_user_0111,830353af-6497-4bc7-bab8-08114b64b682,2026-02-27T02:12:23,1,1,0,1,0,4,170.98,7,3,1,1,1,0,0,1.05,0.0,0,0,23,10,2,3,0.4348,1,0,1,0.0,0,negative_soft
synthetic_user_0111,85526add-cd5a-4107-a07e-62ff3f493082,2026-02-27T02:12:23,1,1,0,1,0,4,170.98,7,3,1,1,1,0,0,0.41,0.0,0,0,31,12,4,4,0.3871,1,0,1,0.0,0,negative_soft
synthetic_user_0111,2c1e63cb-30f5-4e05-92af-ea93368ef4ab,2026-02-27T02:12:23,1,1,0,1,0,4,170.98,7,3,1,1,1,0,1,0.41,0.0,0,1,21,7,2,2,0.3333,1,0,1,0.0,0,negative_soft
synthetic_user_0111,dcd20897-e14a-43fc-b2ba-66bb4a569874,2026-02-27T02:12:23,1,1,0,1,0,4,170.98,7,3,1,1,1,0,1,0.69,0.0,0,1,22,10,4,3,0.4545,1,0,1,0.0,0,negative_soft
synthetic_user_0168,e72c3d3b-cf36-4cc4-9a40-d8cc5d28df84,2026-02-27T18:23:52,1,1,1,0,1,3,193.97,6,2,0,1,0,0,1,0.41,0.0,0,1,19,7,3,3,0.3684,5,0,2,0.0,0,negative_hard
synthetic_user_0168,fbb68aab-9b3b-4e24-9109-ea047f927347,2026-02-27T18:23:52,1,1,1,0,1,3,193.97,6,2,0,1,0,0,3,1.03,0.0,0,1,22,8,3,3,0.3636,5,0,2,0.0,0,negative_hard
synthetic_user_0168,581c8e36-7a51-4e8e-ac1d-6e9c1d54940f,2026-02-27T18:23:52,1,1,1,0,1,3,193.97,6,2,0,1,0,0,3,1.03,0.0,0,1,14,3,2,0,0.2143,5,0,2,0.0,0,negative_hard
synthetic_user_0168,7c1af9a0-cf09-4356-8c0d-d762fbb21208,2026-02-27T18:23:52,0,0,0,2,0,3,193.97,6,2,0,1,0,0,1,1.76,0.0,0,1,37,7,0,1,0.1892,0,0,0,0.0,0,negative_soft
synthetic_user_0168,945e447f-c018-4d92-b5e5-2f1f7a11bd56,2026-02-27T18:43:59,1,1,1,0,1,3,193.99,7,2,0,1,0,0,3,1.03,0.0,0,1,11,3,1,1,0.2727,6,0,2,0.0,0,negative_hard
synthetic_user_0168,fbb68aab-9b3b-4e24-9109-ea047f927347,2026-02-27T18:43:59,1,1,1,0,1,3,193.99,7,2,0,1,0,0,3,1.03,0.0,0,1,22,8,3,3,0.3636,6,0,2,0.0,0,negative_hard
synthetic_user_0168,5a0f55cf-16af-4459-9030-0c7c6e11207f,2026-02-27T18:43:59,1,1,1,0,1,3,193.99,7,2,0,1,0,0,0,0.58,0.0,0,0,20,9,2,2,0.45,6,0,2,0.0,0,negative_hard
synthetic_user_0168,7c1af9a0-cf09-4356-8c0d-d762fbb21208,2026-02-27T18:43:59,0,0,0,2,0,3,193.99,7,2,0,1,0,0,1,1.76,0.0,0,1,37,7,0,1,0.1892,0,0,0,0.0,0,negative_soft
synthetic_user_0035,b1e94dc4-e19f-4e9b-85e1-69c3b4ab0e97,2026-02-28T03:54:59,1,1,1,0,1,3,195.95,4,2,1,1,0,1,3,1.03,0.0,0,1,18,10,4,3,0.5556,8,0,2,0.0,0,negative_hard
synthetic_user_0035,98a77293-8faf-4d27-8248-6eb91f481d8f,2026-02-28T03:54:59,1,1,1,0,1,3,195.95,4,2,1,1,0,1,0,0.58,0.0,0,0,26,15,7,5,0.5769,8,0,2,0.0,0,negative_hard
synthetic_user_0035,2c1e63cb-30f5-4e05-92af-ea93368ef4ab,2026-02-28T03:54:59,1,1,1,0,1,3,195.95,4,2,1,1,0,1,1,0.41,0.0,0,1,21,7,2,2,0.3333,8,0,2,0.0,0,negative_hard
synthetic_user_0035,8706bbb8-8343-4edc-9af4-244b9cad76aa,2026-02-28T03:54:59,1,1,0,1,0,3,195.95,4,2,1,1,0,1,0,0.47,0.0,0,0,139,45,11,4,0.3237,0,0,2,0.0,0,negative_soft
synthetic_user_0035,dcd20897-e14a-43fc-b2ba-66bb4a569874,2026-02-28T04:02:39,1,1,1,0,1,3,195.95,4,3,1,1,0,1,1,0.69,0.0,0,1,22,10,4,3,0.4545,9,0,3,0.0,0,negative_hard
synthetic_user_0035,09593622-ad83-4d14-8236-17bea51dbb13,2026-02-28T04:02:39,1,1,1,0,1,3,195.95,4,3,1,1,0,1,1,0.69,0.0,0,1,27,12,2,5,0.4444,9,0,3,0.0,0,negative_hard
synthetic_user_0035,dbcab77a-8d8a-4721-b07d-d5d9ecc7874d,2026-02-28T04:02:39,1,1,1,0,1,3,195.95,4,3,1,1,0,1,1,0.58,0.0,0,0,18,5,0,1,0.2778,9,0,3,0.0,0,negative_hard
synthetic_user_0035,8706bbb8-8343-4edc-9af4-244b9cad76aa,2026-02-28T04:02:39,1,1,0,1,0,3,195.95,4,3,1,1,0,1,0,0.47,0.0,0,0,139,45,11,4,0.3237,0,0,3,0.0,0,negative_soft
synthetic_user_0192,f6081dfd-75ec-4719-a05b-6ec1f95df15f,2026-03-01T00:38:22,1,1,0,1,0,4,167.13,4,2,0,0,1,0,1,1.05,0.0,0,1,14,4,0,3,0.2857,4,0,2,0.0,0,negative_soft
synthetic_user_0192,45a799e0-5716-4209-b489-bd8f9ef13974,2026-03-01T00:38:22,1,1,0,1,0,4,167.13,4,2,0,0,1,0,1,0.41,0.0,0,1,10,6,3,1,0.6,4,0,2,0.0,0,negative_soft
synthetic_user_0192,5a0f55cf-16af-4459-9030-0c7c6e11207f,2026-03-01T00:38:22,1,1,0,1,0,4,167.13,4,2,0,0,1,0,0,0.58,0.0,0,0,20,9,2,2,0.45,4,0,2,0.0,0,negative_soft
synthetic_user_0192,33f6e3a9-237d-433e-b4b6-238e44c80117,2026-03-01T00:38:22,1,1,0,1,0,4,167.13,4,2,0,0,1,0,1,0.58,0.0,0,0,17,6,3,1,0.3529,4,0,2,0.0,0,negative_soft
synthetic_user_0134,ea97dfce-6731-4b1d-9b03-485d04de4867,2026-03-01T08:41:48,1,1,1,0,1,3,178.05,3,2,1,1,0,1,3,1.03,0.0,0,1,13,3,0,1,0.2308,7,0,1,0.0,0,negative_hard
synthetic_user_0134,bd6bddb1-3e29-4767-a194-6196e46f7456,2026-03-01T08:41:48,1,1,1,0,1,3,178.05,3,2,1,1,0,1,1,0.41,0.0,0,1,16,5,1,1,0.3125,7,0,1,0.0,0,negative_hard
synthetic_user_0134,a8231f34-c157-4fcd-b08a-5a3420cc0cee,2026-03-01T08:41:48,1,1,1,0,1,3,178.05,3,2,1,1,0,1,1,0.69,0.0,0,1,20,6,0,1,0.3,7,0,1,0.0,0,negative_hard
synthetic_user_0134,8706bbb8-8343-4edc-9af4-244b9cad76aa,2026-03-01T08:41:48,1,1,0,1,0,3,178.05,3,2,1,1,0,1,0,0.47,0.0,0,0,140,45,11,4,0.3214,0,0,1,0.0,0,negative_soft
synthetic_user_0092,e06a75b5-86f9-4daf-b871-0fba7b7ba57d,2026-03-01T23:46:23,1,1,1,0,1,3,181.57,2,0,0,0,0,0,1,0.58,0.0,0,0,26,8,2,2,0.3077,2,0,0,0.0,0,negative_hard
synthetic_user_0092,95461cac-4301-4ade-8b3c-98201e8731db,2026-03-01T23:46:23,1,1,1,0,1,3,181.57,2,0,0,0,0,0,1,0.41,0.0,0,1,10,2,1,0,0.2,2,0,0,0.0,0,negative_hard
synthetic_user_0092,2c1e63cb-30f5-4e05-92af-ea93368ef4ab,2026-03-01T23:46:23,1,1,1,0,1,3,181.57,2,0,0,0,0,0,1,0.41,0.0,0,1,21,7,2,2,0.3333,2,0,0,0.0,0,negative_hard
synthetic_user_0092,8706bbb8-8343-4edc-9af4-244b9cad76aa,2026-03-01T23:46:23,1,1,0,1,0,3,181.57,2,0,0,0,0,0,0,0.47,0.0,0,0,141,45,11,4,0.3191,0,0,0,0.0,0,negative_soft
synthetic_user_0092,fbb68aab-9b3b-4e24-9109-ea047f927347,2026-03-01T23:57:05,1,1,1,0,1,3,181.58,2,1,0,0,0,0,3,1.03,0.0,0,1,22,8,3,3,0.3636,3,0,1,0.0,0,negative_hard
synthetic_user_0092,c5310615-4076-41e9-9064-736593600471,2026-03-01T23:57:05,1,1,1,0,1,3,181.58,2,1,0,0,0,0,0,1.03,0.0,0,0,23,9,1,3,0.3913,3,0,1,0.0,0,negative_hard
synthetic_user_0092,59bf0b38-d7b5-4024-a66e-a03f1b47095d,2026-03-01T23:57:05,1,1,1,0,1,3,181.58,2,1,0,0,0,0,3,1.03,0.0,0,1,18,6,3,0,0.3333,3,0,1,0.0,0,negative_hard
synthetic_user_0092,8706bbb8-8343-4edc-9af4-244b9cad76aa,2026-03-01T23:57:05,1,1,0,1,0,3,181.58,2,1,0,0,0,0,0,0.47,0.0,0,0,141,45,11,4,0.3191,0,0,1,0.0,0,negative_soft
synthetic_user_0071,c5310615-4076-41e9-9064-736593600471,2026-03-02T02:26:16,1,1,1,0,1,3,179.62,5,0,0,0,0,0,0,1.03,0.0,0,0,23,9,1,3,0.3913,4,0,0,0.0,0,negative_hard
synthetic_user_0071,8b44ea69-a5bb-4779-8c63-bf20e4da58c7,2026-03-02T02:26:16,1,1,1,0,1,3,179.62,5,0,0,0,0,0,1,0.69,0.0,0,1,28,12,4,3,0.4286,4,0,0,0.0,0,negative_hard
synthetic_user_0071,581c8e36-7a51-4e8e-ac1d-6e9c1d54940f,2026-03-02T02:26:16,1,1,1,0,1,3,179.62,5,0,0,0,0,0,3,1.03,0.0,0,1,14,3,2,0,0.2143,4,0,0,0.0,0,negative_hard
synthetic_user_0172,945e447f-c018-4d92-b5e5-2f1f7a11bd56,2026-03-02T06:35:20,1,1,1,0,1,3,186.21,10,3,1,1,2,0,3,1.03,0.0,0,1,11,3,1,1,0.2727,13,0,4,0.0,0,negative_hard
synthetic_user_0172,a18002e2-24a3-4da4-b558-ea8cadcb047e,2026-03-02T06:35:20,1,1,1,0,1,3,186.21,10,3,1,1,2,0,0,0.58,0.0,0,0,31,13,4,3,0.4194,13,0,4,0.0,0,negative_hard
synthetic_user_0172,b1e94dc4-e19f-4e9b-85e1-69c3b4ab0e97,2026-03-02T06:35:20,1,1,1,0,1,3,186.21,10,3,1,1,2,0,3,1.03,0.0,0,1,18,10,4,3,0.5556,13,0,4,0.0,0,negative_hard
synthetic_user_0172,7c1af9a0-cf09-4356-8c0d-d762fbb21208,2026-03-02T06:35:20,0,0,0,2,0,3,186.21,10,3,1,1,2,0,1,1.76,0.0,0,1,37,7,0,1,0.1892,0,0,0,0.0,0,negative_soft
synthetic_user_0172,dbcab77a-8d8a-4721-b07d-d5d9ecc7874d,2026-03-02T06:48:52,1,1,1,0,1,3,186.22,10,4,1,1,2,0,1,0.58,0.0,0,0,18,5,0,1,0.2778,14,0,5,0.0,0,negative_hard
synthetic_user_0172,581c8e36-7a51-4e8e-ac1d-6e9c1d54940f,2026-03-02T06:48:52,1,1,1,0,1,3,186.22,10,4,1,1,2,0,3,1.03,0.0,0,1,14,3,2,0,0.2143,14,0,5,0.0,0,negative_hard
synthetic_user_0172,fbb68aab-9b3b-4e24-9109-ea047f927347,2026-03-02T06:48:52,1,1,1,0,1,3,186.22,10,4,1,1,2,0,3,1.03,0.0,0,1,22,8,3,3,0.3636,14,0,5,0.0,0,negative_hard
synthetic_user_0172,7c1af9a0-cf09-4356-8c0d-d762fbb21208,2026-03-02T06:48:52,0,0,0,2,0,3,186.22,10,4,1,1,2,0,1,1.76,0.0,0,1,37,7,0,1,0.1892,0,0,0,0.0,0,negative_soft
synthetic_user_0107,33f6e3a9-237d-433e-b4b6-238e44c80117,2026-03-02T19:50:07,1,1,1,0,1,3,177.89,3,2,1,0,1,1,1,0.58,0.0,0,0,17,6,3,1,0.3529,7,0,2,0.0,0,negative_hard
synthetic_user_0107,45a799e0-5716-4209-b489-bd8f9ef13974,2026-03-02T19:50:07,1,1,1,0,1,3,177.89,3,2,1,0,1,1,1,0.41,0.0,0,1,10,6,3,1,0.6,7,0,2,0.0,0,negative_hard
synthetic_user_0107,dcf38bea-591e-47ae-aaaf-e01b841cc3b3,2026-03-02T19:50:07,1,1,1,0,1,3,177.89,3,2,1,0,1,1,1,0.69,0.0,0,1,28,7,4,3,0.25,7,0,2,0.0,0,negative_hard
synthetic_user_0107,8706bbb8-8343-4edc-9af4-244b9cad76aa,2026-03-02T19:50:07,1,1,0,1,0,3,177.89,3,2,1,0,1,1,0,0.47,0.0,0,0,142,45,11,4,0.3169,0,0,2,0.0,0,negative_soft
synthetic_user_0190,a8231f34-c157-4fcd-b08a-5a3420cc0cee,2026-03-02T23:58:32,1,1,1,0,1,3,185.24,10,1,0,1,1,0,1,0.69,0.0,0,1,20,6,0,1,0.3,13,0,2,0.0,0,negative_hard
synthetic_user_0190,33f6e3a9-237d-433e-b4b6-238e44c80117,2026-03-02T23:58:32,1,1,1,0,1,3,185.24,10,1,0,1,1,0,1,0.58,0.0,0,0,17,6,3,1,0.3529,13,0,2,0.0,0,negative_hard
synthetic_user_0190,98a77293-8faf-4d27-8248-6eb91f481d8f,2026-03-02T23:58:32,1,1,1,0,1,3,185.24,10,1,0,1,1,0,0,0.58,0.0,0,0,26,15,7,5,0.5769,13,0,2,0.0,0,negative_hard
synthetic_user_0190,7c1af9a0-cf09-4356-8c0d-d762fbb21208,2026-03-02T23:58:32,0,0,0,2,0,3,185.24,10,1,0,1,1,0,1,1.76,0.0,0,1,37,7,0,1,0.1892,0,0,0,0.0,0,negative_soft
synthetic_user_0190,2c1e63cb-30f5-4e05-92af-ea93368ef4ab,2026-03-03T00:08:15,1,1,1,0,1,3,185.24,10,2,0,1,1,0,1,0.41,0.0,0,1,21,7,2,2,0.3333,14,0,2,0.0,0,negative_hard
synthetic_user_0190,bd6bddb1-3e29-4767-a194-6196e46f7456,2026-03-03T00:08:15,1,1,1,0,1,3,185.24,10,2,0,1,1,0,1,0.41,0.0,0,1,17,5,1,1,0.2941,14,0,2,0.0,0,negative_hard
synthetic_user_0190,a18002e2-24a3-4da4-b558-ea8cadcb047e,2026-03-03T00:08:15,1,1,1,0,1,3,185.24,10,2,0,1,1,0,0,0.58,0.0,0,0,31,13,4,3,0.4194,14,0,2,0.0,0,negative_hard
synthetic_user_0190,7c1af9a0-cf09-4356-8c0d-d762fbb21208,2026-03-03T00:08:15,0,0,0,2,0,3,185.24,10,2,0,1,1,0,1,1.76,0.0,0,1,37,7,0,1,0.1892,0,0,0,0.0,0,negative_soft
synthetic_user_0068,b1e94dc4-e19f-4e9b-85e1-69c3b4ab0e97,2026-03-03T01:38:56,1,1,1,0,1,3,193.69,6,2,2,0,0,1,3,1.03,0.0,0,1,18,10,4,3,0.5556,8,0,2,0.0,0,negative_hard
synthetic_user_0068,581c8e36-7a51-4e8e-ac1d-6e9c1d54940f,2026-03-03T01:38:56,1,1,1,0,1,3,193.69,6,2,2,0,0,1,3,1.03,0.0,0,1,14,3,2,0,0.2143,8,0,2,0.0,0,negative_hard
synthetic_user_0068,98a77293-8faf-4d27-8248-6eb91f481d8f,2026-03-03T01:38:56,1,1,1,0,1,3,193.69,6,2,2,0,0,1,0,0.58,0.0,0,0,26,15,7,5,0.5769,8,0,2,0.0,0,negative_hard
synthetic_user_0068,8706bbb8-8343-4edc-9af4-244b9cad76aa,2026-03-03T01:38:56,1,1,0,1,0,3,193.69,6,2,2,0,0,1,0,0.47,0.0,0,0,142,45,11,4,0.3169,0,0,2,0.0,0,negative_soft
synthetic_user_0068,b1e94dc4-e19f-4e9b-85e1-69c3b4ab0e97,2026-03-03T01:46:18,1,1,1,0,1,3,193.7,6,3,2,0,0,1,3,1.03,0.0,0,1,18,10,4,3,0.5556,9,0,3,0.0,0,negative_hard
synthetic_user_0068,945e447f-c018-4d92-b5e5-2f1f7a11bd56,2026-03-03T01:46:18,1,1,1,0,1,3,193.7,6,3,2,0,0,1,3,1.03,0.0,0,1,11,3,1,1,0.2727,9,0,3,0.0,0,negative_hard
synthetic_user_0068,fbb68aab-9b3b-4e24-9109-ea047f927347,2026-03-03T01:46:18,1,1,1,0,1,3,193.7,6,3,2,0,0,1,3,1.03,0.0,0,1,22,8,3,3,0.3636,9,0,3,0.0,0,negative_hard
synthetic_user_0068,8706bbb8-8343-4edc-9af4-244b9cad76aa,2026-03-03T01:46:18,1,1,0,1,0,3,193.7,6,3,2,0,0,1,0,0.47,0.0,0,0,142,45,11,4,0.3169,0,0,3,0.0,0,negative_soft
synthetic_user_0078,98a77293-8faf-4d27-8248-6eb91f481d8f,2026-03-03T06:45:03,1,1,1,0,1,3,173.14,6,1,0,0,0,0,0,0.58,0.0,0,0,26,15,7,5,0.5769,6,0,1,0.0,0,negative_hard
synthetic_user_0078,c5310615-4076-41e9-9064-736593600471,2026-03-03T06:45:03,1,1,1,0,1,3,173.14,6,1,0,0,0,0,0,1.03,0.0,0,0,23,9,1,3,0.3913,6,0,1,0.0,0,negative_hard
synthetic_user_0078,95461cac-4301-4ade-8b3c-98201e8731db,2026-03-03T06:45:03,1,1,1,0,1,3,173.14,6,1,0,0,0,0,1,0.41,0.0,0,1,10,2,1,0,0.2,6,0,1,0.0,0,negative_hard
synthetic_user_0078,7c1af9a0-cf09-4356-8c0d-d762fbb21208,2026-03-03T06:45:03,0,0,0,2,0,3,173.14,6,1,0,0,0,0,1,1.76,0.0,0,1,37,7,0,1,0.1892,0,0,0,0.0,0,negative_soft
synthetic_user_0088,2c1e63cb-30f5-4e05-92af-ea93368ef4ab,2026-03-03T06:52:15,1,1,1,0,1,3,172.28,5,4,2,0,0,0,1,0.41,0.0,0,1,21,7,2,2,0.3333,9,0,3,0.0,0,negative_hard
synthetic_user_0088,59bf0b38-d7b5-4024-a66e-a03f1b47095d,2026-03-03T06:52:15,1,1,1,0,1,3,172.28,5,4,2,0,0,0,3,1.03,0.0,0,1,18,6,3,0,0.3333,9,0,3,0.0,0,negative_hard
synthetic_user_0088,a18002e2-24a3-4da4-b558-ea8cadcb047e,2026-03-03T06:52:15,1,1,1,0,1,3,172.28,5,4,2,0,0,0,0,0.58,0.0,0,0,31,13,4,3,0.4194,9,0,3,0.0,0,negative_hard
synthetic_user_0088,7c1af9a0-cf09-4356-8c0d-d762fbb21208,2026-03-03T06:52:15,0,0,0,2,0,3,172.28,5,4,2,0,0,0,1,1.76,0.0,0,1,37,7,0,1,0.1892,0,0,0,0.0,0,negative_soft
synthetic_user_0088,e06a75b5-86f9-4daf-b871-0fba7b7ba57d,2026-03-03T06:57:07,1,1,1,0,1,3,172.28,5,5,2,0,0,0,1,0.58,0.0,0,0,27,9,2,2,0.3333,10,0,4,0.0,0,negative_hard
synthetic_user_0088,581c8e36-7a51-4e8e-ac1d-6e9c1d54940f,2026-03-03T06:57:07,1,1,1,0,1,3,172.28,5,5,2,0,0,0,3,1.03,0.0,0,1,14,3,2,0,0.2143,10,0,4,0.0,0,negative_hard
synthetic_user_0088,09593622-ad83-4d14-8236-17bea51dbb13,2026-03-03T06:57:07,1,1,1,0,1,3,172.28,5,5,2,0,0,0,1,0.69,0.0,0,1,28,13,3,5,0.4643,10,0,4,0.0,0,negative_hard
synthetic_user_0088,7c1af9a0-cf09-4356-8c0d-d762fbb21208,2026-03-03T06:57:07,0,0,0,2,0,3,172.28,5,5,2,0,0,0,1,1.76,0.0,0,1,37,7,0,1,0.1892,0,0,0,0.0,0,negative_soft
synthetic_user_0036,b1e94dc4-e19f-4e9b-85e1-69c3b4ab0e97,2026-03-03T07:38:31,1,1,1,0,1,3,191.77,5,3,2,0,1,0,3,1.03,0.0,0,1,18,10,4,3,0.5556,11,0,2,0.0,0,negative_hard
synthetic_user_0036,a18002e2-24a3-4da4-b558-ea8cadcb047e,2026-03-03T07:38:31,1,1,1,0,1,3,191.77,5,3,2,0,1,0,0,0.58,0.0,0,0,31,13,4,3,0.4194,11,0,2,0.0,0,negative_hard
synthetic_user_0036,59bf0b38-d7b5-4024-a66e-a03f1b47095d,2026-03-03T07:38:31,1,1,1,0,1,3,191.77,5,3,2,0,1,0,3,1.03,0.0,0,1,18,6,3,0,0.3333,11,0,2,0.0,0,negative_hard
synthetic_user_0036,8706bbb8-8343-4edc-9af4-244b9cad76aa,2026-03-03T07:38:31,1,1,0,1,0,3,191.77,5,3,2,0,1,0,0,0.47,0.0,0,0,143,45,11,4,0.3147,0,0,2,0.0,0,negative_soft
synthetic_user_0148,945e447f-c018-4d92-b5e5-2f1f7a11bd56,2026-03-03T08:03:52,1,1,1,0,1,3,191.92,8,1,0,0,1,1,3,1.03,0.0,0,1,11,3,1,1,0.2727,7,0,1,0.0,0,negative_hard
synthetic_user_0148,ea97dfce-6731-4b1d-9b03-485d04de4867,2026-03-03T08:03:52,1,1,1,0,1,3,191.92,8,1,0,0,1,1,3,1.03,0.0,0,1,14,4,1,1,0.2857,7,0,1,0.0,0,negative_hard
synthetic_user_0148,40a8032b-e43c-43dc-ba5f-d650f1c0a979,2026-03-03T08:03:52,1,1,1,0,1,3,191.92,8,1,0,0,1,1,1,0.41,0.0,0,1,18,9,3,2,0.5,7,0,1,0.0,0,negative_hard
synthetic_user_0148,7c1af9a0-cf09-4356-8c0d-d762fbb21208,2026-03-03T08:03:52,0,0,0,2,0,3,191.92,8,1,0,0,1,1,1,1.76,0.0,0,1,37,7,0,1,0.1892,0,0,0,0.0,0,negative_soft
synthetic_user_0148,b1e94dc4-e19f-4e9b-85e1-69c3b4ab0e97,2026-03-03T08:22:46,1,1,1,0,1,3,191.93,8,2,0,0,1,1,3,1.03,0.0,0,1,18,10,4,3,0.5556,8,0,1,0.0,0,negative_hard
synthetic_user_0148,8b44ea69-a5bb-4779-8c63-bf20e4da58c7,2026-03-03T08:22:46,1,1,1,0,1,3,191.93,8,2,0,0,1,1,1,0.69,0.0,0,1,28,12,4,3,0.4286,8,0,1,0.0,0,negative_hard
synthetic_user_0148,945e447f-c018-4d92-b5e5-2f1f7a11bd56,2026-03-03T08:22:46,1,1,1,0,1,3,191.93,8,2,0,0,1,1,3,1.03,0.0,0,1,11,3,1,1,0.2727,8,0,1,0.0,0,negative_hard
synthetic_user_0148,7c1af9a0-cf09-4356-8c0d-d762fbb21208,2026-03-03T08:22:46,0,0,0,2,0,3,191.93,8,2,0,0,1,1,1,1.76,0.0,0,1,37,7,0,1,0.1892,0,0,0,0.0,0,negative_soft
synthetic_user_0034,945e447f-c018-4d92-b5e5-2f1f7a11bd56,2026-03-04T00:20:18,1,1,1,0,1,3,185.82,3,1,0,0,1,0,3,1.03,0.0,0,1,11,3,1,1,0.2727,5,0,2,0.0,0,negative_hard
synthetic_user_0034,33f6e3a9-237d-433e-b4b6-238e44c80117,2026-03-04T00:20:18,1,1,1,0,1,3,185.82,3,1,0,0,1,0,1,0.58,0.0,0,0,17,6,3,1,0.3529,5,0,2,0.0,0,negative_hard
synthetic_user_0034,ea97dfce-6731-4b1d-9b03-485d04de4867,2026-03-04T00:20:18,1,1,1,0,1,3,185.82,3,1,0,0,1,0,3,1.03,0.0,0,1,14,4,1,1,0.2857,5,0,2,0.0,0,negative_hard
synthetic_user_0034,7c1af9a0-cf09-4356-8c0d-d762fbb21208,2026-03-04T00:20:18,0,0,0,2,0,3,185.82,3,1,0,0,1,0,1,1.76,0.0,0,1,37,7,0,1,0.1892,0,0,0,0.0,0,negative_soft
synthetic_user_0116,85526add-cd5a-4107-a07e-62ff3f493082,2026-03-04T01:31:56,1,1,1,0,1,3,191.78,3,0,0,0,0,0,0,0.41,0.0,0,0,33,12,4,4,0.3636,3,0,0,0.0,0,negative_hard
synthetic_user_0116,fbb68aab-9b3b-4e24-9109-ea047f927347,2026-03-04T01:31:56,1,1,1,0,1,3,191.78,3,0,0,0,0,0,3,1.03,0.0,0,1,22,8,3,3,0.3636,3,0,0,0.0,0,negative_hard
synthetic_user_0116,8b44ea69-a5bb-4779-8c63-bf20e4da58c7,2026-03-04T01:31:56,1,1,1,0,1,3,191.78,3,0,0,0,0,0,1,0.69,0.0,0,1,28,12,4,3,0.4286,3,0,0,0.0,0,negative_hard
synthetic_user_0116,8706bbb8-8343-4edc-9af4-244b9cad76aa,2026-03-04T01:31:56,1,1,0,1,0,3,191.78,3,0,0,0,0,0,0,0.47,0.0,0,0,144,45,11,4,0.3125,0,0,0,0.0,0,negative_soft
synthetic_user_0114,40a8032b-e43c-43dc-ba5f-d650f1c0a979,2026-03-04T18:00:16,1,1,1,0,1,3,179.8,1,0,0,0,0,1,1,0.41,0.0,0,1,19,9,3,2,0.4737,1,0,0,0.0,0,negative_hard
synthetic_user_0114,8b44ea69-a5bb-4779-8c63-bf20e4da58c7,2026-03-04T18:00:16,1,1,1,0,1,3,179.8,1,0,0,0,0,1,1,0.69,0.0,0,1,28,12,4,3,0.4286,1,0,0,0.0,0,negative_hard
synthetic_user_0114,33f6e3a9-237d-433e-b4b6-238e44c80117,2026-03-04T18:00:16,1,1,1,0,1,3,179.8,1,0,0,0,0,1,1,0.58,0.0,0,0,17,6,3,1,0.3529,1,0,0,0.0,0,negative_hard
synthetic_user_0114,8706bbb8-8343-4edc-9af4-244b9cad76aa,2026-03-04T18:00:16,1,1,0,1,0,3,179.8,1,0,0,0,0,1,0,0.47,0.0,0,0,144,45,11,4,0.3125,0,0,0,0.0,0,negative_soft
synthetic_user_0142,fbb68aab-9b3b-4e24-9109-ea047f927347,2026-03-04T18:33:50,1,1,1,0,1,3,180.1,2,1,0,0,0,0,3,1.03,0.0,0,1,22,8,3,3,0.3636,3,0,1,0.0,0,negative_hard
synthetic_user_0142,581c8e36-7a51-4e8e-ac1d-6e9c1d54940f,2026-03-04T18:33:50,1,1,1,0,1,3,180.1,2,1,0,0,0,0,3,1.03,0.0,0,1,14,3,2,0,0.2143,3,0,1,0.0,0,negative_hard
synthetic_user_0142,a18002e2-24a3-4da4-b558-ea8cadcb047e,2026-03-04T18:33:50,1,1,1,0,1,3,180.1,2,1,0,0,0,0,0,0.58,0.0,0,0,31,13,4,3,0.4194,3,0,1,0.0,0,negative_hard
synthetic_user_0142,8706bbb8-8343-4edc-9af4-244b9cad76aa,2026-03-04T18:33:50,1,1,0,1,0,3,180.1,2,1,0,0,0,0,0,0.47,0.0,0,0,144,45,11,4,0.3125,0,0,1,0.0,0,negative_soft
synthetic_user_0142,a18002e2-24a3-4da4-b558-ea8cadcb047e,2026-03-04T18:42:54,1,1,1,0,1,3,180.1,3,1,0,0,0,0,0,0.58,0.0,0,0,31,13,4,3,0.4194,4,0,1,0.0,0,negative_hard
synthetic_user_0142,f6081dfd-75ec-4719-a05b-6ec1f95df15f,2026-03-04T18:42:54,1,1,1,0,1,3,180.1,3,1,0,0,0,0,1,1.05,0.0,0,1,14,4,0,3,0.2857,4,0,1,0.0,0,negative_hard
synthetic_user_0142,fbb68aab-9b3b-4e24-9109-ea047f927347,2026-03-04T18:42:54,1,1,1,0,1,3,180.1,3,1,0,0,0,0,3,1.03,0.0,0,1,22,8,3,3,0.3636,4,0,1,0.0,0,negative_hard
synthetic_user_0142,8706bbb8-8343-4edc-9af4-244b9cad76aa,2026-03-04T18:42:54,1,1,0,1,0,3,180.1,3,1,0,0,0,0,0,0.47,0.0,0,0,144,45,11,4,0.3125,0,0,1,0.0,0,negative_soft
synthetic_user_0142,95461cac-4301-4ade-8b3c-98201e8731db,2026-03-04T18:44:27,1,1,1,0,1,3,180.11,3,2,0,0,0,0,1,0.41,0.0,0,1,12,3,1,0,0.25,5,0,1,0.0,0,negative_hard
synthetic_user_0142,945e447f-c018-4d92-b5e5-2f1f7a11bd56,2026-03-04T18:44:27,1,1,1,0,1,3,180.11,3,2,0,0,0,0,3,1.03,0.0,0,1,11,3,1,1,0.2727,5,0,1,0.0,0,negative_hard
synthetic_user_0142,e72c3d3b-cf36-4cc4-9a40-d8cc5d28df84,2026-03-04T18:44:27,1,1,1,0,1,3,180.11,3,2,0,0,0,0,1,0.41,0.0,0,1,19,7,3,3,0.3684,5,0,1,0.0,0,negative_hard
synthetic_user_0142,8706bbb8-8343-4edc-9af4-244b9cad76aa,2026-03-04T18:44:27,1,1,0,1,0,3,180.11,3,2,0,0,0,0,0,0.47,0.0,0,0,144,45,11,4,0.3125,0,0,1,0.0,0,negative_soft
synthetic_user_0142,e72c3d3b-cf36-4cc4-9a40-d8cc5d28df84,2026-03-04T18:46:07,1,1,1,0,1,3,180.11,3,2,0,0,1,0,1,0.41,0.0,0,1,19,7,3,3,0.3684,6,0,1,0.0,0,negative_hard
synthetic_user_0142,a8231f34-c157-4fcd-b08a-5a3420cc0cee,2026-03-04T18:46:07,1,1,1,0,1,3,180.11,3,2,0,0,1,0,1,0.69,0.0,0,1,20,6,0,1,0.3,6,0,1,0.0,0,negative_hard
synthetic_user_0142,fbb68aab-9b3b-4e24-9109-ea047f927347,2026-03-04T18:46:07,1,1,1,0,1,3,180.11,3,2,0,0,1,0,3,1.03,0.0,0,1,22,8,3,3,0.3636,6,0,1,0.0,0,negative_hard
synthetic_user_0142,8706bbb8-8343-4edc-9af4-244b9cad76aa,2026-03-04T18:46:07,1,1,0,1,0,3,180.11,3,2,0,0,1,0,0,0.47,0.0,0,0,144,45,11,4,0.3125,0,0,1,0.0,0,negative_soft
synthetic_user_0109,98a77293-8faf-4d27-8248-6eb91f481d8f,2026-03-04T18:51:13,0,0,0,2,0,1,180.71,8,2,0,0,1,0,0,0.58,0.0,0,0,28,16,7,6,0.5714,2,0,0,0.0,0,negative_soft
synthetic_user_0109,09593622-ad83-4d14-8236-17bea51dbb13,2026-03-04T18:51:13,0,0,0,2,0,1,180.71,8,2,0,0,1,0,1,0.69,0.0,0,1,29,14,3,5,0.4828,2,0,0,0.0,0,negative_soft
synthetic_user_0109,2c1e63cb-30f5-4e05-92af-ea93368ef4ab,2026-03-04T18:51:13,0,0,0,2,0,1,180.71,8,2,0,0,1,0,1,0.41,0.0,0,1,21,7,2,2,0.3333,2,0,0,0.0,0,negative_soft
synthetic_user_0109,40a8032b-e43c-43dc-ba5f-d650f1c0a979,2026-03-04T18:51:13,0,0,0,2,0,1,180.71,8,2,0,0,1,0,1,0.41,0.0,0,1,19,9,3,2,0.4737,2,0,0,0.0,0,negative_soft
synthetic_user_0121,dcd20897-e14a-43fc-b2ba-66bb4a569874,2026-03-05T19:50:39,1,1,1,0,1,3,185.93,2,0,0,0,2,0,1,0.69,0.0,0,1,22,10,4,3,0.4545,4,0,2,0.0,0,negative_hard
synthetic_user_0121,ea97dfce-6731-4b1d-9b03-485d04de4867,2026-03-05T19:50:39,1,1,1,0,1,3,185.93,2,0,0,0,2,0,3,1.03,0.0,0,1,14,4,1,1,0.2857,4,0,2,0.0,0,negative_hard
synthetic_user_0121,945e447f-c018-4d92-b5e5-2f1f7a11bd56,2026-03-05T19:50:39,1,1,1,0,1,3,185.93,2,0,0,0,2,0,3,1.03,0.0,0,1,11,3,1,1,0.2727,4,0,2,0.0,0,negative_hard
synthetic_user_0121,8706bbb8-8343-4edc-9af4-244b9cad76aa,2026-03-05T19:50:39,1,1,0,1,0,3,185.93,2,0,0,0,2,0,0,0.47,0.0,0,0,144,45,11,4,0.3125,0,0,2,0.0,0,negative_soft
synthetic_user_0181,c5310615-4076-41e9-9064-736593600471,2026-03-05T21:39:31,1,1,1,0,1,3,180.72,4,1,0,0,0,1,0,1.03,0.0,0,0,24,9,1,3,0.375,5,0,1,0.0,0,negative_hard
synthetic_user_0181,581c8e36-7a51-4e8e-ac1d-6e9c1d54940f,2026-03-05T21:39:31,1,1,1,0,1,3,180.72,4,1,0,0,0,1,3,1.03,0.0,0,1,14,3,2,0,0.2143,5,0,1,0.0,0,negative_hard
synthetic_user_0181,40a8032b-e43c-43dc-ba5f-d650f1c0a979,2026-03-05T21:39:31,1,1,1,0,1,3,180.72,4,1,0,0,0,1,1,0.41,0.0,0,1,19,9,3,2,0.4737,5,0,1,0.0,0,negative_hard
synthetic_user_0181,8706bbb8-8343-4edc-9af4-244b9cad76aa,2026-03-05T21:39:31,1,1,0,1,0,3,180.72,4,1,0,0,0,1,0,0.47,0.0,0,0,144,45,11,4,0.3125,0,0,1,0.0,0,negative_soft
synthetic_user_0172,09593622-ad83-4d14-8236-17bea51dbb13,2026-03-05T21:41:08,1,1,1,0,1,3,189.84,11,4,1,1,3,0,1,0.69,0.0,0,1,29,14,3,5,0.4828,16,0,5,0.0,0,negative_hard
synthetic_user_0172,a18002e2-24a3-4da4-b558-ea8cadcb047e,2026-03-05T21:41:08,1,1,1,0,1,3,189.84,11,4,1,1,3,0,0,0.58,0.0,0,0,31,13,4,3,0.4194,16,0,5,0.0,0,negative_hard
synthetic_user_0172,5a0f55cf-16af-4459-9030-0c7c6e11207f,2026-03-05T21:41:08,1,1,1,0,1,3,189.84,11,4,1,1,3,0,0,0.58,0.0,0,0,21,9,2,2,0.4286,16,0,5,0.0,0,negative_hard
synthetic_user_0172,7c1af9a0-cf09-4356-8c0d-d762fbb21208,2026-03-05T21:41:08,0,0,0,2,0,3,189.84,11,4,1,1,3,0,1,1.76,0.0,0,1,38,7,0,1,0.1842,0,0,0,0.0,0,negative_soft
synthetic_user_0181,45a799e0-5716-4209-b489-bd8f9ef13974,2026-03-05T21:44:15,1,1,1,0,1,3,180.72,4,2,0,0,0,1,1,0.41,0.0,0,1,11,6,3,1,0.5455,6,0,1,0.0,0,negative_hard
synthetic_user_0181,dbcab77a-8d8a-4721-b07d-d5d9ecc7874d,2026-03-05T21:44:15,1,1,1,0,1,3,180.72,4,2,0,0,0,1,1,0.58,0.0,0,0,19,6,0,2,0.3158,6,0,1,0.0,0,negative_hard
synthetic_user_0181,bd6bddb1-3e29-4767-a194-6196e46f7456,2026-03-05T21:44:15,1,1,1,0,1,3,180.72,4,2,0,0,0,1,1,0.41,0.0,0,1,17,5,1,1,0.2941,6,0,1,0.0,0,negative_hard
synthetic_user_0181,8706bbb8-8343-4edc-9af4-244b9cad76aa,2026-03-05T21:44:15,1,1,0,1,0,3,180.72,4,2,0,0,0,1,0,0.47,0.0,0,0,144,45,11,4,0.3125,0,0,1,0.0,0,negative_soft
synthetic_user_0172,dcd20897-e14a-43fc-b2ba-66bb4a569874,2026-03-05T21:51:58,1,1,1,0,1,3,189.85,11,5,1,1,3,0,1,0.69,0.0,0,1,22,10,4,3,0.4545,17,0,5,0.0,0,negative_hard
synthetic_user_0172,45a799e0-5716-4209-b489-bd8f9ef13974,2026-03-05T21:51:58,1,1,1,0,1,3,189.85,11,5,1,1,3,0,1,0.41,0.0,0,1,11,6,3,1,0.5455,17,0,5,0.0,0,negative_hard
synthetic_user_0172,c5310615-4076-41e9-9064-736593600471,2026-03-05T21:51:58,1,1,1,0,1,3,189.85,11,5,1,1,3,0,0,1.03,0.0,0,0,24,9,1,3,0.375,17,0,5,0.0,0,negative_hard
synthetic_user_0172,7c1af9a0-cf09-4356-8c0d-d762fbb21208,2026-03-05T21:51:58,0,0,0,2,0,3,189.85,11,5,1,1,3,0,1,1.76,0.0,0,1,38,7,0,1,0.1842,0,0,0,0.0,0,negative_soft
synthetic_user_0135,dbcab77a-8d8a-4721-b07d-d5d9ecc7874d,2026-03-05T22:30:47,0,0,0,2,0,1,172.89,4,1,0,0,0,1,1,0.58,0.0,0,0,19,6,0,2,0.3158,0,0,0,0.0,0,negative_soft
synthetic_user_0135,fbb68aab-9b3b-4e24-9109-ea047f927347,2026-03-05T22:30:47,0,0,0,2,0,1,172.89,4,1,0,0,0,1,3,1.03,0.0,0,1,22,8,3,3,0.3636,0,0,0,0.0,0,negative_soft
synthetic_user_0135,59bf0b38-d7b5-4024-a66e-a03f1b47095d,2026-03-05T22:30:47,0,0,0,2,0,1,172.89,4,1,0,0,0,1,3,1.03,0.0,0,1,19,6,3,0,0.3158,0,0,0,0.0,0,negative_soft
synthetic_user_0135,830353af-6497-4bc7-bab8-08114b64b682,2026-03-05T22:30:47,0,0,0,2,0,1,172.89,4,1,0,0,0,1,0,1.05,0.0,0,0,23,10,2,3,0.4348,0,0,0,0.0,0,negative_soft
synthetic_user_0135,59bf0b38-d7b5-4024-a66e-a03f1b47095d,2026-03-05T22:32:18,0,0,0,2,0,1,172.89,4,2,0,0,0,1,3,1.03,0.0,0,1,19,6,3,0,0.3158,0,0,0,0.0,0,negative_soft
synthetic_user_0135,e72c3d3b-cf36-4cc4-9a40-d8cc5d28df84,2026-03-05T22:32:18,0,0,0,2,0,1,172.89,4,2,0,0,0,1,1,0.41,0.0,0,1,19,7,3,3,0.3684,0,0,0,0.0,0,negative_soft
synthetic_user_0135,ea97dfce-6731-4b1d-9b03-485d04de4867,2026-03-05T22:32:18,0,0,0,2,0,1,172.89,4,2,0,0,0,1,3,1.03,0.0,0,1,14,4,1,1,0.2857,0,0,0,0.0,0,negative_soft
synthetic_user_0135,a8231f34-c157-4fcd-b08a-5a3420cc0cee,2026-03-05T22:32:18,0,0,0,2,0,1,172.89,4,2,0,0,0,1,1,0.69,0.0,0,1,20,6,0,1,0.3,0,0,0,0.0,0,negative_soft
synthetic_user_0146,95461cac-4301-4ade-8b3c-98201e8731db,2026-03-06T00:37:31,1,1,1,0,1,3,172.24,4,1,0,0,1,0,1,0.41,0.0,0,1,12,3,1,0,0.25,3,0,2,0.0,0,negative_hard
synthetic_user_0146,830353af-6497-4bc7-bab8-08114b64b682,2026-03-06T00:37:31,1,1,1,0,1,3,172.24,4,1,0,0,1,0,0,1.05,0.0,0,0,23,10,2,3,0.4348,3,0,2,0.0,0,negative_hard
synthetic_user_0146,8b44ea69-a5bb-4779-8c63-bf20e4da58c7,2026-03-06T00:37:31,1,1,1,0,1,3,172.24,4,1,0,0,1,0,1,0.69,0.0,0,1,28,12,4,3,0.4286,3,0,2,0.0,0,negative_hard
synthetic_user_0146,7c1af9a0-cf09-4356-8c0d-d762fbb21208,2026-03-06T00:37:31,0,0,0,2,0,3,172.24,4,1,0,0,1,0,1,1.76,0.0,0,1,39,8,1,1,0.2051,0,0,0,0.0,0,negative_soft
synthetic_user_0069,85526add-cd5a-4107-a07e-62ff3f493082,2026-03-06T01:39:58,1,1,1,0,1,3,192.55,5,2,1,0,1,0,0,0.41,0.0,0,0,33,12,4,4,0.3636,9,0,2,0.0,0,negative_hard
synthetic_user_0069,09593622-ad83-4d14-8236-17bea51dbb13,2026-03-06T01:39:58,1,1,1,0,1,3,192.55,5,2,1,0,1,0,1,0.69,0.0,0,1,29,14,3,5,0.4828,9,0,2,0.0,0,negative_hard
synthetic_user_0069,e06a75b5-86f9-4daf-b871-0fba7b7ba57d,2026-03-06T01:39:58,1,1,1,0,1,3,192.55,5,2,1,0,1,0,1,0.58,0.0,0,0,29,10,3,2,0.3448,9,0,2,0.0,0,negative_hard
synthetic_user_0069,8706bbb8-8343-4edc-9af4-244b9cad76aa,2026-03-06T01:39:58,1,1,0,1,0,3,192.55,5,2,1,0,1,0,0,0.47,0.0,0,0,144,45,11,4,0.3125,0,0,2,0.0,0,negative_soft
synthetic_user_0193,f6081dfd-75ec-4719-a05b-6ec1f95df15f,2026-03-06T06:35:04,1,1,1,0,1,3,180.52,4,3,1,2,0,0,1,1.05,0.0,0,1,14,4,0,3,0.2857,10,0,2,0.0,0,negative_hard
synthetic_user_0193,fbb68aab-9b3b-4e24-9109-ea047f927347,2026-03-06T06:35:04,1,1,1,0,1,3,180.52,4,3,1,2,0,0,3,1.03,0.0,0,1,23,8,3,3,0.3478,10,0,2,0.0,0,negative_hard
synthetic_user_0193,dcd20897-e14a-43fc-b2ba-66bb4a569874,2026-03-06T06:35:04,1,1,1,0,1,3,180.52,4,3,1,2,0,0,1,0.69,0.0,0,1,23,10,4,3,0.4348,10,0,2,0.0,0,negative_hard
synthetic_user_0193,8706bbb8-8343-4edc-9af4-244b9cad76aa,2026-03-06T06:35:04,1,1,0,1,0,3,180.52,4,3,1,2,0,0,0,0.47,0.0,0,0,145,45,11,4,0.3103,0,0,2,0.0,0,negative_soft
synthetic_user_0167,e72c3d3b-cf36-4cc4-9a40-d8cc5d28df84,2026-03-06T20:06:55,1,1,1,0,1,3,173.55,9,3,0,1,1,0,1,0.41,0.0,0,1,19,7,3,3,0.3684,13,0,3,0.0,0,negative_hard
synthetic_user_0167,59bf0b38-d7b5-4024-a66e-a03f1b47095d,2026-03-06T20:06:55,1,1,1,0,1,3,173.55,9,3,0,1,1,0,3,1.03,0.0,0,1,19,6,3,0,0.3158,13,0,3,0.0,0,negative_hard
synthetic_user_0167,e06a75b5-86f9-4daf-b871-0fba7b7ba57d,2026-03-06T20:06:55,1,1,1,0,1,3,173.55,9,3,0,1,1,0,1,0.58,0.0,0,0,29,10,3,2,0.3448,13,0,3,0.0,0,negative_hard
synthetic_user_0167,7c1af9a0-cf09-4356-8c0d-d762fbb21208,2026-03-06T20:06:55,0,0,0,2,0,3,173.55,9,3,0,1,1,0,1,1.76,0.0,0,1,39,8,1,1,0.2051,0,0,0,0.0,0,negative_soft
synthetic_user_0167,f6081dfd-75ec-4719-a05b-6ec1f95df15f,2026-03-06T20:20:18,1,1,1,0,1,3,173.56,9,4,0,1,1,0,1,1.05,0.0,0,1,14,4,0,3,0.2857,14,0,4,0.0,0,negative_hard
synthetic_user_0167,dcf38bea-591e-47ae-aaaf-e01b841cc3b3,2026-03-06T20:20:18,1,1,1,0,1,3,173.56,9,4,0,1,1,0,1,0.69,0.0,0,1,31,9,5,4,0.2903,14,0,4,0.0,0,negative_hard
synthetic_user_0167,c5310615-4076-41e9-9064-736593600471,2026-03-06T20:20:18,1,1,1,0,1,3,173.56,9,4,0,1,1,0,0,1.03,0.0,0,0,24,9,1,3,0.375,14,0,4,0.0,0,negative_hard
synthetic_user_0167,7c1af9a0-cf09-4356-8c0d-d762fbb21208,2026-03-06T20:20:18,0,0,0,2,0,3,173.56,9,4,0,1,1,0,1,1.76,0.0,0,1,39,8,1,1,0.2051,0,0,0,0.0,0,negative_soft
synthetic_user_0130,c5310615-4076-41e9-9064-736593600471,2026-03-07T02:25:15,1,1,1,0,1,3,193.45,4,2,0,0,0,0,0,1.03,0.0,0,0,24,9,1,3,0.375,6,0,1,0.0,0,negative_hard
synthetic_user_0130,95461cac-4301-4ade-8b3c-98201e8731db,2026-03-07T02:25:15,1,1,1,0,1,3,193.45,4,2,0,0,0,0,1,0.41,0.0,0,1,12,3,1,0,0.25,6,0,1,0.0,0,negative_hard
synthetic_user_0130,945e447f-c018-4d92-b5e5-2f1f7a11bd56,2026-03-07T02:25:15,1,1,1,0,1,3,193.45,4,2,0,0,0,0,3,1.03,0.0,0,1,12,3,1,1,0.25,6,0,1,0.0,0,negative_hard
synthetic_user_0130,8706bbb8-8343-4edc-9af4-244b9cad76aa,2026-03-07T02:25:15,1,1,0,1,0,3,193.45,4,2,0,0,0,0,0,0.47,0.0,0,0,145,45,11,4,0.3103,0,0,1,0.0,0,negative_soft
synthetic_user_0114,945e447f-c018-4d92-b5e5-2f1f7a11bd56,2026-03-07T02:43:55,1,1,1,0,1,3,182.16,3,0,0,0,0,1,3,1.03,0.0,0,1,12,3,1,1,0.25,3,0,0,0.0,0,negative_hard
synthetic_user_0114,a8231f34-c157-4fcd-b08a-5a3420cc0cee,2026-03-07T02:43:55,1,1,1,0,1,3,182.16,3,0,0,0,0,1,1,0.69,0.0,0,1,20,6,0,1,0.3,3,0,0,0.0,0,negative_hard
synthetic_user_0114,59bf0b38-d7b5-4024-a66e-a03f1b47095d,2026-03-07T02:43:55,1,1,1,0,1,3,182.16,3,0,0,0,0,1,3,1.03,0.0,0,1,19,6,3,0,0.3158,3,0,0,0.0,0,negative_hard
synthetic_user_0114,8706bbb8-8343-4edc-9af4-244b9cad76aa,2026-03-07T02:43:55,1,1,0,1,0,3,182.16,3,0,0,0,0,1,0,0.47,0.0,0,0,145,45,11,4,0.3103,0,0,0,0.0,0,negative_soft
synthetic_user_0043,e72c3d3b-cf36-4cc4-9a40-d8cc5d28df84,2026-03-07T05:08:44,1,1,1,0,1,3,186.78,3,1,0,0,0,0,1,0.41,0.0,0,1,19,7,3,3,0.3684,4,0,1,0.0,0,negative_hard
synthetic_user_0043,98a77293-8faf-4d27-8248-6eb91f481d8f,2026-03-07T05:08:44,1,1,1,0,1,3,186.78,3,1,0,0,0,0,0,0.58,0.0,0,0,29,16,7,6,0.5517,4,0,1,0.0,0,negative_hard
synthetic_user_0043,dcf38bea-591e-47ae-aaaf-e01b841cc3b3,2026-03-07T05:08:44,1,1,1,0,1,3,186.78,3,1,0,0,0,0,1,0.69,0.0,0,1,31,9,5,4,0.2903,4,0,1,0.0,0,negative_hard
synthetic_user_0043,8706bbb8-8343-4edc-9af4-244b9cad76aa,2026-03-07T05:08:44,1,1,0,1,0,3,186.78,3,1,0,0,0,0,0,0.47,0.0,0,0,145,45,11,4,0.3103,0,0,1,0.0,0,negative_soft
synthetic_user_0078,dcf38bea-591e-47ae-aaaf-e01b841cc3b3,2026-03-07T07:41:35,1,1,1,0,1,3,177.18,8,1,0,0,0,0,1,0.69,0.0,0,1,31,9,5,4,0.2903,7,0,1,0.0,0,negative_hard
synthetic_user_0078,830353af-6497-4bc7-bab8-08114b64b682,2026-03-07T07:41:35,1,1,1,0,1,3,177.18,8,1,0,0,0,0,0,1.05,0.0,0,0,23,10,2,3,0.4348,7,0,1,0.0,0,negative_hard
synthetic_user_0078,5a0f55cf-16af-4459-9030-0c7c6e11207f,2026-03-07T07:41:35,1,1,1,0,1,3,177.18,8,1,0,0,0,0,0,0.58,0.0,0,0,21,9,2,2,0.4286,7,0,1,0.0,0,negative_hard
synthetic_user_0078,7c1af9a0-cf09-4356-8c0d-d762fbb21208,2026-03-07T07:41:35,0,0,0,2,0,3,177.18,8,1,0,0,0,0,1,1.76,0.0,0,1,40,8,1,1,0.2,0,0,0,0.0,0,negative_soft
synthetic_user_0189,5a0f55cf-16af-4459-9030-0c7c6e11207f,2026-03-07T08:19:24,1,1,1,0,1,3,188.09,5,1,0,0,1,1,0,0.58,0.0,0,0,21,9,2,2,0.4286,7,0,2,0.0,0,negative_hard
synthetic_user_0189,bd6bddb1-3e29-4767-a194-6196e46f7456,2026-03-07T08:19:24,1,1,1,0,1,3,188.09,5,1,0,0,1,1,1,0.41,0.0,0,1,18,5,1,1,0.2778,7,0,2,0.0,0,negative_hard
synthetic_user_0189,8b44ea69-a5bb-4779-8c63-bf20e4da58c7,2026-03-07T08:19:24,1,1,1,0,1,3,188.09,5,1,0,0,1,1,1,0.69,0.0,0,1,28,12,4,3,0.4286,7,0,2,0.0,0,negative_hard
synthetic_user_0189,8706bbb8-8343-4edc-9af4-244b9cad76aa,2026-03-07T08:19:24,1,1,0,1,0,3,188.09,5,1,0,0,1,1,0,0.47,0.0,0,0,146,45,11,4,0.3082,0,0,2,0.0,0,negative_soft
synthetic_user_0043,ea97dfce-6731-4b1d-9b03-485d04de4867,2026-03-07T18:10:31,1,1,1,0,1,3,187.33,4,1,0,0,0,0,3,1.03,0.0,0,1,15,5,1,1,0.3333,5,0,1,0.0,0,negative_hard
synthetic_user_0043,40a8032b-e43c-43dc-ba5f-d650f1c0a979,2026-03-07T18:10:31,1,1,1,0,1,3,187.33,4,1,0,0,0,0,1,0.41,0.0,0,1,19,9,3,2,0.4737,5,0,1,0.0,0,negative_hard
synthetic_user_0043,dbcab77a-8d8a-4721-b07d-d5d9ecc7874d,2026-03-07T18:10:31,1,1,1,0,1,3,187.33,4,1,0,0,0,0,1,0.58,0.0,0,0,19,6,0,2,0.3158,5,0,1,0.0,0,negative_hard
synthetic_user_0043,8706bbb8-8343-4edc-9af4-244b9cad76aa,2026-03-07T18:10:31,1,1,0,1,0,3,187.33,4,1,0,0,0,0,0,0.47,0.0,0,0,146,45,11,4,0.3082,0,0,1,0.0,0,negative_soft
synthetic_user_0020,95461cac-4301-4ade-8b3c-98201e8731db,2026-03-07T21:07:08,1,1,1,0,1,3,176.42,1,0,0,0,1,1,1,0.41,0.0,0,1,13,4,1,0,0.3077,2,0,1,0.0,0,negative_hard
synthetic_user_0020,2c1e63cb-30f5-4e05-92af-ea93368ef4ab,2026-03-07T21:07:08,1,1,1,0,1,3,176.42,1,0,0,0,1,1,1,0.41,0.0,0,1,21,7,2,2,0.3333,2,0,1,0.0,0,negative_hard
synthetic_user_0020,945e447f-c018-4d92-b5e5-2f1f7a11bd56,2026-03-07T21:07:08,1,1,1,0,1,3,176.42,1,0,0,0,1,1,3,1.03,0.0,0,1,12,3,1,1,0.25,2,0,1,0.0,0,negative_hard
synthetic_user_0020,8706bbb8-8343-4edc-9af4-244b9cad76aa,2026-03-07T21:07:08,1,1,0,1,0,3,176.42,1,0,0,0,1,1,0,0.47,0.0,0,0,146,45,11,4,0.3082,0,0,1,0.0,0,negative_soft
synthetic_user_0020,f6081dfd-75ec-4719-a05b-6ec1f95df15f,2026-03-07T21:17:26,1,1,1,0,1,3,176.42,2,0,0,0,1,1,1,1.05,0.0,0,1,14,4,0,3,0.2857,3,0,1,0.0,0,negative_hard
synthetic_user_0020,e72c3d3b-cf36-4cc4-9a40-d8cc5d28df84,2026-03-07T21:17:26,1,1,1,0,1,3,176.42,2,0,0,0,1,1,1,0.41,0.0,0,1,19,7,3,3,0.3684,3,0,1,0.0,0,negative_hard
synthetic_user_0020,59bf0b38-d7b5-4024-a66e-a03f1b47095d,2026-03-07T21:17:26,1,1,1,0,1,3,176.42,2,0,0,0,1,1,3,1.03,0.0,0,1,19,6,3,0,0.3158,3,0,1,0.0,0,negative_hard
synthetic_user_0020,8706bbb8-8343-4edc-9af4-244b9cad76aa,2026-03-07T21:17:26,1,1,0,1,0,3,176.42,2,0,0,0,1,1,0,0.47,0.0,0,0,146,45,11,4,0.3082,0,0,1,0.0,0,negative_soft
synthetic_user_0038,33f6e3a9-237d-433e-b4b6-238e44c80117,2026-03-07T22:03:20,0,0,0,2,0,1,182.58,3,1,0,1,0,0,1,0.58,0.0,0,0,18,7,3,1,0.3889,0,0,0,0.0,0,negative_soft
synthetic_user_0038,a18002e2-24a3-4da4-b558-ea8cadcb047e,2026-03-07T22:03:20,0,0,0,2,0,1,182.58,3,1,0,1,0,0,0,0.58,0.0,0,0,31,13,4,3,0.4194,0,0,0,0.0,0,negative_soft
synthetic_user_0038,e72c3d3b-cf36-4cc4-9a40-d8cc5d28df84,2026-03-07T22:03:20,0,0,0,2,0,1,182.58,3,1,0,1,0,0,1,0.41,0.0,0,1,19,7,3,3,0.3684,0,0,0,0.0,0,negative_soft
synthetic_user_0038,98a77293-8faf-4d27-8248-6eb91f481d8f,2026-03-07T22:03:20,0,0,0,2,0,1,182.58,3,1,0,1,0,0,0,0.58,0.0,0,0,29,16,7,6,0.5517,0,0,0,0.0,0,negative_soft
synthetic_user_0038,e06a75b5-86f9-4daf-b871-0fba7b7ba57d,2026-03-07T22:21:59,0,0,0,2,0,1,182.59,3,2,0,1,0,0,1,0.58,0.0,0,0,29,10,3,2,0.3448,0,0,0,0.0,0,negative_soft
synthetic_user_0038,95461cac-4301-4ade-8b3c-98201e8731db,2026-03-07T22:21:59,0,0,0,2,0,1,182.59,3,2,0,1,0,0,1,0.41,0.0,0,1,13,4,1,0,0.3077,0,0,0,0.0,0,negative_soft
synthetic_user_0038,830353af-6497-4bc7-bab8-08114b64b682,2026-03-07T22:21:59,0,0,0,2,0,1,182.59,3,2,0,1,0,0,0,1.05,0.0,0,0,23,10,2,3,0.4348,0,0,0,0.0,0,negative_soft
synthetic_user_0038,59bf0b38-d7b5-4024-a66e-a03f1b47095d,2026-03-07T22:21:59,0,0,0,2,0,1,182.59,3,2,0,1,0,0,3,1.03,0.0,0,1,19,6,3,0,0.3158,0,0,0,0.0,0,negative_soft
synthetic_user_0132,ea97dfce-6731-4b1d-9b03-485d04de4867,2026-03-08T00:42:20,1,1,1,0,1,3,183.57,8,2,0,1,1,1,3,1.03,0.0,0,1,15,5,1,1,0.3333,12,0,1,0.0,0,negative_hard
synthetic_user_0132,dbcab77a-8d8a-4721-b07d-d5d9ecc7874d,2026-03-08T00:42:20,1,1,1,0,1,3,183.57,8,2,0,1,1,1,1,0.58,0.0,0,0,19,6,0,2,0.3158,12,0,1,0.0,0,negative_hard
synthetic_user_0132,40a8032b-e43c-43dc-ba5f-d650f1c0a979,2026-03-08T00:42:20,1,1,1,0,1,3,183.57,8,2,0,1,1,1,1,0.41,0.0,0,1,19,9,3,2,0.4737,12,0,1,0.0,0,negative_hard
synthetic_user_0132,7c1af9a0-cf09-4356-8c0d-d762fbb21208,2026-03-08T00:42:20,0,0,0,2,0,3,183.57,8,2,0,1,1,1,1,1.76,0.0,0,1,41,9,1,1,0.2195,0,0,0,0.0,0,negative_soft
synthetic_user_0144,dbcab77a-8d8a-4721-b07d-d5d9ecc7874d,2026-03-08T00:49:36,1,1,1,0,1,3,179.19,9,1,1,1,0,0,1,0.58,0.0,0,0,19,6,0,2,0.3158,12,0,1,0.0,0,negative_hard
synthetic_user_0144,2c1e63cb-30f5-4e05-92af-ea93368ef4ab,2026-03-08T00:49:36,1,1,1,0,1,3,179.19,9,1,1,1,0,0,1,0.41,0.0,0,1,22,7,2,2,0.3182,12,0,1,0.0,0,negative_hard
synthetic_user_0144,45a799e0-5716-4209-b489-bd8f9ef13974,2026-03-08T00:49:36,1,1,1,0,1,3,179.19,9,1,1,1,0,0,1,0.41,0.0,0,1,11,6,3,1,0.5455,12,0,1,0.0,0,negative_hard
synthetic_user_0144,8706bbb8-8343-4edc-9af4-244b9cad76aa,2026-03-08T00:49:36,1,1,0,1,0,3,179.19,9,1,1,1,0,0,0,0.47,0.0,0,0,146,45,11,4,0.3082,0,0,1,0.0,0,negative_soft
synthetic_user_0167,a18002e2-24a3-4da4-b558-ea8cadcb047e,2026-03-08T03:23:22,1,1,1,0,1,3,174.86,9,4,0,2,1,0,0,0.58,0.0,0,0,31,13,4,3,0.4194,15,0,4,0.0,0,negative_hard
synthetic_user_0167,830353af-6497-4bc7-bab8-08114b64b682,2026-03-08T03:23:22,1,1,1,0,1,3,174.86,9,4,0,2,1,0,0,1.05,0.0,0,0,23,10,2,3,0.4348,15,0,4,0.0,0,negative_hard
synthetic_user_0167,dcf38bea-591e-47ae-aaaf-e01b841cc3b3,2026-03-08T03:23:22,1,1,1,0,1,3,174.86,9,4,0,2,1,0,1,0.69,0.0,0,1,32,10,5,4,0.3125,15,0,4,0.0,0,negative_hard
synthetic_user_0167,7c1af9a0-cf09-4356-8c0d-d762fbb21208,2026-03-08T03:23:22,0,0,0,2,0,3,174.86,9,4,0,2,1,0,1,1.76,0.0,0,1,41,9,1,1,0.2195,0,0,0,0.0,0,negative_soft
synthetic_user_0193,09593622-ad83-4d14-8236-17bea51dbb13,2026-03-08T21:23:34,1,1,1,0,1,3,183.14,6,3,1,2,0,0,1,0.69,0.0,0,1,29,14,3,5,0.4828,12,0,2,0.0,0,negative_hard
synthetic_user_0193,8b44ea69-a5bb-4779-8c63-bf20e4da58c7,2026-03-08T21:23:34,1,1,1,0,1,3,183.14,6,3,1,2,0,0,1,0.69,0.0,0,1,28,12,4,3,0.4286,12,0,2,0.0,0,negative_hard
synthetic_user_0193,f6081dfd-75ec-4719-a05b-6ec1f95df15f,2026-03-08T21:23:34,1,1,1,0,1,3,183.14,6,3,1,2,0,0,1,1.05,0.0,0,1,15,4,0,3,0.2667,12,0,2,0.0,0,negative_hard
synthetic_user_0193,8706bbb8-8343-4edc-9af4-244b9cad76aa,2026-03-08T21:23:34,1,1,0,1,0,3,183.14,6,3,1,2,0,0,0,0.47,0.0,0,0,146,45,11,4,0.3082,0,0,2,0.0,0,negative_soft
synthetic_user_0193,087164bc-8a57-44b1-bd06-0644f475917b,2026-03-08T21:35:28,1,1,1,0,1,3,183.15,7,3,1,2,0,0,0,0.58,0.0,0,0,25,8,2,1,0.32,13,0,2,0.0,0,negative_hard
synthetic_user_0193,830353af-6497-4bc7-bab8-08114b64b682,2026-03-08T21:35:28,1,1,1,0,1,3,183.15,7,3,1,2,0,0,0,1.05,0.0,0,0,23,10,2,3,0.4348,13,0,2,0.0,0,negative_hard
synthetic_user_0193,5a0f55cf-16af-4459-9030-0c7c6e11207f,2026-03-08T21:35:28,1,1,1,0,1,3,183.15,7,3,1,2,0,0,0,0.58,0.0,0,0,21,9,2,2,0.4286,13,0,2,0.0,0,negative_hard
synthetic_user_0193,8706bbb8-8343-4edc-9af4-244b9cad76aa,2026-03-08T21:35:28,1,1,0,1,0,3,183.15,7,3,1,2,0,0,0,0.47,0.0,0,0,146,45,11,4,0.3082,0,0,2,0.0,0,negative_soft
synthetic_user_0080,40a8032b-e43c-43dc-ba5f-d650f1c0a979,2026-03-08T23:22:12,0,0,0,2,0,1,181.22,5,1,0,0,1,0,1,0.41,0.0,0,1,19,9,3,2,0.4737,4,0,0,0.0,0,negative_soft
synthetic_user_0080,95461cac-4301-4ade-8b3c-98201e8731db,2026-03-08T23:22:12,0,0,0,2,0,1,181.22,5,1,0,0,1,0,1,0.41,0.0,0,1,13,4,1,0,0.3077,4,0,0,0.0,0,negative_soft
synthetic_user_0080,98a77293-8faf-4d27-8248-6eb91f481d8f,2026-03-08T23:22:12,0,0,0,2,0,1,181.22,5,1,0,0,1,0,0,0.58,0.0,0,0,29,16,7,6,0.5517,4,0,0,0.0,0,negative_soft
synthetic_user_0080,09593622-ad83-4d14-8236-17bea51dbb13,2026-03-08T23:22:12,0,0,0,2,0,1,181.22,5,1,0,0,1,0,1,0.69,0.0,0,1,29,14,3,5,0.4828,4,0,0,0.0,0,negative_soft
synthetic_user_0178,8b44ea69-a5bb-4779-8c63-bf20e4da58c7,2026-03-09T03:00:41,0,0,0,2,0,1,182.53,4,0,0,0,0,0,1,0.69,0.0,0,1,28,12,4,3,0.4286,0,0,0,0.0,0,negative_soft
synthetic_user_0178,e72c3d3b-cf36-4cc4-9a40-d8cc5d28df84,2026-03-09T03:00:41,0,0,0,2,0,1,182.53,4,0,0,0,0,0,1,0.41,0.0,0,1,19,7,3,3,0.3684,0,0,0,0.0,0,negative_soft
synthetic_user_0178,5a0f55cf-16af-4459-9030-0c7c6e11207f,2026-03-09T03:00:41,0,0,0,2,0,1,182.53,4,0,0,0,0,0,0,0.58,0.0,0,0,21,9,2,2,0.4286,0,0,0,0.0,0,negative_soft
synthetic_user_0178,581c8e36-7a51-4e8e-ac1d-6e9c1d54940f,2026-03-09T03:00:41,0,0,0,2,0,1,182.53,4,0,0,0,0,0,3,1.03,0.0,0,1,15,3,2,0,0.2,0,0,0,0.0,0,negative_soft
synthetic_user_0197,dbcab77a-8d8a-4721-b07d-d5d9ecc7874d,2026-03-09T07:48:54,1,1,0,1,0,4,176.03,9,4,1,0,4,0,1,0.58,0.0,0,0,19,6,0,2,0.3158,0,0,1,0.0,0,negative_soft
synthetic_user_0197,98a77293-8faf-4d27-8248-6eb91f481d8f,2026-03-09T07:48:54,1,1,0,1,0,4,176.03,9,4,1,0,4,0,0,0.58,0.0,0,0,29,16,7,6,0.5517,0,0,1,0.0,0,negative_soft
synthetic_user_0197,95461cac-4301-4ade-8b3c-98201e8731db,2026-03-09T07:48:54,1,1,0,1,0,4,176.03,9,4,1,0,4,0,1,0.41,0.0,0,1,13,4,1,0,0.3077,0,0,1,0.0,0,negative_soft
synthetic_user_0197,830353af-6497-4bc7-bab8-08114b64b682,2026-03-09T07:48:54,1,1,0,1,0,4,176.03,9,4,1,0,4,0,0,1.05,0.0,0,0,23,10,2,3,0.4348,0,0,1,0.0,0,negative_soft
synthetic_user_0197,dbcab77a-8d8a-4721-b07d-d5d9ecc7874d,2026-03-09T07:53:35,1,1,0,1,0,4,176.03,9,5,1,0,4,0,1,0.58,0.0,0,0,19,6,0,2,0.3158,0,0,1,0.0,0,negative_soft
synthetic_user_0197,b1e94dc4-e19f-4e9b-85e1-69c3b4ab0e97,2026-03-09T07:53:35,1,1,0,1,0,4,176.03,9,5,1,0,4,0,3,1.03,0.0,0,1,18,10,4,3,0.5556,0,0,1,0.0,0,negative_soft
synthetic_user_0197,5a0f55cf-16af-4459-9030-0c7c6e11207f,2026-03-09T07:53:35,1,1,0,1,0,4,176.03,9,5,1,0,4,0,0,0.58,0.0,0,0,21,9,2,2,0.4286,0,0,1,0.0,0,negative_soft
synthetic_user_0197,c5310615-4076-41e9-9064-736593600471,2026-03-09T07:53:35,1,1,0,1,0,4,176.03,9,5,1,0,4,0,0,1.03,0.0,0,0,24,9,1,3,0.375,0,0,1,0.0,0,negative_soft
synthetic_user_0197,09593622-ad83-4d14-8236-17bea51dbb13,2026-03-09T08:00:14,1,1,0,1,0,4,176.04,9,5,2,0,4,0,1,0.69,0.0,0,1,29,14,3,5,0.4828,0,0,1,0.0,0,negative_soft
synthetic_user_0197,59bf0b38-d7b5-4024-a66e-a03f1b47095d,2026-03-09T08:00:14,1,1,0,1,0,4,176.04,9,5,2,0,4,0,3,1.03,0.0,0,1,20,7,3,0,0.35,0,0,1,0.0,0,negative_soft
synthetic_user_0197,bd6bddb1-3e29-4767-a194-6196e46f7456,2026-03-09T08:00:14,1,1,0,1,0,4,176.04,9,5,2,0,4,0,1,0.41,0.0,0,1,18,5,1,1,0.2778,0,0,1,0.0,0,negative_soft
synthetic_user_0197,945e447f-c018-4d92-b5e5-2f1f7a11bd56,2026-03-09T08:00:14,1,1,0,1,0,4,176.04,9,5,2,0,4,0,3,1.03,0.0,0,1,12,3,1,1,0.25,0,0,1,0.0,0,negative_soft
synthetic_user_0067,8b44ea69-a5bb-4779-8c63-bf20e4da58c7,2026-03-09T20:53:15,1,1,1,0,1,3,189.78,11,1,1,0,2,0,1,0.69,0.0,0,1,28,12,4,3,0.4286,12,0,3,0.0,0,negative_hard
synthetic_user_0067,98a77293-8faf-4d27-8248-6eb91f481d8f,2026-03-09T20:53:15,1,1,1,0,1,3,189.78,11,1,1,0,2,0,0,0.58,0.0,0,0,29,16,7,6,0.5517,12,0,3,0.0,0,negative_hard
synthetic_user_0067,f6081dfd-75ec-4719-a05b-6ec1f95df15f,2026-03-09T20:53:15,1,1,1,0,1,3,189.78,11,1,1,0,2,0,1,1.05,0.0,0,1,15,4,0,3,0.2667,12,0,3,0.0,0,negative_hard
synthetic_user_0062,09593622-ad83-4d14-8236-17bea51dbb13,2026-03-09T22:07:22,1,1,1,0,1,3,190.08,4,2,2,0,1,0,1,0.69,0.0,0,1,29,14,3,5,0.4828,9,0,1,0.0,0,negative_hard
synthetic_user_0062,dbcab77a-8d8a-4721-b07d-d5d9ecc7874d,2026-03-09T22:07:22,1,1,1,0,1,3,190.08,4,2,2,0,1,0,1,0.58,0.0,0,0,19,6,0,2,0.3158,9,0,1,0.0,0,negative_hard
synthetic_user_0062,40a8032b-e43c-43dc-ba5f-d650f1c0a979,2026-03-09T22:07:22,1,1,1,0,1,3,190.08,4,2,2,0,1,0,1,0.41,0.0,0,1,19,9,3,2,0.4737,9,0,1,0.0,0,negative_hard
synthetic_user_0062,8706bbb8-8343-4edc-9af4-244b9cad76aa,2026-03-09T22:07:22,1,1,0,1,0,3,190.08,4,2,2,0,1,0,0,0.47,0.0,0,0,147,46,12,4,0.3129,0,0,1,0.0,0,negative_soft
synthetic_user_0062,45a799e0-5716-4209-b489-bd8f9ef13974,2026-03-09T22:22:50,1,1,1,0,1,3,190.09,4,3,2,0,1,0,1,0.41,0.0,0,1,11,6,3,1,0.5455,10,0,2,0.0,0,negative_hard
synthetic_user_0062,40a8032b-e43c-43dc-ba5f-d650f1c0a979,2026-03-09T22:22:50,1,1,1,0,1,3,190.09,4,3,2,0,1,0,1,0.41,0.0,0,1,19,9,3,2,0.4737,10,0,2,0.0,0,negative_hard
synthetic_user_0062,830353af-6497-4bc7-bab8-08114b64b682,2026-03-09T22:22:50,1,1,1,0,1,3,190.09,4,3,2,0,1,0,0,1.05,0.0,0,0,23,10,2,3,0.4348,10,0,2,0.0,0,negative_hard
synthetic_user_0062,8706bbb8-8343-4edc-9af4-244b9cad76aa,2026-03-09T22:22:50,1,1,0,1,0,3,190.09,4,3,2,0,1,0,0,0.47,0.0,0,0,147,46,12,4,0.3129,0,0,2,0.0,0,negative_soft
synthetic_user_0167,830353af-6497-4bc7-bab8-08114b64b682,2026-03-10T19:04:11,1,1,1,0,1,3,177.51,10,4,0,2,1,0,0,1.05,0.0,0,0,23,10,2,3,0.4348,16,0,4,0.0,0,negative_hard
synthetic_user_0167,e06a75b5-86f9-4daf-b871-0fba7b7ba57d,2026-03-10T19:04:11,1,1,1,0,1,3,177.51,10,4,0,2,1,0,1,0.58,0.0,0,0,29,10,3,2,0.3448,16,0,4,0.0,0,negative_hard
synthetic_user_0167,c5310615-4076-41e9-9064-736593600471,2026-03-10T19:04:11,1,1,1,0,1,3,177.51,10,4,0,2,1,0,0,1.03,0.0,0,0,24,9,1,3,0.375,16,0,4,0.0,0,negative_hard
synthetic_user_0167,7c1af9a0-cf09-4356-8c0d-d762fbb21208,2026-03-10T19:04:11,0,0,0,2,0,3,177.51,10,4,0,2,1,0,1,1.76,0.0,0,1,44,11,1,1,0.25,0,0,0,0.0,0,negative_soft
synthetic_user_0167,e72c3d3b-cf36-4cc4-9a40-d8cc5d28df84,2026-03-10T19:08:15,1,1,1,0,1,3,177.51,11,4,0,2,1,0,1,0.41,0.0,0,1,19,7,3,3,0.3684,17,0,4,0.0,0,negative_hard
synthetic_user_0167,95461cac-4301-4ade-8b3c-98201e8731db,2026-03-10T19:08:15,1,1,1,0,1,3,177.51,11,4,0,2,1,0,1,0.41,0.0,0,1,13,4,1,0,0.3077,17,0,4,0.0,0,negative_hard
synthetic_user_0167,830353af-6497-4bc7-bab8-08114b64b682,2026-03-10T19:08:15,1,1,1,0,1,3,177.51,11,4,0,2,1,0,0,1.05,0.0,0,0,23,10,2,3,0.4348,17,0,4,0.0,0,negative_hard
synthetic_user_0167,7c1af9a0-cf09-4356-8c0d-d762fbb21208,2026-03-10T19:08:15,0,0,0,2,0,3,177.51,11,4,0,2,1,0,1,1.76,0.0,0,1,44,11,1,1,0.25,0,0,0,0.0,0,negative_soft
synthetic_user_0167,dcd20897-e14a-43fc-b2ba-66bb4a569874,2026-03-10T19:10:34,1,1,1,0,1,3,177.51,11,5,0,2,1,0,1,0.69,0.0,0,1,24,10,4,3,0.4167,18,0,4,0.0,0,negative_hard
synthetic_user_0167,f6081dfd-75ec-4719-a05b-6ec1f95df15f,2026-03-10T19:10:34,1,1,1,0,1,3,177.51,11,5,0,2,1,0,1,1.05,0.0,0,1,15,4,0,3,0.2667,18,0,4,0.0,0,negative_hard
synthetic_user_0167,59bf0b38-d7b5-4024-a66e-a03f1b47095d,2026-03-10T19:10:34,1,1,1,0,1,3,177.51,11,5,0,2,1,0,3,1.03,0.0,0,1,20,7,3,0,0.35,18,0,4,0.0,0,negative_hard
synthetic_user_0167,7c1af9a0-cf09-4356-8c0d-d762fbb21208,2026-03-10T19:10:34,0,0,0,2,0,3,177.51,11,5,0,2,1,0,1,1.76,0.0,0,1,44,11,1,1,0.25,0,0,0,0.0,0,negative_soft
synthetic_user_0141,c5310615-4076-41e9-9064-736593600471,2026-03-11T04:39:23,1,1,1,0,1,3,205.46,6,0,0,0,1,0,0,1.03,0.0,0,0,24,9,1,3,0.375,6,0,1,0.0,0,negative_hard
synthetic_user_0141,e06a75b5-86f9-4daf-b871-0fba7b7ba57d,2026-03-11T04:39:23,1,1,1,0,1,3,205.46,6,0,0,0,1,0,1,0.58,0.0,0,0,29,10,3,2,0.3448,6,0,1,0.0,0,negative_hard
synthetic_user_0141,b1e94dc4-e19f-4e9b-85e1-69c3b4ab0e97,2026-03-11T04:39:23,1,1,1,0,1,3,205.46,6,0,0,0,1,0,3,1.03,0.0,0,1,19,11,5,3,0.5789,6,0,1,0.0,0,negative_hard
synthetic_user_0141,8706bbb8-8343-4edc-9af4-244b9cad76aa,2026-03-11T04:39:23,1,1,0,1,0,3,205.46,6,0,0,0,1,0,0,0.47,0.0,0,0,148,46,12,4,0.3108,0,0,1,0.0,0,negative_soft
synthetic_user_0141,95461cac-4301-4ade-8b3c-98201e8731db,2026-03-11T04:54:20,1,1,1,0,1,3,205.48,7,0,0,0,1,0,1,0.41,0.0,0,1,13,4,1,0,0.3077,6,0,1,0.0,0,negative_hard
synthetic_user_0141,b1e94dc4-e19f-4e9b-85e1-69c3b4ab0e97,2026-03-11T04:54:20,1,1,1,0,1,3,205.48,7,0,0,0,1,0,3,1.03,0.0,0,1,19,11,5,3,0.5789,6,0,1,0.0,0,negative_hard
synthetic_user_0141,e06a75b5-86f9-4daf-b871-0fba7b7ba57d,2026-03-11T04:54:20,1,1,1,0,1,3,205.48,7,0,0,0,1,0,1,0.58,0.0,0,0,29,10,3,2,0.3448,6,0,1,0.0,0,negative_hard
synthetic_user_0141,8706bbb8-8343-4edc-9af4-244b9cad76aa,2026-03-11T04:54:20,1,1,0,1,0,3,205.48,7,0,0,0,1,0,0,0.47,0.0,0,0,148,46,12,4,0.3108,0,0,1,0.0,0,negative_soft
synthetic_user_0131,2c1e63cb-30f5-4e05-92af-ea93368ef4ab,2026-03-11T22:22:04,1,1,1,0,1,3,205.46,2,0,0,0,0,0,1,0.41,0.0,0,1,24,8,2,2,0.3333,1,0,0,0.0,0,negative_hard
synthetic_user_0131,e06a75b5-86f9-4daf-b871-0fba7b7ba57d,2026-03-11T22:22:04,1,1,1,0,1,3,205.46,2,0,0,0,0,0,1,0.58,0.0,0,0,29,10,3,2,0.3448,1,0,0,0.0,0,negative_hard
synthetic_user_0131,f6081dfd-75ec-4719-a05b-6ec1f95df15f,2026-03-11T22:22:04,1,1,1,0,1,3,205.46,2,0,0,0,0,0,1,1.05,0.0,0,1,17,4,0,3,0.2353,1,0,0,0.0,0,negative_hard
synthetic_user_0131,7c1af9a0-cf09-4356-8c0d-d762fbb21208,2026-03-11T22:22:04,0,0,0,2,0,3,205.46,2,0,0,0,0,0,1,1.76,0.0,0,1,45,12,1,1,0.2667,0,0,0,0.0,0,negative_soft
synthetic_user_0132,a8231f34-c157-4fcd-b08a-5a3420cc0cee,2026-03-12T00:56:39,1,1,1,0,1,3,187.58,8,3,0,1,1,1,1,0.69,0.0,0,1,22,6,0,1,0.2727,13,0,1,0.0,0,negative_hard
synthetic_user_0132,f6081dfd-75ec-4719-a05b-6ec1f95df15f,2026-03-12T00:56:39,1,1,1,0,1,3,187.58,8,3,0,1,1,1,1,1.05,0.0,0,1,17,4,0,3,0.2353,13,0,1,0.0,0,negative_hard
synthetic_user_0132,830353af-6497-4bc7-bab8-08114b64b682,2026-03-12T00:56:39,1,1,1,0,1,3,187.58,8,3,0,1,1,1,0,1.05,0.0,0,0,23,10,2,3,0.4348,13,0,1,0.0,0,negative_hard
synthetic_user_0132,7c1af9a0-cf09-4356-8c0d-d762fbb21208,2026-03-12T00:56:39,0,0,0,2,0,3,187.58,8,3,0,1,1,1,1,1.76,0.0,0,1,45,12,1,1,0.2667,0,0,0,0.0,0,negative_soft
synthetic_user_0171,ea97dfce-6731-4b1d-9b03-485d04de4867,2026-03-12T04:38:54,1,1,1,0,1,3,194.0,6,4,2,1,2,0,3,1.03,0.0,0,1,15,5,1,1,0.3333,13,0,3,0.0,0,negative_hard
synthetic_user_0171,fbb68aab-9b3b-4e24-9109-ea047f927347,2026-03-12T04:38:54,1,1,1,0,1,3,194.0,6,4,2,1,2,0,3,1.03,0.0,0,1,24,9,3,3,0.375,13,0,3,0.0,0,negative_hard
synthetic_user_0171,45a799e0-5716-4209-b489-bd8f9ef13974,2026-03-12T04:38:54,1,1,1,0,1,3,194.0,6,4,2,1,2,0,1,0.41,0.0,0,1,11,6,3,1,0.5455,13,0,3,0.0,0,negative_hard
synthetic_user_0171,7c1af9a0-cf09-4356-8c0d-d762fbb21208,2026-03-12T04:38:54,0,0,0,2,0,3,194.0,6,4,2,1,2,0,1,1.76,0.0,0,1,45,12,1,1,0.2667,0,0,0,0.0,0,negative_soft
synthetic_user_0170,dcd20897-e14a-43fc-b2ba-66bb4a569874,2026-03-12T05:56:02,1,1,1,0,1,3,198.98,5,1,0,0,1,0,1,0.69,0.0,0,1,24,10,4,3,0.4167,7,0,2,0.0,0,negative_hard
synthetic_user_0170,98a77293-8faf-4d27-8248-6eb91f481d8f,2026-03-12T05:56:02,1,1,1,0,1,3,198.98,5,1,0,0,1,0,0,0.58,0.0,0,0,29,16,7,6,0.5517,7,0,2,0.0,0,negative_hard
synthetic_user_0170,c5310615-4076-41e9-9064-736593600471,2026-03-12T05:56:02,1,1,1,0,1,3,198.98,5,1,0,0,1,0,0,1.03,0.0,0,0,24,9,1,3,0.375,7,0,2,0.0,0,negative_hard
synthetic_user_0170,8706bbb8-8343-4edc-9af4-244b9cad76aa,2026-03-12T05:56:02,1,1,0,1,0,3,198.98,5,1,0,0,1,0,0,0.47,0.0,0,0,151,46,12,4,0.3046,0,0,2,0.0,0,negative_soft
synthetic_user_0091,09593622-ad83-4d14-8236-17bea51dbb13,2026-03-13T06:14:45,1,1,1,0,1,3,186.63,8,0,0,0,1,0,1,0.69,0.0,0,1,30,14,3,5,0.4667,8,0,1,0.0,0,negative_hard
synthetic_user_0091,945e447f-c018-4d92-b5e5-2f1f7a11bd56,2026-03-13T06:14:45,1,1,1,0,1,3,186.63,8,0,0,0,1,0,3,1.03,0.0,0,1,12,3,1,1,0.25,8,0,1,0.0,0,negative_hard
synthetic_user_0091,dbcab77a-8d8a-4721-b07d-d5d9ecc7874d,2026-03-13T06:14:45,1,1,1,0,1,3,186.63,8,0,0,0,1,0,1,0.58,0.0,0,0,19,6,0,2,0.3158,8,0,1,0.0,0,negative_hard
synthetic_user_0091,7c1af9a0-cf09-4356-8c0d-d762fbb21208,2026-03-13T06:14:45,0,0,0,2,0,3,186.63,8,0,0,0,1,0,1,1.76,0.0,0,1,46,12,1,1,0.2609,0,0,0,0.0,0,negative_soft
synthetic_user_0091,ea97dfce-6731-4b1d-9b03-485d04de4867,2026-03-13T06:23:10,1,1,1,0,1,3,186.64,8,1,0,0,1,0,3,1.03,0.0,0,1,15,5,1,1,0.3333,9,0,2,0.0,0,negative_hard
synthetic_user_0091,dbcab77a-8d8a-4721-b07d-d5d9ecc7874d,2026-03-13T06:23:10,1,1,1,0,1,3,186.64,8,1,0,0,1,0,1,0.58,0.0,0,0,19,6,0,2,0.3158,9,0,2,0.0,0,negative_hard
synthetic_user_0091,e72c3d3b-cf36-4cc4-9a40-d8cc5d28df84,2026-03-13T06:23:10,1,1,1,0,1,3,186.64,8,1,0,0,1,0,1,0.41,0.0,0,1,19,7,3,3,0.3684,9,0,2,0.0,0,negative_hard
synthetic_user_0091,7c1af9a0-cf09-4356-8c0d-d762fbb21208,2026-03-13T06:23:10,0,0,0,2,0,3,186.64,8,1,0,0,1,0,1,1.76,0.0,0,1,46,12,1,1,0.2609,0,0,0,0.0,0,negative_soft
synthetic_user_0067,95461cac-4301-4ade-8b3c-98201e8731db,2026-03-13T07:01:23,1,1,1,0,1,3,193.2,12,2,1,0,2,0,1,0.41,0.0,0,1,13,4,1,0,0.3077,13,0,3,0.0,0,negative_hard
synthetic_user_0067,e06a75b5-86f9-4daf-b871-0fba7b7ba57d,2026-03-13T07:01:23,1,1,1,0,1,3,193.2,12,2,1,0,2,0,1,0.58,0.0,0,0,29,10,3,2,0.3448,13,0,3,0.0,0,negative_hard
synthetic_user_0067,581c8e36-7a51-4e8e-ac1d-6e9c1d54940f,2026-03-13T07:01:23,1,1,1,0,1,3,193.2,12,2,1,0,2,0,3,1.03,0.0,0,1,16,3,2,0,0.1875,13,0,3,0.0,0,negative_hard
synthetic_user_0073,2c1e63cb-30f5-4e05-92af-ea93368ef4ab,2026-03-13T19:35:59,1,1,1,0,1,3,188.43,5,2,1,0,0,0,1,0.41,0.0,0,1,25,9,2,2,0.36,6,0,2,0.0,0,negative_hard
synthetic_user_0073,a8231f34-c157-4fcd-b08a-5a3420cc0cee,2026-03-13T19:35:59,1,1,1,0,1,3,188.43,5,2,1,0,0,0,1,0.69,0.0,0,1,23,6,0,1,0.2609,6,0,2,0.0,0,negative_hard
synthetic_user_0073,e06a75b5-86f9-4daf-b871-0fba7b7ba57d,2026-03-13T19:35:59,1,1,1,0,1,3,188.43,5,2,1,0,0,0,1,0.58,0.0,0,0,29,10,3,2,0.3448,6,0,2,0.0,0,negative_hard
synthetic_user_0073,7c1af9a0-cf09-4356-8c0d-d762fbb21208,2026-03-13T19:35:59,0,0,0,2,0,3,188.43,5,2,1,0,0,0,1,1.76,0.0,0,1,46,12,1,1,0.2609,0,0,0,0.0,0,negative_soft
synthetic_user_0091,087164bc-8a57-44b1-bd06-0644f475917b,2026-03-14T05:19:46,1,1,1,0,1,3,187.6,8,1,1,0,1,0,0,0.58,0.0,0,0,27,8,2,1,0.2963,10,0,2,0.0,0,negative_hard
synthetic_user_0091,dcf38bea-591e-47ae-aaaf-e01b841cc3b3,2026-03-14T05:19:46,1,1,1,0,1,3,187.6,8,1,1,0,1,0,1,0.69,0.0,0,1,32,10,5,4,0.3125,10,0,2,0.0,0,negative_hard
synthetic_user_0091,95461cac-4301-4ade-8b3c-98201e8731db,2026-03-14T05:19:46,1,1,1,0,1,3,187.6,8,1,1,0,1,0,1,0.41,0.0,0,1,13,4,1,0,0.3077,10,0,2,0.0,0,negative_hard
synthetic_user_0091,7c1af9a0-cf09-4356-8c0d-d762fbb21208,2026-03-14T05:19:46,0,0,0,2,0,3,187.6,8,1,1,0,1,0,1,1.76,0.0,0,1,46,12,1,1,0.2609,0,0,0,0.0,0,negative_soft
synthetic_user_0145,8b44ea69-a5bb-4779-8c63-bf20e4da58c7,2026-03-14T05:22:24,1,1,1,0,1,3,196.66,4,1,0,1,1,0,1,0.69,0.0,0,1,29,13,4,4,0.4483,6,0,1,0.0,0,negative_hard
synthetic_user_0145,95461cac-4301-4ade-8b3c-98201e8731db,2026-03-14T05:22:24,1,1,1,0,1,3,196.66,4,1,0,1,1,0,1,0.41,0.0,0,1,13,4,1,0,0.3077,6,0,1,0.0,0,negative_hard
synthetic_user_0145,09593622-ad83-4d14-8236-17bea51dbb13,2026-03-14T05:22:24,1,1,1,0,1,3,196.66,4,1,0,1,1,0,1,0.69,0.0,0,1,30,14,3,5,0.4667,6,0,1,0.0,0,negative_hard
synthetic_user_0145,85526add-cd5a-4107-a07e-62ff3f493082,2026-03-14T05:24:45,1,1,1,0,1,3,196.66,4,2,0,1,1,0,0,0.41,0.0,0,0,34,13,4,4,0.3824,6,0,2,0.0,0,negative_hard
synthetic_user_0145,98a77293-8faf-4d27-8248-6eb91f481d8f,2026-03-14T05:24:45,1,1,1,0,1,3,196.66,4,2,0,1,1,0,0,0.58,0.0,0,0,29,16,7,6,0.5517,6,0,2,0.0,0,negative_hard
synthetic_user_0145,33f6e3a9-237d-433e-b4b6-238e44c80117,2026-03-14T05:24:45,1,1,1,0,1,3,196.66,4,2,0,1,1,0,1,0.58,0.0,0,0,19,7,3,1,0.3684,6,0,2,0.0,0,negative_hard
synthetic_user_0145,b1e94dc4-e19f-4e9b-85e1-69c3b4ab0e97,2026-03-14T05:26:54,1,1,1,0,1,3,196.66,4,2,1,1,1,0,3,1.03,0.0,0,1,22,12,6,3,0.5455,6,0,2,0.0,0,negative_hard
synthetic_user_0145,e72c3d3b-cf36-4cc4-9a40-d8cc5d28df84,2026-03-14T05:26:54,1,1,1,0,1,3,196.66,4,2,1,1,1,0,1,0.41,0.0,0,1,19,7,3,3,0.3684,6,0,2,0.0,0,negative_hard
synthetic_user_0145,59bf0b38-d7b5-4024-a66e-a03f1b47095d,2026-03-14T05:26:54,1,1,1,0,1,3,196.66,4,2,1,1,1,0,3,1.03,0.0,0,1,21,8,3,0,0.381,6,0,2,0.0,0,negative_hard
synthetic_user_0093,dcd20897-e14a-43fc-b2ba-66bb4a569874,2026-03-14T18:16:52,1,1,1,0,1,3,208.41,5,3,1,2,0,0,1,0.69,0.0,0,1,24,10,4,3,0.4167,10,0,1,0.0,0,negative_hard
synthetic_user_0093,40a8032b-e43c-43dc-ba5f-d650f1c0a979,2026-03-14T18:16:52,1,1,1,0,1,3,208.41,5,3,1,2,0,0,1,0.41,0.0,0,1,19,9,3,2,0.4737,10,0,1,0.0,0,negative_hard
synthetic_user_0093,33f6e3a9-237d-433e-b4b6-238e44c80117,2026-03-14T18:16:52,1,1,1,0,1,3,208.41,5,3,1,2,0,0,1,0.58,0.0,0,0,19,7,3,1,0.3684,10,0,1,0.0,0,negative_hard
synthetic_user_0093,7c1af9a0-cf09-4356-8c0d-d762fbb21208,2026-03-14T18:16:52,0,0,0,2,0,3,208.41,5,3,1,2,0,0,1,1.76,0.0,0,1,46,12,1,1,0.2609,0,0,0,0.0,0,negative_soft
synthetic_user_0140,a8231f34-c157-4fcd-b08a-5a3420cc0cee,2026-03-14T19:52:26,1,1,1,0,1,3,204.02,4,2,1,1,2,0,1,0.69,0.0,0,1,23,6,0,1,0.2609,10,0,3,0.0,0,negative_hard
synthetic_user_0140,95461cac-4301-4ade-8b3c-98201e8731db,2026-03-14T19:52:26,1,1,1,0,1,3,204.02,4,2,1,1,2,0,1,0.41,0.0,0,1,13,4,1,0,0.3077,10,0,3,0.0,0,negative_hard
synthetic_user_0140,c5310615-4076-41e9-9064-736593600471,2026-03-14T19:52:26,1,1,1,0,1,3,204.02,4,2,1,1,2,0,0,1.03,0.0,0,0,24,9,1,3,0.375,10,0,3,0.0,0,negative_hard
synthetic_user_0140,8706bbb8-8343-4edc-9af4-244b9cad76aa,2026-03-14T19:52:26,1,1,0,1,0,3,204.02,4,2,1,1,2,0,0,0.47,0.0,0,0,155,47,13,5,0.3032,0,0,3,0.0,0,negative_soft
synthetic_user_0140,dcf38bea-591e-47ae-aaaf-e01b841cc3b3,2026-03-14T19:53:29,1,1,1,0,1,3,204.02,4,3,1,1,2,0,1,0.69,0.0,0,1,32,10,5,4,0.3125,11,0,4,0.0,0,negative_hard
synthetic_user_0140,59bf0b38-d7b5-4024-a66e-a03f1b47095d,2026-03-14T19:53:29,1,1,1,0,1,3,204.02,4,3,1,1,2,0,3,1.03,0.0,0,1,21,8,3,0,0.381,11,0,4,0.0,0,negative_hard
synthetic_user_0140,2c1e63cb-30f5-4e05-92af-ea93368ef4ab,2026-03-14T19:53:29,1,1,1,0,1,3,204.02,4,3,1,1,2,0,1,0.41,0.0,0,1,25,9,2,2,0.36,11,0,4,0.0,0,negative_hard
synthetic_user_0140,8706bbb8-8343-4edc-9af4-244b9cad76aa,2026-03-14T19:53:29,1,1,0,1,0,3,204.02,4,3,1,1,2,0,0,0.47,0.0,0,0,155,47,13,5,0.3032,0,0,4,0.0,0,negative_soft
synthetic_user_0062,2c1e63cb-30f5-4e05-92af-ea93368ef4ab,2026-03-14T23:48:52,1,1,1,0,1,3,195.15,5,3,2,1,1,0,1,0.41,0.0,0,1,25,9,2,2,0.36,12,0,2,0.0,0,negative_hard
synthetic_user_0062,e72c3d3b-cf36-4cc4-9a40-d8cc5d28df84,2026-03-14T23:48:52,1,1,1,0,1,3,195.15,5,3,2,1,1,0,1,0.41,0.0,0,1,19,7,3,3,0.3684,12,0,2,0.0,0,negative_hard
synthetic_user_0062,b1e94dc4-e19f-4e9b-85e1-69c3b4ab0e97,2026-03-14T23:48:52,1,1,1,0,1,3,195.15,5,3,2,1,1,0,3,1.03,0.0,0,1,22,12,6,3,0.5455,12,0,2,0.0,0,negative_hard
synthetic_user_0062,8706bbb8-8343-4edc-9af4-244b9cad76aa,2026-03-14T23:48:52,1,1,0,1,0,3,195.15,5,3,2,1,1,0,0,0.47,0.0,0,0,155,47,13,5,0.3032,0,0,2,0.0,0,negative_soft
synthetic_user_0021,087164bc-8a57-44b1-bd06-0644f475917b,2026-03-15T02:04:49,1,1,1,0,1,3,203.02,5,0,0,0,1,1,0,0.58,0.0,0,0,27,8,2,1,0.2963,6,0,1,0.0,0,negative_hard
synthetic_user_0021,fbb68aab-9b3b-4e24-9109-ea047f927347,2026-03-15T02:04:49,1,1,1,0,1,3,203.02,5,0,0,0,1,1,3,1.03,0.0,0,1,24,9,3,3,0.375,6,0,1,0.0,0,negative_hard
synthetic_user_0021,dbcab77a-8d8a-4721-b07d-d5d9ecc7874d,2026-03-15T02:04:49,1,1,1,0,1,3,203.02,5,0,0,0,1,1,1,0.58,0.0,0,0,20,6,0,2,0.3,6,0,1,0.0,0,negative_hard
synthetic_user_0021,8706bbb8-8343-4edc-9af4-244b9cad76aa,2026-03-15T02:04:49,1,1,0,1,0,3,203.02,5,0,0,0,1,1,0,0.47,0.0,0,0,155,47,13,5,0.3032,0,0,1,0.0,0,negative_soft
synthetic_user_0192,dcf38bea-591e-47ae-aaaf-e01b841cc3b3,2026-03-15T02:43:32,1,1,0,1,0,4,181.21,6,2,0,0,1,0,1,0.69,0.0,0,1,32,10,5,4,0.3125,4,0,2,0.0,0,negative_soft
synthetic_user_0192,a8231f34-c157-4fcd-b08a-5a3420cc0cee,2026-03-15T02:43:32,1,1,0,1,0,4,181.21,6,2,0,0,1,0,1,0.69,0.0,0,1,23,6,0,1,0.2609,4,0,2,0.0,0,negative_soft
synthetic_user_0192,09593622-ad83-4d14-8236-17bea51dbb13,2026-03-15T02:43:32,1,1,0,1,0,4,181.21,6,2,0,0,1,0,1,0.69,0.0,0,1,31,14,3,5,0.4516,4,0,2,0.0,0,negative_soft
synthetic_user_0192,95461cac-4301-4ade-8b3c-98201e8731db,2026-03-15T02:43:32,1,1,0,1,0,4,181.21,6,2,0,0,1,0,1,0.41,0.0,0,1,14,5,1,0,0.3571,4,0,2,0.0,0,negative_soft
synthetic_user_0061,b1e94dc4-e19f-4e9b-85e1-69c3b4ab0e97,2026-03-15T19:37:30,1,1,1,0,1,3,192.97,2,0,0,0,0,0,3,1.03,0.0,0,1,22,12,6,3,0.5455,2,0,0,0.0,0,negative_hard
synthetic_user_0061,59bf0b38-d7b5-4024-a66e-a03f1b47095d,2026-03-15T19:37:30,1,1,1,0,1,3,192.97,2,0,0,0,0,0,3,1.03,0.0,0,1,21,8,3,0,0.381,2,0,0,0.0,0,negative_hard
synthetic_user_0061,dcd20897-e14a-43fc-b2ba-66bb4a569874,2026-03-15T19:37:30,1,1,1,0,1,3,192.97,2,0,0,0,0,0,1,0.69,0.0,0,1,24,10,4,3,0.4167,2,0,0,0.0,0,negative_hard
synthetic_user_0061,8706bbb8-8343-4edc-9af4-244b9cad76aa,2026-03-15T19:37:30,1,1,0,1,0,3,192.97,2,0,0,0,0,0,0,0.47,0.0,0,0,156,48,13,5,0.3077,0,0,0,0.0,0,negative_soft
synthetic_user_0061,a18002e2-24a3-4da4-b558-ea8cadcb047e,2026-03-15T19:40:20,1,1,1,0,1,3,192.97,2,1,0,0,0,0,0,0.58,0.0,0,0,33,13,4,3,0.3939,3,0,1,0.0,0,negative_hard
synthetic_user_0061,a8231f34-c157-4fcd-b08a-5a3420cc0cee,2026-03-15T19:40:20,1,1,1,0,1,3,192.97,2,1,0,0,0,0,1,0.69,0.0,0,1,23,6,0,1,0.2609,3,0,1,0.0,0,negative_hard
synthetic_user_0061,dbcab77a-8d8a-4721-b07d-d5d9ecc7874d,2026-03-15T19:40:20,1,1,1,0,1,3,192.97,2,1,0,0,0,0,1,0.58,0.0,0,0,20,6,0,2,0.3,3,0,1,0.0,0,negative_hard
synthetic_user_0061,8706bbb8-8343-4edc-9af4-244b9cad76aa,2026-03-15T19:40:20,1,1,0,1,0,3,192.97,2,1,0,0,0,0,0,0.47,0.0,0,0,156,48,13,5,0.3077,0,0,1,0.0,0,negative_soft
synthetic_user_0067,40a8032b-e43c-43dc-ba5f-d650f1c0a979,2026-03-16T02:18:40,1,1,1,0,1,3,196.0,12,3,1,0,2,0,1,0.41,0.0,0,1,19,9,3,2,0.4737,14,0,4,0.0,0,negative_hard
synthetic_user_0067,8b44ea69-a5bb-4779-8c63-bf20e4da58c7,2026-03-16T02:18:40,1,1,1,0,1,3,196.0,12,3,1,0,2,0,1,0.69,0.0,0,1,30,14,4,4,0.4667,14,0,4,0.0,0,negative_hard
synthetic_user_0067,ea97dfce-6731-4b1d-9b03-485d04de4867,2026-03-16T02:18:40,1,1,1,0,1,3,196.0,12,3,1,0,2,0,3,1.03,0.0,0,1,15,5,1,1,0.3333,14,0,4,0.0,0,negative_hard
synthetic_user_0120,f6081dfd-75ec-4719-a05b-6ec1f95df15f,2026-03-16T23:40:45,1,1,1,0,1,3,206.15,6,3,0,0,1,0,1,1.05,0.0,0,1,17,4,0,3,0.2353,7,0,2,0.0,0,negative_hard
synthetic_user_0120,bd6bddb1-3e29-4767-a194-6196e46f7456,2026-03-16T23:40:45,1,1,1,0,1,3,206.15,6,3,0,0,1,0,1,0.41,0.0,0,1,18,5,1,1,0.2778,7,0,2,0.0,0,negative_hard
synthetic_user_0120,b1e94dc4-e19f-4e9b-85e1-69c3b4ab0e97,2026-03-16T23:40:45,1,1,1,0,1,3,206.15,6,3,0,0,1,0,3,1.03,0.0,0,1,22,12,6,3,0.5455,7,0,2,0.0,0,negative_hard
synthetic_user_0120,7c1af9a0-cf09-4356-8c0d-d762fbb21208,2026-03-16T23:40:45,0,0,0,2,0,3,206.15,6,3,0,0,1,0,1,1.76,0.0,0,1,47,12,1,1,0.2553,0,0,0,0.0,0,negative_soft
synthetic_user_0172,95461cac-4301-4ade-8b3c-98201e8731db,2026-03-17T00:18:38,1,1,1,0,1,3,200.95,11,5,2,1,3,0,1,0.41,0.0,0,1,14,5,1,0,0.3571,18,0,5,0.0,0,negative_hard
synthetic_user_0172,45a799e0-5716-4209-b489-bd8f9ef13974,2026-03-17T00:18:38,1,1,1,0,1,3,200.95,11,5,2,1,3,0,1,0.41,0.0,0,1,12,6,3,1,0.5,18,0,5,0.0,0,negative_hard
synthetic_user_0172,830353af-6497-4bc7-bab8-08114b64b682,2026-03-17T00:18:38,1,1,1,0,1,3,200.95,11,5,2,1,3,0,0,1.05,0.0,0,0,23,10,2,3,0.4348,18,0,5,0.0,0,negative_hard
synthetic_user_0172,7c1af9a0-cf09-4356-8c0d-d762fbb21208,2026-03-17T00:18:38,0,0,0,2,0,3,200.95,11,5,2,1,3,0,1,1.76,0.0,0,1,47,12,1,1,0.2553,0,0,0,0.0,0,negative_soft
synthetic_user_0172,830353af-6497-4bc7-bab8-08114b64b682,2026-03-17T00:34:33,1,1,1,0,1,3,200.96,12,5,2,1,3,0,0,1.05,0.0,0,0,23,10,2,3,0.4348,19,0,5,0.0,0,negative_hard
synthetic_user_0172,a18002e2-24a3-4da4-b558-ea8cadcb047e,2026-03-17T00:34:33,1,1,1,0,1,3,200.96,12,5,2,1,3,0,0,0.58,0.0,0,0,33,13,4,3,0.3939,19,0,5,0.0,0,negative_hard
synthetic_user_0172,59bf0b38-d7b5-4024-a66e-a03f1b47095d,2026-03-17T00:34:33,1,1,1,0,1,3,200.96,12,5,2,1,3,0,3,1.03,0.0,0,1,21,8,3,0,0.381,19,0,5,0.0,0,negative_hard
synthetic_user_0172,7c1af9a0-cf09-4356-8c0d-d762fbb21208,2026-03-17T00:34:33,0,0,0,2,0,3,200.96,12,5,2,1,3,0,1,1.76,0.0,0,1,47,12,1,1,0.2553,0,0,0,0.0,0,negative_soft
synthetic_user_0173,b1e94dc4-e19f-4e9b-85e1-69c3b4ab0e97,2026-03-17T01:47:54,1,1,1,0,1,3,205.83,8,6,1,2,2,1,3,1.03,0.0,0,1,22,12,6,3,0.5455,19,0,2,0.0,0,negative_hard
synthetic_user_0173,830353af-6497-4bc7-bab8-08114b64b682,2026-03-17T01:47:54,1,1,1,0,1,3,205.83,8,6,1,2,2,1,0,1.05,0.0,0,0,23,10,2,3,0.4348,19,0,2,0.0,0,negative_hard
synthetic_user_0173,85526add-cd5a-4107-a07e-62ff3f493082,2026-03-17T01:47:54,1,1,1,0,1,3,205.83,8,6,1,2,2,1,0,0.41,0.0,0,0,36,14,5,4,0.3889,19,0,2,0.0,0,negative_hard
synthetic_user_0173,8706bbb8-8343-4edc-9af4-244b9cad76aa,2026-03-17T01:47:54,1,1,0,1,0,3,205.83,8,6,1,2,2,1,0,0.47,0.0,0,0,157,48,13,5,0.3057,0,0,2,0.0,0,negative_soft
synthetic_user_0173,95461cac-4301-4ade-8b3c-98201e8731db,2026-03-17T02:03:07,1,1,1,0,1,3,205.84,8,7,1,2,2,1,1,0.41,0.0,0,1,14,5,1,0,0.3571,20,0,2,0.0,0,negative_hard
synthetic_user_0173,830353af-6497-4bc7-bab8-08114b64b682,2026-03-17T02:03:07,1,1,1,0,1,3,205.84,8,7,1,2,2,1,0,1.05,0.0,0,0,23,10,2,3,0.4348,20,0,2,0.0,0,negative_hard
synthetic_user_0173,2c1e63cb-30f5-4e05-92af-ea93368ef4ab,2026-03-17T02:03:07,1,1,1,0,1,3,205.84,8,7,1,2,2,1,1,0.41,0.0,0,1,26,9,2,2,0.3462,20,0,2,0.0,0,negative_hard
synthetic_user_0173,8706bbb8-8343-4edc-9af4-244b9cad76aa,2026-03-17T02:03:07,1,1,0,1,0,3,205.84,8,7,1,2,2,1,0,0.47,0.0,0,0,157,48,13,5,0.3057,0,0,2,0.0,0,negative_soft
synthetic_user_0103,e72c3d3b-cf36-4cc4-9a40-d8cc5d28df84,2026-03-17T06:16:14,1,1,1,0,1,3,184.41,7,2,1,1,2,0,1,0.41,0.0,0,1,19,7,3,3,0.3684,13,0,1,0.0,0,negative_hard
synthetic_user_0103,945e447f-c018-4d92-b5e5-2f1f7a11bd56,2026-03-17T06:16:14,1,1,1,0,1,3,184.41,7,2,1,1,2,0,3,1.03,0.0,0,1,12,3,1,1,0.25,13,0,1,0.0,0,negative_hard
synthetic_user_0103,bd6bddb1-3e29-4767-a194-6196e46f7456,2026-03-17T06:16:14,1,1,1,0,1,3,184.41,7,2,1,1,2,0,1,0.41,0.0,0,1,18,5,1,1,0.2778,13,0,1,0.0,0,negative_hard
synthetic_user_0103,8706bbb8-8343-4edc-9af4-244b9cad76aa,2026-03-17T06:16:14,1,1,0,1,0,3,184.41,7,2,1,1,2,0,0,0.47,0.0,0,0,157,48,13,5,0.3057,0,0,1,0.0,0,negative_soft
synthetic_user_0103,dcd20897-e14a-43fc-b2ba-66bb4a569874,2026-03-17T06:42:49,1,1,1,0,1,3,184.43,9,2,1,1,2,0,1,0.69,0.0,0,1,24,10,4,3,0.4167,15,0,1,0.0,0,negative_hard
synthetic_user_0103,5a0f55cf-16af-4459-9030-0c7c6e11207f,2026-03-17T06:42:49,1,1,1,0,1,3,184.43,9,2,1,1,2,0,0,0.58,0.0,0,0,21,9,2,2,0.4286,15,0,1,0.0,0,negative_hard
synthetic_user_0103,a18002e2-24a3-4da4-b558-ea8cadcb047e,2026-03-17T06:42:49,1,1,1,0,1,3,184.43,9,2,1,1,2,0,0,0.58,0.0,0,0,33,13,4,3,0.3939,15,0,1,0.0,0,negative_hard
synthetic_user_0103,8706bbb8-8343-4edc-9af4-244b9cad76aa,2026-03-17T06:42:49,1,1,0,1,0,3,184.43,9,2,1,1,2,0,0,0.47,0.0,0,0,157,48,13,5,0.3057,0,0,1,0.0,0,negative_soft
synthetic_user_0124,fbb68aab-9b3b-4e24-9109-ea047f927347,2026-03-18T07:01:47,1,1,1,0,1,3,208.59,7,1,1,1,1,0,3,1.03,0.0,0,1,25,9,3,3,0.36,9,0,1,0.0,0,negative_hard
synthetic_user_0124,bd6bddb1-3e29-4767-a194-6196e46f7456,2026-03-18T07:01:47,1,1,1,0,1,3,208.59,7,1,1,1,1,0,1,0.41,0.0,0,1,18,5,1,1,0.2778,9,0,1,0.0,0,negative_hard
synthetic_user_0124,e06a75b5-86f9-4daf-b871-0fba7b7ba57d,2026-03-18T07:01:47,1,1,1,0,1,3,208.59,7,1,1,1,1,0,1,0.58,0.0,0,0,29,10,3,2,0.3448,9,0,1,0.0,0,negative_hard
synthetic_user_0124,7c1af9a0-cf09-4356-8c0d-d762fbb21208,2026-03-18T07:01:47,0,0,0,2,0,3,208.59,7,1,1,1,1,0,1,1.76,0.0,0,1,48,12,1,1,0.25,0,0,0,0.0,0,negative_soft
synthetic_user_0095,2c1e63cb-30f5-4e05-92af-ea93368ef4ab,2026-03-19T04:06:08,1,1,1,0,1,3,205.22,7,0,0,0,0,1,1,0.41,0.0,0,1,27,9,2,2,0.3333,4,0,0,0.0,0,negative_hard
synthetic_user_0095,33f6e3a9-237d-433e-b4b6-238e44c80117,2026-03-19T04:06:08,1,1,1,0,1,3,205.22,7,0,0,0,0,1,1,0.58,0.0,0,0,20,8,3,1,0.4,4,0,0,0.0,0,negative_hard
synthetic_user_0095,40a8032b-e43c-43dc-ba5f-d650f1c0a979,2026-03-19T04:06:08,1,1,1,0,1,3,205.22,7,0,0,0,0,1,1,0.41,0.0,0,1,19,9,3,2,0.4737,4,0,0,0.0,0,negative_hard
synthetic_user_0181,40a8032b-e43c-43dc-ba5f-d650f1c0a979,2026-03-19T08:58:54,1,1,1,0,1,3,194.19,5,2,0,1,0,1,1,0.41,0.0,0,1,19,9,3,2,0.4737,7,0,1,0.0,0,negative_hard
synthetic_user_0181,bd6bddb1-3e29-4767-a194-6196e46f7456,2026-03-19T08:58:54,1,1,1,0,1,3,194.19,5,2,0,1,0,1,1,0.41,0.0,0,1,19,5,1,1,0.2632,7,0,1,0.0,0,negative_hard
synthetic_user_0181,e06a75b5-86f9-4daf-b871-0fba7b7ba57d,2026-03-19T08:58:54,1,1,1,0,1,3,194.19,5,2,0,1,0,1,1,0.58,0.0,0,0,29,10,3,2,0.3448,7,0,1,0.0,0,negative_hard
synthetic_user_0181,8706bbb8-8343-4edc-9af4-244b9cad76aa,2026-03-19T08:58:54,1,1,0,1,0,3,194.19,5,2,0,1,0,1,0,0.47,0.0,0,0,158,48,13,5,0.3038,0,0,1,0.0,0,negative_soft
synthetic_user_0181,dcd20897-e14a-43fc-b2ba-66bb4a569874,2026-03-19T09:01:57,1,1,1,0,1,3,194.19,6,2,0,1,0,1,1,0.69,0.0,0,1,24,10,4,3,0.4167,8,0,1,0.0,0,negative_hard
synthetic_user_0181,a18002e2-24a3-4da4-b558-ea8cadcb047e,2026-03-19T09:01:57,1,1,1,0,1,3,194.19,6,2,0,1,0,1,0,0.58,0.0,0,0,34,13,4,3,0.3824,8,0,1,0.0,0,negative_hard
synthetic_user_0181,581c8e36-7a51-4e8e-ac1d-6e9c1d54940f,2026-03-19T09:01:57,1,1,1,0,1,3,194.19,6,2,0,1,0,1,3,1.03,0.0,0,1,16,3,2,0,0.1875,8,0,1,0.0,0,negative_hard
synthetic_user_0181,8706bbb8-8343-4edc-9af4-244b9cad76aa,2026-03-19T09:01:57,1,1,0,1,0,3,194.19,6,2,0,1,0,1,0,0.47,0.0,0,0,158,48,13,5,0.3038,0,0,1,0.0,0,negative_soft
synthetic_user_0181,ea97dfce-6731-4b1d-9b03-485d04de4867,2026-03-19T09:12:21,1,1,1,0,1,3,194.2,6,3,0,1,0,1,3,1.03,0.0,0,1,15,5,1,1,0.3333,9,0,2,0.0,0,negative_hard
synthetic_user_0181,dcd20897-e14a-43fc-b2ba-66bb4a569874,2026-03-19T09:12:21,1,1,1,0,1,3,194.2,6,3,0,1,0,1,1,0.69,0.0,0,1,24,10,4,3,0.4167,9,0,2,0.0,0,negative_hard
synthetic_user_0181,dbcab77a-8d8a-4721-b07d-d5d9ecc7874d,2026-03-19T09:12:21,1,1,1,0,1,3,194.2,6,3,0,1,0,1,1,0.58,0.0,0,0,20,6,0,2,0.3,9,0,2,0.0,0,negative_hard
synthetic_user_0181,8706bbb8-8343-4edc-9af4-244b9cad76aa,2026-03-19T09:12:21,1,1,0,1,0,3,194.2,6,3,0,1,0,1,0,0.47,0.0,0,0,158,48,13,5,0.3038,0,0,2,0.0,0,negative_soft
synthetic_user_0063,c5310615-4076-41e9-9064-736593600471,2026-03-19T20:34:39,1,1,1,0,1,3,199.29,6,0,0,0,0,1,0,1.03,0.0,0,0,26,10,1,4,0.3846,5,0,0,0.0,0,negative_hard
synthetic_user_0063,8b44ea69-a5bb-4779-8c63-bf20e4da58c7,2026-03-19T20:34:39,1,1,1,0,1,3,199.29,6,0,0,0,0,1,1,0.69,0.0,0,1,32,16,5,4,0.5,5,0,0,0.0,0,negative_hard
synthetic_user_0063,945e447f-c018-4d92-b5e5-2f1f7a11bd56,2026-03-19T20:34:39,1,1,1,0,1,3,199.29,6,0,0,0,0,1,3,1.03,0.0,0,1,12,3,1,1,0.25,5,0,0,0.0,0,negative_hard
synthetic_user_0063,7c1af9a0-cf09-4356-8c0d-d762fbb21208,2026-03-19T20:34:39,0,0,0,2,0,3,199.29,6,0,0,0,0,1,1,1.76,0.0,0,1,48,12,1,1,0.25,0,0,0,0.0,0,negative_soft
synthetic_user_0178,087164bc-8a57-44b1-bd06-0644f475917b,2026-03-20T02:16:52,0,0,0,2,0,1,193.5,5,1,0,0,0,0,0,0.58,0.0,0,0,28,8,2,1,0.2857,0,0,0,0.0,0,negative_soft
synthetic_user_0178,830353af-6497-4bc7-bab8-08114b64b682,2026-03-20T02:16:52,0,0,0,2,0,1,193.5,5,1,0,0,0,0,0,1.05,0.0,0,0,23,10,2,3,0.4348,0,0,0,0.0,0,negative_soft
synthetic_user_0178,40a8032b-e43c-43dc-ba5f-d650f1c0a979,2026-03-20T02:16:52,0,0,0,2,0,1,193.5,5,1,0,0,0,0,1,0.41,0.0,0,1,19,9,3,2,0.4737,0,0,0,0.0,0,negative_soft
synthetic_user_0178,b1e94dc4-e19f-4e9b-85e1-69c3b4ab0e97,2026-03-20T02:16:52,0,0,0,2,0,1,193.5,5,1,0,0,0,0,3,1.03,0.0,0,1,22,12,6,3,0.5455,0,0,0,0.0,0,negative_soft
synthetic_user_0150,85526add-cd5a-4107-a07e-62ff3f493082,2026-03-20T03:44:11,1,1,1,0,1,3,190.37,1,1,1,0,0,0,0,0.41,0.0,0,0,36,14,5,4,0.3889,3,0,1,0.0,0,negative_hard
synthetic_user_0150,e06a75b5-86f9-4daf-b871-0fba7b7ba57d,2026-03-20T03:44:11,1,1,1,0,1,3,190.37,1,1,1,0,0,0,1,0.58,0.0,0,0,29,10,3,2,0.3448,3,0,1,0.0,0,negative_hard
synthetic_user_0150,45a799e0-5716-4209-b489-bd8f9ef13974,2026-03-20T03:44:11,1,1,1,0,1,3,190.37,1,1,1,0,0,0,1,0.41,0.0,0,1,12,6,3,1,0.5,3,0,1,0.0,0,negative_hard
synthetic_user_0150,8706bbb8-8343-4edc-9af4-244b9cad76aa,2026-03-20T03:44:11,1,1,0,1,0,3,190.37,1,1,1,0,0,0,0,0.47,0.0,0,0,160,48,13,5,0.3,0,0,1,0.0,0,negative_soft
synthetic_user_0150,5a0f55cf-16af-4459-9030-0c7c6e11207f,2026-03-20T03:46:44,1,1,1,0,1,3,190.37,2,1,1,0,0,0,0,0.58,0.0,0,0,21,9,2,2,0.4286,4,0,1,0.0,0,negative_hard
synthetic_user_0150,e72c3d3b-cf36-4cc4-9a40-d8cc5d28df84,2026-03-20T03:46:44,1,1,1,0,1,3,190.37,2,1,1,0,0,0,1,0.41,0.0,0,1,19,7,3,3,0.3684,4,0,1,0.0,0,negative_hard
synthetic_user_0150,c5310615-4076-41e9-9064-736593600471,2026-03-20T03:46:44,1,1,1,0,1,3,190.37,2,1,1,0,0,0,0,1.03,0.0,0,0,26,10,1,4,0.3846,4,0,1,0.0,0,negative_hard
synthetic_user_0150,8706bbb8-8343-4edc-9af4-244b9cad76aa,2026-03-20T03:46:44,1,1,0,1,0,3,190.37,2,1,1,0,0,0,0,0.47,0.0,0,0,160,48,13,5,0.3,0,0,1,0.0,0,negative_soft
synthetic_user_0110,830353af-6497-4bc7-bab8-08114b64b682,2026-03-21T01:27:08,1,1,1,0,1,3,186.7,10,3,0,0,3,1,0,1.05,0.0,0,0,23,10,2,3,0.4348,16,0,3,0.0,0,negative_hard
synthetic_user_0110,33f6e3a9-237d-433e-b4b6-238e44c80117,2026-03-21T01:27:08,1,1,1,0,1,3,186.7,10,3,0,0,3,1,1,0.58,0.0,0,0,20,8,3,1,0.4,16,0,3,0.0,0,negative_hard
synthetic_user_0110,40a8032b-e43c-43dc-ba5f-d650f1c0a979,2026-03-21T01:27:08,1,1,1,0,1,3,186.7,10,3,0,0,3,1,1,0.41,0.0,0,1,19,9,3,2,0.4737,16,0,3,0.0,0,negative_hard
synthetic_user_0110,8706bbb8-8343-4edc-9af4-244b9cad76aa,2026-03-21T01:27:08,1,1,0,1,0,3,186.7,10,3,0,0,3,1,0,0.47,0.0,0,0,161,48,13,5,0.2981,0,0,3,0.0,0,negative_soft
synthetic_user_0110,945e447f-c018-4d92-b5e5-2f1f7a11bd56,2026-03-21T01:35:20,1,1,1,0,1,3,186.7,11,3,0,0,3,1,3,1.03,0.0,0,1,12,3,1,1,0.25,17,0,3,0.0,0,negative_hard
synthetic_user_0110,bd6bddb1-3e29-4767-a194-6196e46f7456,2026-03-21T01:35:20,1,1,1,0,1,3,186.7,11,3,0,0,3,1,1,0.41,0.0,0,1,20,5,1,1,0.25,17,0,3,0.0,0,negative_hard
synthetic_user_0110,581c8e36-7a51-4e8e-ac1d-6e9c1d54940f,2026-03-21T01:35:20,1,1,1,0,1,3,186.7,11,3,0,0,3,1,3,1.03,0.0,0,1,16,3,2,0,0.1875,17,0,3,0.0,0,negative_hard
synthetic_user_0110,8706bbb8-8343-4edc-9af4-244b9cad76aa,2026-03-21T01:35:20,1,1,0,1,0,3,186.7,11,3,0,0,3,1,0,0.47,0.0,0,0,161,48,13,5,0.2981,0,0,3,0.0,0,negative_soft
synthetic_user_0118,45a799e0-5716-4209-b489-bd8f9ef13974,2026-03-21T01:52:34,1,1,1,0,1,3,200.34,5,1,0,1,1,0,1,0.41,0.0,0,1,12,6,3,1,0.5,8,0,1,0.0,0,negative_hard
synthetic_user_0118,e06a75b5-86f9-4daf-b871-0fba7b7ba57d,2026-03-21T01:52:34,1,1,1,0,1,3,200.34,5,1,0,1,1,0,1,0.58,0.0,0,0,29,10,3,2,0.3448,8,0,1,0.0,0,negative_hard
synthetic_user_0118,85526add-cd5a-4107-a07e-62ff3f493082,2026-03-21T01:52:34,1,1,1,0,1,3,200.34,5,1,0,1,1,0,0,0.41,0.0,0,0,36,14,5,4,0.3889,8,0,1,0.0,0,negative_hard
synthetic_user_0118,7c1af9a0-cf09-4356-8c0d-d762fbb21208,2026-03-21T01:52:34,0,0,0,2,0,3,200.34,5,1,0,1,1,0,1,1.76,0.0,0,1,49,13,1,1,0.2653,0,0,0,0.0,0,negative_soft
synthetic_user_0118,95461cac-4301-4ade-8b3c-98201e8731db,2026-03-21T01:57:28,1,1,1,0,1,3,200.34,5,2,0,1,1,0,1,0.41,0.0,0,1,15,6,1,0,0.4,9,0,2,0.0,0,negative_hard
synthetic_user_0118,85526add-cd5a-4107-a07e-62ff3f493082,2026-03-21T01:57:28,1,1,1,0,1,3,200.34,5,2,0,1,1,0,0,0.41,0.0,0,0,36,14,5,4,0.3889,9,0,2,0.0,0,negative_hard
synthetic_user_0118,a8231f34-c157-4fcd-b08a-5a3420cc0cee,2026-03-21T01:57:28,1,1,1,0,1,3,200.34,5,2,0,1,1,0,1,0.69,0.0,0,1,24,7,0,1,0.2917,9,0,2,0.0,0,negative_hard
synthetic_user_0118,7c1af9a0-cf09-4356-8c0d-d762fbb21208,2026-03-21T01:57:28,0,0,0,2,0,3,200.34,5,2,0,1,1,0,1,1.76,0.0,0,1,49,13,1,1,0.2653,0,0,0,0.0,0,negative_soft
synthetic_user_0118,45a799e0-5716-4209-b489-bd8f9ef13974,2026-03-21T02:01:09,1,1,1,0,1,3,200.34,5,2,1,1,1,0,1,0.41,0.0,0,1,12,6,3,1,0.5,10,0,2,0.0,0,negative_hard
synthetic_user_0118,ea97dfce-6731-4b1d-9b03-485d04de4867,2026-03-21T02:01:09,1,1,1,0,1,3,200.34,5,2,1,1,1,0,3,1.03,0.0,0,1,15,5,1,1,0.3333,10,0,2,0.0,0,negative_hard
synthetic_user_0118,bd6bddb1-3e29-4767-a194-6196e46f7456,2026-03-21T02:01:09,1,1,1,0,1,3,200.34,5,2,1,1,1,0,1,0.41,0.0,0,1,20,5,1,1,0.25,10,0,2,0.0,0,negative_hard
synthetic_user_0118,7c1af9a0-cf09-4356-8c0d-d762fbb21208,2026-03-21T02:01:09,0,0,0,2,0,3,200.34,5,2,1,1,1,0,1,1.76,0.0,0,1,49,13,1,1,0.2653,0,0,0,0.0,0,negative_soft
synthetic_user_0118,945e447f-c018-4d92-b5e5-2f1f7a11bd56,2026-03-21T02:01:15,1,1,1,0,1,3,200.34,5,2,1,1,2,0,3,1.03,0.0,0,1,12,3,1,1,0.25,11,0,2,0.0,0,negative_hard
synthetic_user_0118,ea97dfce-6731-4b1d-9b03-485d04de4867,2026-03-21T02:01:15,1,1,1,0,1,3,200.34,5,2,1,1,2,0,3,1.03,0.0,0,1,15,5,1,1,0.3333,11,0,2,0.0,0,negative_hard
synthetic_user_0118,830353af-6497-4bc7-bab8-08114b64b682,2026-03-21T02:01:15,1,1,1,0,1,3,200.34,5,2,1,1,2,0,0,1.05,0.0,0,0,23,10,2,3,0.4348,11,0,2,0.0,0,negative_hard
synthetic_user_0118,7c1af9a0-cf09-4356-8c0d-d762fbb21208,2026-03-21T02:01:15,0,0,0,2,0,3,200.34,5,2,1,1,2,0,1,1.76,0.0,0,1,49,13,1,1,0.2653,0,0,0,0.0,0,negative_soft
synthetic_user_0081,ea97dfce-6731-4b1d-9b03-485d04de4867,2026-03-21T05:06:57,1,1,1,0,1,3,201.89,5,3,2,0,2,1,3,1.03,0.0,0,1,15,5,1,1,0.3333,4,0,2,0.0,0,negative_hard
synthetic_user_0081,45a799e0-5716-4209-b489-bd8f9ef13974,2026-03-21T05:06:57,1,1,1,0,1,3,201.89,5,3,2,0,2,1,1,0.41,0.0,0,1,12,6,3,1,0.5,4,0,2,0.0,0,negative_hard
synthetic_user_0081,f6081dfd-75ec-4719-a05b-6ec1f95df15f,2026-03-21T05:06:57,1,1,1,0,1,3,201.89,5,3,2,0,2,1,1,1.05,0.0,0,1,17,4,0,3,0.2353,4,0,2,0.0,0,negative_hard
synthetic_user_0081,7c1af9a0-cf09-4356-8c0d-d762fbb21208,2026-03-21T05:06:57,0,0,0,2,0,3,201.89,5,3,2,0,2,1,1,1.76,0.0,0,1,49,13,1,1,0.2653,0,0,0,0.0,0,negative_soft
synthetic_user_0081,59bf0b38-d7b5-4024-a66e-a03f1b47095d,2026-03-21T05:17:05,1,1,1,0,1,3,201.89,6,3,2,0,2,1,3,1.03,0.0,0,1,21,8,3,0,0.381,5,0,2,0.0,0,negative_hard
synthetic_user_0081,581c8e36-7a51-4e8e-ac1d-6e9c1d54940f,2026-03-21T05:17:05,1,1,1,0,1,3,201.89,6,3,2,0,2,1,3,1.03,0.0,0,1,17,4,3,1,0.2353,5,0,2,0.0,0,negative_hard
synthetic_user_0081,fbb68aab-9b3b-4e24-9109-ea047f927347,2026-03-21T05:17:05,1,1,1,0,1,3,201.89,6,3,2,0,2,1,3,1.03,0.0,0,1,25,9,3,3,0.36,5,0,2,0.0,0,negative_hard
synthetic_user_0081,7c1af9a0-cf09-4356-8c0d-d762fbb21208,2026-03-21T05:17:05,0,0,0,2,0,3,201.89,6,3,2,0,2,1,1,1.76,0.0,0,1,49,13,1,1,0.2653,0,0,0,0.0,0,negative_soft
synthetic_user_0081,dbcab77a-8d8a-4721-b07d-d5d9ecc7874d,2026-03-21T05:20:42,1,1,1,0,1,3,201.9,6,4,2,0,2,1,1,0.58,0.0,0,0,20,6,0,2,0.3,6,0,3,0.0,0,negative_hard
synthetic_user_0081,a8231f34-c157-4fcd-b08a-5a3420cc0cee,2026-03-21T05:20:42,1,1,1,0,1,3,201.9,6,4,2,0,2,1,1,0.69,0.0,0,1,24,7,0,1,0.2917,6,0,3,0.0,0,negative_hard
synthetic_user_0081,dcf38bea-591e-47ae-aaaf-e01b841cc3b3,2026-03-21T05:20:42,1,1,1,0,1,3,201.9,6,4,2,0,2,1,1,0.69,0.0,0,1,34,11,5,4,0.3235,6,0,3,0.0,0,negative_hard
synthetic_user_0081,7c1af9a0-cf09-4356-8c0d-d762fbb21208,2026-03-21T05:20:42,0,0,0,2,0,3,201.9,6,4,2,0,2,1,1,1.76,0.0,0,1,49,13,1,1,0.2653,0,0,0,0.0,0,negative_soft
synthetic_user_0095,98a77293-8faf-4d27-8248-6eb91f481d8f,2026-03-21T22:52:50,1,1,1,0,1,3,208.0,7,1,0,0,0,1,0,0.58,0.0,0,0,30,16,7,6,0.5333,5,0,1,0.0,0,negative_hard
synthetic_user_0095,09593622-ad83-4d14-8236-17bea51dbb13,2026-03-21T22:52:50,1,1,1,0,1,3,208.0,7,1,0,0,0,1,1,0.69,0.0,0,1,34,14,3,5,0.4118,5,0,1,0.0,0,negative_hard
synthetic_user_0095,45a799e0-5716-4209-b489-bd8f9ef13974,2026-03-21T22:52:50,1,1,1,0,1,3,208.0,7,1,0,0,0,1,1,0.41,0.0,0,1,12,6,3,1,0.5,5,0,1,0.0,0,negative_hard
synthetic_user_0163,c5310615-4076-41e9-9064-736593600471,2026-03-21T23:09:24,1,1,1,0,1,3,216.25,7,3,0,2,0,0,0,1.03,0.0,0,0,26,10,1,4,0.3846,11,0,3,0.0,0,negative_hard
synthetic_user_0163,2c1e63cb-30f5-4e05-92af-ea93368ef4ab,2026-03-21T23:09:24,1,1,1,0,1,3,216.25,7,3,0,2,0,0,1,0.41,0.0,0,1,27,9,2,2,0.3333,11,0,3,0.0,0,negative_hard
synthetic_user_0163,581c8e36-7a51-4e8e-ac1d-6e9c1d54940f,2026-03-21T23:09:24,1,1,1,0,1,3,216.25,7,3,0,2,0,0,3,1.03,0.0,0,1,17,4,3,1,0.2353,11,0,3,0.0,0,negative_hard
synthetic_user_0163,7c1af9a0-cf09-4356-8c0d-d762fbb21208,2026-03-21T23:09:24,0,0,0,2,0,3,216.25,7,3,0,2,0,0,1,1.76,0.0,0,1,49,13,1,1,0.2653,0,0,0,0.0,0,negative_soft
synthetic_user_0163,dbcab77a-8d8a-4721-b07d-d5d9ecc7874d,2026-03-21T23:23:09,1,1,1,0,1,3,216.26,8,3,0,2,0,0,1,0.58,0.0,0,0,20,6,0,2,0.3,12,0,3,0.0,0,negative_hard
synthetic_user_0163,f6081dfd-75ec-4719-a05b-6ec1f95df15f,2026-03-21T23:23:09,1,1,1,0,1,3,216.26,8,3,0,2,0,0,1,1.05,0.0,0,1,17,4,0,3,0.2353,12,0,3,0.0,0,negative_hard
synthetic_user_0163,a8231f34-c157-4fcd-b08a-5a3420cc0cee,2026-03-21T23:23:09,1,1,1,0,1,3,216.26,8,3,0,2,0,0,1,0.69,0.0,0,1,24,7,0,1,0.2917,12,0,3,0.0,0,negative_hard
synthetic_user_0163,7c1af9a0-cf09-4356-8c0d-d762fbb21208,2026-03-21T23:23:09,0,0,0,2,0,3,216.26,8,3,0,2,0,0,1,1.76,0.0,0,1,49,13,1,1,0.2653,0,0,0,0.0,0,negative_soft
synthetic_user_0163,087164bc-8a57-44b1-bd06-0644f475917b,2026-03-21T23:24:53,1,1,1,0,1,3,216.26,8,4,0,2,0,0,0,0.58,0.0,0,0,28,8,2,1,0.2857,13,0,4,0.0,0,negative_hard
synthetic_user_0163,40a8032b-e43c-43dc-ba5f-d650f1c0a979,2026-03-21T23:24:53,1,1,1,0,1,3,216.26,8,4,0,2,0,0,1,0.41,0.0,0,1,19,9,3,2,0.4737,13,0,4,0.0,0,negative_hard
synthetic_user_0163,a18002e2-24a3-4da4-b558-ea8cadcb047e,2026-03-21T23:24:53,1,1,1,0,1,3,216.26,8,4,0,2,0,0,0,0.58,0.0,0,0,34,13,4,3,0.3824,13,0,4,0.0,0,negative_hard
synthetic_user_0163,7c1af9a0-cf09-4356-8c0d-d762fbb21208,2026-03-21T23:24:53,0,0,0,2,0,3,216.26,8,4,0,2,0,0,1,1.76,0.0,0,1,49,13,1,1,0.2653,0,0,0,0.0,0,negative_soft
synthetic_user_0031,95461cac-4301-4ade-8b3c-98201e8731db,2026-03-23T03:48:25,1,1,1,0,1,3,204.84,6,4,1,1,1,0,1,0.41,0.0,0,1,16,6,1,0,0.375,5,0,3,0.0,0,negative_hard
synthetic_user_0031,2c1e63cb-30f5-4e05-92af-ea93368ef4ab,2026-03-23T03:48:25,1,1,1,0,1,3,204.84,6,4,1,1,1,0,1,0.41,0.0,0,1,27,9,2,2,0.3333,5,0,3,0.0,0,negative_hard
synthetic_user_0031,dcd20897-e14a-43fc-b2ba-66bb4a569874,2026-03-23T03:48:25,1,1,1,0,1,3,204.84,6,4,1,1,1,0,1,0.69,0.0,0,1,24,10,4,3,0.4167,5,0,3,0.0,0,negative_hard
synthetic_user_0031,7c1af9a0-cf09-4356-8c0d-d762fbb21208,2026-03-23T03:48:25,0,0,0,2,0,3,204.84,6,4,1,1,1,0,1,1.76,0.0,0,1,49,13,1,1,0.2653,0,0,0,0.0,0,negative_soft
synthetic_user_0180,09593622-ad83-4d14-8236-17bea51dbb13,2026-03-23T07:17:54,1,1,1,0,1,3,197.33,12,3,1,1,3,0,1,0.69,0.0,0,1,34,14,3,5,0.4118,15,0,5,0.0,0,negative_hard
synthetic_user_0180,f6081dfd-75ec-4719-a05b-6ec1f95df15f,2026-03-23T07:17:54,1,1,1,0,1,3,197.33,12,3,1,1,3,0,1,1.05,0.0,0,1,17,4,0,3,0.2353,15,0,5,0.0,0,negative_hard
synthetic_user_0180,fbb68aab-9b3b-4e24-9109-ea047f927347,2026-03-23T07:17:54,1,1,1,0,1,3,197.33,12,3,1,1,3,0,3,1.03,0.0,0,1,25,9,3,3,0.36,15,0,5,0.0,0,negative_hard
synthetic_user_0180,7c1af9a0-cf09-4356-8c0d-d762fbb21208,2026-03-23T07:17:54,0,0,0,2,0,3,197.33,12,3,1,1,3,0,1,1.76,0.0,0,1,49,13,1,1,0.2653,0,0,0,0.0,0,negative_soft
synthetic_user_0180,dbcab77a-8d8a-4721-b07d-d5d9ecc7874d,2026-03-23T07:36:18,1,1,1,0,1,3,197.34,12,4,1,1,3,0,1,0.58,0.0,0,0,20,6,0,2,0.3,16,0,6,0.0,0,negative_hard
synthetic_user_0180,09593622-ad83-4d14-8236-17bea51dbb13,2026-03-23T07:36:18,1,1,1,0,1,3,197.34,12,4,1,1,3,0,1,0.69,0.0,0,1,34,14,3,5,0.4118,16,0,6,0.0,0,negative_hard
synthetic_user_0180,a18002e2-24a3-4da4-b558-ea8cadcb047e,2026-03-23T07:36:18,1,1,1,0,1,3,197.34,12,4,1,1,3,0,0,0.58,0.0,0,0,34,13,4,3,0.3824,16,0,6,0.0,0,negative_hard
synthetic_user_0180,7c1af9a0-cf09-4356-8c0d-d762fbb21208,2026-03-23T07:36:18,0,0,0,2,0,3,197.34,12,4,1,1,3,0,1,1.76,0.0,0,1,49,13,1,1,0.2653,0,0,0,0.0,0,negative_soft
synthetic_user_0092,dcf38bea-591e-47ae-aaaf-e01b841cc3b3,2026-03-23T20:20:35,1,1,1,0,1,3,203.43,2,1,1,0,0,0,1,0.69,0.0,0,1,35,11,5,4,0.3143,4,0,1,0.0,0,negative_hard
synthetic_user_0092,c5310615-4076-41e9-9064-736593600471,2026-03-23T20:20:35,1,1,1,0,1,3,203.43,2,1,1,0,0,0,0,1.03,0.0,0,0,26,10,1,4,0.3846,4,0,1,0.0,0,negative_hard
synthetic_user_0092,33f6e3a9-237d-433e-b4b6-238e44c80117,2026-03-23T20:20:35,1,1,1,0,1,3,203.43,2,1,1,0,0,0,1,0.58,0.0,0,0,20,8,3,1,0.4,4,0,1,0.0,0,negative_hard
synthetic_user_0092,8706bbb8-8343-4edc-9af4-244b9cad76aa,2026-03-23T20:20:35,1,1,0,1,0,3,203.43,2,1,1,0,0,0,0,0.47,0.0,0,0,164,48,13,5,0.2927,0,0,1,0.0,0,negative_soft
synthetic_user_0140,dcf38bea-591e-47ae-aaaf-e01b841cc3b3,2026-03-23T20:23:08,1,1,1,0,1,3,213.04,5,3,2,1,2,0,1,0.69,0.0,0,1,35,11,5,4,0.3143,13,0,4,0.0,0,negative_hard
synthetic_user_0140,45a799e0-5716-4209-b489-bd8f9ef13974,2026-03-23T20:23:08,1,1,1,0,1,3,213.04,5,3,2,1,2,0,1,0.41,0.0,0,1,12,6,3,1,0.5,13,0,4,0.0,0,negative_hard
synthetic_user_0140,f6081dfd-75ec-4719-a05b-6ec1f95df15f,2026-03-23T20:23:08,1,1,1,0,1,3,213.04,5,3,2,1,2,0,1,1.05,0.0,0,1,17,4,0,3,0.2353,13,0,4,0.0,0,negative_hard
synthetic_user_0140,8706bbb8-8343-4edc-9af4-244b9cad76aa,2026-03-23T20:23:08,1,1,0,1,0,3,213.04,5,3,2,1,2,0,0,0.47,0.0,0,0,164,48,13,5,0.2927,0,0,4,0.0,0,negative_soft
synthetic_user_0140,945e447f-c018-4d92-b5e5-2f1f7a11bd56,2026-03-23T20:24:29,1,1,1,0,1,3,213.04,5,4,2,1,2,0,3,1.03,0.0,0,1,12,3,1,1,0.25,14,0,5,0.0,0,negative_hard
synthetic_user_0140,087164bc-8a57-44b1-bd06-0644f475917b,2026-03-23T20:24:29,1,1,1,0,1,3,213.04,5,4,2,1,2,0,0,0.58,0.0,0,0,28,8,2,1,0.2857,14,0,5,0.0,0,negative_hard
synthetic_user_0140,ea97dfce-6731-4b1d-9b03-485d04de4867,2026-03-23T20:24:29,1,1,1,0,1,3,213.04,5,4,2,1,2,0,3,1.03,0.0,0,1,16,5,1,1,0.3125,14,0,5,0.0,0,negative_hard
synthetic_user_0140,8706bbb8-8343-4edc-9af4-244b9cad76aa,2026-03-23T20:24:29,1,1,0,1,0,3,213.04,5,4,2,1,2,0,0,0.47,0.0,0,0,164,48,13,5,0.2927,0,0,5,0.0,0,negative_soft
synthetic_user_0092,40a8032b-e43c-43dc-ba5f-d650f1c0a979,2026-03-23T20:31:43,1,1,1,0,1,3,203.44,3,1,1,0,0,0,1,0.41,0.0,0,1,19,9,3,2,0.4737,5,0,1,0.0,0,negative_hard
synthetic_user_0092,e06a75b5-86f9-4daf-b871-0fba7b7ba57d,2026-03-23T20:31:43,1,1,1,0,1,3,203.44,3,1,1,0,0,0,1,0.58,0.0,0,0,30,10,3,2,0.3333,5,0,1,0.0,0,negative_hard
synthetic_user_0092,581c8e36-7a51-4e8e-ac1d-6e9c1d54940f,2026-03-23T20:31:43,1,1,1,0,1,3,203.44,3,1,1,0,0,0,3,1.03,0.0,0,1,17,4,3,1,0.2353,5,0,1,0.0,0,negative_hard
synthetic_user_0092,8706bbb8-8343-4edc-9af4-244b9cad76aa,2026-03-23T20:31:43,1,1,0,1,0,3,203.44,3,1,1,0,0,0,0,0.47,0.0,0,0,164,48,13,5,0.2927,0,0,1,0.0,0,negative_soft
synthetic_user_0067,45a799e0-5716-4209-b489-bd8f9ef13974,2026-03-23T20:33:39,1,1,1,0,1,3,203.76,14,3,1,0,2,0,1,0.41,0.0,0,1,12,6,3,1,0.5,16,0,4,0.0,0,negative_hard
synthetic_user_0067,f6081dfd-75ec-4719-a05b-6ec1f95df15f,2026-03-23T20:33:39,1,1,1,0,1,3,203.76,14,3,1,0,2,0,1,1.05,0.0,0,1,17,4,0,3,0.2353,16,0,4,0.0,0,negative_hard
synthetic_user_0067,33f6e3a9-237d-433e-b4b6-238e44c80117,2026-03-23T20:33:39,1,1,1,0,1,3,203.76,14,3,1,0,2,0,1,0.58,0.0,0,0,20,8,3,1,0.4,16,0,4,0.0,0,negative_hard
synthetic_user_0095,e06a75b5-86f9-4daf-b871-0fba7b7ba57d,2026-03-24T19:39:05,1,1,1,0,1,3,210.87,9,1,0,0,0,1,1,0.58,0.0,0,0,30,10,3,2,0.3333,7,0,1,0.0,0,negative_hard
synthetic_user_0095,09593622-ad83-4d14-8236-17bea51dbb13,2026-03-24T19:39:05,1,1,1,0,1,3,210.87,9,1,0,0,0,1,1,0.69,0.0,0,1,34,14,3,5,0.4118,7,0,1,0.0,0,negative_hard
synthetic_user_0095,2c1e63cb-30f5-4e05-92af-ea93368ef4ab,2026-03-24T19:39:05,1,1,1,0,1,3,210.87,9,1,0,0,0,1,1,0.41,0.0,0,1,28,10,2,2,0.3571,7,0,1,0.0,0,negative_hard
synthetic_user_0095,a18002e2-24a3-4da4-b558-ea8cadcb047e,2026-03-24T19:42:44,1,1,1,0,1,3,210.87,9,2,0,0,0,1,0,0.58,0.0,0,0,34,13,4,3,0.3824,8,0,2,0.0,0,negative_hard
synthetic_user_0095,dbcab77a-8d8a-4721-b07d-d5d9ecc7874d,2026-03-24T19:42:44,1,1,1,0,1,3,210.87,9,2,0,0,0,1,1,0.58,0.0,0,0,21,6,0,2,0.2857,8,0,2,0.0,0,negative_hard
synthetic_user_0095,581c8e36-7a51-4e8e-ac1d-6e9c1d54940f,2026-03-24T19:42:44,1,1,1,0,1,3,210.87,9,2,0,0,0,1,3,1.03,0.0,0,1,17,4,3,1,0.2353,8,0,2,0.0,0,negative_hard
synthetic_user_0163,59bf0b38-d7b5-4024-a66e-a03f1b47095d,2026-03-25T01:46:50,1,1,1,0,1,3,219.36,8,4,1,2,0,0,3,1.03,0.0,0,1,21,8,3,0,0.381,14,0,4,0.0,0,negative_hard
synthetic_user_0163,e06a75b5-86f9-4daf-b871-0fba7b7ba57d,2026-03-25T01:46:50,1,1,1,0,1,3,219.36,8,4,1,2,0,0,1,0.58,0.0,0,0,30,10,3,2,0.3333,14,0,4,0.0,0,negative_hard
synthetic_user_0163,2c1e63cb-30f5-4e05-92af-ea93368ef4ab,2026-03-25T01:46:50,1,1,1,0,1,3,219.36,8,4,1,2,0,0,1,0.41,0.0,0,1,28,10,2,2,0.3571,14,0,4,0.0,0,negative_hard
synthetic_user_0163,7c1af9a0-cf09-4356-8c0d-d762fbb21208,2026-03-25T01:46:50,0,0,0,2,0,3,219.36,8,4,1,2,0,0,1,1.76,0.0,0,1,49,13,1,1,0.2653,0,0,0,0.0,0,negative_soft
synthetic_user_0129,59bf0b38-d7b5-4024-a66e-a03f1b47095d,2026-03-25T23:01:58,1,1,1,0,1,3,219.57,4,2,1,0,0,0,3,1.03,0.0,0,1,21,8,3,0,0.381,6,0,2,0.0,0,negative_hard
synthetic_user_0129,5a0f55cf-16af-4459-9030-0c7c6e11207f,2026-03-25T23:01:58,1,1,1,0,1,3,219.57,4,2,1,0,0,0,0,0.58,0.0,0,0,22,9,2,2,0.4091,6,0,2,0.0,0,negative_hard
synthetic_user_0129,087164bc-8a57-44b1-bd06-0644f475917b,2026-03-25T23:01:58,1,1,1,0,1,3,219.57,4,2,1,0,0,0,0,0.58,0.0,0,0,28,8,2,1,0.2857,6,0,2,0.0,0,negative_hard
synthetic_user_0129,7c1af9a0-cf09-4356-8c0d-d762fbb21208,2026-03-25T23:01:58,0,0,0,2,0,3,219.57,4,2,1,0,0,0,1,1.76,0.0,0,1,49,13,1,1,0.2653,0,0,0,0.0,0,negative_soft
synthetic_user_0167,581c8e36-7a51-4e8e-ac1d-6e9c1d54940f,2026-03-26T05:49:29,1,1,1,0,1,3,192.96,11,5,1,2,1,0,3,1.03,0.0,0,1,17,4,3,1,0.2353,19,0,4,0.0,0,negative_hard
synthetic_user_0167,a18002e2-24a3-4da4-b558-ea8cadcb047e,2026-03-26T05:49:29,1,1,1,0,1,3,192.96,11,5,1,2,1,0,0,0.58,0.0,0,0,34,13,4,3,0.3824,19,0,4,0.0,0,negative_hard
synthetic_user_0167,95461cac-4301-4ade-8b3c-98201e8731db,2026-03-26T05:49:29,1,1,1,0,1,3,192.96,11,5,1,2,1,0,1,0.41,0.0,0,1,16,6,1,0,0.375,19,0,4,0.0,0,negative_hard
synthetic_user_0167,7c1af9a0-cf09-4356-8c0d-d762fbb21208,2026-03-26T05:49:29,0,0,0,2,0,3,192.96,11,5,1,2,1,0,1,1.76,0.0,0,1,52,13,1,1,0.25,0,0,0,0.0,0,negative_soft
synthetic_user_0167,8b44ea69-a5bb-4779-8c63-bf20e4da58c7,2026-03-26T05:51:34,1,1,1,0,1,3,192.96,12,5,1,2,1,0,1,0.69,0.0,0,1,32,16,5,4,0.5,20,0,4,0.0,0,negative_hard
synthetic_user_0167,830353af-6497-4bc7-bab8-08114b64b682,2026-03-26T05:51:34,1,1,1,0,1,3,192.96,12,5,1,2,1,0,0,1.05,0.0,0,0,23,10,2,3,0.4348,20,0,4,0.0,0,negative_hard
synthetic_user_0167,40a8032b-e43c-43dc-ba5f-d650f1c0a979,2026-03-26T05:51:34,1,1,1,0,1,3,192.96,12,5,1,2,1,0,1,0.41,0.0,0,1,19,9,3,2,0.4737,20,0,4,0.0,0,negative_hard
synthetic_user_0167,7c1af9a0-cf09-4356-8c0d-d762fbb21208,2026-03-26T05:51:34,0,0,0,2,0,3,192.96,12,5,1,2,1,0,1,1.76,0.0,0,1,52,13,1,1,0.25,0,0,0,0.0,0,negative_soft
synthetic_user_0086,dbcab77a-8d8a-4721-b07d-d5d9ecc7874d,2026-03-27T02:02:01,1,1,1,0,1,3,193.68,6,2,0,0,1,0,1,0.58,0.0,0,0,21,6,0,2,0.2857,9,0,3,0.0,0,negative_hard
synthetic_user_0086,5a0f55cf-16af-4459-9030-0c7c6e11207f,2026-03-27T02:02:01,1,1,1,0,1,3,193.68,6,2,0,0,1,0,0,0.58,0.0,0,0,22,9,2,2,0.4091,9,0,3,0.0,0,negative_hard
synthetic_user_0086,c5310615-4076-41e9-9064-736593600471,2026-03-27T02:02:01,1,1,1,0,1,3,193.68,6,2,0,0,1,0,0,1.03,0.0,0,0,26,10,1,4,0.3846,9,0,3,0.0,0,negative_hard
synthetic_user_0086,8706bbb8-8343-4edc-9af4-244b9cad76aa,2026-03-27T02:02:01,1,1,0,1,0,3,193.68,6,2,0,0,1,0,0,0.47,0.0,0,0,166,48,13,5,0.2892,0,0,3,0.0,0,negative_soft
synthetic_user_0091,945e447f-c018-4d92-b5e5-2f1f7a11bd56,2026-03-27T03:10:36,1,1,1,0,1,3,200.51,11,1,1,0,1,0,3,1.03,0.0,0,1,12,3,1,1,0.25,12,0,2,0.0,0,negative_hard
synthetic_user_0091,830353af-6497-4bc7-bab8-08114b64b682,2026-03-27T03:10:36,1,1,1,0,1,3,200.51,11,1,1,0,1,0,0,1.05,0.0,0,0,23,10,2,3,0.4348,12,0,2,0.0,0,negative_hard
synthetic_user_0091,59bf0b38-d7b5-4024-a66e-a03f1b47095d,2026-03-27T03:10:36,1,1,1,0,1,3,200.51,11,1,1,0,1,0,3,1.03,0.0,0,1,21,8,3,0,0.381,12,0,2,0.0,0,negative_hard
synthetic_user_0091,7c1af9a0-cf09-4356-8c0d-d762fbb21208,2026-03-27T03:10:36,0,0,0,2,0,3,200.51,11,1,1,0,1,0,1,1.76,0.0,0,1,52,13,1,1,0.25,0,0,0,0.0,0,negative_soft
synthetic_user_0089,33f6e3a9-237d-433e-b4b6-238e44c80117,2026-03-27T03:57:48,1,1,1,0,1,3,195.46,3,1,0,0,0,0,1,0.58,0.0,0,0,20,8,3,1,0.4,4,0,1,0.0,0,negative_hard
synthetic_user_0089,09593622-ad83-4d14-8236-17bea51dbb13,2026-03-27T03:57:48,1,1,1,0,1,3,195.46,3,1,0,0,0,0,1,0.69,0.0,0,1,35,14,3,5,0.4,4,0,1,0.0,0,negative_hard
synthetic_user_0089,830353af-6497-4bc7-bab8-08114b64b682,2026-03-27T03:57:48,1,1,1,0,1,3,195.46,3,1,0,0,0,0,0,1.05,0.0,0,0,23,10,2,3,0.4348,4,0,1,0.0,0,negative_hard
synthetic_user_0089,8706bbb8-8343-4edc-9af4-244b9cad76aa,2026-03-27T03:57:48,1,1,0,1,0,3,195.46,3,1,0,0,0,0,0,0.47,0.0,0,0,166,48,13,5,0.2892,0,0,1,0.0,0,negative_soft
synthetic_user_0089,dcd20897-e14a-43fc-b2ba-66bb4a569874,2026-03-27T04:07:51,1,1,1,0,1,3,195.46,4,1,0,0,0,0,1,0.69,0.0,0,1,24,10,4,3,0.4167,5,0,1,0.0,0,negative_hard
synthetic_user_0089,f6081dfd-75ec-4719-a05b-6ec1f95df15f,2026-03-27T04:07:51,1,1,1,0,1,3,195.46,4,1,0,0,0,0,1,1.05,0.0,0,1,17,4,0,3,0.2353,5,0,1,0.0,0,negative_hard
synthetic_user_0089,85526add-cd5a-4107-a07e-62ff3f493082,2026-03-27T04:07:51,1,1,1,0,1,3,195.46,4,1,0,0,0,0,0,0.41,0.0,0,0,37,15,5,4,0.4054,5,0,1,0.0,0,negative_hard
synthetic_user_0089,8706bbb8-8343-4edc-9af4-244b9cad76aa,2026-03-27T04:07:51,1,1,0,1,0,3,195.46,4,1,0,0,0,0,0,0.47,0.0,0,0,166,48,13,5,0.2892,0,0,1,0.0,0,negative_soft
synthetic_user_0089,dcf38bea-591e-47ae-aaaf-e01b841cc3b3,2026-03-27T04:12:43,1,1,1,0,1,3,195.47,4,2,0,0,0,0,1,0.69,0.0,0,1,35,12,5,4,0.3429,6,0,2,0.0,0,negative_hard
synthetic_user_0089,581c8e36-7a51-4e8e-ac1d-6e9c1d54940f,2026-03-27T04:12:43,1,1,1,0,1,3,195.47,4,2,0,0,0,0,3,1.03,0.0,0,1,17,4,3,1,0.2353,6,0,2,0.0,0,negative_hard
synthetic_user_0089,59bf0b38-d7b5-4024-a66e-a03f1b47095d,2026-03-27T04:12:43,1,1,1,0,1,3,195.47,4,2,0,0,0,0,3,1.03,0.0,0,1,21,8,3,0,0.381,6,0,2,0.0,0,negative_hard
synthetic_user_0089,8706bbb8-8343-4edc-9af4-244b9cad76aa,2026-03-27T04:12:43,1,1,0,1,0,3,195.47,4,2,0,0,0,0,0,0.47,0.0,0,0,166,48,13,5,0.2892,0,0,2,0.0,0,negative_soft
synthetic_user_0089,dbcab77a-8d8a-4721-b07d-d5d9ecc7874d,2026-03-27T04:17:43,1,1,1,0,1,3,195.47,4,2,0,0,1,0,1,0.58,0.0,0,0,21,6,0,2,0.2857,7,0,2,0.0,0,negative_hard
synthetic_user_0089,33f6e3a9-237d-433e-b4b6-238e44c80117,2026-03-27T04:17:43,1,1,1,0,1,3,195.47,4,2,0,0,1,0,1,0.58,0.0,0,0,20,8,3,1,0.4,7,0,2,0.0,0,negative_hard
synthetic_user_0089,85526add-cd5a-4107-a07e-62ff3f493082,2026-03-27T04:17:43,1,1,1,0,1,3,195.47,4,2,0,0,1,0,0,0.41,0.0,0,0,37,15,5,4,0.4054,7,0,2,0.0,0,negative_hard
synthetic_user_0089,8706bbb8-8343-4edc-9af4-244b9cad76aa,2026-03-27T04:17:43,1,1,0,1,0,3,195.47,4,2,0,0,1,0,0,0.47,0.0,0,0,166,48,13,5,0.2892,0,0,2,0.0,0,negative_soft
synthetic_user_0163,dcd20897-e14a-43fc-b2ba-66bb4a569874,2026-03-27T06:34:07,1,1,1,0,1,3,221.56,10,4,1,2,0,0,1,0.69,0.0,0,1,24,10,4,3,0.4167,16,0,4,0.0,0,negative_hard
synthetic_user_0163,dbcab77a-8d8a-4721-b07d-d5d9ecc7874d,2026-03-27T06:34:07,1,1,1,0,1,3,221.56,10,4,1,2,0,0,1,0.58,0.0,0,0,21,6,0,2,0.2857,16,0,4,0.0,0,negative_hard
synthetic_user_0163,945e447f-c018-4d92-b5e5-2f1f7a11bd56,2026-03-27T06:34:07,1,1,1,0,1,3,221.56,10,4,1,2,0,0,3,1.03,0.0,0,1,12,3,1,1,0.25,16,0,4,0.0,0,negative_hard
synthetic_user_0163,7c1af9a0-cf09-4356-8c0d-d762fbb21208,2026-03-27T06:34:07,0,0,0,2,0,3,221.56,10,4,1,2,0,0,1,1.76,0.0,0,1,52,13,1,1,0.25,0,0,0,0.0,0,negative_soft
synthetic_user_0163,830353af-6497-4bc7-bab8-08114b64b682,2026-03-27T06:41:22,1,1,1,0,1,3,221.56,10,5,1,2,0,0,0,1.05,0.0,0,0,23,10,2,3,0.4348,17,0,4,0.0,0,negative_hard
synthetic_user_0163,bd6bddb1-3e29-4767-a194-6196e46f7456,2026-03-27T06:41:22,1,1,1,0,1,3,221.56,10,5,1,2,0,0,1,0.41,0.0,0,1,22,5,1,1,0.2273,17,0,4,0.0,0,negative_hard
synthetic_user_0163,98a77293-8faf-4d27-8248-6eb91f481d8f,2026-03-27T06:41:22,1,1,1,0,1,3,221.56,10,5,1,2,0,0,0,0.58,0.0,0,0,31,16,7,6,0.5161,17,0,4,0.0,0,negative_hard
synthetic_user_0163,7c1af9a0-cf09-4356-8c0d-d762fbb21208,2026-03-27T06:41:22,0,0,0,2,0,3,221.56,10,5,1,2,0,0,1,1.76,0.0,0,1,52,13,1,1,0.25,0,0,0,0.0,0,negative_soft
synthetic_user_0163,945e447f-c018-4d92-b5e5-2f1f7a11bd56,2026-03-27T06:45:00,1,1,1,0,1,3,221.57,10,5,1,2,1,0,3,1.03,0.0,0,1,12,3,1,1,0.25,18,0,4,0.0,0,negative_hard
synthetic_user_0163,dcf38bea-591e-47ae-aaaf-e01b841cc3b3,2026-03-27T06:45:00,1,1,1,0,1,3,221.57,10,5,1,2,1,0,1,0.69,0.0,0,1,35,12,5,4,0.3429,18,0,4,0.0,0,negative_hard
synthetic_user_0163,85526add-cd5a-4107-a07e-62ff3f493082,2026-03-27T06:45:00,1,1,1,0,1,3,221.57,10,5,1,2,1,0,0,0.41,0.0,0,0,37,15,5,4,0.4054,18,0,4,0.0,0,negative_hard
synthetic_user_0163,7c1af9a0-cf09-4356-8c0d-d762fbb21208,2026-03-27T06:45:00,0,0,0,2,0,3,221.57,10,5,1,2,1,0,1,1.76,0.0,0,1,52,13,1,1,0.25,0,0,0,0.0,0,negative_soft
synthetic_user_0082,09593622-ad83-4d14-8236-17bea51dbb13,2026-03-28T00:03:51,1,1,1,0,1,3,217.22,6,2,1,1,0,1,1,0.69,0.0,0,1,35,14,3,5,0.4,10,0,2,0.0,0,negative_hard
synthetic_user_0082,45a799e0-5716-4209-b489-bd8f9ef13974,2026-03-28T00:03:51,1,1,1,0,1,3,217.22,6,2,1,1,0,1,1,0.41,0.0,0,1,12,6,3,1,0.5,10,0,2,0.0,0,negative_hard
synthetic_user_0082,98a77293-8faf-4d27-8248-6eb91f481d8f,2026-03-28T00:03:51,1,1,1,0,1,3,217.22,6,2,1,1,0,1,0,0.58,0.0,0,0,31,16,7,6,0.5161,10,0,2,0.0,0,negative_hard
synthetic_user_0082,8706bbb8-8343-4edc-9af4-244b9cad76aa,2026-03-28T00:03:51,1,1,0,1,0,3,217.22,6,2,1,1,0,1,0,0.47,0.0,0,0,166,48,13,5,0.2892,0,0,2,0.0,0,negative_soft
synthetic_user_0055,f6081dfd-75ec-4719-a05b-6ec1f95df15f,2026-03-28T02:16:10,1,1,1,0,1,3,214.68,7,1,0,0,0,1,1,1.05,0.0,0,1,17,4,0,3,0.2353,8,0,1,0.0,0,negative_hard
synthetic_user_0055,830353af-6497-4bc7-bab8-08114b64b682,2026-03-28T02:16:10,1,1,1,0,1,3,214.68,7,1,0,0,0,1,0,1.05,0.0,0,0,24,10,2,3,0.4167,8,0,1,0.0,0,negative_hard
synthetic_user_0055,a8231f34-c157-4fcd-b08a-5a3420cc0cee,2026-03-28T02:16:10,1,1,1,0,1,3,214.68,7,1,0,0,0,1,1,0.69,0.0,0,1,26,7,0,1,0.2692,8,0,1,0.0,0,negative_hard
synthetic_user_0055,8706bbb8-8343-4edc-9af4-244b9cad76aa,2026-03-28T02:16:10,1,1,0,1,0,3,214.68,7,1,0,0,0,1,0,0.47,0.0,0,0,166,48,13,5,0.2892,0,0,1,0.0,0,negative_soft
synthetic_user_0093,a18002e2-24a3-4da4-b558-ea8cadcb047e,2026-03-28T19:38:23,1,1,1,0,1,3,222.47,8,3,1,2,0,0,0,0.58,0.0,0,0,35,14,4,3,0.4,12,0,1,0.0,0,negative_hard
synthetic_user_0093,e06a75b5-86f9-4daf-b871-0fba7b7ba57d,2026-03-28T19:38:23,1,1,1,0,1,3,222.47,8,3,1,2,0,0,1,0.58,0.0,0,0,30,10,3,2,0.3333,12,0,1,0.0,0,negative_hard
synthetic_user_0093,dbcab77a-8d8a-4721-b07d-d5d9ecc7874d,2026-03-28T19:38:23,1,1,1,0,1,3,222.47,8,3,1,2,0,0,1,0.58,0.0,0,0,21,6,0,2,0.2857,12,0,1,0.0,0,negative_hard
synthetic_user_0093,7c1af9a0-cf09-4356-8c0d-d762fbb21208,2026-03-28T19:38:23,0,0,0,2,0,3,222.47,8,3,1,2,0,0,1,1.76,0.0,0,1,52,13,1,1,0.25,0,0,0,0.0,0,negative_soft
synthetic_user_0149,bd6bddb1-3e29-4767-a194-6196e46f7456,2026-03-29T00:41:33,1,1,1,0,1,3,197.78,2,0,0,0,0,0,1,0.41,0.0,0,1,22,5,1,1,0.2273,2,0,0,0.0,0,negative_hard
synthetic_user_0149,581c8e36-7a51-4e8e-ac1d-6e9c1d54940f,2026-03-29T00:41:33,1,1,1,0,1,3,197.78,2,0,0,0,0,0,3,1.03,0.0,0,1,17,4,3,1,0.2353,2,0,0,0.0,0,negative_hard
synthetic_user_0149,dcf38bea-591e-47ae-aaaf-e01b841cc3b3,2026-03-29T00:41:33,1,1,1,0,1,3,197.78,2,0,0,0,0,0,1,0.69,0.0,0,1,35,12,5,4,0.3429,2,0,0,0.0,0,negative_hard
synthetic_user_0149,8706bbb8-8343-4edc-9af4-244b9cad76aa,2026-03-29T00:41:33,1,1,0,1,0,3,197.78,2,0,0,0,0,0,0,0.47,0.0,0,0,167,48,13,5,0.2874,0,0,0,0.0,0,negative_soft
synthetic_user_0140,bd6bddb1-3e29-4767-a194-6196e46f7456,2026-03-29T05:29:31,1,1,1,0,1,3,218.42,5,4,3,1,2,0,1,0.41,0.0,0,1,22,5,1,1,0.2273,15,0,5,0.0,0,negative_hard
synthetic_user_0140,dcf38bea-591e-47ae-aaaf-e01b841cc3b3,2026-03-29T05:29:31,1,1,1,0,1,3,218.42,5,4,3,1,2,0,1,0.69,0.0,0,1,35,12,5,4,0.3429,15,0,5,0.0,0,negative_hard
synthetic_user_0140,945e447f-c018-4d92-b5e5-2f1f7a11bd56,2026-03-29T05:29:31,1,1,1,0,1,3,218.42,5,4,3,1,2,0,3,1.03,0.0,0,1,12,3,1,1,0.25,15,0,5,0.0,0,negative_hard
synthetic_user_0140,8706bbb8-8343-4edc-9af4-244b9cad76aa,2026-03-29T05:29:31,1,1,0,1,0,3,218.42,5,4,3,1,2,0,0,0.47,0.0,0,0,167,48,13,5,0.2874,0,0,5,0.0,0,negative_soft
synthetic_user_0173,5a0f55cf-16af-4459-9030-0c7c6e11207f,2026-03-29T08:08:14,1,1,1,0,1,3,218.1,9,7,1,2,3,1,0,0.58,0.0,0,0,22,9,2,2,0.4091,22,0,2,0.0,0,negative_hard
synthetic_user_0173,33f6e3a9-237d-433e-b4b6-238e44c80117,2026-03-29T08:08:14,1,1,1,0,1,3,218.1,9,7,1,2,3,1,1,0.58,0.0,0,0,21,9,3,1,0.4286,22,0,2,0.0,0,negative_hard
synthetic_user_0173,087164bc-8a57-44b1-bd06-0644f475917b,2026-03-29T08:08:14,1,1,1,0,1,3,218.1,9,7,1,2,3,1,0,0.58,0.0,0,0,30,10,2,1,0.3333,22,0,2,0.0,0,negative_hard
synthetic_user_0173,8706bbb8-8343-4edc-9af4-244b9cad76aa,2026-03-29T08:08:14,1,1,0,1,0,3,218.1,9,7,1,2,3,1,0,0.47,0.0,0,0,167,48,13,5,0.2874,0,0,2,0.0,0,negative_soft
synthetic_user_0173,dbcab77a-8d8a-4721-b07d-d5d9ecc7874d,2026-03-29T08:12:35,1,1,1,0,1,3,218.1,10,7,1,2,3,1,1,0.58,0.0,0,0,21,6,0,2,0.2857,23,0,2,0.0,0,negative_hard
synthetic_user_0173,087164bc-8a57-44b1-bd06-0644f475917b,2026-03-29T08:12:35,1,1,1,0,1,3,218.1,10,7,1,2,3,1,0,0.58,0.0,0,0,30,10,2,1,0.3333,23,0,2,0.0,0,negative_hard
synthetic_user_0173,a18002e2-24a3-4da4-b558-ea8cadcb047e,2026-03-29T08:12:35,1,1,1,0,1,3,218.1,10,7,1,2,3,1,0,0.58,0.0,0,0,36,14,4,3,0.3889,23,0,2,0.0,0,negative_hard
synthetic_user_0173,8706bbb8-8343-4edc-9af4-244b9cad76aa,2026-03-29T08:12:35,1,1,0,1,0,3,218.1,10,7,1,2,3,1,0,0.47,0.0,0,0,167,48,13,5,0.2874,0,0,2,0.0,0,negative_soft
synthetic_user_0173,dcf38bea-591e-47ae-aaaf-e01b841cc3b3,2026-03-29T08:14:17,1,1,1,0,1,3,218.1,10,8,1,2,3,1,1,0.69,0.0,0,1,35,12,5,4,0.3429,24,0,3,0.0,0,negative_hard
synthetic_user_0173,95461cac-4301-4ade-8b3c-98201e8731db,2026-03-29T08:14:17,1,1,1,0,1,3,218.1,10,8,1,2,3,1,1,0.41,0.0,0,1,16,6,1,0,0.375,24,0,3,0.0,0,negative_hard
synthetic_user_0173,bd6bddb1-3e29-4767-a194-6196e46f7456,2026-03-29T08:14:17,1,1,1,0,1,3,218.1,10,8,1,2,3,1,1,0.41,0.0,0,1,22,5,1,1,0.2273,24,0,3,0.0,0,negative_hard
synthetic_user_0173,8706bbb8-8343-4edc-9af4-244b9cad76aa,2026-03-29T08:14:17,1,1,0,1,0,3,218.1,10,8,1,2,3,1,0,0.47,0.0,0,0,167,48,13,5,0.2874,0,0,3,0.0,0,negative_soft
synthetic_user_0040,945e447f-c018-4d92-b5e5-2f1f7a11bd56,2026-03-30T07:38:44,1,1,1,0,1,3,225.94,2,1,1,0,0,1,3,1.03,0.0,0,1,12,3,1,1,0.25,3,0,1,0.0,0,negative_hard
synthetic_user_0040,a18002e2-24a3-4da4-b558-ea8cadcb047e,2026-03-30T07:38:44,1,1,1,0,1,3,225.94,2,1,1,0,0,1,0,0.58,0.0,0,0,36,14,4,3,0.3889,3,0,1,0.0,0,negative_hard
synthetic_user_0040,a8231f34-c157-4fcd-b08a-5a3420cc0cee,2026-03-30T07:38:44,1,1,1,0,1,3,225.94,2,1,1,0,0,1,1,0.69,0.0,0,1,26,7,0,1,0.2692,3,0,1,0.0,0,negative_hard
synthetic_user_0040,7c1af9a0-cf09-4356-8c0d-d762fbb21208,2026-03-30T07:38:44,0,0,0,2,0,3,225.94,2,1,1,0,0,1,1,1.76,0.0,0,1,52,13,1,1,0.25,0,0,0,0.0,0,negative_soft
synthetic_user_0078,c5310615-4076-41e9-9064-736593600471,2026-03-30T19:53:19,1,1,1,0,1,3,200.69,9,2,0,0,0,0,0,1.03,0.0,0,0,26,10,1,4,0.3846,9,0,2,0.0,0,negative_hard
synthetic_user_0078,85526add-cd5a-4107-a07e-62ff3f493082,2026-03-30T19:53:19,1,1,1,0,1,3,200.69,9,2,0,0,0,0,0,0.41,0.0,0,0,37,15,5,4,0.4054,9,0,2,0.0,0,negative_hard
synthetic_user_0078,a8231f34-c157-4fcd-b08a-5a3420cc0cee,2026-03-30T19:53:19,1,1,1,0,1,3,200.69,9,2,0,0,0,0,1,0.69,0.0,0,1,26,7,0,1,0.2692,9,0,2,0.0,0,negative_hard
synthetic_user_0078,7c1af9a0-cf09-4356-8c0d-d762fbb21208,2026-03-30T19:53:19,0,0,0,2,0,3,200.69,9,2,0,0,0,0,1,1.76,0.0,0,1,52,13,1,1,0.25,0,0,0,0.0,0,negative_soft
synthetic_user_0021,85526add-cd5a-4107-a07e-62ff3f493082,2026-03-30T20:39:56,1,1,1,0,1,3,218.8,5,1,0,0,1,1,0,0.41,0.0,0,0,37,15,5,4,0.4054,7,0,1,0.0,0,negative_hard
synthetic_user_0021,a8231f34-c157-4fcd-b08a-5a3420cc0cee,2026-03-30T20:39:56,1,1,1,0,1,3,218.8,5,1,0,0,1,1,1,0.69,0.0,0,1,26,7,0,1,0.2692,7,0,1,0.0,0,negative_hard
synthetic_user_0021,bd6bddb1-3e29-4767-a194-6196e46f7456,2026-03-30T20:39:56,1,1,1,0,1,3,218.8,5,1,0,0,1,1,1,0.41,0.0,0,1,22,5,1,1,0.2273,7,0,1,0.0,0,negative_hard
synthetic_user_0021,8706bbb8-8343-4edc-9af4-244b9cad76aa,2026-03-30T20:39:56,1,1,0,1,0,3,218.8,5,1,0,0,1,1,0,0.47,0.0,0,0,168,49,13,5,0.2917,0,0,1,0.0,0,negative_soft
synthetic_user_0074,087164bc-8a57-44b1-bd06-0644f475917b,2026-03-30T22:31:45,1,1,1,0,1,3,202.92,13,4,0,2,3,1,0,0.58,0.0,0,0,30,10,2,1,0.3333,21,0,4,0.0,0,negative_hard
synthetic_user_0074,5a0f55cf-16af-4459-9030-0c7c6e11207f,2026-03-30T22:31:45,1,1,1,0,1,3,202.92,13,4,0,2,3,1,0,0.58,0.0,0,0,22,9,2,2,0.4091,21,0,4,0.0,0,negative_hard
synthetic_user_0074,85526add-cd5a-4107-a07e-62ff3f493082,2026-03-30T22:31:45,1,1,1,0,1,3,202.92,13,4,0,2,3,1,0,0.41,0.0,0,0,37,15,5,4,0.4054,21,0,4,0.0,0,negative_hard
synthetic_user_0074,8b44ea69-a5bb-4779-8c63-bf20e4da58c7,2026-03-30T22:38:40,1,1,1,0,1,3,202.92,13,5,0,2,3,1,1,0.69,0.0,0,1,34,16,5,4,0.4706,22,0,4,0.0,0,negative_hard
synthetic_user_0074,945e447f-c018-4d92-b5e5-2f1f7a11bd56,2026-03-30T22:38:40,1,1,1,0,1,3,202.92,13,5,0,2,3,1,3,1.03,0.0,0,1,12,3,1,1,0.25,22,0,4,0.0,0,negative_hard
synthetic_user_0074,581c8e36-7a51-4e8e-ac1d-6e9c1d54940f,2026-03-30T22:38:40,1,1,1,0,1,3,202.92,13,5,0,2,3,1,3,1.03,0.0,0,1,17,4,3,1,0.2353,22,0,4,0.0,0,negative_hard
synthetic_user_0028,f6081dfd-75ec-4719-a05b-6ec1f95df15f,2026-03-31T04:52:40,1,1,1,0,1,3,205.94,6,0,0,0,1,0,1,1.05,0.0,0,1,17,4,0,3,0.2353,7,0,1,0.0,0,negative_hard
synthetic_user_0028,e06a75b5-86f9-4daf-b871-0fba7b7ba57d,2026-03-31T04:52:40,1,1,1,0,1,3,205.94,6,0,0,0,1,0,1,0.58,0.0,0,0,30,10,3,2,0.3333,7,0,1,0.0,0,negative_hard
synthetic_user_0028,a18002e2-24a3-4da4-b558-ea8cadcb047e,2026-03-31T04:52:40,1,1,1,0,1,3,205.94,6,0,0,0,1,0,0,0.58,0.0,0,0,36,14,4,3,0.3889,7,0,1,0.0,0,negative_hard
synthetic_user_0028,8706bbb8-8343-4edc-9af4-244b9cad76aa,2026-03-31T04:52:40,1,1,0,1,0,3,205.94,6,0,0,0,1,0,0,0.47,0.0,0,0,168,49,13,5,0.2917,0,0,1,0.0,0,negative_soft
synthetic_user_0028,a8231f34-c157-4fcd-b08a-5a3420cc0cee,2026-03-31T05:13:07,1,1,1,0,1,3,205.96,6,1,0,0,1,0,1,0.69,0.0,0,1,26,7,0,1,0.2692,8,0,1,0.0,0,negative_hard
synthetic_user_0028,85526add-cd5a-4107-a07e-62ff3f493082,2026-03-31T05:13:07,1,1,1,0,1,3,205.96,6,1,0,0,1,0,0,0.41,0.0,0,0,37,15,5,4,0.4054,8,0,1,0.0,0,negative_hard
synthetic_user_0028,95461cac-4301-4ade-8b3c-98201e8731db,2026-03-31T05:13:07,1,1,1,0,1,3,205.96,6,1,0,0,1,0,1,0.41,0.0,0,1,16,6,1,0,0.375,8,0,1,0.0,0,negative_hard
synthetic_user_0028,8706bbb8-8343-4edc-9af4-244b9cad76aa,2026-03-31T05:13:07,1,1,0,1,0,3,205.96,6,1,0,0,1,0,0,0.47,0.0,0,0,168,49,13,5,0.2917,0,0,1,0.0,0,negative_soft
synthetic_user_0123,09593622-ad83-4d14-8236-17bea51dbb13,2026-03-31T06:41:25,1,1,1,0,1,3,204.61,4,2,0,0,0,1,1,0.69,0.0,0,1,37,15,3,6,0.4054,1,0,1,0.0,0,negative_hard
synthetic_user_0123,98a77293-8faf-4d27-8248-6eb91f481d8f,2026-03-31T06:41:25,1,1,1,0,1,3,204.61,4,2,0,0,0,1,0,0.58,0.0,0,0,32,16,7,6,0.5,1,0,1,0.0,0,negative_hard
synthetic_user_0123,45a799e0-5716-4209-b489-bd8f9ef13974,2026-03-31T06:41:25,1,1,1,0,1,3,204.61,4,2,0,0,0,1,1,0.41,0.0,0,1,12,6,3,1,0.5,1,0,1,0.0,0,negative_hard
synthetic_user_0121,85526add-cd5a-4107-a07e-62ff3f493082,2026-03-31T19:52:35,1,1,1,0,1,3,211.93,4,0,0,0,2,0,0,0.41,0.0,0,0,37,15,5,4,0.4054,6,0,2,0.0,0,negative_hard
synthetic_user_0121,c5310615-4076-41e9-9064-736593600471,2026-03-31T19:52:35,1,1,1,0,1,3,211.93,4,0,0,0,2,0,0,1.03,0.0,0,0,26,10,1,4,0.3846,6,0,2,0.0,0,negative_hard
synthetic_user_0121,e72c3d3b-cf36-4cc4-9a40-d8cc5d28df84,2026-03-31T19:52:35,1,1,1,0,1,3,211.93,4,0,0,0,2,0,1,0.41,0.0,0,1,22,9,5,3,0.4091,6,0,2,0.0,0,negative_hard
synthetic_user_0121,8706bbb8-8343-4edc-9af4-244b9cad76aa,2026-03-31T19:52:35,1,1,0,1,0,3,211.93,4,0,0,0,2,0,0,0.47,0.0,0,0,168,49,13,5,0.2917,0,0,2,0.0,0,negative_soft
synthetic_user_0121,95461cac-4301-4ade-8b3c-98201e8731db,2026-03-31T20:07:01,1,1,1,0,1,3,211.94,5,0,0,0,2,0,1,0.41,0.0,0,1,16,6,1,0,0.375,7,0,2,0.0,0,negative_hard
synthetic_user_0121,c5310615-4076-41e9-9064-736593600471,2026-03-31T20:07:01,1,1,1,0,1,3,211.94,5,0,0,0,2,0,0,1.03,0.0,0,0,26,10,1,4,0.3846,7,0,2,0.0,0,negative_hard
synthetic_user_0121,a18002e2-24a3-4da4-b558-ea8cadcb047e,2026-03-31T20:07:01,1,1,1,0,1,3,211.94,5,0,0,0,2,0,0,0.58,0.0,0,0,36,14,4,3,0.3889,7,0,2,0.0,0,negative_hard
synthetic_user_0121,8706bbb8-8343-4edc-9af4-244b9cad76aa,2026-03-31T20:07:01,1,1,0,1,0,3,211.94,5,0,0,0,2,0,0,0.47,0.0,0,0,168,49,13,5,0.2917,0,0,2,0.0,0,negative_soft
synthetic_user_0179,5a0f55cf-16af-4459-9030-0c7c6e11207f,2026-03-31T20:11:46,1,1,1,0,1,3,225.75,7,1,0,1,1,0,0,0.58,0.0,0,0,22,9,2,2,0.4091,9,0,1,0.0,0,negative_hard
synthetic_user_0179,945e447f-c018-4d92-b5e5-2f1f7a11bd56,2026-03-31T20:11:46,1,1,1,0,1,3,225.75,7,1,0,1,1,0,3,1.03,0.0,0,1,13,3,1,1,0.2308,9,0,1,0.0,0,negative_hard
synthetic_user_0179,087164bc-8a57-44b1-bd06-0644f475917b,2026-03-31T20:11:46,1,1,1,0,1,3,225.75,7,1,0,1,1,0,0,0.58,0.0,0,0,30,10,2,1,0.3333,9,0,1,0.0,0,negative_hard
synthetic_user_0179,7c1af9a0-cf09-4356-8c0d-d762fbb21208,2026-03-31T20:11:46,0,0,0,2,0,3,225.75,7,1,0,1,1,0,1,1.76,0.0,0,1,53,13,1,1,0.2453,0,0,0,0.0,0,negative_soft
synthetic_user_0179,85526add-cd5a-4107-a07e-62ff3f493082,2026-03-31T20:15:06,1,1,1,0,1,3,225.76,7,2,0,1,1,0,0,0.41,0.0,0,0,37,15,5,4,0.4054,10,0,2,0.0,0,negative_hard
synthetic_user_0179,e06a75b5-86f9-4daf-b871-0fba7b7ba57d,2026-03-31T20:15:06,1,1,1,0,1,3,225.76,7,2,0,1,1,0,1,0.58,0.0,0,0,30,10,3,2,0.3333,10,0,2,0.0,0,negative_hard
synthetic_user_0179,45a799e0-5716-4209-b489-bd8f9ef13974,2026-03-31T20:15:06,1,1,1,0,1,3,225.76,7,2,0,1,1,0,1,0.41,0.0,0,1,12,6,3,1,0.5,10,0,2,0.0,0,negative_hard
synthetic_user_0179,7c1af9a0-cf09-4356-8c0d-d762fbb21208,2026-03-31T20:15:06,0,0,0,2,0,3,225.76,7,2,0,1,1,0,1,1.76,0.0,0,1,53,13,1,1,0.2453,0,0,0,0.0,0,negative_soft
synthetic_user_0179,087164bc-8a57-44b1-bd06-0644f475917b,2026-03-31T20:20:10,1,1,1,0,1,3,225.76,7,2,1,1,1,0,0,0.58,0.0,0,0,30,10,2,1,0.3333,11,0,2,0.0,0,negative_hard
synthetic_user_0179,dcf38bea-591e-47ae-aaaf-e01b841cc3b3,2026-03-31T20:20:10,1,1,1,0,1,3,225.76,7,2,1,1,1,0,1,0.69,0.0,0,1,35,12,5,4,0.3429,11,0,2,0.0,0,negative_hard
synthetic_user_0179,98a77293-8faf-4d27-8248-6eb91f481d8f,2026-03-31T20:20:10,1,1,1,0,1,3,225.76,7,2,1,1,1,0,0,0.58,0.0,0,0,32,16,7,6,0.5,11,0,2,0.0,0,negative_hard
synthetic_user_0179,7c1af9a0-cf09-4356-8c0d-d762fbb21208,2026-03-31T20:20:10,0,0,0,2,0,3,225.76,7,2,1,1,1,0,1,1.76,0.0,0,1,53,13,1,1,0.2453,0,0,0,0.0,0,negative_soft
synthetic_user_0121,ea97dfce-6731-4b1d-9b03-485d04de4867,2026-03-31T20:22:08,1,1,1,0,1,3,211.95,5,1,0,0,2,0,3,1.03,0.0,0,1,18,6,1,1,0.3333,8,0,2,0.0,0,negative_hard
synthetic_user_0121,8b44ea69-a5bb-4779-8c63-bf20e4da58c7,2026-03-31T20:22:08,1,1,1,0,1,3,211.95,5,1,0,0,2,0,1,0.69,0.0,0,1,34,16,5,4,0.4706,8,0,2,0.0,0,negative_hard
synthetic_user_0121,85526add-cd5a-4107-a07e-62ff3f493082,2026-03-31T20:22:08,1,1,1,0,1,3,211.95,5,1,0,0,2,0,0,0.41,0.0,0,0,37,15,5,4,0.4054,8,0,2,0.0,0,negative_hard
synthetic_user_0121,8706bbb8-8343-4edc-9af4-244b9cad76aa,2026-03-31T20:22:08,1,1,0,1,0,3,211.95,5,1,0,0,2,0,0,0.47,0.0,0,0,168,49,13,5,0.2917,0,0,2,0.0,0,negative_soft
synthetic_user_0179,ea97dfce-6731-4b1d-9b03-485d04de4867,2026-03-31T20:24:29,1,1,1,0,1,3,225.76,7,2,1,2,1,0,3,1.03,0.0,0,1,18,6,1,1,0.3333,12,0,2,0.0,0,negative_hard
synthetic_user_0179,b1e94dc4-e19f-4e9b-85e1-69c3b4ab0e97,2026-03-31T20:24:29,1,1,1,0,1,3,225.76,7,2,1,2,1,0,3,1.03,0.0,0,1,27,15,9,3,0.5556,12,0,2,0.0,0,negative_hard
synthetic_user_0179,33f6e3a9-237d-433e-b4b6-238e44c80117,2026-03-31T20:24:29,1,1,1,0,1,3,225.76,7,2,1,2,1,0,1,0.58,0.0,0,0,21,9,3,1,0.4286,12,0,2,0.0,0,negative_hard
synthetic_user_0179,7c1af9a0-cf09-4356-8c0d-d762fbb21208,2026-03-31T20:24:29,0,0,0,2,0,3,225.76,7,2,1,2,1,0,1,1.76,0.0,0,1,53,13,1,1,0.2453,0,0,0,0.0,0,negative_soft
synthetic_user_0082,830353af-6497-4bc7-bab8-08114b64b682,2026-03-31T20:59:53,1,1,1,0,1,3,221.09,7,3,1,1,0,1,0,1.05,0.0,0,0,24,10,2,3,0.4167,12,0,3,0.0,0,negative_hard
synthetic_user_0082,dbcab77a-8d8a-4721-b07d-d5d9ecc7874d,2026-03-31T20:59:53,1,1,1,0,1,3,221.09,7,3,1,1,0,1,1,0.58,0.0,0,0,21,6,0,2,0.2857,12,0,3,0.0,0,negative_hard
synthetic_user_0082,45a799e0-5716-4209-b489-bd8f9ef13974,2026-03-31T20:59:53,1,1,1,0,1,3,221.09,7,3,1,1,0,1,1,0.41,0.0,0,1,12,6,3,1,0.5,12,0,3,0.0,0,negative_hard
synthetic_user_0082,8706bbb8-8343-4edc-9af4-244b9cad76aa,2026-03-31T20:59:53,1,1,0,1,0,3,221.09,7,3,1,1,0,1,0,0.47,0.0,0,0,168,49,13,5,0.2917,0,0,3,0.0,0,negative_soft
synthetic_user_0160,e72c3d3b-cf36-4cc4-9a40-d8cc5d28df84,2026-03-31T22:16:08,0,0,0,2,0,1,219.72,6,1,0,0,0,1,1,0.41,0.0,0,1,22,9,5,3,0.4091,0,0,0,0.0,0,negative_soft
synthetic_user_0160,ea97dfce-6731-4b1d-9b03-485d04de4867,2026-03-31T22:16:08,0,0,0,2,0,1,219.72,6,1,0,0,0,1,3,1.03,0.0,0,1,18,6,1,1,0.3333,0,0,0,0.0,0,negative_soft
synthetic_user_0160,95461cac-4301-4ade-8b3c-98201e8731db,2026-03-31T22:16:08,0,0,0,2,0,1,219.72,6,1,0,0,0,1,1,0.41,0.0,0,1,16,6,1,0,0.375,0,0,0,0.0,0,negative_soft
synthetic_user_0160,59bf0b38-d7b5-4024-a66e-a03f1b47095d,2026-03-31T22:16:08,0,0,0,2,0,1,219.72,6,1,0,0,0,1,3,1.03,0.0,0,1,23,10,4,1,0.4348,0,0,0,0.0,0,negative_soft
synthetic_user_0160,09593622-ad83-4d14-8236-17bea51dbb13,2026-03-31T22:18:43,0,0,0,2,0,1,219.72,6,2,0,0,0,1,1,0.69,0.0,0,1,37,15,3,6,0.4054,0,0,0,0.0,0,negative_soft
synthetic_user_0160,98a77293-8faf-4d27-8248-6eb91f481d8f,2026-03-31T22:18:43,0,0,0,2,0,1,219.72,6,2,0,0,0,1,0,0.58,0.0,0,0,32,16,7,6,0.5,0,0,0,0.0,0,negative_soft
synthetic_user_0160,087164bc-8a57-44b1-bd06-0644f475917b,2026-03-31T22:18:43,0,0,0,2,0,1,219.72,6,2,0,0,0,1,0,0.58,0.0,0,0,30,10,2,1,0.3333,0,0,0,0.0,0,negative_soft
synthetic_user_0160,bd6bddb1-3e29-4767-a194-6196e46f7456,2026-03-31T22:18:43,0,0,0,2,0,1,219.72,6,2,0,0,0,1,1,0.41,0.0,0,1,22,5,1,1,0.2273,0,0,0,0.0,0,negative_soft
synthetic_user_0027,45a799e0-5716-4209-b489-bd8f9ef13974,2026-04-01T00:55:03,1,1,1,0,1,3,220.78,5,0,0,0,0,0,1,0.41,0.0,0,1,12,6,3,1,0.5,5,0,0,0.0,0,negative_hard
synthetic_user_0027,33f6e3a9-237d-433e-b4b6-238e44c80117,2026-04-01T00:55:03,1,1,1,0,1,3,220.78,5,0,0,0,0,0,1,0.58,0.0,0,0,21,9,3,1,0.4286,5,0,0,0.0,0,negative_hard
synthetic_user_0027,dcf38bea-591e-47ae-aaaf-e01b841cc3b3,2026-04-01T00:55:03,1,1,1,0,1,3,220.78,5,0,0,0,0,0,1,0.69,0.0,0,1,35,12,5,4,0.3429,5,0,0,0.0,0,negative_hard
synthetic_user_0027,8706bbb8-8343-4edc-9af4-244b9cad76aa,2026-04-01T00:55:03,1,1,0,1,0,3,220.78,5,0,0,0,0,0,0,0.47,0.0,0,0,168,49,13,5,0.2917,0,0,0,0.0,0,negative_soft
synthetic_user_0135,40a8032b-e43c-43dc-ba5f-d650f1c0a979,2026-04-01T00:55:13,0,0,0,2,0,1,198.99,6,2,1,0,0,1,1,0.41,0.0,0,1,21,11,5,2,0.5238,0,0,0,0.0,0,negative_soft
synthetic_user_0135,85526add-cd5a-4107-a07e-62ff3f493082,2026-04-01T00:55:13,0,0,0,2,0,1,198.99,6,2,1,0,0,1,0,0.41,0.0,0,0,37,15,5,4,0.4054,0,0,0,0.0,0,negative_soft
synthetic_user_0135,ea97dfce-6731-4b1d-9b03-485d04de4867,2026-04-01T00:55:13,0,0,0,2,0,1,198.99,6,2,1,0,0,1,3,1.03,0.0,0,1,18,6,1,1,0.3333,0,0,0,0.0,0,negative_soft
synthetic_user_0135,5a0f55cf-16af-4459-9030-0c7c6e11207f,2026-04-01T00:55:13,0,0,0,2,0,1,198.99,6,2,1,0,0,1,0,0.58,0.0,0,0,22,9,2,2,0.4091,0,0,0,0.0,0,negative_soft
synthetic_user_0135,59bf0b38-d7b5-4024-a66e-a03f1b47095d,2026-04-01T01:08:13,0,0,0,2,0,1,199.0,6,3,1,0,0,1,3,1.03,0.0,0,1,23,10,4,1,0.4348,0,0,0,0.0,0,negative_soft
synthetic_user_0135,e06a75b5-86f9-4daf-b871-0fba7b7ba57d,2026-04-01T01:08:13,0,0,0,2,0,1,199.0,6,3,1,0,0,1,1,0.58,0.0,0,0,30,10,3,2,0.3333,0,0,0,0.0,0,negative_soft
synthetic_user_0135,5a0f55cf-16af-4459-9030-0c7c6e11207f,2026-04-01T01:08:13,0,0,0,2,0,1,199.0,6,3,1,0,0,1,0,0.58,0.0,0,0,22,9,2,2,0.4091,0,0,0,0.0,0,negative_soft
synthetic_user_0135,85526add-cd5a-4107-a07e-62ff3f493082,2026-04-01T01:08:13,0,0,0,2,0,1,199.0,6,3,1,0,0,1,0,0.41,0.0,0,0,37,15,5,4,0.4054,0,0,0,0.0,0,negative_soft
synthetic_user_0130,fbb68aab-9b3b-4e24-9109-ea047f927347,2026-04-01T05:40:39,1,1,1,0,1,3,218.58,6,3,0,0,0,0,3,1.03,0.0,0,1,29,9,3,3,0.3103,9,0,1,0.0,0,negative_hard
synthetic_user_0130,a8231f34-c157-4fcd-b08a-5a3420cc0cee,2026-04-01T05:40:39,1,1,1,0,1,3,218.58,6,3,0,0,0,0,1,0.69,0.0,0,1,26,7,0,1,0.2692,9,0,1,0.0,0,negative_hard
synthetic_user_0130,e06a75b5-86f9-4daf-b871-0fba7b7ba57d,2026-04-01T05:40:39,1,1,1,0,1,3,218.58,6,3,0,0,0,0,1,0.58,0.0,0,0,30,10,3,2,0.3333,9,0,1,0.0,0,negative_hard
synthetic_user_0130,8706bbb8-8343-4edc-9af4-244b9cad76aa,2026-04-01T05:40:39,1,1,0,1,0,3,218.58,6,3,0,0,0,0,0,0.47,0.0,0,0,168,49,13,5,0.2917,0,0,1,0.0,0,negative_soft
synthetic_user_0130,581c8e36-7a51-4e8e-ac1d-6e9c1d54940f,2026-04-01T05:52:53,1,1,1,0,1,3,218.59,6,4,0,0,0,0,3,1.03,0.0,0,1,17,4,3,1,0.2353,10,0,1,0.0,0,negative_hard
synthetic_user_0130,e06a75b5-86f9-4daf-b871-0fba7b7ba57d,2026-04-01T05:52:53,1,1,1,0,1,3,218.59,6,4,0,0,0,0,1,0.58,0.0,0,0,30,10,3,2,0.3333,10,0,1,0.0,0,negative_hard
synthetic_user_0130,33f6e3a9-237d-433e-b4b6-238e44c80117,2026-04-01T05:52:53,1,1,1,0,1,3,218.59,6,4,0,0,0,0,1,0.58,0.0,0,0,21,9,3,1,0.4286,10,0,1,0.0,0,negative_hard
synthetic_user_0130,8706bbb8-8343-4edc-9af4-244b9cad76aa,2026-04-01T05:52:53,1,1,0,1,0,3,218.59,6,4,0,0,0,0,0,0.47,0.0,0,0,168,49,13,5,0.2917,0,0,1,0.0,0,negative_soft
synthetic_user_0084,98a77293-8faf-4d27-8248-6eb91f481d8f,2026-04-01T20:17:57,1,1,1,0,1,3,226.84,5,2,0,0,2,0,0,0.58,0.0,0,0,32,16,7,6,0.5,9,0,1,0.0,0,negative_hard
synthetic_user_0084,dbcab77a-8d8a-4721-b07d-d5d9ecc7874d,2026-04-01T20:17:57,1,1,1,0,1,3,226.84,5,2,0,0,2,0,1,0.58,0.0,0,0,21,6,0,2,0.2857,9,0,1,0.0,0,negative_hard
synthetic_user_0084,f6081dfd-75ec-4719-a05b-6ec1f95df15f,2026-04-01T20:17:57,1,1,1,0,1,3,226.84,5,2,0,0,2,0,1,1.05,0.0,0,1,17,4,0,3,0.2353,9,0,1,0.0,0,negative_hard
synthetic_user_0084,8706bbb8-8343-4edc-9af4-244b9cad76aa,2026-04-01T20:17:57,1,1,0,1,0,3,226.84,5,2,0,0,2,0,0,0.47,0.0,0,0,169,49,13,5,0.2899,0,0,1,0.0,0,negative_soft
synthetic_user_0084,ea97dfce-6731-4b1d-9b03-485d04de4867,2026-04-01T20:19:39,1,1,1,0,1,3,226.84,5,3,0,0,2,0,3,1.03,0.0,0,1,20,7,1,2,0.35,10,0,2,0.0,0,negative_hard
synthetic_user_0084,dbcab77a-8d8a-4721-b07d-d5d9ecc7874d,2026-04-01T20:19:39,1,1,1,0,1,3,226.84,5,3,0,0,2,0,1,0.58,0.0,0,0,21,6,0,2,0.2857,10,0,2,0.0,0,negative_hard
synthetic_user_0084,5a0f55cf-16af-4459-9030-0c7c6e11207f,2026-04-01T20:19:39,1,1,1,0,1,3,226.84,5,3,0,0,2,0,0,0.58,0.0,0,0,22,9,2,2,0.4091,10,0,2,0.0,0,negative_hard
synthetic_user_0084,8706bbb8-8343-4edc-9af4-244b9cad76aa,2026-04-01T20:19:39,1,1,0,1,0,3,226.84,5,3,0,0,2,0,0,0.47,0.0,0,0,169,49,13,5,0.2899,0,0,2,0.0,0,negative_soft
synthetic_user_0030,830353af-6497-4bc7-bab8-08114b64b682,2026-04-02T07:32:34,0,0,0,2,0,1,215.46,6,0,0,0,0,0,0,1.05,0.0,0,0,24,10,2,3,0.4167,3,0,0,0.0,0,negative_soft
synthetic_user_0030,40a8032b-e43c-43dc-ba5f-d650f1c0a979,2026-04-02T07:32:34,0,0,0,2,0,1,215.46,6,0,0,0,0,0,1,0.41,0.0,0,1,21,11,5,2,0.5238,3,0,0,0.0,0,negative_soft
synthetic_user_0030,c5310615-4076-41e9-9064-736593600471,2026-04-02T07:32:34,0,0,0,2,0,1,215.46,6,0,0,0,0,0,0,1.03,0.0,0,0,26,10,1,4,0.3846,3,0,0,0.0,0,negative_soft
synthetic_user_0030,581c8e36-7a51-4e8e-ac1d-6e9c1d54940f,2026-04-02T07:32:34,0,0,0,2,0,1,215.46,6,0,0,0,0,0,3,1.03,0.0,0,1,18,5,4,1,0.2778,3,0,0,0.0,0,negative_soft
synthetic_user_0030,c5310615-4076-41e9-9064-736593600471,2026-04-02T07:41:22,0,0,0,2,0,1,215.47,6,1,0,0,0,0,0,1.03,0.0,0,0,26,10,1,4,0.3846,3,0,0,0.0,0,negative_soft
synthetic_user_0030,45a799e0-5716-4209-b489-bd8f9ef13974,2026-04-02T07:41:22,0,0,0,2,0,1,215.47,6,1,0,0,0,0,1,0.41,0.0,0,1,12,6,3,1,0.5,3,0,0,0.0,0,negative_soft
synthetic_user_0030,945e447f-c018-4d92-b5e5-2f1f7a11bd56,2026-04-02T07:41:22,0,0,0,2,0,1,215.47,6,1,0,0,0,0,3,1.03,0.0,0,1,13,3,1,1,0.2308,3,0,0,0.0,0,negative_soft
synthetic_user_0030,59bf0b38-d7b5-4024-a66e-a03f1b47095d,2026-04-02T07:41:22,0,0,0,2,0,1,215.47,6,1,0,0,0,0,3,1.03,0.0,0,1,23,10,4,1,0.4348,3,0,0,0.0,0,negative_soft
synthetic_user_0077,98a77293-8faf-4d27-8248-6eb91f481d8f,2026-04-02T18:52:27,1,1,1,0,1,3,210.93,8,3,2,0,1,0,0,0.58,0.0,0,0,32,16,7,6,0.5,13,0,3,0.0,0,negative_hard
synthetic_user_0077,33f6e3a9-237d-433e-b4b6-238e44c80117,2026-04-02T18:52:27,1,1,1,0,1,3,210.93,8,3,2,0,1,0,1,0.58,0.0,0,0,22,9,3,1,0.4091,13,0,3,0.0,0,negative_hard
synthetic_user_0077,f6081dfd-75ec-4719-a05b-6ec1f95df15f,2026-04-02T18:52:27,1,1,1,0,1,3,210.93,8,3,2,0,1,0,1,1.05,0.0,0,1,17,4,0,3,0.2353,13,0,3,0.0,0,negative_hard
synthetic_user_0077,7c1af9a0-cf09-4356-8c0d-d762fbb21208,2026-04-02T18:52:27,0,0,0,2,0,3,210.93,8,3,2,0,1,0,1,1.76,0.0,0,1,57,16,2,1,0.2807,0,0,0,0.0,0,negative_soft
synthetic_user_0176,2c1e63cb-30f5-4e05-92af-ea93368ef4ab,2026-04-02T21:17:57,1,1,1,0,1,3,225.75,3,2,2,1,0,0,1,0.41,0.0,0,1,29,11,2,2,0.3793,8,0,2,0.0,0,negative_hard
synthetic_user_0176,945e447f-c018-4d92-b5e5-2f1f7a11bd56,2026-04-02T21:17:57,1,1,1,0,1,3,225.75,3,2,2,1,0,0,3,1.03,0.0,0,1,13,3,1,1,0.2308,8,0,2,0.0,0,negative_hard
synthetic_user_0176,33f6e3a9-237d-433e-b4b6-238e44c80117,2026-04-02T21:17:57,1,1,1,0,1,3,225.75,3,2,2,1,0,0,1,0.58,0.0,0,0,22,9,3,1,0.4091,8,0,2,0.0,0,negative_hard
synthetic_user_0176,8706bbb8-8343-4edc-9af4-244b9cad76aa,2026-04-02T21:17:57,1,1,0,1,0,3,225.75,3,2,2,1,0,0,0,0.47,0.0,0,0,170,50,13,5,0.2941,0,0,2,0.0,0,negative_soft
synthetic_user_0176,5a0f55cf-16af-4459-9030-0c7c6e11207f,2026-04-02T21:27:25,1,1,1,0,1,3,225.76,3,3,2,1,0,0,0,0.58,0.0,0,0,22,9,2,2,0.4091,9,0,3,0.0,0,negative_hard
synthetic_user_0176,a18002e2-24a3-4da4-b558-ea8cadcb047e,2026-04-02T21:27:25,1,1,1,0,1,3,225.76,3,3,2,1,0,0,0,0.58,0.0,0,0,36,14,4,3,0.3889,9,0,3,0.0,0,negative_hard
synthetic_user_0176,33f6e3a9-237d-433e-b4b6-238e44c80117,2026-04-02T21:27:25,1,1,1,0,1,3,225.76,3,3,2,1,0,0,1,0.58,0.0,0,0,22,9,3,1,0.4091,9,0,3,0.0,0,negative_hard
synthetic_user_0176,8706bbb8-8343-4edc-9af4-244b9cad76aa,2026-04-02T21:27:25,1,1,0,1,0,3,225.76,3,3,2,1,0,0,0,0.47,0.0,0,0,170,50,13,5,0.2941,0,0,3,0.0,0,negative_soft
synthetic_user_0167,830353af-6497-4bc7-bab8-08114b64b682,2026-04-02T22:30:16,1,1,1,0,1,3,200.65,12,6,1,2,1,0,0,1.05,0.0,0,0,24,10,2,3,0.4167,21,0,5,0.0,0,negative_hard
synthetic_user_0167,09593622-ad83-4d14-8236-17bea51dbb13,2026-04-02T22:30:16,1,1,1,0,1,3,200.65,12,6,1,2,1,0,1,0.69,0.0,0,1,37,15,3,6,0.4054,21,0,5,0.0,0,negative_hard
synthetic_user_0167,dcf38bea-591e-47ae-aaaf-e01b841cc3b3,2026-04-02T22:30:16,1,1,1,0,1,3,200.65,12,6,1,2,1,0,1,0.69,0.0,0,1,35,12,5,4,0.3429,21,0,5,0.0,0,negative_hard
synthetic_user_0167,7c1af9a0-cf09-4356-8c0d-d762fbb21208,2026-04-02T22:30:16,0,0,0,2,0,3,200.65,12,6,1,2,1,0,1,1.76,0.0,0,1,57,16,2,1,0.2807,0,0,0,0.0,0,negative_soft
synthetic_user_0167,09593622-ad83-4d14-8236-17bea51dbb13,2026-04-02T22:38:46,1,1,1,0,1,3,200.66,13,6,1,2,1,0,1,0.69,0.0,0,1,37,15,3,6,0.4054,22,0,5,0.0,0,negative_hard
synthetic_user_0167,59bf0b38-d7b5-4024-a66e-a03f1b47095d,2026-04-02T22:38:46,1,1,1,0,1,3,200.66,13,6,1,2,1,0,3,1.03,0.0,0,1,23,10,4,1,0.4348,22,0,5,0.0,0,negative_hard
synthetic_user_0167,85526add-cd5a-4107-a07e-62ff3f493082,2026-04-02T22:38:46,1,1,1,0,1,3,200.66,13,6,1,2,1,0,0,0.41,0.0,0,0,37,15,5,4,0.4054,22,0,5,0.0,0,negative_hard
synthetic_user_0167,7c1af9a0-cf09-4356-8c0d-d762fbb21208,2026-04-02T22:38:46,0,0,0,2,0,3,200.66,13,6,1,2,1,0,1,1.76,0.0,0,1,57,16,2,1,0.2807,0,0,0,0.0,0,negative_soft
synthetic_user_0167,e72c3d3b-cf36-4cc4-9a40-d8cc5d28df84,2026-04-02T22:57:43,1,1,1,0,1,3,200.67,13,7,1,2,1,0,1,0.41,0.0,0,1,22,9,5,3,0.4091,23,0,5,0.0,0,negative_hard
synthetic_user_0167,a8231f34-c157-4fcd-b08a-5a3420cc0cee,2026-04-02T22:57:43,1,1,1,0,1,3,200.67,13,7,1,2,1,0,1,0.69,0.0,0,1,26,7,0,1,0.2692,23,0,5,0.0,0,negative_hard
synthetic_user_0167,85526add-cd5a-4107-a07e-62ff3f493082,2026-04-02T22:57:43,1,1,1,0,1,3,200.67,13,7,1,2,1,0,0,0.41,0.0,0,0,37,15,5,4,0.4054,23,0,5,0.0,0,negative_hard
synthetic_user_0167,7c1af9a0-cf09-4356-8c0d-d762fbb21208,2026-04-02T22:57:43,0,0,0,2,0,3,200.67,13,7,1,2,1,0,1,1.76,0.0,0,1,57,16,2,1,0.2807,0,0,0,0.0,0,negative_soft
synthetic_user_0078,59bf0b38-d7b5-4024-a66e-a03f1b47095d,2026-04-03T19:16:02,1,1,1,0,1,3,204.66,11,2,0,0,0,0,3,1.03,0.0,0,1,23,10,4,1,0.4348,11,0,2,0.0,0,negative_hard
synthetic_user_0078,bd6bddb1-3e29-4767-a194-6196e46f7456,2026-04-03T19:16:02,1,1,1,0,1,3,204.66,11,2,0,0,0,0,1,0.41,0.0,0,1,23,6,1,1,0.2609,11,0,2,0.0,0,negative_hard
synthetic_user_0078,09593622-ad83-4d14-8236-17bea51dbb13,2026-04-03T19:16:02,1,1,1,0,1,3,204.66,11,2,0,0,0,0,1,0.69,0.0,0,1,37,15,3,6,0.4054,11,0,2,0.0,0,negative_hard
synthetic_user_0078,7c1af9a0-cf09-4356-8c0d-d762fbb21208,2026-04-03T19:16:02,0,0,0,2,0,3,204.66,11,2,0,0,0,0,1,1.76,0.0,0,1,57,16,2,1,0.2807,0,0,0,0.0,0,negative_soft
synthetic_user_0078,98a77293-8faf-4d27-8248-6eb91f481d8f,2026-04-03T19:22:58,1,1,1,0,1,3,204.67,11,3,0,0,0,0,0,0.58,0.0,0,0,32,16,7,6,0.5,12,0,3,0.0,0,negative_hard
synthetic_user_0078,ea97dfce-6731-4b1d-9b03-485d04de4867,2026-04-03T19:22:58,1,1,1,0,1,3,204.67,11,3,0,0,0,0,3,1.03,0.0,0,1,20,7,1,2,0.35,12,0,3,0.0,0,negative_hard
synthetic_user_0078,09593622-ad83-4d14-8236-17bea51dbb13,2026-04-03T19:22:58,1,1,1,0,1,3,204.67,11,3,0,0,0,0,1,0.69,0.0,0,1,37,15,3,6,0.4054,12,0,3,0.0,0,negative_hard
synthetic_user_0078,7c1af9a0-cf09-4356-8c0d-d762fbb21208,2026-04-03T19:22:58,0,0,0,2,0,3,204.67,11,3,0,0,0,0,1,1.76,0.0,0,1,57,16,2,1,0.2807,0,0,0,0.0,0,negative_soft
synthetic_user_0069,45a799e0-5716-4209-b489-bd8f9ef13974,2026-04-03T20:50:01,1,1,1,0,1,3,221.35,6,2,1,0,2,0,1,0.41,0.0,0,1,12,6,3,1,0.5,11,0,3,0.0,0,negative_hard
synthetic_user_0069,85526add-cd5a-4107-a07e-62ff3f493082,2026-04-03T20:50:01,1,1,1,0,1,3,221.35,6,2,1,0,2,0,0,0.41,0.0,0,0,37,15,5,4,0.4054,11,0,3,0.0,0,negative_hard
synthetic_user_0069,dcf38bea-591e-47ae-aaaf-e01b841cc3b3,2026-04-03T20:50:01,1,1,1,0,1,3,221.35,6,2,1,0,2,0,1,0.69,0.0,0,1,35,12,5,4,0.3429,11,0,3,0.0,0,negative_hard
synthetic_user_0069,8706bbb8-8343-4edc-9af4-244b9cad76aa,2026-04-03T20:50:01,1,1,0,1,0,3,221.35,6,2,1,0,2,0,0,0.47,0.0,0,0,170,50,13,5,0.2941,0,0,3,0.0,0,negative_soft
synthetic_user_0069,a8231f34-c157-4fcd-b08a-5a3420cc0cee,2026-04-03T20:54:34,1,1,1,0,1,3,221.35,6,3,1,0,2,0,1,0.69,0.0,0,1,26,7,0,1,0.2692,12,0,4,0.0,0,negative_hard
synthetic_user_0069,ea97dfce-6731-4b1d-9b03-485d04de4867,2026-04-03T20:54:34,1,1,1,0,1,3,221.35,6,3,1,0,2,0,3,1.03,0.0,0,1,20,7,1,2,0.35,12,0,4,0.0,0,negative_hard
synthetic_user_0069,e72c3d3b-cf36-4cc4-9a40-d8cc5d28df84,2026-04-03T20:54:34,1,1,1,0,1,3,221.35,6,3,1,0,2,0,1,0.41,0.0,0,1,22,9,5,3,0.4091,12,0,4,0.0,0,negative_hard
synthetic_user_0069,8706bbb8-8343-4edc-9af4-244b9cad76aa,2026-04-03T20:54:34,1,1,0,1,0,3,221.35,6,3,1,0,2,0,0,0.47,0.0,0,0,170,50,13,5,0.2941,0,0,4,0.0,0,negative_soft
synthetic_user_0168,33f6e3a9-237d-433e-b4b6-238e44c80117,2026-04-05T08:11:04,1,1,1,0,1,3,230.55,10,2,0,1,1,0,1,0.58,0.0,0,0,22,9,3,1,0.4091,10,0,2,0.0,0,negative_hard
synthetic_user_0168,945e447f-c018-4d92-b5e5-2f1f7a11bd56,2026-04-05T08:11:04,1,1,1,0,1,3,230.55,10,2,0,1,1,0,3,1.03,0.0,0,1,13,3,1,1,0.2308,10,0,2,0.0,0,negative_hard
synthetic_user_0168,b1e94dc4-e19f-4e9b-85e1-69c3b4ab0e97,2026-04-05T08:11:04,1,1,1,0,1,3,230.55,10,2,0,1,1,0,3,1.03,0.0,0,1,27,15,9,3,0.5556,10,0,2,0.0,0,negative_hard
synthetic_user_0168,7c1af9a0-cf09-4356-8c0d-d762fbb21208,2026-04-05T08:11:04,0,0,0,2,0,3,230.55,10,2,0,1,1,0,1,1.76,0.0,0,1,57,16,2,1,0.2807,0,0,0,0.0,0,negative_soft
synthetic_user_0056,98a77293-8faf-4d27-8248-6eb91f481d8f,2026-04-05T19:14:22,1,1,1,0,1,3,215.02,2,1,0,0,0,1,0,0.58,0.0,0,0,32,16,7,6,0.5,3,0,1,0.0,0,negative_hard
synthetic_user_0056,f6081dfd-75ec-4719-a05b-6ec1f95df15f,2026-04-05T19:14:22,1,1,1,0,1,3,215.02,2,1,0,0,0,1,1,1.05,0.0,0,1,18,5,1,3,0.2778,3,0,1,0.0,0,negative_hard
synthetic_user_0056,59bf0b38-d7b5-4024-a66e-a03f1b47095d,2026-04-05T19:14:22,1,1,1,0,1,3,215.02,2,1,0,0,0,1,3,1.03,0.0,0,1,23,10,4,1,0.4348,3,0,1,0.0,0,negative_hard
synthetic_user_0056,8706bbb8-8343-4edc-9af4-244b9cad76aa,2026-04-05T19:14:22,1,1,0,1,0,3,215.02,2,1,0,0,0,1,0,0.47,0.0,0,0,171,50,13,5,0.2924,0,0,1,0.0,0,negative_soft
synthetic_user_0056,087164bc-8a57-44b1-bd06-0644f475917b,2026-04-05T19:25:43,1,1,1,0,1,3,215.03,3,1,0,0,0,1,0,0.58,0.0,0,0,30,10,2,1,0.3333,4,0,1,0.0,0,negative_hard
synthetic_user_0056,581c8e36-7a51-4e8e-ac1d-6e9c1d54940f,2026-04-05T19:25:43,1,1,1,0,1,3,215.03,3,1,0,0,0,1,3,1.03,0.0,0,1,18,5,4,1,0.2778,4,0,1,0.0,0,negative_hard
synthetic_user_0056,dcd20897-e14a-43fc-b2ba-66bb4a569874,2026-04-05T19:25:43,1,1,1,0,1,3,215.03,3,1,0,0,0,1,1,0.69,0.0,0,1,26,12,4,3,0.4615,4,0,1,0.0,0,negative_hard
synthetic_user_0056,8706bbb8-8343-4edc-9af4-244b9cad76aa,2026-04-05T19:25:43,1,1,0,1,0,3,215.03,3,1,0,0,0,1,0,0.47,0.0,0,0,171,50,13,5,0.2924,0,0,1,0.0,0,negative_soft
synthetic_user_0060,dcf38bea-591e-47ae-aaaf-e01b841cc3b3,2026-04-06T00:49:22,1,1,1,0,1,3,222.0,4,1,0,0,0,1,1,0.69,0.0,0,1,35,12,5,4,0.3429,4,0,1,0.0,0,negative_hard
synthetic_user_0060,fbb68aab-9b3b-4e24-9109-ea047f927347,2026-04-06T00:49:22,1,1,1,0,1,3,222.0,4,1,0,0,0,1,3,1.03,0.0,0,1,30,9,3,3,0.3,4,0,1,0.0,0,negative_hard
synthetic_user_0060,e72c3d3b-cf36-4cc4-9a40-d8cc5d28df84,2026-04-06T00:49:22,1,1,1,0,1,3,222.0,4,1,0,0,0,1,1,0.41,0.0,0,1,23,9,5,3,0.3913,4,0,1,0.0,0,negative_hard
synthetic_user_0060,7c1af9a0-cf09-4356-8c0d-d762fbb21208,2026-04-06T00:49:22,0,0,0,2,0,3,222.0,4,1,0,0,0,1,1,1.76,0.0,0,1,57,16,2,1,0.2807,0,0,0,0.0,0,negative_soft
synthetic_user_0060,a8231f34-c157-4fcd-b08a-5a3420cc0cee,2026-04-06T00:59:54,1,1,1,0,1,3,222.01,5,1,0,0,0,1,1,0.69,0.0,0,1,26,7,0,1,0.2692,5,0,1,0.0,0,negative_hard
synthetic_user_0060,dcf38bea-591e-47ae-aaaf-e01b841cc3b3,2026-04-06T00:59:54,1,1,1,0,1,3,222.01,5,1,0,0,0,1,1,0.69,0.0,0,1,35,12,5,4,0.3429,5,0,1,0.0,0,negative_hard
synthetic_user_0060,98a77293-8faf-4d27-8248-6eb91f481d8f,2026-04-06T00:59:54,1,1,1,0,1,3,222.01,5,1,0,0,0,1,0,0.58,0.0,0,0,32,16,7,6,0.5,5,0,1,0.0,0,negative_hard
synthetic_user_0060,7c1af9a0-cf09-4356-8c0d-d762fbb21208,2026-04-06T00:59:54,0,0,0,2,0,3,222.01,5,1,0,0,0,1,1,1.76,0.0,0,1,57,16,2,1,0.2807,0,0,0,0.0,0,negative_soft
synthetic_user_0060,e72c3d3b-cf36-4cc4-9a40-d8cc5d28df84,2026-04-06T01:04:57,1,1,1,0,1,3,222.02,5,1,0,0,1,1,1,0.41,0.0,0,1,23,9,5,3,0.3913,6,0,2,0.0,0,negative_hard
synthetic_user_0060,2c1e63cb-30f5-4e05-92af-ea93368ef4ab,2026-04-06T01:04:57,1,1,1,0,1,3,222.02,5,1,0,0,1,1,1,0.41,0.0,0,1,29,11,2,2,0.3793,6,0,2,0.0,0,negative_hard
synthetic_user_0060,087164bc-8a57-44b1-bd06-0644f475917b,2026-04-06T01:04:57,1,1,1,0,1,3,222.02,5,1,0,0,1,1,0,0.58,0.0,0,0,30,10,2,1,0.3333,6,0,2,0.0,0,negative_hard
synthetic_user_0060,7c1af9a0-cf09-4356-8c0d-d762fbb21208,2026-04-06T01:04:57,0,0,0,2,0,3,222.02,5,1,0,0,1,1,1,1.76,0.0,0,1,57,16,2,1,0.2807,0,0,0,0.0,0,negative_soft
synthetic_user_0084,c5310615-4076-41e9-9064-736593600471,2026-04-06T20:20:00,1,1,1,0,1,3,231.84,6,3,1,0,2,0,0,1.03,0.0,0,0,26,10,1,4,0.3846,12,0,2,0.0,0,negative_hard
synthetic_user_0084,95461cac-4301-4ade-8b3c-98201e8731db,2026-04-06T20:20:00,1,1,1,0,1,3,231.84,6,3,1,0,2,0,1,0.41,0.0,0,1,18,7,1,0,0.3889,12,0,2,0.0,0,negative_hard
synthetic_user_0084,dbcab77a-8d8a-4721-b07d-d5d9ecc7874d,2026-04-06T20:20:00,1,1,1,0,1,3,231.84,6,3,1,0,2,0,1,0.58,0.0,0,0,22,6,0,2,0.2727,12,0,2,0.0,0,negative_hard
synthetic_user_0084,8706bbb8-8343-4edc-9af4-244b9cad76aa,2026-04-06T20:20:00,1,1,0,1,0,3,231.84,6,3,1,0,2,0,0,0.47,0.0,0,0,172,50,13,5,0.2907,0,0,2,0.0,0,negative_soft
synthetic_user_0084,b1e94dc4-e19f-4e9b-85e1-69c3b4ab0e97,2026-04-06T20:25:39,1,1,1,0,1,3,231.85,6,4,1,0,2,0,3,1.03,0.0,0,1,27,15,9,3,0.5556,13,0,2,0.0,0,negative_hard
synthetic_user_0084,c5310615-4076-41e9-9064-736593600471,2026-04-06T20:25:39,1,1,1,0,1,3,231.85,6,4,1,0,2,0,0,1.03,0.0,0,0,26,10,1,4,0.3846,13,0,2,0.0,0,negative_hard
synthetic_user_0084,59bf0b38-d7b5-4024-a66e-a03f1b47095d,2026-04-06T20:25:39,1,1,1,0,1,3,231.85,6,4,1,0,2,0,3,1.03,0.0,0,1,23,10,4,1,0.4348,13,0,2,0.0,0,negative_hard
synthetic_user_0084,8706bbb8-8343-4edc-9af4-244b9cad76aa,2026-04-06T20:25:39,1,1,0,1,0,3,231.85,6,4,1,0,2,0,0,0.47,0.0,0,0,172,50,13,5,0.2907,0,0,2,0.0,0,negative_soft
synthetic_user_0104,ea97dfce-6731-4b1d-9b03-485d04de4867,2026-04-07T01:00:57,1,1,0,1,0,4,222.37,4,2,1,1,0,1,3,1.03,0.0,0,1,20,7,1,2,0.35,0,0,1,0.0,0,negative_soft
synthetic_user_0104,2c1e63cb-30f5-4e05-92af-ea93368ef4ab,2026-04-07T01:00:57,1,1,0,1,0,4,222.37,4,2,1,1,0,1,1,0.41,0.0,0,1,29,11,2,2,0.3793,0,0,1,0.0,0,negative_soft
synthetic_user_0104,33f6e3a9-237d-433e-b4b6-238e44c80117,2026-04-07T01:00:57,1,1,0,1,0,4,222.37,4,2,1,1,0,1,1,0.58,0.0,0,0,22,9,3,1,0.4091,0,0,1,0.0,0,negative_soft
synthetic_user_0104,fbb68aab-9b3b-4e24-9109-ea047f927347,2026-04-07T01:00:57,1,1,0,1,0,4,222.37,4,2,1,1,0,1,3,1.03,0.0,0,1,30,9,3,3,0.3,0,0,1,0.0,0,negative_soft
synthetic_user_0104,a18002e2-24a3-4da4-b558-ea8cadcb047e,2026-04-07T01:06:37,1,1,0,1,0,4,222.37,4,3,1,1,0,1,0,0.58,0.0,0,0,37,15,5,3,0.4054,0,0,1,0.0,0,negative_soft
synthetic_user_0104,ea97dfce-6731-4b1d-9b03-485d04de4867,2026-04-07T01:06:37,1,1,0,1,0,4,222.37,4,3,1,1,0,1,3,1.03,0.0,0,1,20,7,1,2,0.35,0,0,1,0.0,0,negative_soft
synthetic_user_0104,830353af-6497-4bc7-bab8-08114b64b682,2026-04-07T01:06:37,1,1,0,1,0,4,222.37,4,3,1,1,0,1,0,1.05,0.0,0,0,24,10,2,3,0.4167,0,0,1,0.0,0,negative_soft
synthetic_user_0104,59bf0b38-d7b5-4024-a66e-a03f1b47095d,2026-04-07T01:06:37,1,1,0,1,0,4,222.37,4,3,1,1,0,1,3,1.03,0.0,0,1,23,10,4,1,0.4348,0,0,1,0.0,0,negative_soft
synthetic_user_0134,e06a75b5-86f9-4daf-b871-0fba7b7ba57d,2026-04-07T02:32:51,1,1,1,0,1,3,214.79,5,2,1,1,0,1,1,0.58,0.0,0,0,31,11,3,3,0.3548,9,0,1,0.0,0,negative_hard
synthetic_user_0134,a8231f34-c157-4fcd-b08a-5a3420cc0cee,2026-04-07T02:32:51,1,1,1,0,1,3,214.79,5,2,1,1,0,1,1,0.69,0.0,0,1,26,7,0,1,0.2692,9,0,1,0.0,0,negative_hard
synthetic_user_0134,e72c3d3b-cf36-4cc4-9a40-d8cc5d28df84,2026-04-07T02:32:51,1,1,1,0,1,3,214.79,5,2,1,1,0,1,1,0.41,0.0,0,1,23,9,5,3,0.3913,9,0,1,0.0,0,negative_hard
synthetic_user_0134,8706bbb8-8343-4edc-9af4-244b9cad76aa,2026-04-07T02:32:51,1,1,0,1,0,3,214.79,5,2,1,1,0,1,0,0.47,0.0,0,0,174,51,14,5,0.2931,0,0,1,0.0,0,negative_soft
synthetic_user_0134,45a799e0-5716-4209-b489-bd8f9ef13974,2026-04-07T02:34:02,1,1,1,0,1,3,214.79,5,3,1,1,0,1,1,0.41,0.0,0,1,13,6,3,1,0.4615,10,0,2,0.0,0,negative_hard
synthetic_user_0134,a8231f34-c157-4fcd-b08a-5a3420cc0cee,2026-04-07T02:34:02,1,1,1,0,1,3,214.79,5,3,1,1,0,1,1,0.69,0.0,0,1,26,7,0,1,0.2692,10,0,2,0.0,0,negative_hard
synthetic_user_0134,dbcab77a-8d8a-4721-b07d-d5d9ecc7874d,2026-04-07T02:34:02,1,1,1,0,1,3,214.79,5,3,1,1,0,1,1,0.58,0.0,0,0,22,6,0,2,0.2727,10,0,2,0.0,0,negative_hard
synthetic_user_0134,8706bbb8-8343-4edc-9af4-244b9cad76aa,2026-04-07T02:34:02,1,1,0,1,0,3,214.79,5,3,1,1,0,1,0,0.47,0.0,0,0,174,51,14,5,0.2931,0,0,2,0.0,0,negative_soft
synthetic_user_0046,95461cac-4301-4ade-8b3c-98201e8731db,2026-04-07T18:48:42,1,1,1,0,1,3,223.56,4,0,0,0,0,0,1,0.41,0.0,0,1,18,7,1,0,0.3889,2,0,0,0.0,0,negative_hard
synthetic_user_0046,581c8e36-7a51-4e8e-ac1d-6e9c1d54940f,2026-04-07T18:48:42,1,1,1,0,1,3,223.56,4,0,0,0,0,0,3,1.03,0.0,0,1,18,5,4,1,0.2778,2,0,0,0.0,0,negative_hard
synthetic_user_0046,8b44ea69-a5bb-4779-8c63-bf20e4da58c7,2026-04-07T18:48:42,1,1,1,0,1,3,223.56,4,0,0,0,0,0,1,0.69,0.0,0,1,37,18,6,4,0.4865,2,0,0,0.0,0,negative_hard
synthetic_user_0057,f6081dfd-75ec-4719-a05b-6ec1f95df15f,2026-04-07T22:18:29,1,1,1,0,1,3,212.08,9,4,0,2,1,0,1,1.05,0.0,0,1,18,5,1,3,0.2778,15,0,2,0.0,0,negative_hard
synthetic_user_0057,2c1e63cb-30f5-4e05-92af-ea93368ef4ab,2026-04-07T22:18:29,1,1,1,0,1,3,212.08,9,4,0,2,1,0,1,0.41,0.0,0,1,29,11,2,2,0.3793,15,0,2,0.0,0,negative_hard
synthetic_user_0057,45a799e0-5716-4209-b489-bd8f9ef13974,2026-04-07T22:18:29,1,1,1,0,1,3,212.08,9,4,0,2,1,0,1,0.41,0.0,0,1,13,6,3,1,0.4615,15,0,2,0.0,0,negative_hard
synthetic_user_0057,7c1af9a0-cf09-4356-8c0d-d762fbb21208,2026-04-07T22:18:29,0,0,0,2,0,3,212.08,9,4,0,2,1,0,1,1.76,0.0,0,1,57,16,2,1,0.2807,0,0,0,0.0,0,negative_soft
synthetic_user_0079,2c1e63cb-30f5-4e05-92af-ea93368ef4ab,2026-04-08T07:07:55,1,1,1,0,1,3,207.68,5,1,0,0,2,0,1,0.41,0.0,0,1,29,11,2,2,0.3793,7,0,2,0.0,0,negative_hard
synthetic_user_0079,59bf0b38-d7b5-4024-a66e-a03f1b47095d,2026-04-08T07:07:55,1,1,1,0,1,3,207.68,5,1,0,0,2,0,3,1.03,0.0,0,1,23,10,4,1,0.4348,7,0,2,0.0,0,negative_hard
synthetic_user_0079,dcf38bea-591e-47ae-aaaf-e01b841cc3b3,2026-04-08T07:07:55,1,1,1,0,1,3,207.68,5,1,0,0,2,0,1,0.69,0.0,0,1,35,12,5,4,0.3429,7,0,2,0.0,0,negative_hard
synthetic_user_0079,8706bbb8-8343-4edc-9af4-244b9cad76aa,2026-04-08T07:07:55,1,1,0,1,0,3,207.68,5,1,0,0,2,0,0,0.47,0.0,0,0,175,51,14,5,0.2914,0,0,2,0.0,0,negative_soft
synthetic_user_0051,e06a75b5-86f9-4daf-b871-0fba7b7ba57d,2026-04-08T21:04:16,1,1,1,0,1,3,208.79,10,4,1,0,0,1,1,0.58,0.0,0,0,31,11,3,3,0.3548,11,0,3,0.0,0,negative_hard
synthetic_user_0051,fbb68aab-9b3b-4e24-9109-ea047f927347,2026-04-08T21:04:16,1,1,1,0,1,3,208.79,10,4,1,0,0,1,3,1.03,0.0,0,1,30,9,3,3,0.3,11,0,3,0.0,0,negative_hard
synthetic_user_0051,c5310615-4076-41e9-9064-736593600471,2026-04-08T21:04:16,1,1,1,0,1,3,208.79,10,4,1,0,0,1,0,1.03,0.0,0,0,26,10,1,4,0.3846,11,0,3,0.0,0,negative_hard
synthetic_user_0051,7c1af9a0-cf09-4356-8c0d-d762fbb21208,2026-04-08T21:04:16,0,0,0,2,0,3,208.79,10,4,1,0,0,1,1,1.76,0.0,0,1,57,16,2,1,0.2807,0,0,0,0.0,0,negative_soft
synthetic_user_0117,5a0f55cf-16af-4459-9030-0c7c6e11207f,2026-04-08T21:31:28,1,1,1,0,1,3,220.23,4,2,0,1,0,1,0,0.58,0.0,0,0,23,10,3,2,0.4348,6,0,2,0.0,0,negative_hard
synthetic_user_0117,2c1e63cb-30f5-4e05-92af-ea93368ef4ab,2026-04-08T21:31:28,1,1,1,0,1,3,220.23,4,2,0,1,0,1,1,0.41,0.0,0,1,29,11,2,2,0.3793,6,0,2,0.0,0,negative_hard
synthetic_user_0117,830353af-6497-4bc7-bab8-08114b64b682,2026-04-08T21:31:28,1,1,1,0,1,3,220.23,4,2,0,1,0,1,0,1.05,0.0,0,0,25,10,2,3,0.4,6,0,2,0.0,0,negative_hard
synthetic_user_0117,7c1af9a0-cf09-4356-8c0d-d762fbb21208,2026-04-08T21:31:28,0,0,0,2,0,3,220.23,4,2,0,1,0,1,1,1.76,0.0,0,1,57,16,2,1,0.2807,0,0,0,0.0,0,negative_soft
synthetic_user_0144,dbcab77a-8d8a-4721-b07d-d5d9ecc7874d,2026-04-09T01:22:37,1,1,1,0,1,3,211.22,10,2,1,1,0,0,1,0.58,0.0,0,0,22,6,0,2,0.2727,14,0,2,0.0,0,negative_hard
synthetic_user_0144,087164bc-8a57-44b1-bd06-0644f475917b,2026-04-09T01:22:37,1,1,1,0,1,3,211.22,10,2,1,1,0,0,0,0.58,0.0,0,0,31,10,2,1,0.3226,14,0,2,0.0,0,negative_hard
synthetic_user_0144,85526add-cd5a-4107-a07e-62ff3f493082,2026-04-09T01:22:37,1,1,1,0,1,3,211.22,10,2,1,1,0,0,0,0.41,0.0,0,0,40,15,5,4,0.375,14,0,2,0.0,0,negative_hard
synthetic_user_0144,8706bbb8-8343-4edc-9af4-244b9cad76aa,2026-04-09T01:22:37,1,1,0,1,0,3,211.22,10,2,1,1,0,0,0,0.47,0.0,0,0,176,51,14,5,0.2898,0,0,2,0.0,0,negative_soft
synthetic_user_0147,8b44ea69-a5bb-4779-8c63-bf20e4da58c7,2026-04-09T03:16:03,1,1,1,0,1,3,217.7,7,3,1,0,2,0,1,0.69,0.0,0,1,37,18,6,4,0.4865,12,0,2,0.0,0,negative_hard
synthetic_user_0147,945e447f-c018-4d92-b5e5-2f1f7a11bd56,2026-04-09T03:16:03,1,1,1,0,1,3,217.7,7,3,1,0,2,0,3,1.03,0.0,0,1,13,3,1,1,0.2308,12,0,2,0.0,0,negative_hard
synthetic_user_0147,09593622-ad83-4d14-8236-17bea51dbb13,2026-04-09T03:16:03,1,1,1,0,1,3,217.7,7,3,1,0,2,0,1,0.69,0.0,0,1,37,15,3,6,0.4054,12,0,2,0.0,0,negative_hard
synthetic_user_0147,7c1af9a0-cf09-4356-8c0d-d762fbb21208,2026-04-09T03:16:03,0,0,0,2,0,3,217.7,7,3,1,0,2,0,1,1.76,0.0,0,1,57,16,2,1,0.2807,0,0,0,0.0,0,negative_soft
synthetic_user_0147,40a8032b-e43c-43dc-ba5f-d650f1c0a979,2026-04-09T03:18:24,1,1,1,0,1,3,217.7,7,4,1,0,2,0,1,0.41,0.0,0,1,21,11,5,2,0.5238,13,0,3,0.0,0,negative_hard
synthetic_user_0147,a18002e2-24a3-4da4-b558-ea8cadcb047e,2026-04-09T03:18:24,1,1,1,0,1,3,217.7,7,4,1,0,2,0,0,0.58,0.0,0,0,37,15,5,3,0.4054,13,0,3,0.0,0,negative_hard
synthetic_user_0147,dcf38bea-591e-47ae-aaaf-e01b841cc3b3,2026-04-09T03:18:24,1,1,1,0,1,3,217.7,7,4,1,0,2,0,1,0.69,0.0,0,1,35,12,5,4,0.3429,13,0,3,0.0,0,negative_hard
synthetic_user_0147,7c1af9a0-cf09-4356-8c0d-d762fbb21208,2026-04-09T03:18:24,0,0,0,2,0,3,217.7,7,4,1,0,2,0,1,1.76,0.0,0,1,57,16,2,1,0.2807,0,0,0,0.0,0,negative_soft
synthetic_user_0124,f6081dfd-75ec-4719-a05b-6ec1f95df15f,2026-04-09T03:50:44,1,1,1,0,1,3,230.46,8,2,1,1,1,0,1,1.05,0.0,0,1,18,5,1,3,0.2778,11,0,2,0.0,0,negative_hard
synthetic_user_0124,b1e94dc4-e19f-4e9b-85e1-69c3b4ab0e97,2026-04-09T03:50:44,1,1,1,0,1,3,230.46,8,2,1,1,1,0,3,1.03,0.0,0,1,27,15,9,3,0.5556,11,0,2,0.0,0,negative_hard
synthetic_user_0124,09593622-ad83-4d14-8236-17bea51dbb13,2026-04-09T03:50:44,1,1,1,0,1,3,230.46,8,2,1,1,1,0,1,0.69,0.0,0,1,37,15,3,6,0.4054,11,0,2,0.0,0,negative_hard
synthetic_user_0124,7c1af9a0-cf09-4356-8c0d-d762fbb21208,2026-04-09T03:50:44,0,0,0,2,0,3,230.46,8,2,1,1,1,0,1,1.76,0.0,0,1,57,16,2,1,0.2807,0,0,0,0.0,0,negative_soft
synthetic_user_0124,ea97dfce-6731-4b1d-9b03-485d04de4867,2026-04-09T03:56:07,1,1,1,0,1,3,230.46,8,3,1,1,1,0,3,1.03,0.0,0,1,20,7,1,2,0.35,12,0,3,0.0,0,negative_hard
synthetic_user_0124,45a799e0-5716-4209-b489-bd8f9ef13974,2026-04-09T03:56:07,1,1,1,0,1,3,230.46,8,3,1,1,1,0,1,0.41,0.0,0,1,14,6,3,1,0.4286,12,0,3,0.0,0,negative_hard
synthetic_user_0124,dbcab77a-8d8a-4721-b07d-d5d9ecc7874d,2026-04-09T03:56:07,1,1,1,0,1,3,230.46,8,3,1,1,1,0,1,0.58,0.0,0,0,22,6,0,2,0.2727,12,0,3,0.0,0,negative_hard
synthetic_user_0124,7c1af9a0-cf09-4356-8c0d-d762fbb21208,2026-04-09T03:56:07,0,0,0,2,0,3,230.46,8,3,1,1,1,0,1,1.76,0.0,0,1,57,16,2,1,0.2807,0,0,0,0.0,0,negative_soft
synthetic_user_0124,087164bc-8a57-44b1-bd06-0644f475917b,2026-04-09T03:59:53,1,1,1,0,1,3,230.46,8,3,1,2,1,0,0,0.58,0.0,0,0,31,10,2,1,0.3226,13,0,3,0.0,0,negative_hard
synthetic_user_0124,a8231f34-c157-4fcd-b08a-5a3420cc0cee,2026-04-09T03:59:53,1,1,1,0,1,3,230.46,8,3,1,2,1,0,1,0.69,0.0,0,1,27,7,0,1,0.2593,13,0,3,0.0,0,negative_hard
synthetic_user_0124,a18002e2-24a3-4da4-b558-ea8cadcb047e,2026-04-09T03:59:53,1,1,1,0,1,3,230.46,8,3,1,2,1,0,0,0.58,0.0,0,0,37,15,5,3,0.4054,13,0,3,0.0,0,negative_hard
synthetic_user_0124,7c1af9a0-cf09-4356-8c0d-d762fbb21208,2026-04-09T03:59:53,0,0,0,2,0,3,230.46,8,3,1,2,1,0,1,1.76,0.0,0,1,57,16,2,1,0.2807,0,0,0,0.0,0,negative_soft
synthetic_user_0080,c5310615-4076-41e9-9064-736593600471,2026-04-09T04:07:39,0,0,0,2,0,1,212.42,8,1,0,0,1,0,0,1.03,0.0,0,0,26,10,1,4,0.3846,5,0,0,0.0,0,negative_soft
synthetic_user_0080,09593622-ad83-4d14-8236-17bea51dbb13,2026-04-09T04:07:39,0,0,0,2,0,1,212.42,8,1,0,0,1,0,1,0.69,0.0,0,1,37,15,3,6,0.4054,5,0,0,0.0,0,negative_soft
synthetic_user_0080,f6081dfd-75ec-4719-a05b-6ec1f95df15f,2026-04-09T04:07:39,0,0,0,2,0,1,212.42,8,1,0,0,1,0,1,1.05,0.0,0,1,18,5,1,3,0.2778,5,0,0,0.0,0,negative_soft
synthetic_user_0080,5a0f55cf-16af-4459-9030-0c7c6e11207f,2026-04-09T04:07:39,0,0,0,2,0,1,212.42,8,1,0,0,1,0,0,0.58,0.0,0,0,23,10,3,2,0.4348,5,0,0,0.0,0,negative_soft
synthetic_user_0099,09593622-ad83-4d14-8236-17bea51dbb13,2026-04-09T09:13:52,1,1,1,0,1,3,217.78,3,1,0,1,0,1,1,0.69,0.0,0,1,37,15,3,6,0.4054,4,0,1,0.0,0,negative_hard
synthetic_user_0099,ea97dfce-6731-4b1d-9b03-485d04de4867,2026-04-09T09:13:52,1,1,1,0,1,3,217.78,3,1,0,1,0,1,3,1.03,0.0,0,1,20,7,1,2,0.35,4,0,1,0.0,0,negative_hard
synthetic_user_0099,581c8e36-7a51-4e8e-ac1d-6e9c1d54940f,2026-04-09T09:13:52,1,1,1,0,1,3,217.78,3,1,0,1,0,1,3,1.03,0.0,0,1,18,5,4,1,0.2778,4,0,1,0.0,0,negative_hard
synthetic_user_0099,7c1af9a0-cf09-4356-8c0d-d762fbb21208,2026-04-09T09:13:52,0,0,0,2,0,3,217.78,3,1,0,1,0,1,1,1.76,0.0,0,1,57,16,2,1,0.2807,0,0,0,0.0,0,negative_soft
synthetic_user_0071,2c1e63cb-30f5-4e05-92af-ea93368ef4ab,2026-04-09T21:09:25,1,1,1,0,1,3,218.4,7,0,0,0,0,0,1,0.41,0.0,0,1,29,11,2,2,0.3793,6,0,0,0.0,0,negative_hard
synthetic_user_0071,dbcab77a-8d8a-4721-b07d-d5d9ecc7874d,2026-04-09T21:09:25,1,1,1,0,1,3,218.4,7,0,0,0,0,0,1,0.58,0.0,0,0,22,6,0,2,0.2727,6,0,0,0.0,0,negative_hard
synthetic_user_0071,b1e94dc4-e19f-4e9b-85e1-69c3b4ab0e97,2026-04-09T21:09:25,1,1,1,0,1,3,218.4,7,0,0,0,0,0,3,1.03,0.0,0,1,27,15,9,3,0.5556,6,0,0,0.0,0,negative_hard
synthetic_user_0071,8b44ea69-a5bb-4779-8c63-bf20e4da58c7,2026-04-09T21:12:17,1,1,1,0,1,3,218.4,7,1,0,0,0,0,1,0.69,0.0,0,1,40,19,7,5,0.475,7,0,1,0.0,0,negative_hard
synthetic_user_0071,945e447f-c018-4d92-b5e5-2f1f7a11bd56,2026-04-09T21:12:17,1,1,1,0,1,3,218.4,7,1,0,0,0,0,3,1.03,0.0,0,1,13,3,1,1,0.2308,7,0,1,0.0,0,negative_hard
synthetic_user_0071,45a799e0-5716-4209-b489-bd8f9ef13974,2026-04-09T21:12:17,1,1,1,0,1,3,218.4,7,1,0,0,0,0,1,0.41,0.0,0,1,14,6,3,1,0.4286,7,0,1,0.0,0,negative_hard
synthetic_user_0071,f6081dfd-75ec-4719-a05b-6ec1f95df15f,2026-04-09T21:25:03,1,1,1,0,1,3,218.41,7,1,1,0,0,0,1,1.05,0.0,0,1,18,5,1,3,0.2778,8,0,1,0.0,0,negative_hard
synthetic_user_0071,dcd20897-e14a-43fc-b2ba-66bb4a569874,2026-04-09T21:25:03,1,1,1,0,1,3,218.41,7,1,1,0,0,0,1,0.69,0.0,0,1,26,12,4,3,0.4615,8,0,1,0.0,0,negative_hard
synthetic_user_0071,e72c3d3b-cf36-4cc4-9a40-d8cc5d28df84,2026-04-09T21:25:03,1,1,1,0,1,3,218.41,7,1,1,0,0,0,1,0.41,0.0,0,1,24,10,6,3,0.4167,8,0,1,0.0,0,negative_hard
synthetic_user_0056,33f6e3a9-237d-433e-b4b6-238e44c80117,2026-04-09T22:03:40,1,1,1,0,1,3,219.14,4,1,0,0,1,1,1,0.58,0.0,0,0,23,10,4,2,0.4348,6,0,1,0.0,0,negative_hard
synthetic_user_0056,98a77293-8faf-4d27-8248-6eb91f481d8f,2026-04-09T22:03:40,1,1,1,0,1,3,219.14,4,1,0,0,1,1,0,0.58,0.0,0,0,32,16,7,6,0.5,6,0,1,0.0,0,negative_hard
synthetic_user_0056,830353af-6497-4bc7-bab8-08114b64b682,2026-04-09T22:03:40,1,1,1,0,1,3,219.14,4,1,0,0,1,1,0,1.05,0.0,0,0,26,10,2,3,0.3846,6,0,1,0.0,0,negative_hard
synthetic_user_0056,8706bbb8-8343-4edc-9af4-244b9cad76aa,2026-04-09T22:03:40,1,1,0,1,0,3,219.14,4,1,0,0,1,1,0,0.47,0.0,0,0,177,51,14,5,0.2881,0,0,1,0.0,0,negative_soft
synthetic_user_0056,5a0f55cf-16af-4459-9030-0c7c6e11207f,2026-04-09T22:06:11,1,1,1,0,1,3,219.14,4,2,0,0,1,1,0,0.58,0.0,0,0,24,10,3,2,0.4167,7,0,2,0.0,0,negative_hard
synthetic_user_0056,dcf38bea-591e-47ae-aaaf-e01b841cc3b3,2026-04-09T22:06:11,1,1,1,0,1,3,219.14,4,2,0,0,1,1,1,0.69,0.0,0,1,35,12,5,4,0.3429,7,0,2,0.0,0,negative_hard
synthetic_user_0056,b1e94dc4-e19f-4e9b-85e1-69c3b4ab0e97,2026-04-09T22:06:11,1,1,1,0,1,3,219.14,4,2,0,0,1,1,3,1.03,0.0,0,1,27,15,9,3,0.5556,7,0,2,0.0,0,negative_hard
synthetic_user_0056,8706bbb8-8343-4edc-9af4-244b9cad76aa,2026-04-09T22:06:11,1,1,0,1,0,3,219.14,4,2,0,0,1,1,0,0.47,0.0,0,0,177,51,14,5,0.2881,0,0,2,0.0,0,negative_soft
synthetic_user_0033,945e447f-c018-4d92-b5e5-2f1f7a11bd56,2026-04-10T00:36:56,1,1,1,0,1,3,209.55,5,3,1,1,0,0,3,1.03,0.0,0,1,13,3,1,1,0.2308,10,0,2,0.0,0,negative_hard
synthetic_user_0033,8b44ea69-a5bb-4779-8c63-bf20e4da58c7,2026-04-10T00:36:56,1,1,1,0,1,3,209.55,5,3,1,1,0,0,1,0.69,0.0,0,1,40,19,7,5,0.475,10,0,2,0.0,0,negative_hard
synthetic_user_0033,b1e94dc4-e19f-4e9b-85e1-69c3b4ab0e97,2026-04-10T00:36:56,1,1,1,0,1,3,209.55,5,3,1,1,0,0,3,1.03,0.0,0,1,27,15,9,3,0.5556,10,0,2,0.0,0,negative_hard
synthetic_user_0033,8706bbb8-8343-4edc-9af4-244b9cad76aa,2026-04-10T00:36:56,1,1,0,1,0,3,209.55,5,3,1,1,0,0,0,0.47,0.0,0,0,177,51,14,5,0.2881,0,0,2,0.0,0,negative_soft
synthetic_user_0142,45a799e0-5716-4209-b489-bd8f9ef13974,2026-04-10T00:45:19,1,1,1,0,1,3,216.36,4,2,0,1,1,0,1,0.41,0.0,0,1,14,6,3,1,0.4286,8,0,1,0.0,0,negative_hard
synthetic_user_0142,c5310615-4076-41e9-9064-736593600471,2026-04-10T00:45:19,1,1,1,0,1,3,216.36,4,2,0,1,1,0,0,1.03,0.0,0,0,26,10,1,4,0.3846,8,0,1,0.0,0,negative_hard
synthetic_user_0142,2c1e63cb-30f5-4e05-92af-ea93368ef4ab,2026-04-10T00:45:19,1,1,1,0,1,3,216.36,4,2,0,1,1,0,1,0.41,0.0,0,1,29,11,2,2,0.3793,8,0,1,0.0,0,negative_hard
synthetic_user_0142,8706bbb8-8343-4edc-9af4-244b9cad76aa,2026-04-10T00:45:19,1,1,0,1,0,3,216.36,4,2,0,1,1,0,0,0.47,0.0,0,0,177,51,14,5,0.2881,0,0,1,0.0,0,negative_soft
synthetic_user_0118,59bf0b38-d7b5-4024-a66e-a03f1b47095d,2026-04-10T01:54:20,1,1,1,0,1,3,220.34,6,2,1,2,2,0,3,1.03,0.0,0,1,23,10,4,1,0.4348,12,0,2,0.0,0,negative_hard
synthetic_user_0118,bd6bddb1-3e29-4767-a194-6196e46f7456,2026-04-10T01:54:20,1,1,1,0,1,3,220.34,6,2,1,2,2,0,1,0.41,0.0,0,1,24,6,1,1,0.25,12,0,2,0.0,0,negative_hard
synthetic_user_0118,8b44ea69-a5bb-4779-8c63-bf20e4da58c7,2026-04-10T01:54:20,1,1,1,0,1,3,220.34,6,2,1,2,2,0,1,0.69,0.0,0,1,40,19,7,5,0.475,12,0,2,0.0,0,negative_hard
synthetic_user_0118,7c1af9a0-cf09-4356-8c0d-d762fbb21208,2026-04-10T01:54:20,0,0,0,2,0,3,220.34,6,2,1,2,2,0,1,1.76,0.0,0,1,57,16,2,1,0.2807,0,0,0,0.0,0,negative_soft
synthetic_user_0118,5a0f55cf-16af-4459-9030-0c7c6e11207f,2026-04-10T02:01:21,1,1,1,0,1,3,220.34,6,3,1,2,2,0,0,0.58,0.0,0,0,24,10,3,2,0.4167,12,0,3,0.0,0,negative_hard
synthetic_user_0118,85526add-cd5a-4107-a07e-62ff3f493082,2026-04-10T02:01:21,1,1,1,0,1,3,220.34,6,3,1,2,2,0,0,0.41,0.0,0,0,41,15,5,4,0.3659,12,0,3,0.0,0,negative_hard
synthetic_user_0118,45a799e0-5716-4209-b489-bd8f9ef13974,2026-04-10T02:01:21,1,1,1,0,1,3,220.34,6,3,1,2,2,0,1,0.41,0.0,0,1,14,6,3,1,0.4286,12,0,3,0.0,0,negative_hard
synthetic_user_0118,7c1af9a0-cf09-4356-8c0d-d762fbb21208,2026-04-10T02:01:21,0,0,0,2,0,3,220.34,6,3,1,2,2,0,1,1.76,0.0,0,1,57,16,2,1,0.2807,0,0,0,0.0,0,negative_soft
synthetic_user_0118,95461cac-4301-4ade-8b3c-98201e8731db,2026-04-10T02:09:29,1,1,1,0,1,3,220.35,6,3,2,2,2,0,1,0.41,0.0,0,1,18,7,1,0,0.3889,12,0,3,0.0,0,negative_hard
synthetic_user_0118,45a799e0-5716-4209-b489-bd8f9ef13974,2026-04-10T02:09:29,1,1,1,0,1,3,220.35,6,3,2,2,2,0,1,0.41,0.0,0,1,14,6,3,1,0.4286,12,0,3,0.0,0,negative_hard
synthetic_user_0118,087164bc-8a57-44b1-bd06-0644f475917b,2026-04-10T02:09:29,1,1,1,0,1,3,220.35,6,3,2,2,2,0,0,0.58,0.0,0,0,32,11,2,1,0.3438,12,0,3,0.0,0,negative_hard
synthetic_user_0118,7c1af9a0-cf09-4356-8c0d-d762fbb21208,2026-04-10T02:09:29,0,0,0,2,0,3,220.35,6,3,2,2,2,0,1,1.76,0.0,0,1,57,16,2,1,0.2807,0,0,0,0.0,0,negative_soft
synthetic_user_0133,bd6bddb1-3e29-4767-a194-6196e46f7456,2026-04-10T06:23:02,1,1,1,0,1,3,235.51,5,2,1,0,0,1,1,0.41,0.0,0,1,24,6,1,1,0.25,6,0,2,0.0,0,negative_hard
synthetic_user_0133,95461cac-4301-4ade-8b3c-98201e8731db,2026-04-10T06:23:02,1,1,1,0,1,3,235.51,5,2,1,0,0,1,1,0.41,0.0,0,1,18,7,1,0,0.3889,6,0,2,0.0,0,negative_hard
synthetic_user_0133,581c8e36-7a51-4e8e-ac1d-6e9c1d54940f,2026-04-10T06:23:02,1,1,1,0,1,3,235.51,5,2,1,0,0,1,3,1.03,0.0,0,1,19,6,4,1,0.3158,6,0,2,0.0,0,negative_hard
synthetic_user_0133,7c1af9a0-cf09-4356-8c0d-d762fbb21208,2026-04-10T06:23:02,0,0,0,2,0,3,235.51,5,2,1,0,0,1,1,1.76,0.0,0,1,57,16,2,1,0.2807,0,0,0,0.0,0,negative_soft
synthetic_user_0153,a18002e2-24a3-4da4-b558-ea8cadcb047e,2026-04-11T02:55:15,1,1,1,0,1,3,223.22,2,0,0,0,0,0,0,0.58,0.0,0,0,38,16,6,3,0.4211,1,0,0,0.0,0,negative_hard
synthetic_user_0153,e06a75b5-86f9-4daf-b871-0fba7b7ba57d,2026-04-11T02:55:15,1,1,1,0,1,3,223.22,2,0,0,0,0,0,1,0.58,0.0,0,0,32,12,3,3,0.375,1,0,0,0.0,0,negative_hard
synthetic_user_0153,98a77293-8faf-4d27-8248-6eb91f481d8f,2026-04-11T02:55:15,1,1,1,0,1,3,223.22,2,0,0,0,0,0,0,0.58,0.0,0,0,32,16,7,6,0.5,1,0,0,0.0,0,negative_hard
synthetic_user_0153,7c1af9a0-cf09-4356-8c0d-d762fbb21208,2026-04-11T02:55:15,0,0,0,2,0,3,223.22,2,0,0,0,0,0,1,1.76,0.0,0,1,57,16,2,1,0.2807,0,0,0,0.0,0,negative_soft
synthetic_user_0153,a18002e2-24a3-4da4-b558-ea8cadcb047e,2026-04-11T03:01:18,1,1,1,0,1,3,223.22,2,1,0,0,0,0,0,0.58,0.0,0,0,38,16,6,3,0.4211,1,0,1,0.0,0,negative_hard
synthetic_user_0153,087164bc-8a57-44b1-bd06-0644f475917b,2026-04-11T03:01:18,1,1,1,0,1,3,223.22,2,1,0,0,0,0,0,0.58,0.0,0,0,32,11,2,1,0.3438,1,0,1,0.0,0,negative_hard
synthetic_user_0153,f6081dfd-75ec-4719-a05b-6ec1f95df15f,2026-04-11T03:01:18,1,1,1,0,1,3,223.22,2,1,0,0,0,0,1,1.05,0.0,0,1,18,5,1,3,0.2778,1,0,1,0.0,0,negative_hard
synthetic_user_0153,7c1af9a0-cf09-4356-8c0d-d762fbb21208,2026-04-11T03:01:18,0,0,0,2,0,3,223.22,2,1,0,0,0,0,1,1.76,0.0,0,1,57,16,2,1,0.2807,0,0,0,0.0,0,negative_soft
synthetic_user_0158,c5310615-4076-41e9-9064-736593600471,2026-04-11T03:58:56,1,1,1,0,1,3,224.16,5,0,0,0,1,1,0,1.03,0.0,0,0,26,10,1,4,0.3846,5,0,1,0.0,0,negative_hard
synthetic_user_0158,e06a75b5-86f9-4daf-b871-0fba7b7ba57d,2026-04-11T03:58:56,1,1,1,0,1,3,224.16,5,0,0,0,1,1,1,0.58,0.0,0,0,32,12,3,3,0.375,5,0,1,0.0,0,negative_hard
synthetic_user_0158,581c8e36-7a51-4e8e-ac1d-6e9c1d54940f,2026-04-11T03:58:56,1,1,1,0,1,3,224.16,5,0,0,0,1,1,3,1.03,0.0,0,1,19,6,4,1,0.3158,5,0,1,0.0,0,negative_hard
synthetic_user_0158,7c1af9a0-cf09-4356-8c0d-d762fbb21208,2026-04-11T03:58:56,0,0,0,2,0,3,224.16,5,0,0,0,1,1,1,1.76,0.0,0,1,57,16,2,1,0.2807,0,0,0,0.0,0,negative_soft
synthetic_user_0149,a18002e2-24a3-4da4-b558-ea8cadcb047e,2026-04-11T05:27:19,1,1,1,0,1,3,210.98,2,1,0,0,0,0,0,0.58,0.0,0,0,38,16,6,3,0.4211,3,0,1,0.0,0,negative_hard
synthetic_user_0149,dcd20897-e14a-43fc-b2ba-66bb4a569874,2026-04-11T05:27:19,1,1,1,0,1,3,210.98,2,1,0,0,0,0,1,0.69,0.0,0,1,26,12,4,3,0.4615,3,0,1,0.0,0,negative_hard
synthetic_user_0149,a8231f34-c157-4fcd-b08a-5a3420cc0cee,2026-04-11T05:27:19,1,1,1,0,1,3,210.98,2,1,0,0,0,0,1,0.69,0.0,0,1,27,7,0,1,0.2593,3,0,1,0.0,0,negative_hard
synthetic_user_0149,8706bbb8-8343-4edc-9af4-244b9cad76aa,2026-04-11T05:27:19,1,1,0,1,0,3,210.98,2,1,0,0,0,0,0,0.47,0.0,0,0,181,53,16,6,0.2928,0,0,1,0.0,0,negative_soft
synthetic_user_0155,2c1e63cb-30f5-4e05-92af-ea93368ef4ab,2026-04-11T06:56:25,1,1,1,0,1,3,217.31,5,1,1,0,0,0,1,0.41,0.0,0,1,29,11,2,2,0.3793,1,0,1,0.0,0,negative_hard
synthetic_user_0155,f6081dfd-75ec-4719-a05b-6ec1f95df15f,2026-04-11T06:56:25,1,1,1,0,1,3,217.31,5,1,1,0,0,0,1,1.05,0.0,0,1,19,5,1,3,0.2632,1,0,1,0.0,0,negative_hard
synthetic_user_0155,087164bc-8a57-44b1-bd06-0644f475917b,2026-04-11T06:56:25,1,1,1,0,1,3,217.31,5,1,1,0,0,0,0,0.58,0.0,0,0,32,11,2,1,0.3438,1,0,1,0.0,0,negative_hard
synthetic_user_0155,7c1af9a0-cf09-4356-8c0d-d762fbb21208,2026-04-11T06:56:25,0,0,0,2,0,3,217.31,5,1,1,0,0,0,1,1.76,0.0,0,1,57,16,2,1,0.2807,0,0,0,0.0,0,negative_soft
synthetic_user_0155,45a799e0-5716-4209-b489-bd8f9ef13974,2026-04-11T07:10:15,1,1,1,0,1,3,217.32,6,1,1,0,0,0,1,0.41,0.0,0,1,15,6,3,1,0.4,2,0,1,0.0,0,negative_hard
synthetic_user_0155,59bf0b38-d7b5-4024-a66e-a03f1b47095d,2026-04-11T07:10:15,1,1,1,0,1,3,217.32,6,1,1,0,0,0,3,1.03,0.0,0,1,23,10,4,1,0.4348,2,0,1,0.0,0,negative_hard
synthetic_user_0155,b1e94dc4-e19f-4e9b-85e1-69c3b4ab0e97,2026-04-11T07:10:15,1,1,1,0,1,3,217.32,6,1,1,0,0,0,3,1.03,0.0,0,1,27,15,9,3,0.5556,2,0,1,0.0,0,negative_hard
synthetic_user_0155,7c1af9a0-cf09-4356-8c0d-d762fbb21208,2026-04-11T07:10:15,0,0,0,2,0,3,217.32,6,1,1,0,0,0,1,1.76,0.0,0,1,57,16,2,1,0.2807,0,0,0,0.0,0,negative_soft
synthetic_user_0041,e06a75b5-86f9-4daf-b871-0fba7b7ba57d,2026-04-11T19:08:48,1,1,1,0,1,3,233.75,3,0,0,0,0,0,1,0.58,0.0,0,0,32,12,3,3,0.375,3,0,0,0.0,0,negative_hard
synthetic_user_0041,c5310615-4076-41e9-9064-736593600471,2026-04-11T19:08:48,1,1,1,0,1,3,233.75,3,0,0,0,0,0,0,1.03,0.0,0,0,26,10,1,4,0.3846,3,0,0,0.0,0,negative_hard
synthetic_user_0041,98a77293-8faf-4d27-8248-6eb91f481d8f,2026-04-11T19:08:48,1,1,1,0,1,3,233.75,3,0,0,0,0,0,0,0.58,0.0,0,0,32,16,7,6,0.5,3,0,0,0.0,0,negative_hard
synthetic_user_0041,8706bbb8-8343-4edc-9af4-244b9cad76aa,2026-04-11T19:08:48,1,1,0,1,0,3,233.75,3,0,0,0,0,0,0,0.47,0.0,0,0,181,53,16,6,0.2928,0,0,0,0.0,0,negative_soft
synthetic_user_0041,bd6bddb1-3e29-4767-a194-6196e46f7456,2026-04-11T19:20:20,1,1,1,0,1,3,233.76,4,0,0,0,0,0,1,0.41,0.0,0,1,24,6,1,1,0.25,4,0,0,0.0,0,negative_hard
synthetic_user_0041,b1e94dc4-e19f-4e9b-85e1-69c3b4ab0e97,2026-04-11T19:20:20,1,1,1,0,1,3,233.76,4,0,0,0,0,0,3,1.03,0.0,0,1,27,15,9,3,0.5556,4,0,0,0.0,0,negative_hard
synthetic_user_0041,a8231f34-c157-4fcd-b08a-5a3420cc0cee,2026-04-11T19:20:20,1,1,1,0,1,3,233.76,4,0,0,0,0,0,1,0.69,0.0,0,1,27,7,0,1,0.2593,4,0,0,0.0,0,negative_hard
synthetic_user_0041,8706bbb8-8343-4edc-9af4-244b9cad76aa,2026-04-11T19:20:20,1,1,0,1,0,3,233.76,4,0,0,0,0,0,0,0.47,0.0,0,0,181,53,16,6,0.2928,0,0,0,0.0,0,negative_soft
synthetic_user_0041,b1e94dc4-e19f-4e9b-85e1-69c3b4ab0e97,2026-04-11T19:27:38,1,1,1,0,1,3,233.77,4,1,0,0,0,0,3,1.03,0.0,0,1,27,15,9,3,0.5556,5,0,1,0.0,0,negative_hard
synthetic_user_0041,e06a75b5-86f9-4daf-b871-0fba7b7ba57d,2026-04-11T19:27:38,1,1,1,0,1,3,233.77,4,1,0,0,0,0,1,0.58,0.0,0,0,32,12,3,3,0.375,5,0,1,0.0,0,negative_hard
synthetic_user_0041,dcd20897-e14a-43fc-b2ba-66bb4a569874,2026-04-11T19:27:38,1,1,1,0,1,3,233.77,4,1,0,0,0,0,1,0.69,0.0,0,1,26,12,4,3,0.4615,5,0,1,0.0,0,negative_hard
synthetic_user_0041,8706bbb8-8343-4edc-9af4-244b9cad76aa,2026-04-11T19:27:38,1,1,0,1,0,3,233.77,4,1,0,0,0,0,0,0.47,0.0,0,0,181,53,16,6,0.2928,0,0,1,0.0,0,negative_soft
synthetic_user_0026,a18002e2-24a3-4da4-b558-ea8cadcb047e,2026-04-12T00:59:14,1,1,1,0,1,3,237.31,12,1,0,0,0,0,0,0.58,0.0,0,0,38,16,6,3,0.4211,11,0,1,0.0,0,negative_hard
synthetic_user_0026,830353af-6497-4bc7-bab8-08114b64b682,2026-04-12T00:59:14,1,1,1,0,1,3,237.31,12,1,0,0,0,0,0,1.05,0.0,0,0,26,10,2,3,0.3846,11,0,1,0.0,0,negative_hard
synthetic_user_0026,40a8032b-e43c-43dc-ba5f-d650f1c0a979,2026-04-12T00:59:14,1,1,1,0,1,3,237.31,12,1,0,0,0,0,1,0.41,0.0,0,1,21,11,5,2,0.5238,11,0,1,0.0,0,negative_hard
synthetic_user_0026,7c1af9a0-cf09-4356-8c0d-d762fbb21208,2026-04-12T00:59:14,0,0,0,2,0,3,237.31,12,1,0,0,0,0,1,1.76,0.0,0,1,58,16,2,1,0.2759,0,0,0,0.0,0,negative_soft
synthetic_user_0140,bd6bddb1-3e29-4767-a194-6196e46f7456,2026-04-12T01:04:05,1,1,1,0,1,3,232.23,6,4,3,1,2,0,1,0.41,0.0,0,1,24,6,1,1,0.25,16,0,5,0.0,0,negative_hard
synthetic_user_0140,830353af-6497-4bc7-bab8-08114b64b682,2026-04-12T01:04:05,1,1,1,0,1,3,232.23,6,4,3,1,2,0,0,1.05,0.0,0,0,26,10,2,3,0.3846,16,0,5,0.0,0,negative_hard
synthetic_user_0140,dcd20897-e14a-43fc-b2ba-66bb4a569874,2026-04-12T01:04:05,1,1,1,0,1,3,232.23,6,4,3,1,2,0,1,0.69,0.0,0,1,26,12,4,3,0.4615,16,0,5,0.0,0,negative_hard
synthetic_user_0140,8706bbb8-8343-4edc-9af4-244b9cad76aa,2026-04-12T01:04:05,1,1,0,1,0,3,232.23,6,4,3,1,2,0,0,0.47,0.0,0,0,181,53,16,6,0.2928,0,0,5,0.0,0,negative_soft
synthetic_user_0140,fbb68aab-9b3b-4e24-9109-ea047f927347,2026-04-12T01:14:11,1,1,1,0,1,3,232.24,7,4,3,1,2,0,3,1.03,0.0,0,1,31,9,3,3,0.2903,17,0,5,0.0,0,negative_hard
synthetic_user_0140,dcd20897-e14a-43fc-b2ba-66bb4a569874,2026-04-12T01:14:11,1,1,1,0,1,3,232.24,7,4,3,1,2,0,1,0.69,0.0,0,1,26,12,4,3,0.4615,17,0,5,0.0,0,negative_hard
synthetic_user_0140,ea97dfce-6731-4b1d-9b03-485d04de4867,2026-04-12T01:14:11,1,1,1,0,1,3,232.24,7,4,3,1,2,0,3,1.03,0.0,0,1,20,7,1,2,0.35,17,0,5,0.0,0,negative_hard
synthetic_user_0140,8706bbb8-8343-4edc-9af4-244b9cad76aa,2026-04-12T01:14:11,1,1,0,1,0,3,232.24,7,4,3,1,2,0,0,0.47,0.0,0,0,181,53,16,6,0.2928,0,0,5,0.0,0,negative_soft
synthetic_user_0055,5a0f55cf-16af-4459-9030-0c7c6e11207f,2026-04-12T06:52:24,1,1,1,0,1,3,229.87,8,2,0,0,0,1,0,0.58,0.0,0,0,25,11,3,2,0.44,10,0,2,0.0,0,negative_hard
synthetic_user_0055,2c1e63cb-30f5-4e05-92af-ea93368ef4ab,2026-04-12T06:52:24,1,1,1,0,1,3,229.87,8,2,0,0,0,1,1,0.41,0.0,0,1,29,11,2,2,0.3793,10,0,2,0.0,0,negative_hard
synthetic_user_0055,33f6e3a9-237d-433e-b4b6-238e44c80117,2026-04-12T06:52:24,1,1,1,0,1,3,229.87,8,2,0,0,0,1,1,0.58,0.0,0,0,24,10,4,2,0.4167,10,0,2,0.0,0,negative_hard
synthetic_user_0055,8706bbb8-8343-4edc-9af4-244b9cad76aa,2026-04-12T06:52:24,1,1,0,1,0,3,229.87,8,2,0,0,0,1,0,0.47,0.0,0,0,182,53,16,6,0.2912,0,0,2,0.0,0,negative_soft
synthetic_user_0018,f6081dfd-75ec-4719-a05b-6ec1f95df15f,2026-04-12T07:41:10,1,1,1,0,1,3,213.92,10,3,0,1,2,0,1,1.05,0.0,0,1,19,5,1,3,0.2632,15,0,2,0.0,0,negative_hard
synthetic_user_0018,bd6bddb1-3e29-4767-a194-6196e46f7456,2026-04-12T07:41:10,1,1,1,0,1,3,213.92,10,3,0,1,2,0,1,0.41,0.0,0,1,24,6,1,1,0.25,15,0,2,0.0,0,negative_hard
synthetic_user_0018,8b44ea69-a5bb-4779-8c63-bf20e4da58c7,2026-04-12T07:41:10,1,1,1,0,1,3,213.92,10,3,0,1,2,0,1,0.69,0.0,0,1,40,19,7,5,0.475,15,0,2,0.0,0,negative_hard
synthetic_user_0018,7c1af9a0-cf09-4356-8c0d-d762fbb21208,2026-04-12T07:41:10,0,0,0,2,0,3,213.92,10,3,0,1,2,0,1,1.76,0.0,0,1,58,16,2,1,0.2759,0,0,0,0.0,0,negative_soft
synthetic_user_0018,33f6e3a9-237d-433e-b4b6-238e44c80117,2026-04-12T07:46:40,1,1,1,0,1,3,213.93,10,4,0,1,2,0,1,0.58,0.0,0,0,24,10,4,2,0.4167,16,0,3,0.0,0,negative_hard
synthetic_user_0018,8b44ea69-a5bb-4779-8c63-bf20e4da58c7,2026-04-12T07:46:40,1,1,1,0,1,3,213.93,10,4,0,1,2,0,1,0.69,0.0,0,1,40,19,7,5,0.475,16,0,3,0.0,0,negative_hard
synthetic_user_0018,c5310615-4076-41e9-9064-736593600471,2026-04-12T07:46:40,1,1,1,0,1,3,213.93,10,4,0,1,2,0,0,1.03,0.0,0,0,27,10,1,4,0.3704,16,0,3,0.0,0,negative_hard
synthetic_user_0018,7c1af9a0-cf09-4356-8c0d-d762fbb21208,2026-04-12T07:46:40,0,0,0,2,0,3,213.93,10,4,0,1,2,0,1,1.76,0.0,0,1,58,16,2,1,0.2759,0,0,0,0.0,0,negative_soft
synthetic_user_0018,a18002e2-24a3-4da4-b558-ea8cadcb047e,2026-04-12T19:18:05,1,1,1,0,1,3,214.41,10,4,0,1,3,0,0,0.58,0.0,0,0,38,16,6,3,0.4211,17,0,3,0.0,0,negative_hard
synthetic_user_0018,dbcab77a-8d8a-4721-b07d-d5d9ecc7874d,2026-04-12T19:18:05,1,1,1,0,1,3,214.41,10,4,0,1,3,0,1,0.58,0.0,0,0,23,6,0,2,0.2609,17,0,3,0.0,0,negative_hard
synthetic_user_0018,09593622-ad83-4d14-8236-17bea51dbb13,2026-04-12T19:18:05,1,1,1,0,1,3,214.41,10,4,0,1,3,0,1,0.69,0.0,0,1,38,16,4,6,0.4211,17,0,3,0.0,0,negative_hard
synthetic_user_0018,7c1af9a0-cf09-4356-8c0d-d762fbb21208,2026-04-12T19:18:05,0,0,0,2,0,3,214.41,10,4,0,1,3,0,1,1.76,0.0,0,1,58,16,2,1,0.2759,0,0,0,0.0,0,negative_soft
synthetic_user_0159,a8231f34-c157-4fcd-b08a-5a3420cc0cee,2026-04-12T21:37:44,1,1,0,1,0,4,215.77,4,1,1,0,0,0,1,0.69,0.0,0,1,27,7,0,1,0.2593,2,0,1,0.0,0,negative_soft
synthetic_user_0159,e72c3d3b-cf36-4cc4-9a40-d8cc5d28df84,2026-04-12T21:37:44,1,1,0,1,0,4,215.77,4,1,1,0,0,0,1,0.41,0.0,0,1,24,10,6,3,0.4167,2,0,1,0.0,0,negative_soft
synthetic_user_0159,2c1e63cb-30f5-4e05-92af-ea93368ef4ab,2026-04-12T21:37:44,1,1,0,1,0,4,215.77,4,1,1,0,0,0,1,0.41,0.0,0,1,29,11,2,2,0.3793,2,0,1,0.0,0,negative_soft
synthetic_user_0159,fbb68aab-9b3b-4e24-9109-ea047f927347,2026-04-12T21:37:44,1,1,0,1,0,4,215.77,4,1,1,0,0,0,3,1.03,0.0,0,1,31,9,3,3,0.2903,2,0,1,0.0,0,negative_soft
synthetic_user_0110,945e447f-c018-4d92-b5e5-2f1f7a11bd56,2026-04-12T22:52:00,1,1,1,0,1,3,209.59,12,4,0,0,3,1,3,1.03,0.0,0,1,14,3,1,1,0.2143,19,0,4,0.0,0,negative_hard
synthetic_user_0110,dbcab77a-8d8a-4721-b07d-d5d9ecc7874d,2026-04-12T22:52:00,1,1,1,0,1,3,209.59,12,4,0,0,3,1,1,0.58,0.0,0,0,23,6,0,2,0.2609,19,0,4,0.0,0,negative_hard
synthetic_user_0110,830353af-6497-4bc7-bab8-08114b64b682,2026-04-12T22:52:00,1,1,1,0,1,3,209.59,12,4,0,0,3,1,0,1.05,0.0,0,0,26,10,2,3,0.3846,19,0,4,0.0,0,negative_hard
synthetic_user_0110,8706bbb8-8343-4edc-9af4-244b9cad76aa,2026-04-12T22:52:00,1,1,0,1,0,3,209.59,12,4,0,0,3,1,0,0.47,0.0,0,0,182,53,16,6,0.2912,0,0,4,0.0,0,negative_soft
synthetic_user_0110,bd6bddb1-3e29-4767-a194-6196e46f7456,2026-04-12T23:04:05,1,1,1,0,1,3,209.6,12,5,0,0,3,1,1,0.41,0.0,0,1,24,6,1,1,0.25,20,0,5,0.0,0,negative_hard
synthetic_user_0110,e72c3d3b-cf36-4cc4-9a40-d8cc5d28df84,2026-04-12T23:04:05,1,1,1,0,1,3,209.6,12,5,0,0,3,1,1,0.41,0.0,0,1,24,10,6,3,0.4167,20,0,5,0.0,0,negative_hard
synthetic_user_0110,5a0f55cf-16af-4459-9030-0c7c6e11207f,2026-04-12T23:04:05,1,1,1,0,1,3,209.6,12,5,0,0,3,1,0,0.58,0.0,0,0,25,11,3,2,0.44,20,0,5,0.0,0,negative_hard
synthetic_user_0110,8706bbb8-8343-4edc-9af4-244b9cad76aa,2026-04-12T23:04:05,1,1,0,1,0,3,209.6,12,5,0,0,3,1,0,0.47,0.0,0,0,182,53,16,6,0.2912,0,0,5,0.0,0,negative_soft
synthetic_user_0199,f6081dfd-75ec-4719-a05b-6ec1f95df15f,2026-04-13T22:34:41,1,1,1,0,1,3,222.19,3,0,0,0,0,0,1,1.05,0.0,0,1,19,5,1,3,0.2632,2,0,0,0.0,0,negative_hard
synthetic_user_0199,e06a75b5-86f9-4daf-b871-0fba7b7ba57d,2026-04-13T22:34:41,1,1,1,0,1,3,222.19,3,0,0,0,0,0,1,0.58,0.0,0,0,33,12,3,3,0.3636,2,0,0,0.0,0,negative_hard
synthetic_user_0199,85526add-cd5a-4107-a07e-62ff3f493082,2026-04-13T22:34:41,1,1,1,0,1,3,222.19,3,0,0,0,0,0,0,0.41,0.0,0,0,41,15,5,4,0.3659,2,0,0,0.0,0,negative_hard
synthetic_user_0199,7c1af9a0-cf09-4356-8c0d-d762fbb21208,2026-04-13T22:34:41,0,0,0,2,0,3,222.19,3,0,0,0,0,0,1,1.76,0.0,0,1,58,16,2,1,0.2759,0,0,0,0.0,0,negative_soft
synthetic_user_0177,59bf0b38-d7b5-4024-a66e-a03f1b47095d,2026-04-14T00:44:53,1,1,1,0,1,3,213.99,8,0,0,0,1,1,3,1.03,0.0,0,1,23,10,4,1,0.4348,5,0,1,0.0,0,negative_hard
synthetic_user_0177,45a799e0-5716-4209-b489-bd8f9ef13974,2026-04-14T00:44:53,1,1,1,0,1,3,213.99,8,0,0,0,1,1,1,0.41,0.0,0,1,16,6,3,1,0.375,5,0,1,0.0,0,negative_hard
synthetic_user_0177,8b44ea69-a5bb-4779-8c63-bf20e4da58c7,2026-04-14T00:44:53,1,1,1,0,1,3,213.99,8,0,0,0,1,1,1,0.69,0.0,0,1,40,19,7,5,0.475,5,0,1,0.0,0,negative_hard
synthetic_user_0177,7c1af9a0-cf09-4356-8c0d-d762fbb21208,2026-04-14T00:44:53,0,0,0,2,0,3,213.99,8,0,0,0,1,1,1,1.76,0.0,0,1,59,16,2,1,0.2712,0,0,0,0.0,0,negative_soft
synthetic_user_0023,c5310615-4076-41e9-9064-736593600471,2026-04-14T20:06:03,1,1,1,0,1,3,223.64,3,1,0,0,0,1,0,1.03,0.0,0,0,27,10,1,4,0.3704,2,0,1,0.0,0,negative_hard
synthetic_user_0023,f6081dfd-75ec-4719-a05b-6ec1f95df15f,2026-04-14T20:06:03,1,1,1,0,1,3,223.64,3,1,0,0,0,1,1,1.05,0.0,0,1,19,5,1,3,0.2632,2,0,1,0.0,0,negative_hard
synthetic_user_0023,98a77293-8faf-4d27-8248-6eb91f481d8f,2026-04-14T20:06:03,1,1,1,0,1,3,223.64,3,1,0,0,0,1,0,0.58,0.0,0,0,32,16,7,6,0.5,2,0,1,0.0,0,negative_hard
synthetic_user_0023,7c1af9a0-cf09-4356-8c0d-d762fbb21208,2026-04-14T20:06:03,0,0,0,2,0,3,223.64,3,1,0,0,0,1,1,1.76,0.0,0,1,59,16,2,1,0.2712,0,0,0,0.0,0,negative_soft
synthetic_user_0023,581c8e36-7a51-4e8e-ac1d-6e9c1d54940f,2026-04-14T20:12:34,1,1,1,0,1,3,223.64,4,1,0,0,0,1,3,1.03,0.0,0,1,21,7,4,1,0.3333,2,0,1,0.0,0,negative_hard
synthetic_user_0023,85526add-cd5a-4107-a07e-62ff3f493082,2026-04-14T20:12:34,1,1,1,0,1,3,223.64,4,1,0,0,0,1,0,0.41,0.0,0,0,41,15,5,4,0.3659,2,0,1,0.0,0,negative_hard
synthetic_user_0023,f6081dfd-75ec-4719-a05b-6ec1f95df15f,2026-04-14T20:12:34,1,1,1,0,1,3,223.64,4,1,0,0,0,1,1,1.05,0.0,0,1,19,5,1,3,0.2632,2,0,1,0.0,0,negative_hard
synthetic_user_0023,7c1af9a0-cf09-4356-8c0d-d762fbb21208,2026-04-14T20:12:34,0,0,0,2,0,3,223.64,4,1,0,0,0,1,1,1.76,0.0,0,1,59,16,2,1,0.2712,0,0,0,0.0,0,negative_soft
synthetic_user_0046,bd6bddb1-3e29-4767-a194-6196e46f7456,2026-04-15T00:54:47,1,1,1,0,1,3,230.81,5,0,0,0,0,0,1,0.41,0.0,0,1,24,6,1,1,0.25,3,0,0,0.0,0,negative_hard
synthetic_user_0046,087164bc-8a57-44b1-bd06-0644f475917b,2026-04-15T00:54:47,1,1,1,0,1,3,230.81,5,0,0,0,0,0,0,0.58,0.0,0,0,32,11,2,1,0.3438,3,0,0,0.0,0,negative_hard
synthetic_user_0046,c5310615-4076-41e9-9064-736593600471,2026-04-15T00:54:47,1,1,1,0,1,3,230.81,5,0,0,0,0,0,0,1.03,0.0,0,0,27,10,1,4,0.3704,3,0,0,0.0,0,negative_hard
synthetic_user_0071,59bf0b38-d7b5-4024-a66e-a03f1b47095d,2026-04-15T05:50:00,1,1,1,0,1,3,223.76,7,1,1,1,0,0,3,1.03,0.0,0,1,23,10,4,1,0.4348,9,0,1,0.0,0,negative_hard
synthetic_user_0071,85526add-cd5a-4107-a07e-62ff3f493082,2026-04-15T05:50:00,1,1,1,0,1,3,223.76,7,1,1,1,0,0,0,0.41,0.0,0,0,41,15,5,4,0.3659,9,0,1,0.0,0,negative_hard
synthetic_user_0071,581c8e36-7a51-4e8e-ac1d-6e9c1d54940f,2026-04-15T05:50:00,1,1,1,0,1,3,223.76,7,1,1,1,0,0,3,1.03,0.0,0,1,21,7,4,1,0.3333,9,0,1,0.0,0,negative_hard
synthetic_user_0071,2c1e63cb-30f5-4e05-92af-ea93368ef4ab,2026-04-15T06:01:02,1,1,1,0,1,3,223.77,8,1,1,1,0,0,1,0.41,0.0,0,1,29,11,2,2,0.3793,10,0,1,0.0,0,negative_hard
synthetic_user_0071,09593622-ad83-4d14-8236-17bea51dbb13,2026-04-15T06:01:02,1,1,1,0,1,3,223.77,8,1,1,1,0,0,1,0.69,0.0,0,1,39,17,4,7,0.4359,10,0,1,0.0,0,negative_hard
synthetic_user_0071,bd6bddb1-3e29-4767-a194-6196e46f7456,2026-04-15T06:01:02,1,1,1,0,1,3,223.77,8,1,1,1,0,0,1,0.41,0.0,0,1,24,6,1,1,0.25,10,0,1,0.0,0,negative_hard
synthetic_user_0056,98a77293-8faf-4d27-8248-6eb91f481d8f,2026-04-15T22:33:03,1,1,1,0,1,3,225.16,5,2,1,0,1,1,0,0.58,0.0,0,0,32,16,7,6,0.5,9,0,2,0.0,0,negative_hard
synthetic_user_0056,581c8e36-7a51-4e8e-ac1d-6e9c1d54940f,2026-04-15T22:33:03,1,1,1,0,1,3,225.16,5,2,1,0,1,1,3,1.03,0.0,0,1,21,7,4,1,0.3333,9,0,2,0.0,0,negative_hard
synthetic_user_0056,dcd20897-e14a-43fc-b2ba-66bb4a569874,2026-04-15T22:33:03,1,1,1,0,1,3,225.16,5,2,1,0,1,1,1,0.69,0.0,0,1,27,13,4,3,0.4815,9,0,2,0.0,0,negative_hard
synthetic_user_0056,8706bbb8-8343-4edc-9af4-244b9cad76aa,2026-04-15T22:33:03,1,1,0,1,0,3,225.16,5,2,1,0,1,1,0,0.47,0.0,0,0,187,55,16,6,0.2941,0,0,2,0.0,0,negative_soft
synthetic_user_0056,5a0f55cf-16af-4459-9030-0c7c6e11207f,2026-04-15T22:46:13,1,1,1,0,1,3,225.17,5,3,1,0,1,1,0,0.58,0.0,0,0,25,11,3,2,0.44,10,0,2,0.0,0,negative_hard
synthetic_user_0056,c5310615-4076-41e9-9064-736593600471,2026-04-15T22:46:13,1,1,1,0,1,3,225.17,5,3,1,0,1,1,0,1.03,0.0,0,0,27,10,1,4,0.3704,10,0,2,0.0,0,negative_hard
synthetic_user_0056,dcd20897-e14a-43fc-b2ba-66bb4a569874,2026-04-15T22:46:13,1,1,1,0,1,3,225.17,5,3,1,0,1,1,1,0.69,0.0,0,1,27,13,4,3,0.4815,10,0,2,0.0,0,negative_hard
synthetic_user_0056,8706bbb8-8343-4edc-9af4-244b9cad76aa,2026-04-15T22:46:13,1,1,0,1,0,3,225.17,5,3,1,0,1,1,0,0.47,0.0,0,0,187,55,16,6,0.2941,0,0,2,0.0,0,negative_soft
synthetic_user_0031,087164bc-8a57-44b1-bd06-0644f475917b,2026-04-16T08:55:18,1,1,1,0,1,3,229.05,7,4,1,1,2,0,0,0.58,0.0,0,0,33,12,2,1,0.3636,6,0,4,0.0,0,negative_hard
synthetic_user_0031,2c1e63cb-30f5-4e05-92af-ea93368ef4ab,2026-04-16T08:55:18,1,1,1,0,1,3,229.05,7,4,1,1,2,0,1,0.41,0.0,0,1,29,11,2,2,0.3793,6,0,4,0.0,0,negative_hard
synthetic_user_0031,830353af-6497-4bc7-bab8-08114b64b682,2026-04-16T08:55:18,1,1,1,0,1,3,229.05,7,4,1,1,2,0,0,1.05,0.0,0,0,26,10,2,3,0.3846,6,0,4,0.0,0,negative_hard
synthetic_user_0031,7c1af9a0-cf09-4356-8c0d-d762fbb21208,2026-04-16T08:55:18,0,0,0,2,0,3,229.05,7,4,1,1,2,0,1,1.76,0.0,0,1,59,16,2,1,0.2712,0,0,0,0.0,0,negative_soft
synthetic_user_0031,bd6bddb1-3e29-4767-a194-6196e46f7456,2026-04-16T08:59:55,1,1,1,0,1,3,229.06,7,5,1,1,2,0,1,0.41,0.0,0,1,25,7,1,2,0.28,6,0,4,0.0,0,negative_hard
synthetic_user_0031,09593622-ad83-4d14-8236-17bea51dbb13,2026-04-16T08:59:55,1,1,1,0,1,3,229.06,7,5,1,1,2,0,1,0.69,0.0,0,1,40,17,4,7,0.425,6,0,4,0.0,0,negative_hard
synthetic_user_0031,ea97dfce-6731-4b1d-9b03-485d04de4867,2026-04-16T08:59:55,1,1,1,0,1,3,229.06,7,5,1,1,2,0,3,1.03,0.0,0,1,22,7,1,2,0.3182,6,0,4,0.0,0,negative_hard
synthetic_user_0031,7c1af9a0-cf09-4356-8c0d-d762fbb21208,2026-04-16T08:59:55,0,0,0,2,0,3,229.06,7,5,1,1,2,0,1,1.76,0.0,0,1,59,16,2,1,0.2712,0,0,0,0.0,0,negative_soft
synthetic_user_0031,2c1e63cb-30f5-4e05-92af-ea93368ef4ab,2026-04-16T09:10:03,1,1,1,0,1,3,229.06,7,5,2,1,2,0,1,0.41,0.0,0,1,29,11,2,2,0.3793,6,0,4,0.0,0,negative_hard
synthetic_user_0031,59bf0b38-d7b5-4024-a66e-a03f1b47095d,2026-04-16T09:10:03,1,1,1,0,1,3,229.06,7,5,2,1,2,0,3,1.03,0.0,0,1,23,10,4,1,0.4348,6,0,4,0.0,0,negative_hard
synthetic_user_0031,09593622-ad83-4d14-8236-17bea51dbb13,2026-04-16T09:10:03,1,1,1,0,1,3,229.06,7,5,2,1,2,0,1,0.69,0.0,0,1,40,17,4,7,0.425,6,0,4,0.0,0,negative_hard
synthetic_user_0031,7c1af9a0-cf09-4356-8c0d-d762fbb21208,2026-04-16T09:10:03,0,0,0,2,0,3,229.06,7,5,2,1,2,0,1,1.76,0.0,0,1,59,16,2,1,0.2712,0,0,0,0.0,0,negative_soft
synthetic_user_0183,59bf0b38-d7b5-4024-a66e-a03f1b47095d,2026-04-16T18:51:28,1,1,1,0,1,3,222.97,7,0,0,0,2,0,3,1.03,0.0,0,1,23,10,4,1,0.4348,9,0,1,0.0,0,negative_hard
synthetic_user_0183,fbb68aab-9b3b-4e24-9109-ea047f927347,2026-04-16T18:51:28,1,1,1,0,1,3,222.97,7,0,0,0,2,0,3,1.03,0.0,0,1,31,9,3,3,0.2903,9,0,1,0.0,0,negative_hard
synthetic_user_0183,2c1e63cb-30f5-4e05-92af-ea93368ef4ab,2026-04-16T18:51:28,1,1,1,0,1,3,222.97,7,0,0,0,2,0,1,0.41,0.0,0,1,29,11,2,2,0.3793,9,0,1,0.0,0,negative_hard
synthetic_user_0183,8706bbb8-8343-4edc-9af4-244b9cad76aa,2026-04-16T18:51:28,1,1,0,1,0,3,222.97,7,0,0,0,2,0,0,0.47,0.0,0,0,189,56,17,7,0.2963,0,0,1,0.0,0,negative_soft
synthetic_user_0183,2c1e63cb-30f5-4e05-92af-ea93368ef4ab,2026-04-16T18:54:09,1,1,1,0,1,3,222.98,7,1,0,0,2,0,1,0.41,0.0,0,1,29,11,2,2,0.3793,10,0,2,0.0,0,negative_hard
synthetic_user_0183,59bf0b38-d7b5-4024-a66e-a03f1b47095d,2026-04-16T18:54:09,1,1,1,0,1,3,222.98,7,1,0,0,2,0,3,1.03,0.0,0,1,23,10,4,1,0.4348,10,0,2,0.0,0,negative_hard
synthetic_user_0183,dcd20897-e14a-43fc-b2ba-66bb4a569874,2026-04-16T18:54:09,1,1,1,0,1,3,222.98,7,1,0,0,2,0,1,0.69,0.0,0,1,27,13,4,3,0.4815,10,0,2,0.0,0,negative_hard
synthetic_user_0183,8706bbb8-8343-4edc-9af4-244b9cad76aa,2026-04-16T18:54:09,1,1,0,1,0,3,222.98,7,1,0,0,2,0,0,0.47,0.0,0,0,189,56,17,7,0.2963,0,0,2,0.0,0,negative_soft
synthetic_user_0183,dcd20897-e14a-43fc-b2ba-66bb4a569874,2026-04-16T19:02:09,1,1,1,0,1,3,222.98,7,1,0,1,2,0,1,0.69,0.0,0,1,27,13,4,3,0.4815,11,0,2,0.0,0,negative_hard
synthetic_user_0183,33f6e3a9-237d-433e-b4b6-238e44c80117,2026-04-16T19:02:09,1,1,1,0,1,3,222.98,7,1,0,1,2,0,1,0.58,0.0,0,0,24,10,4,2,0.4167,11,0,2,0.0,0,negative_hard
synthetic_user_0183,e06a75b5-86f9-4daf-b871-0fba7b7ba57d,2026-04-16T19:02:09,1,1,1,0,1,3,222.98,7,1,0,1,2,0,1,0.58,0.0,0,0,33,12,3,3,0.3636,11,0,2,0.0,0,negative_hard
synthetic_user_0183,8706bbb8-8343-4edc-9af4-244b9cad76aa,2026-04-16T19:02:09,1,1,0,1,0,3,222.98,7,1,0,1,2,0,0,0.47,0.0,0,0,189,56,17,7,0.2963,0,0,2,0.0,0,negative_soft
synthetic_user_0183,945e447f-c018-4d92-b5e5-2f1f7a11bd56,2026-04-16T19:05:49,1,1,1,0,1,3,222.98,7,1,1,1,2,0,3,1.03,0.0,0,1,14,3,1,1,0.2143,12,0,2,0.0,0,negative_hard
synthetic_user_0183,c5310615-4076-41e9-9064-736593600471,2026-04-16T19:05:49,1,1,1,0,1,3,222.98,7,1,1,1,2,0,0,1.03,0.0,0,0,27,10,1,4,0.3704,12,0,2,0.0,0,negative_hard
synthetic_user_0183,dbcab77a-8d8a-4721-b07d-d5d9ecc7874d,2026-04-16T19:05:49,1,1,1,0,1,3,222.98,7,1,1,1,2,0,1,0.58,0.0,0,0,23,6,0,2,0.2609,12,0,2,0.0,0,negative_hard
synthetic_user_0183,8706bbb8-8343-4edc-9af4-244b9cad76aa,2026-04-16T19:05:49,1,1,0,1,0,3,222.98,7,1,1,1,2,0,0,0.47,0.0,0,0,189,56,17,7,0.2963,0,0,2,0.0,0,negative_soft
synthetic_user_0177,2c1e63cb-30f5-4e05-92af-ea93368ef4ab,2026-04-17T01:51:48,1,1,1,0,1,3,217.03,8,1,0,0,1,1,1,0.41,0.0,0,1,29,11,2,2,0.3793,5,0,2,0.0,0,negative_hard
synthetic_user_0177,dcf38bea-591e-47ae-aaaf-e01b841cc3b3,2026-04-17T01:51:48,1,1,1,0,1,3,217.03,8,1,0,0,1,1,1,0.69,0.0,0,1,40,12,5,4,0.3,5,0,2,0.0,0,negative_hard
synthetic_user_0177,945e447f-c018-4d92-b5e5-2f1f7a11bd56,2026-04-17T01:51:48,1,1,1,0,1,3,217.03,8,1,0,0,1,1,3,1.03,0.0,0,1,14,3,1,1,0.2143,5,0,2,0.0,0,negative_hard
synthetic_user_0177,7c1af9a0-cf09-4356-8c0d-d762fbb21208,2026-04-17T01:51:48,0,0,0,2,0,3,217.03,8,1,0,0,1,1,1,1.76,0.0,0,1,59,16,2,1,0.2712,0,0,0,0.0,0,negative_soft
synthetic_user_0110,5a0f55cf-16af-4459-9030-0c7c6e11207f,2026-04-17T02:02:40,1,1,1,0,1,3,213.72,13,5,0,1,3,1,0,0.58,0.0,0,0,25,11,3,2,0.44,22,0,5,0.0,0,negative_hard
synthetic_user_0110,95461cac-4301-4ade-8b3c-98201e8731db,2026-04-17T02:02:40,1,1,1,0,1,3,213.72,13,5,0,1,3,1,1,0.41,0.0,0,1,19,8,2,1,0.4211,22,0,5,0.0,0,negative_hard
synthetic_user_0110,2c1e63cb-30f5-4e05-92af-ea93368ef4ab,2026-04-17T02:02:40,1,1,1,0,1,3,213.72,13,5,0,1,3,1,1,0.41,0.0,0,1,29,11,2,2,0.3793,22,0,5,0.0,0,negative_hard
synthetic_user_0110,8706bbb8-8343-4edc-9af4-244b9cad76aa,2026-04-17T02:02:40,1,1,0,1,0,3,213.72,13,5,0,1,3,1,0,0.47,0.0,0,0,189,56,17,7,0.2963,0,0,5,0.0,0,negative_soft
synthetic_user_0110,fbb68aab-9b3b-4e24-9109-ea047f927347,2026-04-17T02:15:44,1,1,1,0,1,3,213.73,13,6,0,1,3,1,3,1.03,0.0,0,1,32,9,3,3,0.2812,23,0,6,0.0,0,negative_hard
synthetic_user_0110,dbcab77a-8d8a-4721-b07d-d5d9ecc7874d,2026-04-17T02:15:44,1,1,1,0,1,3,213.73,13,6,0,1,3,1,1,0.58,0.0,0,0,23,6,0,2,0.2609,23,0,6,0.0,0,negative_hard
synthetic_user_0110,45a799e0-5716-4209-b489-bd8f9ef13974,2026-04-17T02:15:44,1,1,1,0,1,3,213.73,13,6,0,1,3,1,1,0.41,0.0,0,1,16,6,3,1,0.375,23,0,6,0.0,0,negative_hard
synthetic_user_0110,8706bbb8-8343-4edc-9af4-244b9cad76aa,2026-04-17T02:15:44,1,1,0,1,0,3,213.73,13,6,0,1,3,1,0,0.47,0.0,0,0,189,56,17,7,0.2963,0,0,6,0.0,0,negative_soft
synthetic_user_0077,dcd20897-e14a-43fc-b2ba-66bb4a569874,2026-04-17T02:33:07,1,1,1,0,1,3,225.25,8,4,2,0,1,0,1,0.69,0.0,0,1,28,13,4,3,0.4643,13,0,4,0.0,0,negative_hard
synthetic_user_0077,09593622-ad83-4d14-8236-17bea51dbb13,2026-04-17T02:33:07,1,1,1,0,1,3,225.25,8,4,2,0,1,0,1,0.69,0.0,0,1,40,17,4,7,0.425,13,0,4,0.0,0,negative_hard
synthetic_user_0077,85526add-cd5a-4107-a07e-62ff3f493082,2026-04-17T02:33:07,1,1,1,0,1,3,225.25,8,4,2,0,1,0,0,0.41,0.0,0,0,41,15,5,4,0.3659,13,0,4,0.0,0,negative_hard
synthetic_user_0077,7c1af9a0-cf09-4356-8c0d-d762fbb21208,2026-04-17T02:33:07,0,0,0,2,0,3,225.25,8,4,2,0,1,0,1,1.76,0.0,0,1,59,16,2,1,0.2712,0,0,0,0.0,0,negative_soft
synthetic_user_0071,bd6bddb1-3e29-4767-a194-6196e46f7456,2026-04-17T03:47:59,1,1,1,0,1,3,225.67,9,2,1,1,0,0,1,0.41,0.0,0,1,25,7,1,2,0.28,12,0,2,0.0,0,negative_hard
synthetic_user_0071,ea97dfce-6731-4b1d-9b03-485d04de4867,2026-04-17T03:47:59,1,1,1,0,1,3,225.67,9,2,1,1,0,0,3,1.03,0.0,0,1,23,8,1,3,0.3478,12,0,2,0.0,0,negative_hard
synthetic_user_0071,45a799e0-5716-4209-b489-bd8f9ef13974,2026-04-17T03:47:59,1,1,1,0,1,3,225.67,9,2,1,1,0,0,1,0.41,0.0,0,1,16,6,3,1,0.375,12,0,2,0.0,0,negative_hard
synthetic_user_0071,830353af-6497-4bc7-bab8-08114b64b682,2026-04-17T03:56:27,1,1,1,0,1,3,225.68,9,3,1,1,0,0,0,1.05,0.0,0,0,26,10,2,3,0.3846,13,0,3,0.0,0,negative_hard
synthetic_user_0071,8b44ea69-a5bb-4779-8c63-bf20e4da58c7,2026-04-17T03:56:27,1,1,1,0,1,3,225.68,9,3,1,1,0,0,1,0.69,0.0,0,1,40,19,7,5,0.475,13,0,3,0.0,0,negative_hard
synthetic_user_0071,c5310615-4076-41e9-9064-736593600471,2026-04-17T03:56:27,1,1,1,0,1,3,225.68,9,3,1,1,0,0,0,1.03,0.0,0,0,27,10,1,4,0.3704,13,0,3,0.0,0,negative_hard
synthetic_user_0071,dbcab77a-8d8a-4721-b07d-d5d9ecc7874d,2026-04-17T04:02:41,1,1,1,0,1,3,225.68,9,3,2,1,0,0,1,0.58,0.0,0,0,23,6,0,2,0.2609,14,0,3,0.0,0,negative_hard
synthetic_user_0071,85526add-cd5a-4107-a07e-62ff3f493082,2026-04-17T04:02:41,1,1,1,0,1,3,225.68,9,3,2,1,0,0,0,0.41,0.0,0,0,41,15,5,4,0.3659,14,0,3,0.0,0,negative_hard
synthetic_user_0071,945e447f-c018-4d92-b5e5-2f1f7a11bd56,2026-04-17T04:02:41,1,1,1,0,1,3,225.68,9,3,2,1,0,0,3,1.03,0.0,0,1,14,3,1,1,0.2143,14,0,3,0.0,0,negative_hard
synthetic_user_0086,dcd20897-e14a-43fc-b2ba-66bb4a569874,2026-04-17T06:02:41,1,1,1,0,1,3,214.85,6,3,0,0,1,0,1,0.69,0.0,0,1,28,13,4,3,0.4643,10,0,3,0.0,0,negative_hard
synthetic_user_0086,087164bc-8a57-44b1-bd06-0644f475917b,2026-04-17T06:02:41,1,1,1,0,1,3,214.85,6,3,0,0,1,0,0,0.58,0.0,0,0,33,12,2,1,0.3636,10,0,3,0.0,0,negative_hard
synthetic_user_0086,ea97dfce-6731-4b1d-9b03-485d04de4867,2026-04-17T06:02:41,1,1,1,0,1,3,214.85,6,3,0,0,1,0,3,1.03,0.0,0,1,23,8,1,3,0.3478,10,0,3,0.0,0,negative_hard
synthetic_user_0086,8706bbb8-8343-4edc-9af4-244b9cad76aa,2026-04-17T06:02:41,1,1,0,1,0,3,214.85,6,3,0,0,1,0,0,0.47,0.0,0,0,190,56,17,7,0.2947,0,0,3,0.0,0,negative_soft
synthetic_user_0086,2c1e63cb-30f5-4e05-92af-ea93368ef4ab,2026-04-17T06:10:31,1,1,1,0,1,3,214.85,7,3,0,0,1,0,1,0.41,0.0,0,1,29,11,2,2,0.3793,11,0,3,0.0,0,negative_hard
synthetic_user_0086,bd6bddb1-3e29-4767-a194-6196e46f7456,2026-04-17T06:10:31,1,1,1,0,1,3,214.85,7,3,0,0,1,0,1,0.41,0.0,0,1,25,7,1,2,0.28,11,0,3,0.0,0,negative_hard
synthetic_user_0086,85526add-cd5a-4107-a07e-62ff3f493082,2026-04-17T06:10:31,1,1,1,0,1,3,214.85,7,3,0,0,1,0,0,0.41,0.0,0,0,41,15,5,4,0.3659,11,0,3,0.0,0,negative_hard
synthetic_user_0086,8706bbb8-8343-4edc-9af4-244b9cad76aa,2026-04-17T06:10:31,1,1,0,1,0,3,214.85,7,3,0,0,1,0,0,0.47,0.0,0,0,190,56,17,7,0.2947,0,0,3,0.0,0,negative_soft
synthetic_user_0086,5a0f55cf-16af-4459-9030-0c7c6e11207f,2026-04-17T06:15:29,1,1,1,0,1,3,214.86,7,4,0,0,1,0,0,0.58,0.0,0,0,25,11,3,2,0.44,12,0,3,0.0,0,negative_hard
synthetic_user_0086,59bf0b38-d7b5-4024-a66e-a03f1b47095d,2026-04-17T06:15:29,1,1,1,0,1,3,214.86,7,4,0,0,1,0,3,1.03,0.0,0,1,23,10,4,1,0.4348,12,0,3,0.0,0,negative_hard
synthetic_user_0086,8b44ea69-a5bb-4779-8c63-bf20e4da58c7,2026-04-17T06:15:29,1,1,1,0,1,3,214.86,7,4,0,0,1,0,1,0.69,0.0,0,1,40,19,7,5,0.475,12,0,3,0.0,0,negative_hard
synthetic_user_0086,8706bbb8-8343-4edc-9af4-244b9cad76aa,2026-04-17T06:15:29,1,1,0,1,0,3,214.86,7,4,0,0,1,0,0,0.47,0.0,0,0,190,56,17,7,0.2947,0,0,3,0.0,0,negative_soft
synthetic_user_0086,09593622-ad83-4d14-8236-17bea51dbb13,2026-04-17T06:19:32,1,1,1,0,1,3,214.86,7,4,1,0,1,0,1,0.69,0.0,0,1,40,17,4,7,0.425,13,0,3,0.0,0,negative_hard
synthetic_user_0086,581c8e36-7a51-4e8e-ac1d-6e9c1d54940f,2026-04-17T06:19:32,1,1,1,0,1,3,214.86,7,4,1,0,1,0,3,1.03,0.0,0,1,21,7,4,1,0.3333,13,0,3,0.0,0,negative_hard
synthetic_user_0086,dcd20897-e14a-43fc-b2ba-66bb4a569874,2026-04-17T06:19:32,1,1,1,0,1,3,214.86,7,4,1,0,1,0,1,0.69,0.0,0,1,28,13,4,3,0.4643,13,0,3,0.0,0,negative_hard
synthetic_user_0086,8706bbb8-8343-4edc-9af4-244b9cad76aa,2026-04-17T06:19:32,1,1,0,1,0,3,214.86,7,4,1,0,1,0,0,0.47,0.0,0,0,190,56,17,7,0.2947,0,0,3,0.0,0,negative_soft
synthetic_user_0025,85526add-cd5a-4107-a07e-62ff3f493082,2026-04-18T05:16:39,1,1,0,1,0,4,244.07,1,0,0,0,0,1,0,0.41,0.0,0,0,41,15,5,4,0.3659,0,0,0,0.0,0,negative_soft
synthetic_user_0025,ea97dfce-6731-4b1d-9b03-485d04de4867,2026-04-18T05:16:39,1,1,0,1,0,4,244.07,1,0,0,0,0,1,3,1.03,0.0,0,1,23,8,1,3,0.3478,0,0,0,0.0,0,negative_soft
synthetic_user_0025,bd6bddb1-3e29-4767-a194-6196e46f7456,2026-04-18T05:16:39,1,1,0,1,0,4,244.07,1,0,0,0,0,1,1,0.41,0.0,0,1,25,7,1,2,0.28,0,0,0,0.0,0,negative_soft
synthetic_user_0025,09593622-ad83-4d14-8236-17bea51dbb13,2026-04-18T05:16:39,1,1,0,1,0,4,244.07,1,0,0,0,0,1,1,0.69,0.0,0,1,40,17,4,7,0.425,0,0,0,0.0,0,negative_soft
synthetic_user_0025,2c1e63cb-30f5-4e05-92af-ea93368ef4ab,2026-04-18T05:31:25,1,1,0,1,0,4,244.08,2,0,0,0,0,1,1,0.41,0.0,0,1,29,11,2,2,0.3793,0,0,0,0.0,0,negative_soft
synthetic_user_0025,c5310615-4076-41e9-9064-736593600471,2026-04-18T05:31:25,1,1,0,1,0,4,244.08,2,0,0,0,0,1,0,1.03,0.0,0,0,27,10,1,4,0.3704,0,0,0,0.0,0,negative_soft
synthetic_user_0025,ea97dfce-6731-4b1d-9b03-485d04de4867,2026-04-18T05:31:25,1,1,0,1,0,4,244.08,2,0,0,0,0,1,3,1.03,0.0,0,1,23,8,1,3,0.3478,0,0,0,0.0,0,negative_soft
synthetic_user_0025,945e447f-c018-4d92-b5e5-2f1f7a11bd56,2026-04-18T05:31:25,1,1,0,1,0,4,244.08,2,0,0,0,0,1,3,1.03,0.0,0,1,14,3,1,1,0.2143,0,0,0,0.0,0,negative_soft
synthetic_user_0025,fbb68aab-9b3b-4e24-9109-ea047f927347,2026-04-18T05:34:01,1,1,0,1,0,4,244.09,2,1,0,0,0,1,3,1.03,0.0,0,1,32,9,3,3,0.2812,0,0,1,0.0,0,negative_soft
synthetic_user_0025,dcf38bea-591e-47ae-aaaf-e01b841cc3b3,2026-04-18T05:34:01,1,1,0,1,0,4,244.09,2,1,0,0,0,1,1,0.69,0.0,0,1,40,12,5,4,0.3,0,0,1,0.0,0,negative_soft
synthetic_user_0025,c5310615-4076-41e9-9064-736593600471,2026-04-18T05:34:01,1,1,0,1,0,4,244.09,2,1,0,0,0,1,0,1.03,0.0,0,0,27,10,1,4,0.3704,0,0,1,0.0,0,negative_soft
synthetic_user_0025,e06a75b5-86f9-4daf-b871-0fba7b7ba57d,2026-04-18T05:34:01,1,1,0,1,0,4,244.09,2,1,0,0,0,1,1,0.58,0.0,0,0,33,12,3,3,0.3636,0,0,1,0.0,0,negative_soft
synthetic_user_0148,85526add-cd5a-4107-a07e-62ff3f493082,2026-04-18T07:48:51,1,1,1,0,1,3,237.91,12,2,0,0,2,1,0,0.41,0.0,0,0,41,15,5,4,0.3659,11,0,1,0.0,0,negative_hard
synthetic_user_0148,dbcab77a-8d8a-4721-b07d-d5d9ecc7874d,2026-04-18T07:48:51,1,1,1,0,1,3,237.91,12,2,0,0,2,1,1,0.58,0.0,0,0,23,6,0,2,0.2609,11,0,1,0.0,0,negative_hard
synthetic_user_0148,5a0f55cf-16af-4459-9030-0c7c6e11207f,2026-04-18T07:48:51,1,1,1,0,1,3,237.91,12,2,0,0,2,1,0,0.58,0.0,0,0,25,11,3,2,0.44,11,0,1,0.0,0,negative_hard
synthetic_user_0148,7c1af9a0-cf09-4356-8c0d-d762fbb21208,2026-04-18T07:48:51,0,0,0,2,0,3,237.91,12,2,0,0,2,1,1,1.76,0.0,0,1,59,16,2,1,0.2712,0,0,0,0.0,0,negative_soft
synthetic_user_0145,fbb68aab-9b3b-4e24-9109-ea047f927347,2026-04-18T21:16:21,1,1,1,0,1,3,232.32,5,2,1,2,1,0,3,1.03,0.0,0,1,33,10,3,3,0.303,7,0,2,0.0,0,negative_hard
synthetic_user_0145,f6081dfd-75ec-4719-a05b-6ec1f95df15f,2026-04-18T21:16:21,1,1,1,0,1,3,232.32,5,2,1,2,1,0,1,1.05,0.0,0,1,19,5,1,3,0.2632,7,0,2,0.0,0,negative_hard
synthetic_user_0145,95461cac-4301-4ade-8b3c-98201e8731db,2026-04-18T21:16:21,1,1,1,0,1,3,232.32,5,2,1,2,1,0,1,0.41,0.0,0,1,19,8,2,1,0.4211,7,0,2,0.0,0,negative_hard
synthetic_user_0032,a18002e2-24a3-4da4-b558-ea8cadcb047e,2026-04-19T06:34:16,1,1,1,0,1,3,229.58,2,0,0,0,0,0,0,0.58,0.0,0,0,39,16,6,3,0.4103,2,0,0,0.0,0,negative_hard
synthetic_user_0032,dbcab77a-8d8a-4721-b07d-d5d9ecc7874d,2026-04-19T06:34:16,1,1,1,0,1,3,229.58,2,0,0,0,0,0,1,0.58,0.0,0,0,23,6,0,2,0.2609,2,0,0,0.0,0,negative_hard
synthetic_user_0032,bd6bddb1-3e29-4767-a194-6196e46f7456,2026-04-19T06:34:16,1,1,1,0,1,3,229.58,2,0,0,0,0,0,1,0.41,0.0,0,1,25,7,1,2,0.28,2,0,0,0.0,0,negative_hard
synthetic_user_0032,8706bbb8-8343-4edc-9af4-244b9cad76aa,2026-04-19T06:34:16,1,1,0,1,0,3,229.58,2,0,0,0,0,0,0,0.47,0.0,0,0,191,57,18,7,0.2984,0,0,0,0.0,0,negative_soft
synthetic_user_0032,581c8e36-7a51-4e8e-ac1d-6e9c1d54940f,2026-04-19T06:39:25,1,1,1,0,1,3,229.58,2,1,0,0,0,0,3,1.03,0.0,0,1,21,7,4,1,0.3333,3,0,1,0.0,0,negative_hard
synthetic_user_0032,087164bc-8a57-44b1-bd06-0644f475917b,2026-04-19T06:39:25,1,1,1,0,1,3,229.58,2,1,0,0,0,0,0,0.58,0.0,0,0,33,12,2,1,0.3636,3,0,1,0.0,0,negative_hard
synthetic_user_0032,ea97dfce-6731-4b1d-9b03-485d04de4867,2026-04-19T06:39:25,1,1,1,0,1,3,229.58,2,1,0,0,0,0,3,1.03,0.0,0,1,24,8,1,3,0.3333,3,0,1,0.0,0,negative_hard
synthetic_user_0032,8706bbb8-8343-4edc-9af4-244b9cad76aa,2026-04-19T06:39:25,1,1,0,1,0,3,229.58,2,1,0,0,0,0,0,0.47,0.0,0,0,191,57,18,7,0.2984,0,0,1,0.0,0,negative_soft
synthetic_user_0054,09593622-ad83-4d14-8236-17bea51dbb13,2026-04-19T22:25:09,1,1,1,0,1,3,217.14,5,4,0,0,0,1,1,0.69,0.0,0,1,40,17,4,7,0.425,5,0,3,0.0,0,negative_hard
synthetic_user_0054,e72c3d3b-cf36-4cc4-9a40-d8cc5d28df84,2026-04-19T22:25:09,1,1,1,0,1,3,217.14,5,4,0,0,0,1,1,0.41,0.0,0,1,25,10,6,3,0.4,5,0,3,0.0,0,negative_hard
synthetic_user_0054,2c1e63cb-30f5-4e05-92af-ea93368ef4ab,2026-04-19T22:25:09,1,1,1,0,1,3,217.14,5,4,0,0,0,1,1,0.41,0.0,0,1,29,11,2,2,0.3793,5,0,3,0.0,0,negative_hard
synthetic_user_0054,7c1af9a0-cf09-4356-8c0d-d762fbb21208,2026-04-19T22:25:09,0,0,0,2,0,3,217.14,5,4,0,0,0,1,1,1.76,0.0,0,1,59,16,2,1,0.2712,0,0,0,0.0,0,negative_soft
synthetic_user_0054,e72c3d3b-cf36-4cc4-9a40-d8cc5d28df84,2026-04-19T22:27:24,1,1,1,0,1,3,217.14,6,4,0,0,0,1,1,0.41,0.0,0,1,25,10,6,3,0.4,6,0,3,0.0,0,negative_hard
synthetic_user_0054,95461cac-4301-4ade-8b3c-98201e8731db,2026-04-19T22:27:24,1,1,1,0,1,3,217.14,6,4,0,0,0,1,1,0.41,0.0,0,1,19,8,2,1,0.4211,6,0,3,0.0,0,negative_hard
synthetic_user_0054,40a8032b-e43c-43dc-ba5f-d650f1c0a979,2026-04-19T22:27:24,1,1,1,0,1,3,217.14,6,4,0,0,0,1,1,0.41,0.0,0,1,24,13,7,3,0.5417,6,0,3,0.0,0,negative_hard
synthetic_user_0054,7c1af9a0-cf09-4356-8c0d-d762fbb21208,2026-04-19T22:27:24,0,0,0,2,0,3,217.14,6,4,0,0,0,1,1,1.76,0.0,0,1,59,16,2,1,0.2712,0,0,0,0.0,0,negative_soft
synthetic_user_0054,95461cac-4301-4ade-8b3c-98201e8731db,2026-04-19T22:29:22,1,1,1,0,1,3,217.14,6,5,0,0,0,1,1,0.41,0.0,0,1,19,8,2,1,0.4211,7,0,4,0.0,0,negative_hard
synthetic_user_0054,e06a75b5-86f9-4daf-b871-0fba7b7ba57d,2026-04-19T22:29:22,1,1,1,0,1,3,217.14,6,5,0,0,0,1,1,0.58,0.0,0,0,33,12,3,3,0.3636,7,0,4,0.0,0,negative_hard
synthetic_user_0054,59bf0b38-d7b5-4024-a66e-a03f1b47095d,2026-04-19T22:29:22,1,1,1,0,1,3,217.14,6,5,0,0,0,1,3,1.03,0.0,0,1,23,10,4,1,0.4348,7,0,4,0.0,0,negative_hard
synthetic_user_0054,7c1af9a0-cf09-4356-8c0d-d762fbb21208,2026-04-19T22:29:22,0,0,0,2,0,3,217.14,6,5,0,0,0,1,1,1.76,0.0,0,1,59,16,2,1,0.2712,0,0,0,0.0,0,negative_soft
synthetic_user_0018,2c1e63cb-30f5-4e05-92af-ea93368ef4ab,2026-04-21T01:57:32,1,1,1,0,1,3,222.68,11,4,0,1,3,0,1,0.41,0.0,0,1,29,11,2,2,0.3793,18,0,3,0.0,0,negative_hard
synthetic_user_0018,087164bc-8a57-44b1-bd06-0644f475917b,2026-04-21T01:57:32,1,1,1,0,1,3,222.68,11,4,0,1,3,0,0,0.58,0.0,0,0,33,12,2,1,0.3636,18,0,3,0.0,0,negative_hard
synthetic_user_0018,8b44ea69-a5bb-4779-8c63-bf20e4da58c7,2026-04-21T01:57:32,1,1,1,0,1,3,222.68,11,4,0,1,3,0,1,0.69,0.0,0,1,40,19,7,5,0.475,18,0,3,0.0,0,negative_hard
synthetic_user_0018,7c1af9a0-cf09-4356-8c0d-d762fbb21208,2026-04-21T01:57:32,0,0,0,2,0,3,222.68,11,4,0,1,3,0,1,1.76,0.0,0,1,59,16,2,1,0.2712,0,0,0,0.0,0,negative_soft
synthetic_user_0018,dcd20897-e14a-43fc-b2ba-66bb4a569874,2026-04-21T02:27:15,1,1,1,0,1,3,222.7,12,4,0,1,3,0,1,0.69,0.0,0,1,28,13,4,3,0.4643,19,0,3,0.0,0,negative_hard
synthetic_user_0018,33f6e3a9-237d-433e-b4b6-238e44c80117,2026-04-21T02:27:15,1,1,1,0,1,3,222.7,12,4,0,1,3,0,1,0.58,0.0,0,0,24,10,4,2,0.4167,19,0,3,0.0,0,negative_hard
synthetic_user_0018,087164bc-8a57-44b1-bd06-0644f475917b,2026-04-21T02:27:15,1,1,1,0,1,3,222.7,12,4,0,1,3,0,0,0.58,0.0,0,0,33,12,2,1,0.3636,19,0,3,0.0,0,negative_hard
synthetic_user_0018,7c1af9a0-cf09-4356-8c0d-d762fbb21208,2026-04-21T02:27:15,0,0,0,2,0,3,222.7,12,4,0,1,3,0,1,1.76,0.0,0,1,59,16,2,1,0.2712,0,0,0,0.0,0,negative_soft
synthetic_user_0134,59bf0b38-d7b5-4024-a66e-a03f1b47095d,2026-04-21T02:39:43,1,1,1,0,1,3,228.8,6,3,2,1,0,1,3,1.03,0.0,0,1,23,10,4,1,0.4348,12,0,2,0.0,0,negative_hard
synthetic_user_0134,dbcab77a-8d8a-4721-b07d-d5d9ecc7874d,2026-04-21T02:39:43,1,1,1,0,1,3,228.8,6,3,2,1,0,1,1,0.58,0.0,0,0,24,7,1,2,0.2917,12,0,2,0.0,0,negative_hard
synthetic_user_0134,2c1e63cb-30f5-4e05-92af-ea93368ef4ab,2026-04-21T02:39:43,1,1,1,0,1,3,228.8,6,3,2,1,0,1,1,0.41,0.0,0,1,29,11,2,2,0.3793,12,0,2,0.0,0,negative_hard
synthetic_user_0134,8706bbb8-8343-4edc-9af4-244b9cad76aa,2026-04-21T02:39:43,1,1,0,1,0,3,228.8,6,3,2,1,0,1,0,0.47,0.0,0,0,191,57,18,7,0.2984,0,0,2,0.0,0,negative_soft
synthetic_user_0134,e06a75b5-86f9-4daf-b871-0fba7b7ba57d,2026-04-21T02:45:42,1,1,1,0,1,3,228.8,6,4,2,1,0,1,1,0.58,0.0,0,0,33,12,3,3,0.3636,13,0,3,0.0,0,negative_hard
synthetic_user_0134,087164bc-8a57-44b1-bd06-0644f475917b,2026-04-21T02:45:42,1,1,1,0,1,3,228.8,6,4,2,1,0,1,0,0.58,0.0,0,0,33,12,2,1,0.3636,13,0,3,0.0,0,negative_hard
synthetic_user_0134,a8231f34-c157-4fcd-b08a-5a3420cc0cee,2026-04-21T02:45:42,1,1,1,0,1,3,228.8,6,4,2,1,0,1,1,0.69,0.0,0,1,28,8,1,2,0.2857,13,0,3,0.0,0,negative_hard
synthetic_user_0134,8706bbb8-8343-4edc-9af4-244b9cad76aa,2026-04-21T02:45:42,1,1,0,1,0,3,228.8,6,4,2,1,0,1,0,0.47,0.0,0,0,191,57,18,7,0.2984,0,0,3,0.0,0,negative_soft
synthetic_user_0132,a8231f34-c157-4fcd-b08a-5a3420cc0cee,2026-04-21T03:06:21,1,1,1,0,1,3,227.67,9,3,0,1,1,1,1,0.69,0.0,0,1,28,8,1,2,0.2857,14,0,1,0.0,0,negative_hard
synthetic_user_0132,98a77293-8faf-4d27-8248-6eb91f481d8f,2026-04-21T03:06:21,1,1,1,0,1,3,227.67,9,3,0,1,1,1,0,0.58,0.0,0,0,33,16,7,6,0.4848,14,0,1,0.0,0,negative_hard
synthetic_user_0132,45a799e0-5716-4209-b489-bd8f9ef13974,2026-04-21T03:06:21,1,1,1,0,1,3,227.67,9,3,0,1,1,1,1,0.41,0.0,0,1,17,6,3,1,0.3529,14,0,1,0.0,0,negative_hard
synthetic_user_0132,7c1af9a0-cf09-4356-8c0d-d762fbb21208,2026-04-21T03:06:21,0,0,0,2,0,3,227.67,9,3,0,1,1,1,1,1.76,0.0,0,1,59,16,2,1,0.2712,0,0,0,0.0,0,negative_soft
synthetic_user_0018,dcd20897-e14a-43fc-b2ba-66bb4a569874,2026-04-21T06:10:17,1,1,1,0,1,3,222.86,12,4,0,1,4,0,1,0.69,0.0,0,1,28,13,4,3,0.4643,20,0,4,0.0,0,negative_hard
synthetic_user_0018,33f6e3a9-237d-433e-b4b6-238e44c80117,2026-04-21T06:10:17,1,1,1,0,1,3,222.86,12,4,0,1,4,0,1,0.58,0.0,0,0,24,10,4,2,0.4167,20,0,4,0.0,0,negative_hard
synthetic_user_0018,c5310615-4076-41e9-9064-736593600471,2026-04-21T06:10:17,1,1,1,0,1,3,222.86,12,4,0,1,4,0,0,1.03,0.0,0,0,27,10,1,4,0.3704,20,0,4,0.0,0,negative_hard
synthetic_user_0018,7c1af9a0-cf09-4356-8c0d-d762fbb21208,2026-04-21T06:10:17,0,0,0,2,0,3,222.86,12,4,0,1,4,0,1,1.76,0.0,0,1,59,16,2,1,0.2712,0,0,0,0.0,0,negative_soft
synthetic_user_0018,98a77293-8faf-4d27-8248-6eb91f481d8f,2026-04-21T06:14:21,1,1,1,0,1,3,222.86,13,4,0,1,4,0,0,0.58,0.0,0,0,33,16,7,6,0.4848,21,0,4,0.0,0,negative_hard
synthetic_user_0018,09593622-ad83-4d14-8236-17bea51dbb13,2026-04-21T06:14:21,1,1,1,0,1,3,222.86,13,4,0,1,4,0,1,0.69,0.0,0,1,40,17,4,7,0.425,21,0,4,0.0,0,negative_hard
synthetic_user_0018,45a799e0-5716-4209-b489-bd8f9ef13974,2026-04-21T06:14:21,1,1,1,0,1,3,222.86,13,4,0,1,4,0,1,0.41,0.0,0,1,17,6,3,1,0.3529,21,0,4,0.0,0,negative_hard
synthetic_user_0018,7c1af9a0-cf09-4356-8c0d-d762fbb21208,2026-04-21T06:14:21,0,0,0,2,0,3,222.86,13,4,0,1,4,0,1,1.76,0.0,0,1,59,16,2,1,0.2712,0,0,0,0.0,0,negative_soft
synthetic_user_0018,95461cac-4301-4ade-8b3c-98201e8731db,2026-04-21T06:21:19,1,1,1,0,1,3,222.87,13,5,0,1,4,0,1,0.41,0.0,0,1,20,9,2,2,0.45,22,0,4,0.0,0,negative_hard
synthetic_user_0018,85526add-cd5a-4107-a07e-62ff3f493082,2026-04-21T06:21:19,1,1,1,0,1,3,222.87,13,5,0,1,4,0,0,0.41,0.0,0,0,41,15,5,4,0.3659,22,0,4,0.0,0,negative_hard
synthetic_user_0018,8b44ea69-a5bb-4779-8c63-bf20e4da58c7,2026-04-21T06:21:19,1,1,1,0,1,3,222.87,13,5,0,1,4,0,1,0.69,0.0,0,1,40,19,7,5,0.475,22,0,4,0.0,0,negative_hard
synthetic_user_0018,7c1af9a0-cf09-4356-8c0d-d762fbb21208,2026-04-21T06:21:19,0,0,0,2,0,3,222.87,13,5,0,1,4,0,1,1.76,0.0,0,1,59,16,2,1,0.2712,0,0,0,0.0,0,negative_soft
synthetic_user_0065,087164bc-8a57-44b1-bd06-0644f475917b,2026-04-21T19:24:57,1,1,1,0,1,3,223.43,3,1,0,0,0,1,0,0.58,0.0,0,0,34,12,2,1,0.3529,4,0,1,0.0,0,negative_hard
synthetic_user_0065,2c1e63cb-30f5-4e05-92af-ea93368ef4ab,2026-04-21T19:24:57,1,1,1,0,1,3,223.43,3,1,0,0,0,1,1,0.41,0.0,0,1,29,11,2,2,0.3793,4,0,1,0.0,0,negative_hard
synthetic_user_0065,b1e94dc4-e19f-4e9b-85e1-69c3b4ab0e97,2026-04-21T19:24:57,1,1,1,0,1,3,223.43,3,1,0,0,0,1,3,1.03,0.0,0,1,30,17,9,3,0.5667,4,0,1,0.0,0,negative_hard
synthetic_user_0065,8706bbb8-8343-4edc-9af4-244b9cad76aa,2026-04-21T19:24:57,1,1,0,1,0,3,223.43,3,1,0,0,0,1,0,0.47,0.0,0,0,192,57,18,7,0.2969,0,0,1,0.0,0,negative_soft
synthetic_user_0009,dcd20897-e14a-43fc-b2ba-66bb4a569874,2026-04-22T01:10:48,1,1,1,0,1,3,247.63,1,0,0,0,0,0,1,0.69,0.0,0,1,28,13,4,3,0.4643,1,0,0,0.0,0,negative_hard
synthetic_user_0009,bd6bddb1-3e29-4767-a194-6196e46f7456,2026-04-22T01:10:48,1,1,1,0,1,3,247.63,1,0,0,0,0,0,1,0.41,0.0,0,1,25,7,1,2,0.28,1,0,0,0.0,0,negative_hard
synthetic_user_0009,5a0f55cf-16af-4459-9030-0c7c6e11207f,2026-04-22T01:10:48,1,1,1,0,1,3,247.63,1,0,0,0,0,0,0,0.58,0.0,0,0,26,11,3,2,0.4231,1,0,0,0.0,0,negative_hard
synthetic_user_0009,8706bbb8-8343-4edc-9af4-244b9cad76aa,2026-04-22T01:10:48,1,1,0,1,0,3,247.63,1,0,0,0,0,0,0,0.47,0.0,0,0,192,57,18,7,0.2969,0,0,0,0.0,0,negative_soft
synthetic_user_0009,5a0f55cf-16af-4459-9030-0c7c6e11207f,2026-04-22T01:20:44,1,1,1,0,1,3,247.63,1,1,0,0,0,0,0,0.58,0.0,0,0,26,11,3,2,0.4231,2,0,1,0.0,0,negative_hard
synthetic_user_0009,ea97dfce-6731-4b1d-9b03-485d04de4867,2026-04-22T01:20:44,1,1,1,0,1,3,247.63,1,1,0,0,0,0,3,1.03,0.0,0,1,24,8,1,3,0.3333,2,0,1,0.0,0,negative_hard
synthetic_user_0009,40a8032b-e43c-43dc-ba5f-d650f1c0a979,2026-04-22T01:20:44,1,1,1,0,1,3,247.63,1,1,0,0,0,0,1,0.41,0.0,0,1,25,14,7,3,0.56,2,0,1,0.0,0,negative_hard
synthetic_user_0009,8706bbb8-8343-4edc-9af4-244b9cad76aa,2026-04-22T01:20:44,1,1,0,1,0,3,247.63,1,1,0,0,0,0,0,0.47,0.0,0,0,192,57,18,7,0.2969,0,0,1,0.0,0,negative_soft
synthetic_user_0073,e72c3d3b-cf36-4cc4-9a40-d8cc5d28df84,2026-04-22T03:17:11,1,1,1,0,1,3,227.75,8,2,1,0,0,0,1,0.41,0.0,0,1,25,10,6,3,0.4,8,0,2,0.0,0,negative_hard
synthetic_user_0073,ea97dfce-6731-4b1d-9b03-485d04de4867,2026-04-22T03:17:11,1,1,1,0,1,3,227.75,8,2,1,0,0,0,3,1.03,0.0,0,1,24,8,1,3,0.3333,8,0,2,0.0,0,negative_hard
synthetic_user_0073,f6081dfd-75ec-4719-a05b-6ec1f95df15f,2026-04-22T03:17:11,1,1,1,0,1,3,227.75,8,2,1,0,0,0,1,1.05,0.0,0,1,19,5,1,3,0.2632,8,0,2,0.0,0,negative_hard
synthetic_user_0073,7c1af9a0-cf09-4356-8c0d-d762fbb21208,2026-04-22T03:17:11,0,0,0,2,0,3,227.75,8,2,1,0,0,0,1,1.76,0.0,0,1,59,16,2,1,0.2712,0,0,0,0.0,0,negative_soft
synthetic_user_0073,40a8032b-e43c-43dc-ba5f-d650f1c0a979,2026-04-22T03:20:31,1,1,1,0,1,3,227.76,9,2,1,0,0,0,1,0.41,0.0,0,1,25,14,7,3,0.56,9,0,2,0.0,0,negative_hard
synthetic_user_0073,5a0f55cf-16af-4459-9030-0c7c6e11207f,2026-04-22T03:20:31,1,1,1,0,1,3,227.76,9,2,1,0,0,0,0,0.58,0.0,0,0,26,11,3,2,0.4231,9,0,2,0.0,0,negative_hard
synthetic_user_0073,8b44ea69-a5bb-4779-8c63-bf20e4da58c7,2026-04-22T03:20:31,1,1,1,0,1,3,227.76,9,2,1,0,0,0,1,0.69,0.0,0,1,40,19,7,5,0.475,9,0,2,0.0,0,negative_hard
synthetic_user_0073,7c1af9a0-cf09-4356-8c0d-d762fbb21208,2026-04-22T03:20:31,0,0,0,2,0,3,227.76,9,2,1,0,0,0,1,1.76,0.0,0,1,59,16,2,1,0.2712,0,0,0,0.0,0,negative_soft
synthetic_user_0054,33f6e3a9-237d-433e-b4b6-238e44c80117,2026-04-22T03:43:58,1,1,1,0,1,3,219.36,7,5,1,0,0,1,1,0.58,0.0,0,0,24,10,4,2,0.4167,9,0,4,0.0,0,negative_hard
synthetic_user_0054,59bf0b38-d7b5-4024-a66e-a03f1b47095d,2026-04-22T03:43:58,1,1,1,0,1,3,219.36,7,5,1,0,0,1,3,1.03,0.0,0,1,24,10,4,1,0.4167,9,0,4,0.0,0,negative_hard
synthetic_user_0054,581c8e36-7a51-4e8e-ac1d-6e9c1d54940f,2026-04-22T03:43:58,1,1,1,0,1,3,219.36,7,5,1,0,0,1,3,1.03,0.0,0,1,21,7,4,1,0.3333,9,0,4,0.0,0,negative_hard
synthetic_user_0054,7c1af9a0-cf09-4356-8c0d-d762fbb21208,2026-04-22T03:43:58,0,0,0,2,0,3,219.36,7,5,1,0,0,1,1,1.76,0.0,0,1,59,16,2,1,0.2712,0,0,0,0.0,0,negative_soft
synthetic_user_0110,85526add-cd5a-4107-a07e-62ff3f493082,2026-04-23T03:43:31,1,1,1,0,1,3,219.79,13,6,0,2,3,1,0,0.41,0.0,0,0,42,16,5,4,0.381,24,0,6,0.0,0,negative_hard
synthetic_user_0110,40a8032b-e43c-43dc-ba5f-d650f1c0a979,2026-04-23T03:43:31,1,1,1,0,1,3,219.79,13,6,0,2,3,1,1,0.41,0.0,0,1,25,14,7,3,0.56,24,0,6,0.0,0,negative_hard
synthetic_user_0110,a18002e2-24a3-4da4-b558-ea8cadcb047e,2026-04-23T03:43:31,1,1,1,0,1,3,219.79,13,6,0,2,3,1,0,0.58,0.0,0,0,39,16,6,3,0.4103,24,0,6,0.0,0,negative_hard
synthetic_user_0110,8706bbb8-8343-4edc-9af4-244b9cad76aa,2026-04-23T03:43:31,1,1,0,1,0,3,219.79,13,6,0,2,3,1,0,0.47,0.0,0,0,192,57,18,7,0.2969,0,0,6,0.0,0,negative_soft
synthetic_user_0110,bd6bddb1-3e29-4767-a194-6196e46f7456,2026-04-23T03:56:05,1,1,1,0,1,3,219.8,14,6,0,2,3,1,1,0.41,0.0,0,1,25,7,1,2,0.28,25,0,6,0.0,0,negative_hard
synthetic_user_0110,33f6e3a9-237d-433e-b4b6-238e44c80117,2026-04-23T03:56:05,1,1,1,0,1,3,219.8,14,6,0,2,3,1,1,0.58,0.0,0,0,24,10,4,2,0.4167,25,0,6,0.0,0,negative_hard
synthetic_user_0110,85526add-cd5a-4107-a07e-62ff3f493082,2026-04-23T03:56:05,1,1,1,0,1,3,219.8,14,6,0,2,3,1,0,0.41,0.0,0,0,42,16,5,4,0.381,25,0,6,0.0,0,negative_hard
synthetic_user_0110,8706bbb8-8343-4edc-9af4-244b9cad76aa,2026-04-23T03:56:05,1,1,0,1,0,3,219.8,14,6,0,2,3,1,0,0.47,0.0,0,0,192,57,18,7,0.2969,0,0,6,0.0,0,negative_soft
synthetic_user_0180,45a799e0-5716-4209-b489-bd8f9ef13974,2026-04-23T04:24:55,1,1,1,0,1,3,228.21,13,4,1,1,4,0,1,0.41,0.0,0,1,17,6,3,1,0.3529,18,0,6,0.0,0,negative_hard
synthetic_user_0180,dcd20897-e14a-43fc-b2ba-66bb4a569874,2026-04-23T04:24:55,1,1,1,0,1,3,228.21,13,4,1,1,4,0,1,0.69,0.0,0,1,28,13,4,3,0.4643,18,0,6,0.0,0,negative_hard
synthetic_user_0180,40a8032b-e43c-43dc-ba5f-d650f1c0a979,2026-04-23T04:24:55,1,1,1,0,1,3,228.21,13,4,1,1,4,0,1,0.41,0.0,0,1,25,14,7,3,0.56,18,0,6,0.0,0,negative_hard
synthetic_user_0180,7c1af9a0-cf09-4356-8c0d-d762fbb21208,2026-04-23T04:24:55,0,0,0,2,0,3,228.21,13,4,1,1,4,0,1,1.76,0.0,0,1,59,16,2,1,0.2712,0,0,0,0.0,0,negative_soft
synthetic_user_0051,2c1e63cb-30f5-4e05-92af-ea93368ef4ab,2026-04-23T07:55:48,1,1,1,0,1,3,223.24,11,4,1,0,1,1,1,0.41,0.0,0,1,29,11,2,2,0.3793,12,0,4,0.0,0,negative_hard
synthetic_user_0051,e06a75b5-86f9-4daf-b871-0fba7b7ba57d,2026-04-23T07:55:48,1,1,1,0,1,3,223.24,11,4,1,0,1,1,1,0.58,0.0,0,0,33,12,3,3,0.3636,12,0,4,0.0,0,negative_hard
synthetic_user_0051,45a799e0-5716-4209-b489-bd8f9ef13974,2026-04-23T07:55:48,1,1,1,0,1,3,223.24,11,4,1,0,1,1,1,0.41,0.0,0,1,17,6,3,1,0.3529,12,0,4,0.0,0,negative_hard
synthetic_user_0051,7c1af9a0-cf09-4356-8c0d-d762fbb21208,2026-04-23T07:55:48,0,0,0,2,0,3,223.24,11,4,1,0,1,1,1,1.76,0.0,0,1,59,16,2,1,0.2712,0,0,0,0.0,0,negative_soft
synthetic_user_0096,33f6e3a9-237d-433e-b4b6-238e44c80117,2026-04-23T18:03:41,1,1,1,0,1,3,243.25,3,2,0,1,1,0,1,0.58,0.0,0,0,24,10,4,2,0.4167,7,0,2,0.0,0,negative_hard
synthetic_user_0096,dcd20897-e14a-43fc-b2ba-66bb4a569874,2026-04-23T18:03:41,1,1,1,0,1,3,243.25,3,2,0,1,1,0,1,0.69,0.0,0,1,28,13,4,3,0.4643,7,0,2,0.0,0,negative_hard
synthetic_user_0096,830353af-6497-4bc7-bab8-08114b64b682,2026-04-23T18:03:41,1,1,1,0,1,3,243.25,3,2,0,1,1,0,0,1.05,0.0,0,0,27,10,2,3,0.3704,7,0,2,0.0,0,negative_hard
synthetic_user_0096,8706bbb8-8343-4edc-9af4-244b9cad76aa,2026-04-23T18:03:41,1,1,0,1,0,3,243.25,3,2,0,1,1,0,0,0.47,0.0,0,0,193,58,18,7,0.3005,0,0,2,0.0,0,negative_soft
synthetic_user_0021,45a799e0-5716-4209-b489-bd8f9ef13974,2026-04-23T19:27:28,1,1,1,0,1,3,242.75,7,1,0,0,1,1,1,0.41,0.0,0,1,17,6,3,1,0.3529,9,0,1,0.0,0,negative_hard
synthetic_user_0021,fbb68aab-9b3b-4e24-9109-ea047f927347,2026-04-23T19:27:28,1,1,1,0,1,3,242.75,7,1,0,0,1,1,3,1.03,0.0,0,1,35,10,3,3,0.2857,9,0,1,0.0,0,negative_hard
synthetic_user_0021,dcd20897-e14a-43fc-b2ba-66bb4a569874,2026-04-23T19:27:28,1,1,1,0,1,3,242.75,7,1,0,0,1,1,1,0.69,0.0,0,1,28,13,4,3,0.4643,9,0,1,0.0,0,negative_hard
synthetic_user_0021,8706bbb8-8343-4edc-9af4-244b9cad76aa,2026-04-23T19:27:28,1,1,0,1,0,3,242.75,7,1,0,0,1,1,0,0.47,0.0,0,0,193,58,18,7,0.3005,0,0,1,0.0,0,negative_soft
synthetic_user_0195,09593622-ad83-4d14-8236-17bea51dbb13,2026-04-24T00:20:17,1,1,1,0,1,3,233.19,7,3,0,1,3,0,1,0.69,0.0,0,1,41,18,5,7,0.439,10,0,4,0.0,0,negative_hard
synthetic_user_0195,a8231f34-c157-4fcd-b08a-5a3420cc0cee,2026-04-24T00:20:17,1,1,1,0,1,3,233.19,7,3,0,1,3,0,1,0.69,0.0,0,1,29,8,1,2,0.2759,10,0,4,0.0,0,negative_hard
synthetic_user_0195,dbcab77a-8d8a-4721-b07d-d5d9ecc7874d,2026-04-24T00:20:17,1,1,1,0,1,3,233.19,7,3,0,1,3,0,1,0.58,0.0,0,0,24,7,1,2,0.2917,10,0,4,0.0,0,negative_hard
synthetic_user_0195,e06a75b5-86f9-4daf-b871-0fba7b7ba57d,2026-04-24T00:31:52,1,1,1,0,1,3,233.2,7,4,0,1,3,0,1,0.58,0.0,0,0,33,12,3,3,0.3636,11,0,5,0.0,0,negative_hard
synthetic_user_0195,fbb68aab-9b3b-4e24-9109-ea047f927347,2026-04-24T00:31:52,1,1,1,0,1,3,233.2,7,4,0,1,3,0,3,1.03,0.0,0,1,35,10,3,3,0.2857,11,0,5,0.0,0,negative_hard
synthetic_user_0195,087164bc-8a57-44b1-bd06-0644f475917b,2026-04-24T00:31:52,1,1,1,0,1,3,233.2,7,4,0,1,3,0,0,0.58,0.0,0,0,34,12,2,1,0.3529,11,0,5,0.0,0,negative_hard
synthetic_user_0189,a18002e2-24a3-4da4-b558-ea8cadcb047e,2026-04-24T01:00:10,1,1,1,0,1,3,235.78,5,2,0,0,1,1,0,0.58,0.0,0,0,40,16,6,3,0.4,8,0,2,0.0,0,negative_hard
synthetic_user_0189,40a8032b-e43c-43dc-ba5f-d650f1c0a979,2026-04-24T01:00:10,1,1,1,0,1,3,235.78,5,2,0,0,1,1,1,0.41,0.0,0,1,25,14,7,3,0.56,8,0,2,0.0,0,negative_hard
synthetic_user_0189,2c1e63cb-30f5-4e05-92af-ea93368ef4ab,2026-04-24T01:00:10,1,1,1,0,1,3,235.78,5,2,0,0,1,1,1,0.41,0.0,0,1,29,11,2,2,0.3793,8,0,2,0.0,0,negative_hard
synthetic_user_0189,8706bbb8-8343-4edc-9af4-244b9cad76aa,2026-04-24T01:00:10,1,1,0,1,0,3,235.78,5,2,0,0,1,1,0,0.47,0.0,0,0,193,58,18,7,0.3005,0,0,2,0.0,0,negative_soft
synthetic_user_0042,830353af-6497-4bc7-bab8-08114b64b682,2026-04-24T01:03:52,1,1,1,0,1,3,248.56,5,2,2,1,0,0,0,1.05,0.0,0,0,27,10,2,3,0.3704,10,0,1,0.0,0,negative_hard
synthetic_user_0042,8b44ea69-a5bb-4779-8c63-bf20e4da58c7,2026-04-24T01:03:52,1,1,1,0,1,3,248.56,5,2,2,1,0,0,1,0.69,0.0,0,1,43,19,7,5,0.4419,10,0,1,0.0,0,negative_hard
synthetic_user_0042,33f6e3a9-237d-433e-b4b6-238e44c80117,2026-04-24T01:03:52,1,1,1,0,1,3,248.56,5,2,2,1,0,0,1,0.58,0.0,0,0,25,10,4,2,0.4,10,0,1,0.0,0,negative_hard
synthetic_user_0042,8706bbb8-8343-4edc-9af4-244b9cad76aa,2026-04-24T01:03:52,1,1,0,1,0,3,248.56,5,2,2,1,0,0,0,0.47,0.0,0,0,193,58,18,7,0.3005,0,0,1,0.0,0,negative_soft
synthetic_user_0189,45a799e0-5716-4209-b489-bd8f9ef13974,2026-04-24T01:04:56,1,1,1,0,1,3,235.79,6,2,0,0,1,1,1,0.41,0.0,0,1,17,6,3,1,0.3529,9,0,2,0.0,0,negative_hard
synthetic_user_0189,fbb68aab-9b3b-4e24-9109-ea047f927347,2026-04-24T01:04:56,1,1,1,0,1,3,235.79,6,2,0,0,1,1,3,1.03,0.0,0,1,35,10,3,3,0.2857,9,0,2,0.0,0,negative_hard
synthetic_user_0189,09593622-ad83-4d14-8236-17bea51dbb13,2026-04-24T01:04:56,1,1,1,0,1,3,235.79,6,2,0,0,1,1,1,0.69,0.0,0,1,41,18,5,7,0.439,9,0,2,0.0,0,negative_hard
synthetic_user_0189,8706bbb8-8343-4edc-9af4-244b9cad76aa,2026-04-24T01:04:56,1,1,0,1,0,3,235.79,6,2,0,0,1,1,0,0.47,0.0,0,0,193,58,18,7,0.3005,0,0,2,0.0,0,negative_soft
synthetic_user_0042,e06a75b5-86f9-4daf-b871-0fba7b7ba57d,2026-04-24T01:09:20,1,1,1,0,1,3,248.56,5,2,2,1,1,0,1,0.58,0.0,0,0,33,12,3,3,0.3636,11,0,2,0.0,0,negative_hard
synthetic_user_0042,c5310615-4076-41e9-9064-736593600471,2026-04-24T01:09:20,1,1,1,0,1,3,248.56,5,2,2,1,1,0,0,1.03,0.0,0,0,28,10,1,4,0.3571,11,0,2,0.0,0,negative_hard
synthetic_user_0042,945e447f-c018-4d92-b5e5-2f1f7a11bd56,2026-04-24T01:09:20,1,1,1,0,1,3,248.56,5,2,2,1,1,0,3,1.03,0.0,0,1,14,3,1,1,0.2143,11,0,2,0.0,0,negative_hard
synthetic_user_0042,8706bbb8-8343-4edc-9af4-244b9cad76aa,2026-04-24T01:09:20,1,1,0,1,0,3,248.56,5,2,2,1,1,0,0,0.47,0.0,0,0,193,58,18,7,0.3005,0,0,2,0.0,0,negative_soft
synthetic_user_0148,dcd20897-e14a-43fc-b2ba-66bb4a569874,2026-04-24T01:40:53,1,1,1,0,1,3,243.66,12,3,0,0,2,1,1,0.69,0.0,0,1,28,13,4,3,0.4643,12,0,2,0.0,0,negative_hard
synthetic_user_0148,830353af-6497-4bc7-bab8-08114b64b682,2026-04-24T01:40:53,1,1,1,0,1,3,243.66,12,3,0,0,2,1,0,1.05,0.0,0,0,27,10,2,3,0.3704,12,0,2,0.0,0,negative_hard
synthetic_user_0148,e72c3d3b-cf36-4cc4-9a40-d8cc5d28df84,2026-04-24T01:40:53,1,1,1,0,1,3,243.66,12,3,0,0,2,1,1,0.41,0.0,0,1,25,10,6,3,0.4,12,0,2,0.0,0,negative_hard
synthetic_user_0148,7c1af9a0-cf09-4356-8c0d-d762fbb21208,2026-04-24T01:40:53,0,0,0,2,0,3,243.66,12,3,0,0,2,1,1,1.76,0.0,0,1,59,16,2,1,0.2712,0,0,0,0.0,0,negative_soft
synthetic_user_0200,087164bc-8a57-44b1-bd06-0644f475917b,2026-04-24T03:31:48,1,1,1,0,1,3,231.62,6,2,1,0,1,0,0,0.58,0.0,0,0,34,12,2,1,0.3529,10,0,1,0.0,0,negative_hard
synthetic_user_0200,a8231f34-c157-4fcd-b08a-5a3420cc0cee,2026-04-24T03:31:48,1,1,1,0,1,3,231.62,6,2,1,0,1,0,1,0.69,0.0,0,1,29,8,1,2,0.2759,10,0,1,0.0,0,negative_hard
synthetic_user_0200,e06a75b5-86f9-4daf-b871-0fba7b7ba57d,2026-04-24T03:31:48,1,1,1,0,1,3,231.62,6,2,1,0,1,0,1,0.58,0.0,0,0,33,12,3,3,0.3636,10,0,1,0.0,0,negative_hard
synthetic_user_0200,8706bbb8-8343-4edc-9af4-244b9cad76aa,2026-04-24T03:31:48,1,1,0,1,0,3,231.62,6,2,1,0,1,0,0,0.47,0.0,0,0,193,58,18,7,0.3005,0,0,1,0.0,0,negative_soft
synthetic_user_0200,ea97dfce-6731-4b1d-9b03-485d04de4867,2026-04-24T03:35:47,1,1,1,0,1,3,231.63,6,3,1,0,1,0,3,1.03,0.0,0,1,25,9,1,3,0.36,11,0,2,0.0,0,negative_hard
synthetic_user_0200,c5310615-4076-41e9-9064-736593600471,2026-04-24T03:35:47,1,1,1,0,1,3,231.63,6,3,1,0,1,0,0,1.03,0.0,0,0,28,10,1,4,0.3571,11,0,2,0.0,0,negative_hard
synthetic_user_0200,2c1e63cb-30f5-4e05-92af-ea93368ef4ab,2026-04-24T03:35:47,1,1,1,0,1,3,231.63,6,3,1,0,1,0,1,0.41,0.0,0,1,29,11,2,2,0.3793,11,0,2,0.0,0,negative_hard
synthetic_user_0200,8706bbb8-8343-4edc-9af4-244b9cad76aa,2026-04-24T03:35:47,1,1,0,1,0,3,231.63,6,3,1,0,1,0,0,0.47,0.0,0,0,193,58,18,7,0.3005,0,0,2,0.0,0,negative_soft
synthetic_user_0039,33f6e3a9-237d-433e-b4b6-238e44c80117,2026-04-24T04:14:35,1,1,1,0,1,3,223.72,5,1,0,0,1,1,1,0.58,0.0,0,0,25,11,4,2,0.44,5,0,2,0.0,0,negative_hard
synthetic_user_0039,95461cac-4301-4ade-8b3c-98201e8731db,2026-04-24T04:14:35,1,1,1,0,1,3,223.72,5,1,0,0,1,1,1,0.41,0.0,0,1,20,9,2,2,0.45,5,0,2,0.0,0,negative_hard
synthetic_user_0039,087164bc-8a57-44b1-bd06-0644f475917b,2026-04-24T04:14:35,1,1,1,0,1,3,223.72,5,1,0,0,1,1,0,0.58,0.0,0,0,34,12,2,1,0.3529,5,0,2,0.0,0,negative_hard
synthetic_user_0039,7c1af9a0-cf09-4356-8c0d-d762fbb21208,2026-04-24T04:14:35,0,0,0,2,0,3,223.72,5,1,0,0,1,1,1,1.76,0.0,0,1,59,16,2,1,0.2712,0,0,0,0.0,0,negative_soft
synthetic_user_0046,45a799e0-5716-4209-b489-bd8f9ef13974,2026-04-24T05:33:43,1,1,1,0,1,3,240.01,7,0,0,0,0,0,1,0.41,0.0,0,1,17,6,3,1,0.3529,3,0,0,0.0,0,negative_hard
synthetic_user_0046,dcd20897-e14a-43fc-b2ba-66bb4a569874,2026-04-24T05:33:43,1,1,1,0,1,3,240.01,7,0,0,0,0,0,1,0.69,0.0,0,1,28,13,4,3,0.4643,3,0,0,0.0,0,negative_hard
synthetic_user_0046,2c1e63cb-30f5-4e05-92af-ea93368ef4ab,2026-04-24T05:33:43,1,1,1,0,1,3,240.01,7,0,0,0,0,0,1,0.41,0.0,0,1,29,11,2,2,0.3793,3,0,0,0.0,0,negative_hard
synthetic_user_0046,e72c3d3b-cf36-4cc4-9a40-d8cc5d28df84,2026-04-24T05:35:53,1,1,1,0,1,3,240.01,7,1,0,0,0,0,1,0.41,0.0,0,1,25,10,6,3,0.4,3,0,1,0.0,0,negative_hard
synthetic_user_0046,5a0f55cf-16af-4459-9030-0c7c6e11207f,2026-04-24T05:35:53,1,1,1,0,1,3,240.01,7,1,0,0,0,0,0,0.58,0.0,0,0,28,11,3,2,0.3929,3,0,1,0.0,0,negative_hard
synthetic_user_0046,581c8e36-7a51-4e8e-ac1d-6e9c1d54940f,2026-04-24T05:35:53,1,1,1,0,1,3,240.01,7,1,0,0,0,0,3,1.03,0.0,0,1,21,7,4,1,0.3333,3,0,1,0.0,0,negative_hard
synthetic_user_0131,c5310615-4076-41e9-9064-736593600471,2026-04-25T01:15:21,1,1,1,0,1,3,249.58,2,0,0,0,1,0,0,1.03,0.0,0,0,28,10,1,4,0.3571,2,0,1,0.0,0,negative_hard
synthetic_user_0131,fbb68aab-9b3b-4e24-9109-ea047f927347,2026-04-25T01:15:21,1,1,1,0,1,3,249.58,2,0,0,0,1,0,3,1.03,0.0,0,1,36,10,3,3,0.2778,2,0,1,0.0,0,negative_hard
synthetic_user_0131,45a799e0-5716-4209-b489-bd8f9ef13974,2026-04-25T01:15:21,1,1,1,0,1,3,249.58,2,0,0,0,1,0,1,0.41,0.0,0,1,17,6,3,1,0.3529,2,0,1,0.0,0,negative_hard
synthetic_user_0131,7c1af9a0-cf09-4356-8c0d-d762fbb21208,2026-04-25T01:15:21,0,0,0,2,0,3,249.58,2,0,0,0,1,0,1,1.76,0.0,0,1,59,16,2,1,0.2712,0,0,0,0.0,0,negative_soft
synthetic_user_0073,581c8e36-7a51-4e8e-ac1d-6e9c1d54940f,2026-04-25T05:43:59,1,1,1,0,1,3,230.86,9,3,1,0,0,0,3,1.03,0.0,0,1,21,7,4,1,0.3333,10,0,3,0.0,0,negative_hard
synthetic_user_0073,2c1e63cb-30f5-4e05-92af-ea93368ef4ab,2026-04-25T05:43:59,1,1,1,0,1,3,230.86,9,3,1,0,0,0,1,0.41,0.0,0,1,29,11,2,2,0.3793,10,0,3,0.0,0,negative_hard
synthetic_user_0073,a8231f34-c157-4fcd-b08a-5a3420cc0cee,2026-04-25T05:43:59,1,1,1,0,1,3,230.86,9,3,1,0,0,0,1,0.69,0.0,0,1,29,8,1,2,0.2759,10,0,3,0.0,0,negative_hard
synthetic_user_0073,7c1af9a0-cf09-4356-8c0d-d762fbb21208,2026-04-25T05:43:59,0,0,0,2,0,3,230.86,9,3,1,0,0,0,1,1.76,0.0,0,1,59,16,2,1,0.2712,0,0,0,0.0,0,negative_soft
synthetic_user_0091,ea97dfce-6731-4b1d-9b03-485d04de4867,2026-04-25T06:47:39,1,1,1,0,1,3,229.66,13,1,1,0,1,0,3,1.03,0.0,0,1,25,9,1,3,0.36,13,0,2,0.0,0,negative_hard
synthetic_user_0091,fbb68aab-9b3b-4e24-9109-ea047f927347,2026-04-25T06:47:39,1,1,1,0,1,3,229.66,13,1,1,0,1,0,3,1.03,0.0,0,1,36,10,3,3,0.2778,13,0,2,0.0,0,negative_hard
synthetic_user_0091,8b44ea69-a5bb-4779-8c63-bf20e4da58c7,2026-04-25T06:47:39,1,1,1,0,1,3,229.66,13,1,1,0,1,0,1,0.69,0.0,0,1,43,19,7,5,0.4419,13,0,2,0.0,0,negative_hard
synthetic_user_0091,7c1af9a0-cf09-4356-8c0d-d762fbb21208,2026-04-25T06:47:39,0,0,0,2,0,3,229.66,13,1,1,0,1,0,1,1.76,0.0,0,1,59,16,2,1,0.2712,0,0,0,0.0,0,negative_soft
synthetic_user_0114,a18002e2-24a3-4da4-b558-ea8cadcb047e,2026-04-25T23:08:57,1,1,1,0,1,3,232.01,4,1,0,0,0,1,0,0.58,0.0,0,0,41,16,6,3,0.3902,5,0,1,0.0,0,negative_hard
synthetic_user_0114,2c1e63cb-30f5-4e05-92af-ea93368ef4ab,2026-04-25T23:08:57,1,1,1,0,1,3,232.01,4,1,0,0,0,1,1,0.41,0.0,0,1,29,11,2,2,0.3793,5,0,1,0.0,0,negative_hard
synthetic_user_0114,a8231f34-c157-4fcd-b08a-5a3420cc0cee,2026-04-25T23:08:57,1,1,1,0,1,3,232.01,4,1,0,0,0,1,1,0.69,0.0,0,1,29,8,1,2,0.2759,5,0,1,0.0,0,negative_hard
synthetic_user_0114,8706bbb8-8343-4edc-9af4-244b9cad76aa,2026-04-25T23:08:57,1,1,0,1,0,3,232.01,4,1,0,0,0,1,0,0.47,0.0,0,0,194,59,19,7,0.3041,0,0,1,0.0,0,negative_soft
synthetic_user_0114,087164bc-8a57-44b1-bd06-0644f475917b,2026-04-25T23:37:28,1,1,1,0,1,3,232.03,5,1,0,0,0,1,0,0.58,0.0,0,0,34,12,2,1,0.3529,6,0,1,0.0,0,negative_hard
synthetic_user_0114,dcd20897-e14a-43fc-b2ba-66bb4a569874,2026-04-25T23:37:28,1,1,1,0,1,3,232.03,5,1,0,0,0,1,1,0.69,0.0,0,1,28,13,4,3,0.4643,6,0,1,0.0,0,negative_hard
synthetic_user_0114,98a77293-8faf-4d27-8248-6eb91f481d8f,2026-04-25T23:37:28,1,1,1,0,1,3,232.03,5,1,0,0,0,1,0,0.58,0.0,0,0,34,17,7,7,0.5,6,0,1,0.0,0,negative_hard
synthetic_user_0114,8706bbb8-8343-4edc-9af4-244b9cad76aa,2026-04-25T23:37:28,1,1,0,1,0,3,232.03,5,1,0,0,0,1,0,0.47,0.0,0,0,194,59,19,7,0.3041,0,0,1,0.0,0,negative_soft
synthetic_user_0071,98a77293-8faf-4d27-8248-6eb91f481d8f,2026-04-26T04:13:44,1,1,1,0,1,3,234.69,10,3,2,2,0,0,0,0.58,0.0,0,0,34,17,7,7,0.5,16,0,3,0.0,0,negative_hard
synthetic_user_0071,c5310615-4076-41e9-9064-736593600471,2026-04-26T04:13:44,1,1,1,0,1,3,234.69,10,3,2,2,0,0,0,1.03,0.0,0,0,28,10,1,4,0.3571,16,0,3,0.0,0,negative_hard
synthetic_user_0071,b1e94dc4-e19f-4e9b-85e1-69c3b4ab0e97,2026-04-26T04:13:44,1,1,1,0,1,3,234.69,10,3,2,2,0,0,3,1.03,0.0,0,1,33,18,9,3,0.5455,16,0,3,0.0,0,negative_hard
synthetic_user_0129,dcd20897-e14a-43fc-b2ba-66bb4a569874,2026-04-26T05:08:41,1,1,1,0,1,3,250.82,5,2,1,0,0,0,1,0.69,0.0,0,1,28,13,4,3,0.4643,6,0,2,0.0,0,negative_hard
synthetic_user_0129,a18002e2-24a3-4da4-b558-ea8cadcb047e,2026-04-26T05:08:41,1,1,1,0,1,3,250.82,5,2,1,0,0,0,0,0.58,0.0,0,0,41,16,6,3,0.3902,6,0,2,0.0,0,negative_hard
synthetic_user_0129,ea97dfce-6731-4b1d-9b03-485d04de4867,2026-04-26T05:08:41,1,1,1,0,1,3,250.82,5,2,1,0,0,0,3,1.03,0.0,0,1,26,9,1,3,0.3462,6,0,2,0.0,0,negative_hard
synthetic_user_0129,7c1af9a0-cf09-4356-8c0d-d762fbb21208,2026-04-26T05:08:41,0,0,0,2,0,3,250.82,5,2,1,0,0,0,1,1.76,0.0,0,1,59,16,2,1,0.2712,0,0,0,0.0,0,negative_soft
synthetic_user_0103,a18002e2-24a3-4da4-b558-ea8cadcb047e,2026-04-26T06:56:08,1,1,1,0,1,3,224.44,11,2,1,1,3,0,0,0.58,0.0,0,0,41,16,6,3,0.3902,18,0,2,0.0,0,negative_hard
synthetic_user_0103,dbcab77a-8d8a-4721-b07d-d5d9ecc7874d,2026-04-26T06:56:08,1,1,1,0,1,3,224.44,11,2,1,1,3,0,1,0.58,0.0,0,0,25,7,1,2,0.28,18,0,2,0.0,0,negative_hard
synthetic_user_0103,b1e94dc4-e19f-4e9b-85e1-69c3b4ab0e97,2026-04-26T06:56:08,1,1,1,0,1,3,224.44,11,2,1,1,3,0,3,1.03,0.0,0,1,33,18,9,3,0.5455,18,0,2,0.0,0,negative_hard
synthetic_user_0103,8706bbb8-8343-4edc-9af4-244b9cad76aa,2026-04-26T06:56:08,1,1,0,1,0,3,224.44,11,2,1,1,3,0,0,0.47,0.0,0,0,195,59,19,7,0.3026,0,0,2,0.0,0,negative_soft
synthetic_user_0133,a18002e2-24a3-4da4-b558-ea8cadcb047e,2026-04-26T18:12:12,1,1,1,0,1,3,252.01,6,2,1,0,0,1,0,0.58,0.0,0,0,42,16,6,3,0.381,7,0,2,0.0,0,negative_hard
synthetic_user_0133,8b44ea69-a5bb-4779-8c63-bf20e4da58c7,2026-04-26T18:12:12,1,1,1,0,1,3,252.01,6,2,1,0,0,1,1,0.69,0.0,0,1,43,19,7,5,0.4419,7,0,2,0.0,0,negative_hard
synthetic_user_0133,5a0f55cf-16af-4459-9030-0c7c6e11207f,2026-04-26T18:12:12,1,1,1,0,1,3,252.01,6,2,1,0,0,1,0,0.58,0.0,0,0,28,11,3,2,0.3929,7,0,2,0.0,0,negative_hard
synthetic_user_0133,7c1af9a0-cf09-4356-8c0d-d762fbb21208,2026-04-26T18:12:12,0,0,0,2,0,3,252.01,6,2,1,0,0,1,1,1.76,0.0,0,1,60,16,2,1,0.2667,0,0,0,0.0,0,negative_soft
synthetic_user_0147,945e447f-c018-4d92-b5e5-2f1f7a11bd56,2026-04-26T21:02:57,1,1,1,0,1,3,235.44,8,4,2,0,2,0,3,1.03,0.0,0,1,15,3,1,1,0.2,15,0,3,0.0,0,negative_hard
synthetic_user_0147,f6081dfd-75ec-4719-a05b-6ec1f95df15f,2026-04-26T21:02:57,1,1,1,0,1,3,235.44,8,4,2,0,2,0,1,1.05,0.0,0,1,20,5,1,3,0.25,15,0,3,0.0,0,negative_hard
synthetic_user_0147,b1e94dc4-e19f-4e9b-85e1-69c3b4ab0e97,2026-04-26T21:02:57,1,1,1,0,1,3,235.44,8,4,2,0,2,0,3,1.03,0.0,0,1,33,18,9,3,0.5455,15,0,3,0.0,0,negative_hard
synthetic_user_0147,7c1af9a0-cf09-4356-8c0d-d762fbb21208,2026-04-26T21:02:57,0,0,0,2,0,3,235.44,8,4,2,0,2,0,1,1.76,0.0,0,1,60,16,2,1,0.2667,0,0,0,0.0,0,negative_soft
synthetic_user_0147,bd6bddb1-3e29-4767-a194-6196e46f7456,2026-04-26T21:04:34,1,1,1,0,1,3,235.44,8,5,2,0,2,0,1,0.41,0.0,0,1,26,7,1,2,0.2692,16,0,4,0.0,0,negative_hard
synthetic_user_0147,ea97dfce-6731-4b1d-9b03-485d04de4867,2026-04-26T21:04:34,1,1,1,0,1,3,235.44,8,5,2,0,2,0,3,1.03,0.0,0,1,26,9,1,3,0.3462,16,0,4,0.0,0,negative_hard
synthetic_user_0147,8b44ea69-a5bb-4779-8c63-bf20e4da58c7,2026-04-26T21:04:34,1,1,1,0,1,3,235.44,8,5,2,0,2,0,1,0.69,0.0,0,1,43,19,7,5,0.4419,16,0,4,0.0,0,negative_hard
synthetic_user_0147,7c1af9a0-cf09-4356-8c0d-d762fbb21208,2026-04-26T21:04:34,0,0,0,2,0,3,235.44,8,5,2,0,2,0,1,1.76,0.0,0,1,60,16,2,1,0.2667,0,0,0,0.0,0,negative_soft
synthetic_user_0117,ea97dfce-6731-4b1d-9b03-485d04de4867,2026-04-26T22:36:38,1,1,1,0,1,3,238.28,6,2,0,1,0,1,3,1.03,0.0,0,1,26,9,1,3,0.3462,8,0,2,0.0,0,negative_hard
synthetic_user_0117,8b44ea69-a5bb-4779-8c63-bf20e4da58c7,2026-04-26T22:36:38,1,1,1,0,1,3,238.28,6,2,0,1,0,1,1,0.69,0.0,0,1,43,19,7,5,0.4419,8,0,2,0.0,0,negative_hard
synthetic_user_0117,59bf0b38-d7b5-4024-a66e-a03f1b47095d,2026-04-26T22:36:38,1,1,1,0,1,3,238.28,6,2,0,1,0,1,3,1.03,0.0,0,1,27,12,4,2,0.4444,8,0,2,0.0,0,negative_hard
synthetic_user_0117,7c1af9a0-cf09-4356-8c0d-d762fbb21208,2026-04-26T22:36:38,0,0,0,2,0,3,238.28,6,2,0,1,0,1,1,1.76,0.0,0,1,60,16,2,1,0.2667,0,0,0,0.0,0,negative_soft
synthetic_user_0030,581c8e36-7a51-4e8e-ac1d-6e9c1d54940f,2026-04-27T03:09:52,0,0,0,2,0,1,240.28,7,1,1,0,0,0,3,1.03,0.0,0,1,21,7,4,1,0.3333,3,0,0,0.0,0,negative_soft
synthetic_user_0030,bd6bddb1-3e29-4767-a194-6196e46f7456,2026-04-27T03:09:52,0,0,0,2,0,1,240.28,7,1,1,0,0,0,1,0.41,0.0,0,1,26,7,1,2,0.2692,3,0,0,0.0,0,negative_soft
synthetic_user_0030,5a0f55cf-16af-4459-9030-0c7c6e11207f,2026-04-27T03:09:52,0,0,0,2,0,1,240.28,7,1,1,0,0,0,0,0.58,0.0,0,0,28,11,3,2,0.3929,3,0,0,0.0,0,negative_soft
synthetic_user_0030,830353af-6497-4bc7-bab8-08114b64b682,2026-04-27T03:09:52,0,0,0,2,0,1,240.28,7,1,1,0,0,0,0,1.05,0.0,0,0,27,10,2,3,0.3704,3,0,0,0.0,0,negative_soft
synthetic_user_0076,2c1e63cb-30f5-4e05-92af-ea93368ef4ab,2026-04-27T06:43:39,1,1,1,0,1,3,240.7,8,4,1,0,0,0,1,0.41,0.0,0,1,29,11,2,2,0.3793,11,0,3,0.0,0,negative_hard
synthetic_user_0076,bd6bddb1-3e29-4767-a194-6196e46f7456,2026-04-27T06:43:39,1,1,1,0,1,3,240.7,8,4,1,0,0,0,1,0.41,0.0,0,1,26,7,1,2,0.2692,11,0,3,0.0,0,negative_hard
synthetic_user_0076,945e447f-c018-4d92-b5e5-2f1f7a11bd56,2026-04-27T06:43:39,1,1,1,0,1,3,240.7,8,4,1,0,0,0,3,1.03,0.0,0,1,15,3,1,1,0.2,11,0,3,0.0,0,negative_hard
synthetic_user_0076,7c1af9a0-cf09-4356-8c0d-d762fbb21208,2026-04-27T06:43:39,0,0,0,2,0,3,240.7,8,4,1,0,0,0,1,1.76,0.0,0,1,61,16,2,1,0.2623,0,0,0,0.0,0,negative_soft
synthetic_user_0076,945e447f-c018-4d92-b5e5-2f1f7a11bd56,2026-04-27T06:48:02,1,1,1,0,1,3,240.71,8,5,1,0,0,0,3,1.03,0.0,0,1,15,3,1,1,0.2,12,0,4,0.0,0,negative_hard
synthetic_user_0076,dbcab77a-8d8a-4721-b07d-d5d9ecc7874d,2026-04-27T06:48:02,1,1,1,0,1,3,240.71,8,5,1,0,0,0,1,0.58,0.0,0,0,25,7,1,2,0.28,12,0,4,0.0,0,negative_hard
synthetic_user_0076,40a8032b-e43c-43dc-ba5f-d650f1c0a979,2026-04-27T06:48:02,1,1,1,0,1,3,240.71,8,5,1,0,0,0,1,0.41,0.0,0,1,25,14,7,3,0.56,12,0,4,0.0,0,negative_hard
synthetic_user_0076,7c1af9a0-cf09-4356-8c0d-d762fbb21208,2026-04-27T06:48:02,0,0,0,2,0,3,240.71,8,5,1,0,0,0,1,1.76,0.0,0,1,61,16,2,1,0.2623,0,0,0,0.0,0,negative_soft
synthetic_user_0076,a8231f34-c157-4fcd-b08a-5a3420cc0cee,2026-04-27T06:57:04,1,1,1,0,1,3,240.71,8,5,1,0,1,0,1,0.69,0.0,0,1,29,8,1,2,0.2759,13,0,4,0.0,0,negative_hard
synthetic_user_0076,e06a75b5-86f9-4daf-b871-0fba7b7ba57d,2026-04-27T06:57:04,1,1,1,0,1,3,240.71,8,5,1,0,1,0,1,0.58,0.0,0,0,33,12,3,3,0.3636,13,0,4,0.0,0,negative_hard
synthetic_user_0076,8b44ea69-a5bb-4779-8c63-bf20e4da58c7,2026-04-27T06:57:04,1,1,1,0,1,3,240.71,8,5,1,0,1,0,1,0.69,0.0,0,1,43,19,7,5,0.4419,13,0,4,0.0,0,negative_hard
synthetic_user_0076,7c1af9a0-cf09-4356-8c0d-d762fbb21208,2026-04-27T06:57:04,0,0,0,2,0,3,240.71,8,5,1,0,1,0,1,1.76,0.0,0,1,61,16,2,1,0.2623,0,0,0,0.0,0,negative_soft
synthetic_user_0180,95461cac-4301-4ade-8b3c-98201e8731db,2026-04-27T19:36:05,1,1,1,0,1,3,232.84,14,4,1,1,4,0,1,0.41,0.0,0,1,20,9,2,2,0.45,19,0,6,0.0,0,negative_hard
synthetic_user_0180,dcd20897-e14a-43fc-b2ba-66bb4a569874,2026-04-27T19:36:05,1,1,1,0,1,3,232.84,14,4,1,1,4,0,1,0.69,0.0,0,1,28,13,4,3,0.4643,19,0,6,0.0,0,negative_hard
synthetic_user_0180,09593622-ad83-4d14-8236-17bea51dbb13,2026-04-27T19:36:05,1,1,1,0,1,3,232.84,14,4,1,1,4,0,1,0.69,0.0,0,1,41,18,5,7,0.439,19,0,6,0.0,0,negative_hard
synthetic_user_0180,7c1af9a0-cf09-4356-8c0d-d762fbb21208,2026-04-27T19:36:05,0,0,0,2,0,3,232.84,14,4,1,1,4,0,1,1.76,0.0,0,1,61,16,2,1,0.2623,0,0,0,0.0,0,negative_soft
synthetic_user_0180,45a799e0-5716-4209-b489-bd8f9ef13974,2026-04-27T19:49:53,1,1,1,0,1,3,232.85,15,4,1,1,4,0,1,0.41,0.0,0,1,18,7,3,2,0.3889,20,0,6,0.0,0,negative_hard
synthetic_user_0180,f6081dfd-75ec-4719-a05b-6ec1f95df15f,2026-04-27T19:49:53,1,1,1,0,1,3,232.85,15,4,1,1,4,0,1,1.05,0.0,0,1,20,5,1,3,0.25,20,0,6,0.0,0,negative_hard
synthetic_user_0180,95461cac-4301-4ade-8b3c-98201e8731db,2026-04-27T19:49:53,1,1,1,0,1,3,232.85,15,4,1,1,4,0,1,0.41,0.0,0,1,20,9,2,2,0.45,20,0,6,0.0,0,negative_hard
synthetic_user_0180,7c1af9a0-cf09-4356-8c0d-d762fbb21208,2026-04-27T19:49:53,0,0,0,2,0,3,232.85,15,4,1,1,4,0,1,1.76,0.0,0,1,61,16,2,1,0.2623,0,0,0,0.0,0,negative_soft
synthetic_user_0018,dbcab77a-8d8a-4721-b07d-d5d9ecc7874d,2026-04-27T20:53:27,1,1,1,0,1,3,229.47,13,5,0,1,5,0,1,0.58,0.0,0,0,25,7,1,2,0.28,23,0,4,0.0,0,negative_hard
synthetic_user_0018,59bf0b38-d7b5-4024-a66e-a03f1b47095d,2026-04-27T20:53:27,1,1,1,0,1,3,229.47,13,5,0,1,5,0,3,1.03,0.0,0,1,27,12,4,2,0.4444,23,0,4,0.0,0,negative_hard
synthetic_user_0018,f6081dfd-75ec-4719-a05b-6ec1f95df15f,2026-04-27T20:53:27,1,1,1,0,1,3,229.47,13,5,0,1,5,0,1,1.05,0.0,0,1,20,5,1,3,0.25,23,0,4,0.0,0,negative_hard
synthetic_user_0018,7c1af9a0-cf09-4356-8c0d-d762fbb21208,2026-04-27T20:53:27,0,0,0,2,0,3,229.47,13,5,0,1,5,0,1,1.76,0.0,0,1,61,16,2,1,0.2623,0,0,0,0.0,0,negative_soft
synthetic_user_0180,ea97dfce-6731-4b1d-9b03-485d04de4867,2026-04-28T20:50:33,1,1,1,0,1,3,233.89,15,5,1,1,4,0,3,1.03,0.0,0,1,26,9,1,3,0.3462,21,0,6,0.0,0,negative_hard
synthetic_user_0180,45a799e0-5716-4209-b489-bd8f9ef13974,2026-04-28T20:50:33,1,1,1,0,1,3,233.89,15,5,1,1,4,0,1,0.41,0.0,0,1,18,7,3,2,0.3889,21,0,6,0.0,0,negative_hard
synthetic_user_0180,98a77293-8faf-4d27-8248-6eb91f481d8f,2026-04-28T20:50:33,1,1,1,0,1,3,233.89,15,5,1,1,4,0,0,0.58,0.0,0,0,34,17,7,7,0.5,21,0,6,0.0,0,negative_hard
synthetic_user_0180,7c1af9a0-cf09-4356-8c0d-d762fbb21208,2026-04-28T20:50:33,0,0,0,2,0,3,233.89,15,5,1,1,4,0,1,1.76,0.0,0,1,61,16,2,1,0.2623,0,0,0,0.0,0,negative_soft
synthetic_user_0180,95461cac-4301-4ade-8b3c-98201e8731db,2026-04-28T20:52:37,1,1,1,0,1,3,233.89,16,5,1,1,4,0,1,0.41,0.0,0,1,20,9,2,2,0.45,22,0,6,0.0,0,negative_hard
synthetic_user_0180,33f6e3a9-237d-433e-b4b6-238e44c80117,2026-04-28T20:52:37,1,1,1,0,1,3,233.89,16,5,1,1,4,0,1,0.58,0.0,0,0,25,11,4,2,0.44,22,0,6,0.0,0,negative_hard
synthetic_user_0180,ea97dfce-6731-4b1d-9b03-485d04de4867,2026-04-28T20:52:37,1,1,1,0,1,3,233.89,16,5,1,1,4,0,3,1.03,0.0,0,1,26,9,1,3,0.3462,22,0,6,0.0,0,negative_hard
synthetic_user_0180,7c1af9a0-cf09-4356-8c0d-d762fbb21208,2026-04-28T20:52:37,0,0,0,2,0,3,233.89,16,5,1,1,4,0,1,1.76,0.0,0,1,61,16,2,1,0.2623,0,0,0,0.0,0,negative_soft
synthetic_user_0180,09593622-ad83-4d14-8236-17bea51dbb13,2026-04-28T21:00:48,1,1,1,0,1,3,233.9,16,6,1,1,4,0,1,0.69,0.0,0,1,41,18,5,7,0.439,23,0,6,0.0,0,negative_hard
synthetic_user_0180,f6081dfd-75ec-4719-a05b-6ec1f95df15f,2026-04-28T21:00:48,1,1,1,0,1,3,233.9,16,6,1,1,4,0,1,1.05,0.0,0,1,20,5,1,3,0.25,23,0,6,0.0,0,negative_hard
synthetic_user_0180,98a77293-8faf-4d27-8248-6eb91f481d8f,2026-04-28T21:00:48,1,1,1,0,1,3,233.9,16,6,1,1,4,0,0,0.58,0.0,0,0,34,17,7,7,0.5,23,0,6,0.0,0,negative_hard
synthetic_user_0180,7c1af9a0-cf09-4356-8c0d-d762fbb21208,2026-04-28T21:00:48,0,0,0,2,0,3,233.9,16,6,1,1,4,0,1,1.76,0.0,0,1,61,16,2,1,0.2623,0,0,0,0.0,0,negative_soft
synthetic_user_0037,bd6bddb1-3e29-4767-a194-6196e46f7456,2026-04-29T01:25:12,1,1,1,0,1,3,248.26,5,2,0,1,0,0,1,0.41,0.0,0,1,26,7,1,2,0.2692,7,0,2,0.0,0,negative_hard
synthetic_user_0037,45a799e0-5716-4209-b489-bd8f9ef13974,2026-04-29T01:25:12,1,1,1,0,1,3,248.26,5,2,0,1,0,0,1,0.41,0.0,0,1,18,7,3,2,0.3889,7,0,2,0.0,0,negative_hard
synthetic_user_0037,dcf38bea-591e-47ae-aaaf-e01b841cc3b3,2026-04-29T01:25:12,1,1,1,0,1,3,248.26,5,2,0,1,0,0,1,0.69,0.0,0,1,42,12,5,4,0.2857,7,0,2,0.0,0,negative_hard
synthetic_user_0037,8706bbb8-8343-4edc-9af4-244b9cad76aa,2026-04-29T01:25:12,1,1,0,1,0,3,248.26,5,2,0,1,0,0,0,0.47,0.0,0,0,198,59,19,7,0.298,0,0,2,0.0,0,negative_soft
synthetic_user_0037,e06a75b5-86f9-4daf-b871-0fba7b7ba57d,2026-04-29T01:38:59,1,1,1,0,1,3,248.27,5,3,0,1,0,0,1,0.58,0.0,0,0,33,12,3,3,0.3636,8,0,3,0.0,0,negative_hard
synthetic_user_0037,fbb68aab-9b3b-4e24-9109-ea047f927347,2026-04-29T01:38:59,1,1,1,0,1,3,248.27,5,3,0,1,0,0,3,1.03,0.0,0,1,36,10,3,3,0.2778,8,0,3,0.0,0,negative_hard
synthetic_user_0037,b1e94dc4-e19f-4e9b-85e1-69c3b4ab0e97,2026-04-29T01:38:59,1,1,1,0,1,3,248.27,5,3,0,1,0,0,3,1.03,0.0,0,1,33,18,9,3,0.5455,8,0,3,0.0,0,negative_hard
synthetic_user_0037,8706bbb8-8343-4edc-9af4-244b9cad76aa,2026-04-29T01:38:59,1,1,0,1,0,3,248.27,5,3,0,1,0,0,0,0.47,0.0,0,0,199,59,19,7,0.2965,0,0,3,0.0,0,negative_soft
synthetic_user_0144,f6081dfd-75ec-4719-a05b-6ec1f95df15f,2026-04-29T21:09:58,1,1,1,0,1,3,232.04,11,2,1,1,1,0,1,1.05,0.0,0,1,20,5,1,3,0.25,16,0,3,0.0,0,negative_hard
synthetic_user_0144,09593622-ad83-4d14-8236-17bea51dbb13,2026-04-29T21:09:58,1,1,1,0,1,3,232.04,11,2,1,1,1,0,1,0.69,0.0,0,1,41,18,5,7,0.439,16,0,3,0.0,0,negative_hard
synthetic_user_0144,85526add-cd5a-4107-a07e-62ff3f493082,2026-04-29T21:09:58,1,1,1,0,1,3,232.04,11,2,1,1,1,0,0,0.41,0.0,0,0,43,16,5,4,0.3721,16,0,3,0.0,0,negative_hard
synthetic_user_0144,8706bbb8-8343-4edc-9af4-244b9cad76aa,2026-04-29T21:09:58,1,1,0,1,0,3,232.04,11,2,1,1,1,0,0,0.47,0.0,0,0,199,59,19,7,0.2965,0,0,3,0.0,0,negative_soft
synthetic_user_0031,45a799e0-5716-4209-b489-bd8f9ef13974,2026-04-30T01:42:31,1,1,1,0,1,3,242.75,7,5,2,2,2,0,1,0.41,0.0,0,1,18,7,3,2,0.3889,6,0,4,0.0,0,negative_hard
synthetic_user_0031,09593622-ad83-4d14-8236-17bea51dbb13,2026-04-30T01:42:31,1,1,1,0,1,3,242.75,7,5,2,2,2,0,1,0.69,0.0,0,1,41,18,5,7,0.439,6,0,4,0.0,0,negative_hard
synthetic_user_0031,581c8e36-7a51-4e8e-ac1d-6e9c1d54940f,2026-04-30T01:42:31,1,1,1,0,1,3,242.75,7,5,2,2,2,0,3,1.03,0.0,0,1,21,7,4,1,0.3333,6,0,4,0.0,0,negative_hard
synthetic_user_0031,7c1af9a0-cf09-4356-8c0d-d762fbb21208,2026-04-30T01:42:31,0,0,0,2,0,3,242.75,7,5,2,2,2,0,1,1.76,0.0,0,1,61,16,2,1,0.2623,0,0,0,0.0,0,negative_soft
synthetic_user_0031,dbcab77a-8d8a-4721-b07d-d5d9ecc7874d,2026-04-30T01:58:25,1,1,1,0,1,3,242.76,8,5,2,2,2,0,1,0.58,0.0,0,0,26,8,1,3,0.3077,7,0,4,0.0,0,negative_hard
synthetic_user_0031,95461cac-4301-4ade-8b3c-98201e8731db,2026-04-30T01:58:25,1,1,1,0,1,3,242.76,8,5,2,2,2,0,1,0.41,0.0,0,1,21,9,2,2,0.4286,7,0,4,0.0,0,negative_hard
synthetic_user_0031,581c8e36-7a51-4e8e-ac1d-6e9c1d54940f,2026-04-30T01:58:25,1,1,1,0,1,3,242.76,8,5,2,2,2,0,3,1.03,0.0,0,1,21,7,4,1,0.3333,7,0,4,0.0,0,negative_hard
synthetic_user_0031,7c1af9a0-cf09-4356-8c0d-d762fbb21208,2026-04-30T01:58:25,0,0,0,2,0,3,242.76,8,5,2,2,2,0,1,1.76,0.0,0,1,61,16,2,1,0.2623,0,0,0,0.0,0,negative_soft
synthetic_user_0130,bd6bddb1-3e29-4767-a194-6196e46f7456,2026-04-30T20:11:56,1,1,1,0,1,3,248.19,7,4,0,1,0,0,1,0.41,0.0,0,1,26,7,1,2,0.2692,12,0,1,0.0,0,negative_hard
synthetic_user_0130,85526add-cd5a-4107-a07e-62ff3f493082,2026-04-30T20:11:56,1,1,1,0,1,3,248.19,7,4,0,1,0,0,0,0.41,0.0,0,0,43,16,5,4,0.3721,12,0,1,0.0,0,negative_hard
synthetic_user_0130,98a77293-8faf-4d27-8248-6eb91f481d8f,2026-04-30T20:11:56,1,1,1,0,1,3,248.19,7,4,0,1,0,0,0,0.58,0.0,0,0,34,17,7,7,0.5,12,0,1,0.0,0,negative_hard
synthetic_user_0130,8706bbb8-8343-4edc-9af4-244b9cad76aa,2026-04-30T20:11:56,1,1,0,1,0,3,248.19,7,4,0,1,0,0,0,0.47,0.0,0,0,199,59,19,7,0.2965,0,0,1,0.0,0,negative_soft
synthetic_user_0130,09593622-ad83-4d14-8236-17bea51dbb13,2026-04-30T20:13:57,1,1,1,0,1,3,248.19,7,5,0,1,0,0,1,0.69,0.0,0,1,41,18,5,7,0.439,13,0,2,0.0,0,negative_hard
synthetic_user_0130,dcf38bea-591e-47ae-aaaf-e01b841cc3b3,2026-04-30T20:13:57,1,1,1,0,1,3,248.19,7,5,0,1,0,0,1,0.69,0.0,0,1,43,12,5,4,0.2791,13,0,2,0.0,0,negative_hard
synthetic_user_0130,5a0f55cf-16af-4459-9030-0c7c6e11207f,2026-04-30T20:13:57,1,1,1,0,1,3,248.19,7,5,0,1,0,0,0,0.58,0.0,0,0,28,11,3,2,0.3929,13,0,2,0.0,0,negative_hard
synthetic_user_0130,8706bbb8-8343-4edc-9af4-244b9cad76aa,2026-04-30T20:13:57,1,1,0,1,0,3,248.19,7,5,0,1,0,0,0,0.47,0.0,0,0,199,59,19,7,0.2965,0,0,2,0.0,0,negative_soft
synthetic_user_0034,85526add-cd5a-4107-a07e-62ff3f493082,2026-04-30T21:20:24,1,1,1,0,1,3,243.69,6,1,0,0,1,0,0,0.41,0.0,0,0,43,16,5,4,0.3721,7,0,2,0.0,0,negative_hard
synthetic_user_0034,8b44ea69-a5bb-4779-8c63-bf20e4da58c7,2026-04-30T21:20:24,1,1,1,0,1,3,243.69,6,1,0,0,1,0,1,0.69,0.0,0,1,43,19,7,5,0.4419,7,0,2,0.0,0,negative_hard
synthetic_user_0034,95461cac-4301-4ade-8b3c-98201e8731db,2026-04-30T21:20:24,1,1,1,0,1,3,243.69,6,1,0,0,1,0,1,0.41,0.0,0,1,21,9,2,2,0.4286,7,0,2,0.0,0,negative_hard
synthetic_user_0034,7c1af9a0-cf09-4356-8c0d-d762fbb21208,2026-04-30T21:20:24,0,0,0,2,0,3,243.69,6,1,0,0,1,0,1,1.76,0.0,0,1,61,16,2,1,0.2623,0,0,0,0.0,0,negative_soft
synthetic_user_0034,40a8032b-e43c-43dc-ba5f-d650f1c0a979,2026-04-30T21:26:06,1,1,1,0,1,3,243.69,7,1,0,0,1,0,1,0.41,0.0,0,1,27,14,7,3,0.5185,7,0,2,0.0,0,negative_hard
synthetic_user_0034,a8231f34-c157-4fcd-b08a-5a3420cc0cee,2026-04-30T21:26:06,1,1,1,0,1,3,243.69,7,1,0,0,1,0,1,0.69,0.0,0,1,29,8,1,2,0.2759,7,0,2,0.0,0,negative_hard
synthetic_user_0034,c5310615-4076-41e9-9064-736593600471,2026-04-30T21:26:06,1,1,1,0,1,3,243.69,7,1,0,0,1,0,0,1.03,0.0,0,0,29,10,1,4,0.3448,7,0,2,0.0,0,negative_hard
synthetic_user_0034,7c1af9a0-cf09-4356-8c0d-d762fbb21208,2026-04-30T21:26:06,0,0,0,2,0,3,243.69,7,1,0,0,1,0,1,1.76,0.0,0,1,61,16,2,1,0.2623,0,0,0,0.0,0,negative_soft
synthetic_user_0070,98a77293-8faf-4d27-8248-6eb91f481d8f,2026-05-01T20:30:57,1,1,0,1,0,4,252.18,1,1,0,0,1,1,0,0.58,0.0,0,0,34,17,7,7,0.5,0,0,1,0.0,0,negative_soft
synthetic_user_0070,dcd20897-e14a-43fc-b2ba-66bb4a569874,2026-05-01T20:30:57,1,1,0,1,0,4,252.18,1,1,0,0,1,1,1,0.69,0.0,0,1,29,13,4,3,0.4483,0,0,1,0.0,0,negative_soft
synthetic_user_0070,e06a75b5-86f9-4daf-b871-0fba7b7ba57d,2026-05-01T20:30:57,1,1,0,1,0,4,252.18,1,1,0,0,1,1,1,0.58,0.0,0,0,34,13,3,3,0.3824,0,0,1,0.0,0,negative_soft
synthetic_user_0070,33f6e3a9-237d-433e-b4b6-238e44c80117,2026-05-01T20:30:57,1,1,0,1,0,4,252.18,1,1,0,0,1,1,1,0.58,0.0,0,0,26,11,4,2,0.4231,0,0,1,0.0,0,negative_soft
synthetic_user_0172,945e447f-c018-4d92-b5e5-2f1f7a11bd56,2026-05-01T21:33:13,1,1,1,0,1,3,246.83,12,5,2,1,4,0,3,1.03,0.0,0,1,15,3,1,1,0.2,20,0,5,0.0,0,negative_hard
synthetic_user_0172,dcd20897-e14a-43fc-b2ba-66bb4a569874,2026-05-01T21:33:13,1,1,1,0,1,3,246.83,12,5,2,1,4,0,1,0.69,0.0,0,1,29,13,4,3,0.4483,20,0,5,0.0,0,negative_hard
synthetic_user_0172,09593622-ad83-4d14-8236-17bea51dbb13,2026-05-01T21:33:13,1,1,1,0,1,3,246.83,12,5,2,1,4,0,1,0.69,0.0,0,1,41,18,5,7,0.439,20,0,5,0.0,0,negative_hard
synthetic_user_0172,7c1af9a0-cf09-4356-8c0d-d762fbb21208,2026-05-01T21:33:13,0,0,0,2,0,3,246.83,12,5,2,1,4,0,1,1.76,0.0,0,1,61,16,2,1,0.2623,0,0,0,0.0,0,negative_soft
synthetic_user_0133,33f6e3a9-237d-433e-b4b6-238e44c80117,2026-05-01T22:13:54,1,1,1,0,1,3,257.17,8,2,1,0,0,1,1,0.58,0.0,0,0,26,11,4,2,0.4231,8,0,2,0.0,0,negative_hard
synthetic_user_0133,b1e94dc4-e19f-4e9b-85e1-69c3b4ab0e97,2026-05-01T22:13:54,1,1,1,0,1,3,257.17,8,2,1,0,0,1,3,1.03,0.0,0,1,33,18,9,3,0.5455,8,0,2,0.0,0,negative_hard
synthetic_user_0133,581c8e36-7a51-4e8e-ac1d-6e9c1d54940f,2026-05-01T22:13:54,1,1,1,0,1,3,257.17,8,2,1,0,0,1,3,1.03,0.0,0,1,21,7,4,1,0.3333,8,0,2,0.0,0,negative_hard
synthetic_user_0133,7c1af9a0-cf09-4356-8c0d-d762fbb21208,2026-05-01T22:13:54,0,0,0,2,0,3,257.17,8,2,1,0,0,1,1,1.76,0.0,0,1,61,16,2,1,0.2623,0,0,0,0.0,0,negative_soft
synthetic_user_0161,40a8032b-e43c-43dc-ba5f-d650f1c0a979,2026-05-02T04:38:00,1,1,1,0,1,3,256.77,4,2,0,0,1,0,1,0.41,0.0,0,1,27,14,7,3,0.5185,7,0,1,0.0,0,negative_hard
synthetic_user_0161,33f6e3a9-237d-433e-b4b6-238e44c80117,2026-05-02T04:38:00,1,1,1,0,1,3,256.77,4,2,0,0,1,0,1,0.58,0.0,0,0,26,11,4,2,0.4231,7,0,1,0.0,0,negative_hard
synthetic_user_0161,bd6bddb1-3e29-4767-a194-6196e46f7456,2026-05-02T04:38:00,1,1,1,0,1,3,256.77,4,2,0,0,1,0,1,0.41,0.0,0,1,26,7,1,2,0.2692,7,0,1,0.0,0,negative_hard
synthetic_user_0161,8706bbb8-8343-4edc-9af4-244b9cad76aa,2026-05-02T04:38:00,1,1,0,1,0,3,256.77,4,2,0,0,1,0,0,0.47,0.0,0,0,201,60,19,7,0.2985,0,0,1,0.0,0,negative_soft
synthetic_user_0161,33f6e3a9-237d-433e-b4b6-238e44c80117,2026-05-02T04:50:18,1,1,1,0,1,3,256.78,5,2,0,0,1,0,1,0.58,0.0,0,0,26,11,4,2,0.4231,8,0,1,0.0,0,negative_hard
synthetic_user_0161,581c8e36-7a51-4e8e-ac1d-6e9c1d54940f,2026-05-02T04:50:18,1,1,1,0,1,3,256.78,5,2,0,0,1,0,3,1.03,0.0,0,1,21,7,4,1,0.3333,8,0,1,0.0,0,negative_hard
synthetic_user_0161,945e447f-c018-4d92-b5e5-2f1f7a11bd56,2026-05-02T04:50:18,1,1,1,0,1,3,256.78,5,2,0,0,1,0,3,1.03,0.0,0,1,15,3,1,1,0.2,8,0,1,0.0,0,negative_hard
synthetic_user_0161,8706bbb8-8343-4edc-9af4-244b9cad76aa,2026-05-02T04:50:18,1,1,0,1,0,3,256.78,5,2,0,0,1,0,0,0.47,0.0,0,0,201,60,19,7,0.2985,0,0,1,0.0,0,negative_soft
synthetic_user_0161,f6081dfd-75ec-4719-a05b-6ec1f95df15f,2026-05-02T04:58:01,1,1,1,0,1,3,256.79,5,3,0,0,1,0,1,1.05,0.0,0,1,20,5,1,3,0.25,9,0,2,0.0,0,negative_hard
synthetic_user_0161,e06a75b5-86f9-4daf-b871-0fba7b7ba57d,2026-05-02T04:58:01,1,1,1,0,1,3,256.79,5,3,0,0,1,0,1,0.58,0.0,0,0,34,13,3,3,0.3824,9,0,2,0.0,0,negative_hard
synthetic_user_0161,b1e94dc4-e19f-4e9b-85e1-69c3b4ab0e97,2026-05-02T04:58:01,1,1,1,0,1,3,256.79,5,3,0,0,1,0,3,1.03,0.0,0,1,33,18,9,3,0.5455,9,0,2,0.0,0,negative_hard
synthetic_user_0161,8706bbb8-8343-4edc-9af4-244b9cad76aa,2026-05-02T04:58:01,1,1,0,1,0,3,256.79,5,3,0,0,1,0,0,0.47,0.0,0,0,201,60,19,7,0.2985,0,0,2,0.0,0,negative_soft
synthetic_user_0106,bd6bddb1-3e29-4767-a194-6196e46f7456,2026-05-02T07:24:07,1,1,1,0,1,3,234.07,5,2,0,0,0,0,1,0.41,0.0,0,1,26,7,1,2,0.2692,0,0,1,0.0,0,negative_hard
synthetic_user_0106,a18002e2-24a3-4da4-b558-ea8cadcb047e,2026-05-02T07:24:07,1,1,1,0,1,3,234.07,5,2,0,0,0,0,0,0.58,0.0,0,0,44,17,7,3,0.3864,0,0,1,0.0,0,negative_hard
synthetic_user_0106,dcf38bea-591e-47ae-aaaf-e01b841cc3b3,2026-05-02T07:24:07,1,1,1,0,1,3,234.07,5,2,0,0,0,0,1,0.69,0.0,0,1,44,12,5,4,0.2727,0,0,1,0.0,0,negative_hard
synthetic_user_0106,7c1af9a0-cf09-4356-8c0d-d762fbb21208,2026-05-02T07:24:07,0,0,0,2,0,3,234.07,5,2,0,0,0,0,1,1.76,0.0,0,1,61,16,2,1,0.2623,0,0,0,0.0,0,negative_soft
synthetic_user_0026,dcd20897-e14a-43fc-b2ba-66bb4a569874,2026-05-02T09:10:06,1,1,1,0,1,3,257.65,13,1,0,0,1,0,1,0.69,0.0,0,1,29,13,4,3,0.4483,13,0,1,0.0,0,negative_hard
synthetic_user_0026,f6081dfd-75ec-4719-a05b-6ec1f95df15f,2026-05-02T09:10:06,1,1,1,0,1,3,257.65,13,1,0,0,1,0,1,1.05,0.0,0,1,20,5,1,3,0.25,13,0,1,0.0,0,negative_hard
synthetic_user_0026,e72c3d3b-cf36-4cc4-9a40-d8cc5d28df84,2026-05-02T09:10:06,1,1,1,0,1,3,257.65,13,1,0,0,1,0,1,0.41,0.0,0,1,28,12,7,3,0.4286,13,0,1,0.0,0,negative_hard
synthetic_user_0026,7c1af9a0-cf09-4356-8c0d-d762fbb21208,2026-05-02T09:10:06,0,0,0,2,0,3,257.65,13,1,0,0,1,0,1,1.76,0.0,0,1,61,16,2,1,0.2623,0,0,0,0.0,0,negative_soft
synthetic_user_0026,59bf0b38-d7b5-4024-a66e-a03f1b47095d,2026-05-02T09:16:50,1,1,1,0,1,3,257.65,13,2,0,0,1,0,3,1.03,0.0,0,1,28,12,4,2,0.4286,14,0,2,0.0,0,negative_hard
synthetic_user_0026,a8231f34-c157-4fcd-b08a-5a3420cc0cee,2026-05-02T09:16:50,1,1,1,0,1,3,257.65,13,2,0,0,1,0,1,0.69,0.0,0,1,29,8,1,2,0.2759,14,0,2,0.0,0,negative_hard
synthetic_user_0026,33f6e3a9-237d-433e-b4b6-238e44c80117,2026-05-02T09:16:50,1,1,1,0,1,3,257.65,13,2,0,0,1,0,1,0.58,0.0,0,0,26,11,4,2,0.4231,14,0,2,0.0,0,negative_hard
synthetic_user_0026,7c1af9a0-cf09-4356-8c0d-d762fbb21208,2026-05-02T09:16:50,0,0,0,2,0,3,257.65,13,2,0,0,1,0,1,1.76,0.0,0,1,61,16,2,1,0.2623,0,0,0,0.0,0,negative_soft
synthetic_user_0026,dcd20897-e14a-43fc-b2ba-66bb4a569874,2026-05-02T09:21:13,1,1,1,0,1,3,257.66,13,2,1,0,1,0,1,0.69,0.0,0,1,29,13,4,3,0.4483,15,0,2,0.0,0,negative_hard
synthetic_user_0026,830353af-6497-4bc7-bab8-08114b64b682,2026-05-02T09:21:13,1,1,1,0,1,3,257.66,13,2,1,0,1,0,0,1.05,0.0,0,0,28,11,2,4,0.3929,15,0,2,0.0,0,negative_hard
synthetic_user_0026,85526add-cd5a-4107-a07e-62ff3f493082,2026-05-02T09:21:13,1,1,1,0,1,3,257.66,13,2,1,0,1,0,0,0.41,0.0,0,0,43,16,5,4,0.3721,15,0,2,0.0,0,negative_hard
synthetic_user_0026,7c1af9a0-cf09-4356-8c0d-d762fbb21208,2026-05-02T09:21:13,0,0,0,2,0,3,257.66,13,2,1,0,1,0,1,1.76,0.0,0,1,61,16,2,1,0.2623,0,0,0,0.0,0,negative_soft
synthetic_user_0153,98a77293-8faf-4d27-8248-6eb91f481d8f,2026-05-02T21:58:36,1,1,1,0,1,3,245.01,3,1,1,0,0,0,0,0.58,0.0,0,0,36,19,8,8,0.5278,2,0,1,0.0,0,negative_hard
synthetic_user_0153,945e447f-c018-4d92-b5e5-2f1f7a11bd56,2026-05-02T21:58:36,1,1,1,0,1,3,245.01,3,1,1,0,0,0,3,1.03,0.0,0,1,15,3,1,1,0.2,2,0,1,0.0,0,negative_hard
synthetic_user_0153,dbcab77a-8d8a-4721-b07d-d5d9ecc7874d,2026-05-02T21:58:36,1,1,1,0,1,3,245.01,3,1,1,0,0,0,1,0.58,0.0,0,0,26,8,1,3,0.3077,2,0,1,0.0,0,negative_hard
synthetic_user_0153,7c1af9a0-cf09-4356-8c0d-d762fbb21208,2026-05-02T21:58:36,0,0,0,2,0,3,245.01,3,1,1,0,0,0,1,1.76,0.0,0,1,61,16,2,1,0.2623,0,0,0,0.0,0,negative_soft
synthetic_user_0153,945e447f-c018-4d92-b5e5-2f1f7a11bd56,2026-05-02T22:04:06,1,1,1,0,1,3,245.02,3,2,1,0,0,0,3,1.03,0.0,0,1,15,3,1,1,0.2,3,0,2,0.0,0,negative_hard
synthetic_user_0153,087164bc-8a57-44b1-bd06-0644f475917b,2026-05-02T22:04:06,1,1,1,0,1,3,245.02,3,2,1,0,0,0,0,0.58,0.0,0,0,34,12,2,1,0.3529,3,0,2,0.0,0,negative_hard
synthetic_user_0153,e06a75b5-86f9-4daf-b871-0fba7b7ba57d,2026-05-02T22:04:06,1,1,1,0,1,3,245.02,3,2,1,0,0,0,1,0.58,0.0,0,0,35,13,3,3,0.3714,3,0,2,0.0,0,negative_hard
synthetic_user_0153,7c1af9a0-cf09-4356-8c0d-d762fbb21208,2026-05-02T22:04:06,0,0,0,2,0,3,245.02,3,2,1,0,0,0,1,1.76,0.0,0,1,61,16,2,1,0.2623,0,0,0,0.0,0,negative_soft
synthetic_user_0010,dcf38bea-591e-47ae-aaaf-e01b841cc3b3,2026-05-03T07:30:51,1,1,1,0,1,3,252.2,1,1,0,0,0,1,1,0.69,0.0,0,1,44,12,5,4,0.2727,2,0,1,0.0,0,negative_hard
synthetic_user_0010,087164bc-8a57-44b1-bd06-0644f475917b,2026-05-03T07:30:51,1,1,1,0,1,3,252.2,1,1,0,0,0,1,0,0.58,0.0,0,0,34,12,2,1,0.3529,2,0,1,0.0,0,negative_hard
synthetic_user_0010,ea97dfce-6731-4b1d-9b03-485d04de4867,2026-05-03T07:30:51,1,1,1,0,1,3,252.2,1,1,0,0,0,1,3,1.03,0.0,0,1,26,9,1,3,0.3462,2,0,1,0.0,0,negative_hard
synthetic_user_0010,8706bbb8-8343-4edc-9af4-244b9cad76aa,2026-05-03T07:30:51,1,1,0,1,0,3,252.2,1,1,0,0,0,1,0,0.47,0.0,0,0,202,61,19,7,0.302,0,0,1,0.0,0,negative_soft
synthetic_user_0010,45a799e0-5716-4209-b489-bd8f9ef13974,2026-05-03T07:52:58,1,1,1,0,1,3,252.22,2,1,0,0,0,1,1,0.41,0.0,0,1,18,7,3,2,0.3889,3,0,1,0.0,0,negative_hard
synthetic_user_0010,59bf0b38-d7b5-4024-a66e-a03f1b47095d,2026-05-03T07:52:58,1,1,1,0,1,3,252.22,2,1,0,0,0,1,3,1.03,0.0,0,1,28,12,4,2,0.4286,3,0,1,0.0,0,negative_hard
synthetic_user_0010,2c1e63cb-30f5-4e05-92af-ea93368ef4ab,2026-05-03T07:52:58,1,1,1,0,1,3,252.22,2,1,0,0,0,1,1,0.41,0.0,0,1,30,12,3,2,0.4,3,0,1,0.0,0,negative_hard
synthetic_user_0010,8706bbb8-8343-4edc-9af4-244b9cad76aa,2026-05-03T07:52:58,1,1,0,1,0,3,252.22,2,1,0,0,0,1,0,0.47,0.0,0,0,202,61,19,7,0.302,0,0,1,0.0,0,negative_soft
synthetic_user_0018,c5310615-4076-41e9-9064-736593600471,2026-05-03T20:10:26,1,1,1,0,1,3,235.44,15,5,0,1,5,0,0,1.03,0.0,0,0,30,10,1,4,0.3333,24,0,4,0.0,0,negative_hard
synthetic_user_0018,33f6e3a9-237d-433e-b4b6-238e44c80117,2026-05-03T20:10:26,1,1,1,0,1,3,235.44,15,5,0,1,5,0,1,0.58,0.0,0,0,26,11,4,2,0.4231,24,0,4,0.0,0,negative_hard
synthetic_user_0018,dbcab77a-8d8a-4721-b07d-d5d9ecc7874d,2026-05-03T20:10:26,1,1,1,0,1,3,235.44,15,5,0,1,5,0,1,0.58,0.0,0,0,26,8,1,3,0.3077,24,0,4,0.0,0,negative_hard
synthetic_user_0018,7c1af9a0-cf09-4356-8c0d-d762fbb21208,2026-05-03T20:10:26,0,0,0,2,0,3,235.44,15,5,0,1,5,0,1,1.76,0.0,0,1,61,16,2,1,0.2623,0,0,0,0.0,0,negative_soft
synthetic_user_0018,09593622-ad83-4d14-8236-17bea51dbb13,2026-05-03T20:12:21,1,1,1,0,1,3,235.44,15,6,0,1,5,0,1,0.69,0.0,0,1,41,18,5,7,0.439,25,0,5,0.0,0,negative_hard
synthetic_user_0018,59bf0b38-d7b5-4024-a66e-a03f1b47095d,2026-05-03T20:12:21,1,1,1,0,1,3,235.44,15,6,0,1,5,0,3,1.03,0.0,0,1,28,12,4,2,0.4286,25,0,5,0.0,0,negative_hard
synthetic_user_0018,e72c3d3b-cf36-4cc4-9a40-d8cc5d28df84,2026-05-03T20:12:21,1,1,1,0,1,3,235.44,15,6,0,1,5,0,1,0.41,0.0,0,1,28,12,7,3,0.4286,25,0,5,0.0,0,negative_hard
synthetic_user_0018,7c1af9a0-cf09-4356-8c0d-d762fbb21208,2026-05-03T20:12:21,0,0,0,2,0,3,235.44,15,6,0,1,5,0,1,1.76,0.0,0,1,61,16,2,1,0.2623,0,0,0,0.0,0,negative_soft
synthetic_user_0103,945e447f-c018-4d92-b5e5-2f1f7a11bd56,2026-05-03T20:22:18,1,1,1,0,1,3,232.0,11,3,1,1,3,0,3,1.03,0.0,0,1,15,3,1,1,0.2,19,0,3,0.0,0,negative_hard
synthetic_user_0103,45a799e0-5716-4209-b489-bd8f9ef13974,2026-05-03T20:22:18,1,1,1,0,1,3,232.0,11,3,1,1,3,0,1,0.41,0.0,0,1,18,7,3,2,0.3889,19,0,3,0.0,0,negative_hard
synthetic_user_0103,e06a75b5-86f9-4daf-b871-0fba7b7ba57d,2026-05-03T20:22:18,1,1,1,0,1,3,232.0,11,3,1,1,3,0,1,0.58,0.0,0,0,35,13,3,3,0.3714,19,0,3,0.0,0,negative_hard
synthetic_user_0103,8706bbb8-8343-4edc-9af4-244b9cad76aa,2026-05-03T20:22:18,1,1,0,1,0,3,232.0,11,3,1,1,3,0,0,0.47,0.0,0,0,202,61,19,7,0.302,0,0,3,0.0,0,negative_soft
synthetic_user_0103,a18002e2-24a3-4da4-b558-ea8cadcb047e,2026-05-03T20:31:38,1,1,1,0,1,3,232.01,12,3,1,1,3,0,0,0.58,0.0,0,0,44,17,7,3,0.3864,20,0,3,0.0,0,negative_hard
synthetic_user_0103,98a77293-8faf-4d27-8248-6eb91f481d8f,2026-05-03T20:31:38,1,1,1,0,1,3,232.01,12,3,1,1,3,0,0,0.58,0.0,0,0,36,19,8,8,0.5278,20,0,3,0.0,0,negative_hard
synthetic_user_0103,dcd20897-e14a-43fc-b2ba-66bb4a569874,2026-05-03T20:31:38,1,1,1,0,1,3,232.01,12,3,1,1,3,0,1,0.69,0.0,0,1,30,14,4,4,0.4667,20,0,3,0.0,0,negative_hard
synthetic_user_0103,8706bbb8-8343-4edc-9af4-244b9cad76aa,2026-05-03T20:31:38,1,1,0,1,0,3,232.01,12,3,1,1,3,0,0,0.47,0.0,0,0,202,61,19,7,0.302,0,0,3,0.0,0,negative_soft
synthetic_user_0103,85526add-cd5a-4107-a07e-62ff3f493082,2026-05-03T20:48:41,1,1,1,0,1,3,232.02,12,4,1,1,3,0,0,0.41,0.0,0,0,43,16,5,4,0.3721,21,0,4,0.0,0,negative_hard
synthetic_user_0103,dbcab77a-8d8a-4721-b07d-d5d9ecc7874d,2026-05-03T20:48:41,1,1,1,0,1,3,232.02,12,4,1,1,3,0,1,0.58,0.0,0,0,26,8,1,3,0.3077,21,0,4,0.0,0,negative_hard
synthetic_user_0103,45a799e0-5716-4209-b489-bd8f9ef13974,2026-05-03T20:48:41,1,1,1,0,1,3,232.02,12,4,1,1,3,0,1,0.41,0.0,0,1,18,7,3,2,0.3889,21,0,4,0.0,0,negative_hard
synthetic_user_0103,8706bbb8-8343-4edc-9af4-244b9cad76aa,2026-05-03T20:48:41,1,1,0,1,0,3,232.02,12,4,1,1,3,0,0,0.47,0.0,0,0,202,61,19,7,0.302,0,0,4,0.0,0,negative_soft
synthetic_user_0168,b1e94dc4-e19f-4e9b-85e1-69c3b4ab0e97,2026-05-04T05:31:41,1,1,1,0,1,3,259.44,10,3,0,1,1,0,3,1.03,0.0,0,1,33,18,9,3,0.5455,11,0,3,0.0,0,negative_hard
synthetic_user_0168,945e447f-c018-4d92-b5e5-2f1f7a11bd56,2026-05-04T05:31:41,1,1,1,0,1,3,259.44,10,3,0,1,1,0,3,1.03,0.0,0,1,15,3,1,1,0.2,11,0,3,0.0,0,negative_hard
synthetic_user_0168,087164bc-8a57-44b1-bd06-0644f475917b,2026-05-04T05:31:41,1,1,1,0,1,3,259.44,10,3,0,1,1,0,0,0.58,0.0,0,0,34,12,2,1,0.3529,11,0,3,0.0,0,negative_hard
synthetic_user_0168,7c1af9a0-cf09-4356-8c0d-d762fbb21208,2026-05-04T05:31:41,0,0,0,2,0,3,259.44,10,3,0,1,1,0,1,1.76,0.0,0,1,61,16,2,1,0.2623,0,0,0,0.0,0,negative_soft
synthetic_user_0168,dbcab77a-8d8a-4721-b07d-d5d9ecc7874d,2026-05-04T05:46:04,1,1,1,0,1,3,259.45,11,3,0,1,1,0,1,0.58,0.0,0,0,26,8,1,3,0.3077,12,0,3,0.0,0,negative_hard
synthetic_user_0168,e72c3d3b-cf36-4cc4-9a40-d8cc5d28df84,2026-05-04T05:46:04,1,1,1,0,1,3,259.45,11,3,0,1,1,0,1,0.41,0.0,0,1,28,12,7,3,0.4286,12,0,3,0.0,0,negative_hard
synthetic_user_0168,5a0f55cf-16af-4459-9030-0c7c6e11207f,2026-05-04T05:46:04,1,1,1,0,1,3,259.45,11,3,0,1,1,0,0,0.58,0.0,0,0,29,11,3,2,0.3793,12,0,3,0.0,0,negative_hard
synthetic_user_0168,7c1af9a0-cf09-4356-8c0d-d762fbb21208,2026-05-04T05:46:04,0,0,0,2,0,3,259.45,11,3,0,1,1,0,1,1.76,0.0,0,1,61,16,2,1,0.2623,0,0,0,0.0,0,negative_soft
synthetic_user_0055,fbb68aab-9b3b-4e24-9109-ea047f927347,2026-05-04T20:41:11,1,1,1,0,1,3,252.45,9,3,0,0,0,1,3,1.03,0.0,0,1,36,10,3,3,0.2778,12,0,3,0.0,0,negative_hard
synthetic_user_0055,dcf38bea-591e-47ae-aaaf-e01b841cc3b3,2026-05-04T20:41:11,1,1,1,0,1,3,252.45,9,3,0,0,0,1,1,0.69,0.0,0,1,44,12,5,4,0.2727,12,0,3,0.0,0,negative_hard
synthetic_user_0055,45a799e0-5716-4209-b489-bd8f9ef13974,2026-05-04T20:41:11,1,1,1,0,1,3,252.45,9,3,0,0,0,1,1,0.41,0.0,0,1,18,7,3,2,0.3889,12,0,3,0.0,0,negative_hard
synthetic_user_0055,8706bbb8-8343-4edc-9af4-244b9cad76aa,2026-05-04T20:41:11,1,1,0,1,0,3,252.45,9,3,0,0,0,1,0,0.47,0.0,0,0,202,61,19,7,0.302,0,0,3,0.0,0,negative_soft
synthetic_user_0071,95461cac-4301-4ade-8b3c-98201e8731db,2026-05-04T23:08:56,1,1,1,0,1,3,243.48,13,3,2,2,0,0,1,0.41,0.0,0,1,22,9,2,2,0.4091,18,0,3,0.0,0,negative_hard
synthetic_user_0071,8b44ea69-a5bb-4779-8c63-bf20e4da58c7,2026-05-04T23:08:56,1,1,1,0,1,3,243.48,13,3,2,2,0,0,1,0.69,0.0,0,1,43,19,7,5,0.4419,18,0,3,0.0,0,negative_hard
synthetic_user_0071,59bf0b38-d7b5-4024-a66e-a03f1b47095d,2026-05-04T23:08:56,1,1,1,0,1,3,243.48,13,3,2,2,0,0,3,1.03,0.0,0,1,28,12,4,2,0.4286,18,0,3,0.0,0,negative_hard
synthetic_user_0165,dcd20897-e14a-43fc-b2ba-66bb4a569874,2026-05-06T04:02:23,1,1,1,0,1,3,254.02,7,1,1,1,2,0,1,0.69,0.0,0,1,30,14,4,4,0.4667,11,0,2,0.0,0,negative_hard
synthetic_user_0165,5a0f55cf-16af-4459-9030-0c7c6e11207f,2026-05-06T04:02:23,1,1,1,0,1,3,254.02,7,1,1,1,2,0,0,0.58,0.0,0,0,29,11,3,2,0.3793,11,0,2,0.0,0,negative_hard
synthetic_user_0165,dbcab77a-8d8a-4721-b07d-d5d9ecc7874d,2026-05-06T04:02:23,1,1,1,0,1,3,254.02,7,1,1,1,2,0,1,0.58,0.0,0,0,26,8,1,3,0.3077,11,0,2,0.0,0,negative_hard
synthetic_user_0165,7c1af9a0-cf09-4356-8c0d-d762fbb21208,2026-05-06T04:02:23,0,0,0,2,0,3,254.02,7,1,1,1,2,0,1,1.76,0.0,0,1,62,16,2,1,0.2581,0,0,0,0.0,0,negative_soft
synthetic_user_0165,581c8e36-7a51-4e8e-ac1d-6e9c1d54940f,2026-05-06T04:05:08,1,1,1,0,1,3,254.02,7,2,1,1,2,0,3,1.03,0.0,0,1,22,7,4,1,0.3182,11,0,3,0.0,0,negative_hard
synthetic_user_0165,33f6e3a9-237d-433e-b4b6-238e44c80117,2026-05-06T04:05:08,1,1,1,0,1,3,254.02,7,2,1,1,2,0,1,0.58,0.0,0,0,27,11,4,2,0.4074,11,0,3,0.0,0,negative_hard
synthetic_user_0165,dcd20897-e14a-43fc-b2ba-66bb4a569874,2026-05-06T04:05:08,1,1,1,0,1,3,254.02,7,2,1,1,2,0,1,0.69,0.0,0,1,30,14,4,4,0.4667,11,0,3,0.0,0,negative_hard
synthetic_user_0165,7c1af9a0-cf09-4356-8c0d-d762fbb21208,2026-05-06T04:05:08,0,0,0,2,0,3,254.02,7,2,1,1,2,0,1,1.76,0.0,0,1,62,16,2,1,0.2581,0,0,0,0.0,0,negative_soft
synthetic_user_0077,f6081dfd-75ec-4719-a05b-6ec1f95df15f,2026-05-06T04:22:18,1,1,1,0,1,3,244.33,13,4,2,0,1,0,1,1.05,0.0,0,1,21,5,1,3,0.2381,17,0,4,0.0,0,negative_hard
synthetic_user_0077,8b44ea69-a5bb-4779-8c63-bf20e4da58c7,2026-05-06T04:22:18,1,1,1,0,1,3,244.33,13,4,2,0,1,0,1,0.69,0.0,0,1,43,19,7,5,0.4419,17,0,4,0.0,0,negative_hard
synthetic_user_0077,c5310615-4076-41e9-9064-736593600471,2026-05-06T04:22:18,1,1,1,0,1,3,244.33,13,4,2,0,1,0,0,1.03,0.0,0,0,31,11,1,4,0.3548,17,0,4,0.0,0,negative_hard
synthetic_user_0077,7c1af9a0-cf09-4356-8c0d-d762fbb21208,2026-05-06T04:22:18,0,0,0,2,0,3,244.33,13,4,2,0,1,0,1,1.76,0.0,0,1,62,16,2,1,0.2581,0,0,0,0.0,0,negative_soft
synthetic_user_0022,e06a75b5-86f9-4daf-b871-0fba7b7ba57d,2026-05-06T06:54:46,1,1,1,0,1,3,242.17,3,0,0,0,0,1,1,0.58,0.0,0,0,38,14,3,3,0.3684,3,0,0,0.0,0,negative_hard
synthetic_user_0022,33f6e3a9-237d-433e-b4b6-238e44c80117,2026-05-06T06:54:46,1,1,1,0,1,3,242.17,3,0,0,0,0,1,1,0.58,0.0,0,0,27,11,4,2,0.4074,3,0,0,0.0,0,negative_hard
synthetic_user_0022,98a77293-8faf-4d27-8248-6eb91f481d8f,2026-05-06T06:54:46,1,1,1,0,1,3,242.17,3,0,0,0,0,1,0,0.58,0.0,0,0,36,19,8,8,0.5278,3,0,0,0.0,0,negative_hard
synthetic_user_0022,8706bbb8-8343-4edc-9af4-244b9cad76aa,2026-05-06T06:54:46,1,1,0,1,0,3,242.17,3,0,0,0,0,1,0,0.47,0.0,0,0,204,62,20,7,0.3039,0,0,0,0.0,0,negative_soft
synthetic_user_0031,45a799e0-5716-4209-b489-bd8f9ef13974,2026-05-07T02:29:21,1,1,1,0,1,3,249.79,10,6,2,2,2,0,1,0.41,0.0,0,1,18,7,3,2,0.3889,10,0,4,0.0,0,negative_hard
synthetic_user_0031,e72c3d3b-cf36-4cc4-9a40-d8cc5d28df84,2026-05-07T02:29:21,1,1,1,0,1,3,249.79,10,6,2,2,2,0,1,0.41,0.0,0,1,28,12,7,3,0.4286,10,0,4,0.0,0,negative_hard
synthetic_user_0031,95461cac-4301-4ade-8b3c-98201e8731db,2026-05-07T02:29:21,1,1,1,0,1,3,249.79,10,6,2,2,2,0,1,0.41,0.0,0,1,22,9,2,2,0.4091,10,0,4,0.0,0,negative_hard
synthetic_user_0031,7c1af9a0-cf09-4356-8c0d-d762fbb21208,2026-05-07T02:29:21,0,0,0,2,0,3,249.79,10,6,2,2,2,0,1,1.76,0.0,0,1,62,16,2,1,0.2581,0,0,0,0.0,0,negative_soft
synthetic_user_0060,33f6e3a9-237d-433e-b4b6-238e44c80117,2026-05-07T03:01:55,1,1,1,0,1,3,253.1,5,2,0,0,1,1,1,0.58,0.0,0,0,27,11,4,2,0.4074,7,0,2,0.0,0,negative_hard
synthetic_user_0060,95461cac-4301-4ade-8b3c-98201e8731db,2026-05-07T03:01:55,1,1,1,0,1,3,253.1,5,2,0,0,1,1,1,0.41,0.0,0,1,22,9,2,2,0.4091,7,0,2,0.0,0,negative_hard
synthetic_user_0060,581c8e36-7a51-4e8e-ac1d-6e9c1d54940f,2026-05-07T03:01:55,1,1,1,0,1,3,253.1,5,2,0,0,1,1,3,1.03,0.0,0,1,22,7,4,1,0.3182,7,0,2,0.0,0,negative_hard
synthetic_user_0060,7c1af9a0-cf09-4356-8c0d-d762fbb21208,2026-05-07T03:01:55,0,0,0,2,0,3,253.1,5,2,0,0,1,1,1,1.76,0.0,0,1,62,16,2,1,0.2581,0,0,0,0.0,0,negative_soft
synthetic_user_0060,c5310615-4076-41e9-9064-736593600471,2026-05-07T03:11:15,1,1,1,0,1,3,253.1,6,2,0,0,1,1,0,1.03,0.0,0,0,31,11,1,4,0.3548,7,0,2,0.0,0,negative_hard
synthetic_user_0060,09593622-ad83-4d14-8236-17bea51dbb13,2026-05-07T03:11:15,1,1,1,0,1,3,253.1,6,2,0,0,1,1,1,0.69,0.0,0,1,41,18,5,7,0.439,7,0,2,0.0,0,negative_hard
synthetic_user_0060,830353af-6497-4bc7-bab8-08114b64b682,2026-05-07T03:11:15,1,1,1,0,1,3,253.1,6,2,0,0,1,1,0,1.05,0.0,0,0,29,12,2,4,0.4138,7,0,2,0.0,0,negative_hard
synthetic_user_0060,7c1af9a0-cf09-4356-8c0d-d762fbb21208,2026-05-07T03:11:15,0,0,0,2,0,3,253.1,6,2,0,0,1,1,1,1.76,0.0,0,1,62,16,2,1,0.2581,0,0,0,0.0,0,negative_soft
synthetic_user_0060,09593622-ad83-4d14-8236-17bea51dbb13,2026-05-07T03:14:30,1,1,1,0,1,3,253.11,6,3,0,0,1,1,1,0.69,0.0,0,1,41,18,5,7,0.439,7,0,3,0.0,0,negative_hard
synthetic_user_0060,59bf0b38-d7b5-4024-a66e-a03f1b47095d,2026-05-07T03:14:30,1,1,1,0,1,3,253.11,6,3,0,0,1,1,3,1.03,0.0,0,1,28,12,4,2,0.4286,7,0,3,0.0,0,negative_hard
synthetic_user_0060,945e447f-c018-4d92-b5e5-2f1f7a11bd56,2026-05-07T03:14:30,1,1,1,0,1,3,253.11,6,3,0,0,1,1,3,1.03,0.0,0,1,16,3,1,1,0.1875,7,0,3,0.0,0,negative_hard
synthetic_user_0060,7c1af9a0-cf09-4356-8c0d-d762fbb21208,2026-05-07T03:14:30,0,0,0,2,0,3,253.11,6,3,0,0,1,1,1,1.76,0.0,0,1,62,16,2,1,0.2581,0,0,0,0.0,0,negative_soft
synthetic_user_0148,ea97dfce-6731-4b1d-9b03-485d04de4867,2026-05-07T05:27:10,1,1,1,0,1,3,256.81,15,3,0,0,2,1,3,1.03,0.0,0,1,27,10,2,3,0.3704,15,0,2,0.0,0,negative_hard
synthetic_user_0148,dcf38bea-591e-47ae-aaaf-e01b841cc3b3,2026-05-07T05:27:10,1,1,1,0,1,3,256.81,15,3,0,0,2,1,1,0.69,0.0,0,1,44,12,5,4,0.2727,15,0,2,0.0,0,negative_hard
synthetic_user_0148,e72c3d3b-cf36-4cc4-9a40-d8cc5d28df84,2026-05-07T05:27:10,1,1,1,0,1,3,256.81,15,3,0,0,2,1,1,0.41,0.0,0,1,28,12,7,3,0.4286,15,0,2,0.0,0,negative_hard
synthetic_user_0148,7c1af9a0-cf09-4356-8c0d-d762fbb21208,2026-05-07T05:27:10,0,0,0,2,0,3,256.81,15,3,0,0,2,1,1,1.76,0.0,0,1,62,16,2,1,0.2581,0,0,0,0.0,0,negative_soft
synthetic_user_0148,45a799e0-5716-4209-b489-bd8f9ef13974,2026-05-07T05:35:51,1,1,1,0,1,3,256.82,15,4,0,0,2,1,1,0.41,0.0,0,1,18,7,3,2,0.3889,16,0,2,0.0,0,negative_hard
synthetic_user_0148,e72c3d3b-cf36-4cc4-9a40-d8cc5d28df84,2026-05-07T05:35:51,1,1,1,0,1,3,256.82,15,4,0,0,2,1,1,0.41,0.0,0,1,28,12,7,3,0.4286,16,0,2,0.0,0,negative_hard
synthetic_user_0148,dcf38bea-591e-47ae-aaaf-e01b841cc3b3,2026-05-07T05:35:51,1,1,1,0,1,3,256.82,15,4,0,0,2,1,1,0.69,0.0,0,1,44,12,5,4,0.2727,16,0,2,0.0,0,negative_hard
synthetic_user_0148,7c1af9a0-cf09-4356-8c0d-d762fbb21208,2026-05-07T05:35:51,0,0,0,2,0,3,256.82,15,4,0,0,2,1,1,1.76,0.0,0,1,62,16,2,1,0.2581,0,0,0,0.0,0,negative_soft
synthetic_user_0030,e72c3d3b-cf36-4cc4-9a40-d8cc5d28df84,2026-05-07T21:10:31,0,0,0,2,0,1,251.03,8,1,1,0,1,0,1,0.41,0.0,0,1,28,12,7,3,0.4286,3,0,0,0.0,0,negative_soft
synthetic_user_0030,a8231f34-c157-4fcd-b08a-5a3420cc0cee,2026-05-07T21:10:31,0,0,0,2,0,1,251.03,8,1,1,0,1,0,1,0.69,0.0,0,1,30,8,1,2,0.2667,3,0,0,0.0,0,negative_soft
synthetic_user_0030,581c8e36-7a51-4e8e-ac1d-6e9c1d54940f,2026-05-07T21:10:31,0,0,0,2,0,1,251.03,8,1,1,0,1,0,3,1.03,0.0,0,1,22,7,4,1,0.3182,3,0,0,0.0,0,negative_soft
synthetic_user_0030,59bf0b38-d7b5-4024-a66e-a03f1b47095d,2026-05-07T21:10:31,0,0,0,2,0,1,251.03,8,1,1,0,1,0,3,1.03,0.0,0,1,28,12,4,2,0.4286,3,0,0,0.0,0,negative_soft
synthetic_user_0039,b1e94dc4-e19f-4e9b-85e1-69c3b4ab0e97,2026-05-08T06:21:57,1,1,1,0,1,3,237.81,5,1,0,0,2,1,3,1.03,0.0,0,1,33,18,9,3,0.5455,6,0,3,0.0,0,negative_hard
synthetic_user_0039,40a8032b-e43c-43dc-ba5f-d650f1c0a979,2026-05-08T06:21:57,1,1,1,0,1,3,237.81,5,1,0,0,2,1,1,0.41,0.0,0,1,27,14,7,3,0.5185,6,0,3,0.0,0,negative_hard
synthetic_user_0039,2c1e63cb-30f5-4e05-92af-ea93368ef4ab,2026-05-08T06:21:57,1,1,1,0,1,3,237.81,5,1,0,0,2,1,1,0.41,0.0,0,1,30,12,3,2,0.4,6,0,3,0.0,0,negative_hard
synthetic_user_0039,7c1af9a0-cf09-4356-8c0d-d762fbb21208,2026-05-08T06:21:57,0,0,0,2,0,3,237.81,5,1,0,0,2,1,1,1.76,0.0,0,1,64,17,2,1,0.2656,0,0,0,0.0,0,negative_soft
synthetic_user_0112,e06a75b5-86f9-4daf-b871-0fba7b7ba57d,2026-05-10T06:41:26,1,1,1,0,1,3,259.41,7,1,0,0,0,0,1,0.58,0.0,0,0,40,14,3,3,0.35,6,0,1,0.0,0,negative_hard
synthetic_user_0112,dcd20897-e14a-43fc-b2ba-66bb4a569874,2026-05-10T06:41:26,1,1,1,0,1,3,259.41,7,1,0,0,0,0,1,0.69,0.0,0,1,30,14,4,4,0.4667,6,0,1,0.0,0,negative_hard
synthetic_user_0112,85526add-cd5a-4107-a07e-62ff3f493082,2026-05-10T06:41:26,1,1,1,0,1,3,259.41,7,1,0,0,0,0,0,0.41,0.0,0,0,43,16,5,4,0.3721,6,0,1,0.0,0,negative_hard
synthetic_user_0112,7c1af9a0-cf09-4356-8c0d-d762fbb21208,2026-05-10T06:41:26,0,0,0,2,0,3,259.41,7,1,0,0,0,0,1,1.76,0.0,0,1,66,17,2,1,0.2576,0,0,0,0.0,0,negative_soft
synthetic_user_0034,95461cac-4301-4ade-8b3c-98201e8731db,2026-05-10T23:06:04,1,1,1,0,1,3,253.76,8,2,0,0,1,0,1,0.41,0.0,0,1,22,9,2,2,0.4091,8,0,3,0.0,0,negative_hard
synthetic_user_0034,830353af-6497-4bc7-bab8-08114b64b682,2026-05-10T23:06:04,1,1,1,0,1,3,253.76,8,2,0,0,1,0,0,1.05,0.0,0,0,29,12,2,4,0.4138,8,0,3,0.0,0,negative_hard
synthetic_user_0034,087164bc-8a57-44b1-bd06-0644f475917b,2026-05-10T23:06:04,1,1,1,0,1,3,253.76,8,2,0,0,1,0,0,0.58,0.0,0,0,34,12,2,1,0.3529,8,0,3,0.0,0,negative_hard
synthetic_user_0034,7c1af9a0-cf09-4356-8c0d-d762fbb21208,2026-05-10T23:06:04,0,0,0,2,0,3,253.76,8,2,0,0,1,0,1,1.76,0.0,0,1,67,17,2,1,0.2537,0,0,0,0.0,0,negative_soft
synthetic_user_0034,c5310615-4076-41e9-9064-736593600471,2026-05-10T23:07:11,1,1,1,0,1,3,253.76,8,2,0,0,2,0,0,1.03,0.0,0,0,31,11,1,4,0.3548,9,0,4,0.0,0,negative_hard
synthetic_user_0034,40a8032b-e43c-43dc-ba5f-d650f1c0a979,2026-05-10T23:07:11,1,1,1,0,1,3,253.76,8,2,0,0,2,0,1,0.41,0.0,0,1,27,14,7,3,0.5185,9,0,4,0.0,0,negative_hard
synthetic_user_0034,581c8e36-7a51-4e8e-ac1d-6e9c1d54940f,2026-05-10T23:07:11,1,1,1,0,1,3,253.76,8,2,0,0,2,0,3,1.03,0.0,0,1,22,7,4,1,0.3182,9,0,4,0.0,0,negative_hard
synthetic_user_0034,7c1af9a0-cf09-4356-8c0d-d762fbb21208,2026-05-10T23:07:11,0,0,0,2,0,3,253.76,8,2,0,0,2,0,1,1.76,0.0,0,1,67,17,2,1,0.2537,0,0,0,0.0,0,negative_soft
synthetic_user_0111,e06a75b5-86f9-4daf-b871-0fba7b7ba57d,2026-05-11T08:07:21,1,1,0,1,0,4,244.23,13,3,1,1,1,0,1,0.58,0.0,0,0,40,14,3,3,0.35,2,0,1,0.0,0,negative_soft
synthetic_user_0111,087164bc-8a57-44b1-bd06-0644f475917b,2026-05-11T08:07:21,1,1,0,1,0,4,244.23,13,3,1,1,1,0,0,0.58,0.0,0,0,34,12,2,1,0.3529,2,0,1,0.0,0,negative_soft
synthetic_user_0111,2c1e63cb-30f5-4e05-92af-ea93368ef4ab,2026-05-11T08:07:21,1,1,0,1,0,4,244.23,13,3,1,1,1,0,1,0.41,0.0,0,1,31,12,3,2,0.3871,2,0,1,0.0,0,negative_soft
synthetic_user_0111,85526add-cd5a-4107-a07e-62ff3f493082,2026-05-11T08:07:21,1,1,0,1,0,4,244.23,13,3,1,1,1,0,0,0.41,0.0,0,0,43,16,5,4,0.3721,2,0,1,0.0,0,negative_soft
synthetic_user_0111,5a0f55cf-16af-4459-9030-0c7c6e11207f,2026-05-11T08:22:40,1,1,0,1,0,4,244.24,13,4,1,1,1,0,0,0.58,0.0,0,0,30,11,3,2,0.3667,2,0,1,0.0,0,negative_soft
synthetic_user_0111,59bf0b38-d7b5-4024-a66e-a03f1b47095d,2026-05-11T08:22:40,1,1,0,1,0,4,244.24,13,4,1,1,1,0,3,1.03,0.0,0,1,28,12,4,2,0.4286,2,0,1,0.0,0,negative_soft
synthetic_user_0111,830353af-6497-4bc7-bab8-08114b64b682,2026-05-11T08:22:40,1,1,0,1,0,4,244.24,13,4,1,1,1,0,0,1.05,0.0,0,0,30,12,2,4,0.4,2,0,1,0.0,0,negative_soft
synthetic_user_0111,45a799e0-5716-4209-b489-bd8f9ef13974,2026-05-11T08:22:40,1,1,0,1,0,4,244.24,13,4,1,1,1,0,1,0.41,0.0,0,1,18,7,3,2,0.3889,2,0,1,0.0,0,negative_soft
synthetic_user_0111,5a0f55cf-16af-4459-9030-0c7c6e11207f,2026-05-11T08:22:59,1,1,0,1,0,4,244.24,13,4,1,1,2,0,0,0.58,0.0,0,0,30,11,3,2,0.3667,2,0,1,0.0,0,negative_soft
synthetic_user_0111,98a77293-8faf-4d27-8248-6eb91f481d8f,2026-05-11T08:22:59,1,1,0,1,0,4,244.24,13,4,1,1,2,0,0,0.58,0.0,0,0,36,19,8,8,0.5278,2,0,1,0.0,0,negative_soft
synthetic_user_0111,945e447f-c018-4d92-b5e5-2f1f7a11bd56,2026-05-11T08:22:59,1,1,0,1,0,4,244.24,13,4,1,1,2,0,3,1.03,0.0,0,1,17,3,1,1,0.1765,2,0,1,0.0,0,negative_soft
synthetic_user_0111,2c1e63cb-30f5-4e05-92af-ea93368ef4ab,2026-05-11T08:22:59,1,1,0,1,0,4,244.24,13,4,1,1,2,0,1,0.41,0.0,0,1,31,12,3,2,0.3871,2,0,1,0.0,0,negative_soft
synthetic_user_0199,95461cac-4301-4ade-8b3c-98201e8731db,2026-05-11T20:36:20,1,1,1,0,1,3,250.1,3,0,0,0,1,0,1,0.41,0.0,0,1,22,9,2,2,0.4091,3,0,1,0.0,0,negative_hard
synthetic_user_0199,a18002e2-24a3-4da4-b558-ea8cadcb047e,2026-05-11T20:36:20,1,1,1,0,1,3,250.1,3,0,0,0,1,0,0,0.58,0.0,0,0,44,17,7,3,0.3864,3,0,1,0.0,0,negative_hard
synthetic_user_0199,40a8032b-e43c-43dc-ba5f-d650f1c0a979,2026-05-11T20:36:20,1,1,1,0,1,3,250.1,3,0,0,0,1,0,1,0.41,0.0,0,1,27,14,7,3,0.5185,3,0,1,0.0,0,negative_hard
synthetic_user_0199,7c1af9a0-cf09-4356-8c0d-d762fbb21208,2026-05-11T20:36:20,0,0,0,2,0,3,250.1,3,0,0,0,1,0,1,1.76,0.0,0,1,67,17,2,1,0.2537,0,0,0,0.0,0,negative_soft
synthetic_user_0199,f6081dfd-75ec-4719-a05b-6ec1f95df15f,2026-05-11T20:49:47,1,1,1,0,1,3,250.11,4,0,0,0,1,0,1,1.05,0.0,0,1,21,5,1,3,0.2381,4,0,1,0.0,0,negative_hard
synthetic_user_0199,98a77293-8faf-4d27-8248-6eb91f481d8f,2026-05-11T20:49:47,1,1,1,0,1,3,250.11,4,0,0,0,1,0,0,0.58,0.0,0,0,36,19,8,8,0.5278,4,0,1,0.0,0,negative_hard
synthetic_user_0199,945e447f-c018-4d92-b5e5-2f1f7a11bd56,2026-05-11T20:49:47,1,1,1,0,1,3,250.11,4,0,0,0,1,0,3,1.03,0.0,0,1,17,3,1,1,0.1765,4,0,1,0.0,0,negative_hard
synthetic_user_0199,7c1af9a0-cf09-4356-8c0d-d762fbb21208,2026-05-11T20:49:47,0,0,0,2,0,3,250.11,4,0,0,0,1,0,1,1.76,0.0,0,1,67,17,2,1,0.2537,0,0,0,0.0,0,negative_soft
synthetic_user_0052,40a8032b-e43c-43dc-ba5f-d650f1c0a979,2026-05-12T05:17:12,1,1,1,0,1,3,258.38,11,4,2,1,0,0,1,0.41,0.0,0,1,27,14,7,3,0.5185,18,0,4,0.0,0,negative_hard
synthetic_user_0052,dcd20897-e14a-43fc-b2ba-66bb4a569874,2026-05-12T05:17:12,1,1,1,0,1,3,258.38,11,4,2,1,0,0,1,0.69,0.0,0,1,30,14,4,4,0.4667,18,0,4,0.0,0,negative_hard
synthetic_user_0052,ea97dfce-6731-4b1d-9b03-485d04de4867,2026-05-12T05:17:12,1,1,1,0,1,3,258.38,11,4,2,1,0,0,3,1.03,0.0,0,1,27,10,2,3,0.3704,18,0,4,0.0,0,negative_hard
synthetic_user_0052,8706bbb8-8343-4edc-9af4-244b9cad76aa,2026-05-12T05:17:12,1,1,0,1,0,3,258.38,11,4,2,1,0,0,0,0.47,0.0,0,0,209,64,20,8,0.3062,0,0,4,0.0,0,negative_soft
synthetic_user_0052,dcf38bea-591e-47ae-aaaf-e01b841cc3b3,2026-05-12T05:28:09,1,1,1,0,1,3,258.39,11,5,2,1,0,0,1,0.69,0.0,0,1,44,12,5,4,0.2727,19,0,4,0.0,0,negative_hard
synthetic_user_0052,95461cac-4301-4ade-8b3c-98201e8731db,2026-05-12T05:28:09,1,1,1,0,1,3,258.39,11,5,2,1,0,0,1,0.41,0.0,0,1,22,9,2,2,0.4091,19,0,4,0.0,0,negative_hard
synthetic_user_0052,e72c3d3b-cf36-4cc4-9a40-d8cc5d28df84,2026-05-12T05:28:09,1,1,1,0,1,3,258.39,11,5,2,1,0,0,1,0.41,0.0,0,1,28,12,7,3,0.4286,19,0,4,0.0,0,negative_hard
synthetic_user_0052,8706bbb8-8343-4edc-9af4-244b9cad76aa,2026-05-12T05:28:09,1,1,0,1,0,3,258.39,11,5,2,1,0,0,0,0.47,0.0,0,0,209,64,20,8,0.3062,0,0,4,0.0,0,negative_soft
synthetic_user_0112,45a799e0-5716-4209-b489-bd8f9ef13974,2026-05-12T06:10:40,1,1,1,0,1,3,261.39,9,1,0,0,0,0,1,0.41,0.0,0,1,18,7,3,2,0.3889,7,0,1,0.0,0,negative_hard
synthetic_user_0112,f6081dfd-75ec-4719-a05b-6ec1f95df15f,2026-05-12T06:10:40,1,1,1,0,1,3,261.39,9,1,0,0,0,0,1,1.05,0.0,0,1,21,5,1,3,0.2381,7,0,1,0.0,0,negative_hard
synthetic_user_0112,5a0f55cf-16af-4459-9030-0c7c6e11207f,2026-05-12T06:10:40,1,1,1,0,1,3,261.39,9,1,0,0,0,0,0,0.58,0.0,0,0,30,11,3,2,0.3667,7,0,1,0.0,0,negative_hard
synthetic_user_0112,7c1af9a0-cf09-4356-8c0d-d762fbb21208,2026-05-12T06:10:40,0,0,0,2,0,3,261.39,9,1,0,0,0,0,1,1.76,0.0,0,1,67,17,2,1,0.2537,0,0,0,0.0,0,negative_soft
synthetic_user_0099,fbb68aab-9b3b-4e24-9109-ea047f927347,2026-05-13T21:18:30,1,1,1,0,1,3,252.28,4,1,0,1,1,1,3,1.03,0.0,0,1,37,11,4,3,0.2973,6,0,2,0.0,0,negative_hard
synthetic_user_0099,c5310615-4076-41e9-9064-736593600471,2026-05-13T21:18:30,1,1,1,0,1,3,252.28,4,1,0,1,1,1,0,1.03,0.0,0,0,31,11,1,4,0.3548,6,0,2,0.0,0,negative_hard
synthetic_user_0099,40a8032b-e43c-43dc-ba5f-d650f1c0a979,2026-05-13T21:18:30,1,1,1,0,1,3,252.28,4,1,0,1,1,1,1,0.41,0.0,0,1,27,14,7,3,0.5185,6,0,2,0.0,0,negative_hard
synthetic_user_0099,7c1af9a0-cf09-4356-8c0d-d762fbb21208,2026-05-13T21:18:30,0,0,0,2,0,3,252.28,4,1,0,1,1,1,1,1.76,0.0,0,1,69,17,2,1,0.2464,0,0,0,0.0,0,negative_soft
synthetic_user_0106,f6081dfd-75ec-4719-a05b-6ec1f95df15f,2026-05-14T00:04:01,1,1,1,0,1,3,245.77,7,3,0,0,0,0,1,1.05,0.0,0,1,21,5,1,3,0.2381,1,0,1,0.0,0,negative_hard
synthetic_user_0106,09593622-ad83-4d14-8236-17bea51dbb13,2026-05-14T00:04:01,1,1,1,0,1,3,245.77,7,3,0,0,0,0,1,0.69,0.0,0,1,41,18,5,7,0.439,1,0,1,0.0,0,negative_hard
synthetic_user_0106,b1e94dc4-e19f-4e9b-85e1-69c3b4ab0e97,2026-05-14T00:04:01,1,1,1,0,1,3,245.77,7,3,0,0,0,0,3,1.03,0.0,0,1,35,20,9,3,0.5714,1,0,1,0.0,0,negative_hard
synthetic_user_0106,7c1af9a0-cf09-4356-8c0d-d762fbb21208,2026-05-14T00:04:01,0,0,0,2,0,3,245.77,7,3,0,0,0,0,1,1.76,0.0,0,1,69,17,2,1,0.2464,0,0,0,0.0,0,negative_soft
synthetic_user_0106,945e447f-c018-4d92-b5e5-2f1f7a11bd56,2026-05-14T00:06:03,1,1,1,0,1,3,245.77,7,4,0,0,0,0,3,1.03,0.0,0,1,17,3,1,1,0.1765,2,0,2,0.0,0,negative_hard
synthetic_user_0106,fbb68aab-9b3b-4e24-9109-ea047f927347,2026-05-14T00:06:03,1,1,1,0,1,3,245.77,7,4,0,0,0,0,3,1.03,0.0,0,1,37,11,4,3,0.2973,2,0,2,0.0,0,negative_hard
synthetic_user_0106,830353af-6497-4bc7-bab8-08114b64b682,2026-05-14T00:06:03,1,1,1,0,1,3,245.77,7,4,0,0,0,0,0,1.05,0.0,0,0,30,12,2,4,0.4,2,0,2,0.0,0,negative_hard
synthetic_user_0106,7c1af9a0-cf09-4356-8c0d-d762fbb21208,2026-05-14T00:06:03,0,0,0,2,0,3,245.77,7,4,0,0,0,0,1,1.76,0.0,0,1,69,17,2,1,0.2464,0,0,0,0.0,0,negative_soft
synthetic_user_0191,98a77293-8faf-4d27-8248-6eb91f481d8f,2026-05-14T01:13:33,1,1,1,0,1,3,243.24,2,1,1,0,0,0,0,0.58,0.0,0,0,36,19,8,8,0.5278,4,0,1,0.0,0,negative_hard
synthetic_user_0191,33f6e3a9-237d-433e-b4b6-238e44c80117,2026-05-14T01:13:33,1,1,1,0,1,3,243.24,2,1,1,0,0,0,1,0.58,0.0,0,0,27,11,4,2,0.4074,4,0,1,0.0,0,negative_hard
synthetic_user_0191,5a0f55cf-16af-4459-9030-0c7c6e11207f,2026-05-14T01:13:33,1,1,1,0,1,3,243.24,2,1,1,0,0,0,0,0.58,0.0,0,0,30,11,3,2,0.3667,4,0,1,0.0,0,negative_hard
synthetic_user_0191,8706bbb8-8343-4edc-9af4-244b9cad76aa,2026-05-14T01:13:33,1,1,0,1,0,3,243.24,2,1,1,0,0,0,0,0.47,0.0,0,0,211,65,20,8,0.3081,0,0,1,0.0,0,negative_soft
synthetic_user_0103,f6081dfd-75ec-4719-a05b-6ec1f95df15f,2026-05-14T01:17:39,1,1,1,0,1,3,242.21,13,4,1,1,4,0,1,1.05,0.0,0,1,21,5,1,3,0.2381,23,0,4,0.0,0,negative_hard
synthetic_user_0103,945e447f-c018-4d92-b5e5-2f1f7a11bd56,2026-05-14T01:17:39,1,1,1,0,1,3,242.21,13,4,1,1,4,0,3,1.03,0.0,0,1,17,3,1,1,0.1765,23,0,4,0.0,0,negative_hard
synthetic_user_0103,85526add-cd5a-4107-a07e-62ff3f493082,2026-05-14T01:17:39,1,1,1,0,1,3,242.21,13,4,1,1,4,0,0,0.41,0.0,0,0,44,17,5,5,0.3864,23,0,4,0.0,0,negative_hard
synthetic_user_0103,8706bbb8-8343-4edc-9af4-244b9cad76aa,2026-05-14T01:17:39,1,1,0,1,0,3,242.21,13,4,1,1,4,0,0,0.47,0.0,0,0,211,65,20,8,0.3081,0,0,4,0.0,0,negative_soft
synthetic_user_0103,dcd20897-e14a-43fc-b2ba-66bb4a569874,2026-05-14T01:23:58,1,1,1,0,1,3,242.21,13,5,1,1,4,0,1,0.69,0.0,0,1,30,14,4,4,0.4667,24,0,5,0.0,0,negative_hard
synthetic_user_0103,ea97dfce-6731-4b1d-9b03-485d04de4867,2026-05-14T01:23:58,1,1,1,0,1,3,242.21,13,5,1,1,4,0,3,1.03,0.0,0,1,27,10,2,3,0.3704,24,0,5,0.0,0,negative_hard
synthetic_user_0103,98a77293-8faf-4d27-8248-6eb91f481d8f,2026-05-14T01:23:58,1,1,1,0,1,3,242.21,13,5,1,1,4,0,0,0.58,0.0,0,0,36,19,8,8,0.5278,24,0,5,0.0,0,negative_hard
synthetic_user_0103,8706bbb8-8343-4edc-9af4-244b9cad76aa,2026-05-14T01:23:58,1,1,0,1,0,3,242.21,13,5,1,1,4,0,0,0.47,0.0,0,0,211,65,20,8,0.3081,0,0,5,0.0,0,negative_soft
synthetic_user_0173,087164bc-8a57-44b1-bd06-0644f475917b,2026-05-14T02:18:25,1,1,1,0,1,3,263.85,13,8,1,3,3,1,0,0.58,0.0,0,0,35,13,3,1,0.3714,28,0,3,0.0,0,negative_hard
synthetic_user_0173,dcd20897-e14a-43fc-b2ba-66bb4a569874,2026-05-14T02:18:25,1,1,1,0,1,3,263.85,13,8,1,3,3,1,1,0.69,0.0,0,1,30,14,4,4,0.4667,28,0,3,0.0,0,negative_hard
synthetic_user_0173,2c1e63cb-30f5-4e05-92af-ea93368ef4ab,2026-05-14T02:18:25,1,1,1,0,1,3,263.85,13,8,1,3,3,1,1,0.41,0.0,0,1,31,12,3,2,0.3871,28,0,3,0.0,0,negative_hard
synthetic_user_0173,8706bbb8-8343-4edc-9af4-244b9cad76aa,2026-05-14T02:18:25,1,1,0,1,0,3,263.85,13,8,1,3,3,1,0,0.47,0.0,0,0,211,65,20,8,0.3081,0,0,3,0.0,0,negative_soft
synthetic_user_0014,f6081dfd-75ec-4719-a05b-6ec1f95df15f,2026-05-14T03:32:13,1,1,1,0,1,3,251.62,3,1,0,0,0,1,1,1.05,0.0,0,1,21,5,1,3,0.2381,3,0,1,0.0,0,negative_hard
synthetic_user_0014,e72c3d3b-cf36-4cc4-9a40-d8cc5d28df84,2026-05-14T03:32:13,1,1,1,0,1,3,251.62,3,1,0,0,0,1,1,0.41,0.0,0,1,29,12,7,3,0.4138,3,0,1,0.0,0,negative_hard
synthetic_user_0014,a18002e2-24a3-4da4-b558-ea8cadcb047e,2026-05-14T03:32:13,1,1,1,0,1,3,251.62,3,1,0,0,0,1,0,0.58,0.0,0,0,44,17,7,3,0.3864,3,0,1,0.0,0,negative_hard
synthetic_user_0014,7c1af9a0-cf09-4356-8c0d-d762fbb21208,2026-05-14T03:32:13,0,0,0,2,0,3,251.62,3,1,0,0,0,1,1,1.76,0.0,0,1,69,17,2,1,0.2464,0,0,0,0.0,0,negative_soft
synthetic_user_0014,c5310615-4076-41e9-9064-736593600471,2026-05-14T03:36:49,1,1,1,0,1,3,251.63,4,1,0,0,0,1,0,1.03,0.0,0,0,31,11,1,4,0.3548,4,0,1,0.0,0,negative_hard
synthetic_user_0014,8b44ea69-a5bb-4779-8c63-bf20e4da58c7,2026-05-14T03:36:49,1,1,1,0,1,3,251.63,4,1,0,0,0,1,1,0.69,0.0,0,1,47,21,8,5,0.4468,4,0,1,0.0,0,negative_hard
synthetic_user_0014,a18002e2-24a3-4da4-b558-ea8cadcb047e,2026-05-14T03:36:49,1,1,1,0,1,3,251.63,4,1,0,0,0,1,0,0.58,0.0,0,0,44,17,7,3,0.3864,4,0,1,0.0,0,negative_hard
synthetic_user_0014,7c1af9a0-cf09-4356-8c0d-d762fbb21208,2026-05-14T03:36:49,0,0,0,2,0,3,251.63,4,1,0,0,0,1,1,1.76,0.0,0,1,69,17,2,1,0.2464,0,0,0,0.0,0,negative_soft
synthetic_user_0014,b1e94dc4-e19f-4e9b-85e1-69c3b4ab0e97,2026-05-14T03:49:29,1,1,1,0,1,3,251.64,4,2,0,0,0,1,3,1.03,0.0,0,1,35,20,9,3,0.5714,5,0,1,0.0,0,negative_hard
synthetic_user_0014,a8231f34-c157-4fcd-b08a-5a3420cc0cee,2026-05-14T03:49:29,1,1,1,0,1,3,251.64,4,2,0,0,0,1,1,0.69,0.0,0,1,30,8,1,2,0.2667,5,0,1,0.0,0,negative_hard
synthetic_user_0014,c5310615-4076-41e9-9064-736593600471,2026-05-14T03:49:29,1,1,1,0,1,3,251.64,4,2,0,0,0,1,0,1.03,0.0,0,0,31,11,1,4,0.3548,5,0,1,0.0,0,negative_hard
synthetic_user_0014,7c1af9a0-cf09-4356-8c0d-d762fbb21208,2026-05-14T03:49:29,0,0,0,2,0,3,251.64,4,2,0,0,0,1,1,1.76,0.0,0,1,69,17,2,1,0.2464,0,0,0,0.0,0,negative_soft
synthetic_user_0111,581c8e36-7a51-4e8e-ac1d-6e9c1d54940f,2026-05-15T19:48:32,1,1,0,1,0,4,248.72,14,4,1,2,2,0,3,1.03,0.0,0,1,22,7,4,1,0.3182,2,0,1,0.0,0,negative_soft
synthetic_user_0111,a8231f34-c157-4fcd-b08a-5a3420cc0cee,2026-05-15T19:48:32,1,1,0,1,0,4,248.72,14,4,1,2,2,0,1,0.69,0.0,0,1,30,8,1,2,0.2667,2,0,1,0.0,0,negative_soft
synthetic_user_0111,2c1e63cb-30f5-4e05-92af-ea93368ef4ab,2026-05-15T19:48:32,1,1,0,1,0,4,248.72,14,4,1,2,2,0,1,0.41,0.0,0,1,31,12,3,2,0.3871,2,0,1,0.0,0,negative_soft
synthetic_user_0111,fbb68aab-9b3b-4e24-9109-ea047f927347,2026-05-15T19:48:32,1,1,0,1,0,4,248.72,14,4,1,2,2,0,3,1.03,0.0,0,1,37,11,4,3,0.2973,2,0,1,0.0,0,negative_soft
synthetic_user_0024,e72c3d3b-cf36-4cc4-9a40-d8cc5d28df84,2026-05-16T02:28:17,1,1,1,0,1,3,255.0,11,3,1,1,3,0,1,0.41,0.0,0,1,29,12,7,3,0.4138,19,0,2,0.0,0,negative_hard
synthetic_user_0024,830353af-6497-4bc7-bab8-08114b64b682,2026-05-16T02:28:17,1,1,1,0,1,3,255.0,11,3,1,1,3,0,0,1.05,0.0,0,0,30,12,2,4,0.4,19,0,2,0.0,0,negative_hard
synthetic_user_0024,8b44ea69-a5bb-4779-8c63-bf20e4da58c7,2026-05-16T02:28:17,1,1,1,0,1,3,255.0,11,3,1,1,3,0,1,0.69,0.0,0,1,47,21,8,5,0.4468,19,0,2,0.0,0,negative_hard
synthetic_user_0024,8706bbb8-8343-4edc-9af4-244b9cad76aa,2026-05-16T02:28:17,1,1,0,1,0,3,255.0,11,3,1,1,3,0,0,0.47,0.0,0,0,213,66,20,8,0.3099,0,0,2,0.0,0,negative_soft
synthetic_user_0063,fbb68aab-9b3b-4e24-9109-ea047f927347,2026-05-16T06:11:37,1,1,1,0,1,3,256.69,7,0,0,0,1,1,3,1.03,0.0,0,1,38,12,4,3,0.3158,7,0,1,0.0,0,negative_hard
synthetic_user_0063,ea97dfce-6731-4b1d-9b03-485d04de4867,2026-05-16T06:11:37,1,1,1,0,1,3,256.69,7,0,0,0,1,1,3,1.03,0.0,0,1,27,10,2,3,0.3704,7,0,1,0.0,0,negative_hard
synthetic_user_0063,dcf38bea-591e-47ae-aaaf-e01b841cc3b3,2026-05-16T06:11:37,1,1,1,0,1,3,256.69,7,0,0,0,1,1,1,0.69,0.0,0,1,44,12,5,4,0.2727,7,0,1,0.0,0,negative_hard
synthetic_user_0063,7c1af9a0-cf09-4356-8c0d-d762fbb21208,2026-05-16T06:11:37,0,0,0,2,0,3,256.69,7,0,0,0,1,1,1,1.76,0.0,0,1,69,17,2,1,0.2464,0,0,0,0.0,0,negative_soft
synthetic_user_0063,c5310615-4076-41e9-9064-736593600471,2026-05-16T06:17:20,1,1,1,0,1,3,256.69,7,1,0,0,1,1,0,1.03,0.0,0,0,31,11,1,4,0.3548,8,0,2,0.0,0,negative_hard
synthetic_user_0063,a8231f34-c157-4fcd-b08a-5a3420cc0cee,2026-05-16T06:17:20,1,1,1,0,1,3,256.69,7,1,0,0,1,1,1,0.69,0.0,0,1,30,8,1,2,0.2667,8,0,2,0.0,0,negative_hard
synthetic_user_0063,45a799e0-5716-4209-b489-bd8f9ef13974,2026-05-16T06:17:20,1,1,1,0,1,3,256.69,7,1,0,0,1,1,1,0.41,0.0,0,1,18,7,3,2,0.3889,8,0,2,0.0,0,negative_hard
synthetic_user_0063,7c1af9a0-cf09-4356-8c0d-d762fbb21208,2026-05-16T06:17:20,0,0,0,2,0,3,256.69,7,1,0,0,1,1,1,1.76,0.0,0,1,69,17,2,1,0.2464,0,0,0,0.0,0,negative_soft
synthetic_user_0011,a8231f34-c157-4fcd-b08a-5a3420cc0cee,2026-05-16T18:19:31,1,1,1,0,1,3,255.67,5,2,0,0,0,1,1,0.69,0.0,0,1,30,8,1,2,0.2667,4,0,2,0.0,0,negative_hard
synthetic_user_0011,8b44ea69-a5bb-4779-8c63-bf20e4da58c7,2026-05-16T18:19:31,1,1,1,0,1,3,255.67,5,2,0,0,0,1,1,0.69,0.0,0,1,47,21,8,5,0.4468,4,0,2,0.0,0,negative_hard
synthetic_user_0011,e06a75b5-86f9-4daf-b871-0fba7b7ba57d,2026-05-16T18:19:31,1,1,1,0,1,3,255.67,5,2,0,0,0,1,1,0.58,0.0,0,0,40,14,3,3,0.35,4,0,2,0.0,0,negative_hard
synthetic_user_0011,7c1af9a0-cf09-4356-8c0d-d762fbb21208,2026-05-16T18:19:31,0,0,0,2,0,3,255.67,5,2,0,0,0,1,1,1.76,0.0,0,1,69,17,2,1,0.2464,0,0,0,0.0,0,negative_soft
synthetic_user_0160,945e447f-c018-4d92-b5e5-2f1f7a11bd56,2026-05-16T18:44:50,0,0,0,2,0,1,265.57,7,2,0,0,1,1,3,1.03,0.0,0,1,17,3,1,1,0.1765,0,0,0,0.0,0,negative_soft
synthetic_user_0160,40a8032b-e43c-43dc-ba5f-d650f1c0a979,2026-05-16T18:44:50,0,0,0,2,0,1,265.57,7,2,0,0,1,1,1,0.41,0.0,0,1,28,15,7,3,0.5357,0,0,0,0.0,0,negative_soft
synthetic_user_0160,2c1e63cb-30f5-4e05-92af-ea93368ef4ab,2026-05-16T18:44:50,0,0,0,2,0,1,265.57,7,2,0,0,1,1,1,0.41,0.0,0,1,31,12,3,2,0.3871,0,0,0,0.0,0,negative_soft
synthetic_user_0160,a18002e2-24a3-4da4-b558-ea8cadcb047e,2026-05-16T18:44:50,0,0,0,2,0,1,265.57,7,2,0,0,1,1,0,0.58,0.0,0,0,44,17,7,3,0.3864,0,0,0,0.0,0,negative_soft
synthetic_user_0134,e06a75b5-86f9-4daf-b871-0fba7b7ba57d,2026-05-16T23:50:44,1,1,1,0,1,3,254.68,7,4,2,2,0,1,1,0.58,0.0,0,0,40,14,3,3,0.35,15,0,3,0.0,0,negative_hard
synthetic_user_0134,59bf0b38-d7b5-4024-a66e-a03f1b47095d,2026-05-16T23:50:44,1,1,1,0,1,3,254.68,7,4,2,2,0,1,3,1.03,0.0,0,1,29,12,4,2,0.4138,15,0,3,0.0,0,negative_hard
synthetic_user_0134,c5310615-4076-41e9-9064-736593600471,2026-05-16T23:50:44,1,1,1,0,1,3,254.68,7,4,2,2,0,1,0,1.03,0.0,0,0,31,11,1,4,0.3548,15,0,3,0.0,0,negative_hard
synthetic_user_0134,8706bbb8-8343-4edc-9af4-244b9cad76aa,2026-05-16T23:50:44,1,1,0,1,0,3,254.68,7,4,2,2,0,1,0,0.47,0.0,0,0,213,66,20,8,0.3099,0,0,3,0.0,0,negative_soft
synthetic_user_0134,5a0f55cf-16af-4459-9030-0c7c6e11207f,2026-05-16T23:57:00,1,1,1,0,1,3,254.68,7,5,2,2,0,1,0,0.58,0.0,0,0,30,11,3,2,0.3667,16,0,3,0.0,0,negative_hard
synthetic_user_0134,98a77293-8faf-4d27-8248-6eb91f481d8f,2026-05-16T23:57:00,1,1,1,0,1,3,254.68,7,5,2,2,0,1,0,0.58,0.0,0,0,37,19,8,8,0.5135,16,0,3,0.0,0,negative_hard
synthetic_user_0134,e72c3d3b-cf36-4cc4-9a40-d8cc5d28df84,2026-05-16T23:57:00,1,1,1,0,1,3,254.68,7,5,2,2,0,1,1,0.41,0.0,0,1,29,12,7,3,0.4138,16,0,3,0.0,0,negative_hard
synthetic_user_0134,8706bbb8-8343-4edc-9af4-244b9cad76aa,2026-05-16T23:57:00,1,1,0,1,0,3,254.68,7,5,2,2,0,1,0,0.47,0.0,0,0,213,66,20,8,0.3099,0,0,3,0.0,0,negative_soft
synthetic_user_0029,e06a75b5-86f9-4daf-b871-0fba7b7ba57d,2026-05-17T06:11:44,1,1,1,0,1,3,268.41,4,1,1,0,0,1,1,0.58,0.0,0,0,40,14,3,3,0.35,6,0,1,0.0,0,negative_hard
synthetic_user_0029,dcd20897-e14a-43fc-b2ba-66bb4a569874,2026-05-17T06:11:44,1,1,1,0,1,3,268.41,4,1,1,0,0,1,1,0.69,0.0,0,1,30,14,4,4,0.4667,6,0,1,0.0,0,negative_hard
synthetic_user_0029,a8231f34-c157-4fcd-b08a-5a3420cc0cee,2026-05-17T06:11:44,1,1,1,0,1,3,268.41,4,1,1,0,0,1,1,0.69,0.0,0,1,30,8,1,2,0.2667,6,0,1,0.0,0,negative_hard
synthetic_user_0029,8706bbb8-8343-4edc-9af4-244b9cad76aa,2026-05-17T06:11:44,1,1,0,1,0,3,268.41,4,1,1,0,0,1,0,0.47,0.0,0,0,213,66,20,8,0.3099,0,0,1,0.0,0,negative_soft
synthetic_user_0129,bd6bddb1-3e29-4767-a194-6196e46f7456,2026-05-17T08:21:35,1,1,1,0,1,3,271.95,7,2,1,0,0,0,1,0.41,0.0,0,1,29,8,1,3,0.2759,8,0,2,0.0,0,negative_hard
synthetic_user_0129,e72c3d3b-cf36-4cc4-9a40-d8cc5d28df84,2026-05-17T08:21:35,1,1,1,0,1,3,271.95,7,2,1,0,0,0,1,0.41,0.0,0,1,29,12,7,3,0.4138,8,0,2,0.0,0,negative_hard
synthetic_user_0129,e06a75b5-86f9-4daf-b871-0fba7b7ba57d,2026-05-17T08:21:35,1,1,1,0,1,3,271.95,7,2,1,0,0,0,1,0.58,0.0,0,0,40,14,3,3,0.35,8,0,2,0.0,0,negative_hard
synthetic_user_0129,7c1af9a0-cf09-4356-8c0d-d762fbb21208,2026-05-17T08:21:35,0,0,0,2,0,3,271.95,7,2,1,0,0,0,1,1.76,0.0,0,1,70,18,2,1,0.2571,0,0,0,0.0,0,negative_soft
synthetic_user_0125,09593622-ad83-4d14-8236-17bea51dbb13,2026-05-17T20:14:16,1,1,1,0,1,3,250.67,14,3,2,1,3,0,1,0.69,0.0,0,1,41,18,5,7,0.439,19,0,3,0.0,0,negative_hard
synthetic_user_0125,5a0f55cf-16af-4459-9030-0c7c6e11207f,2026-05-17T20:14:16,1,1,1,0,1,3,250.67,14,3,2,1,3,0,0,0.58,0.0,0,0,30,11,3,2,0.3667,19,0,3,0.0,0,negative_hard
synthetic_user_0125,a8231f34-c157-4fcd-b08a-5a3420cc0cee,2026-05-17T20:14:16,1,1,1,0,1,3,250.67,14,3,2,1,3,0,1,0.69,0.0,0,1,30,8,1,2,0.2667,19,0,3,0.0,0,negative_hard
synthetic_user_0125,7c1af9a0-cf09-4356-8c0d-d762fbb21208,2026-05-17T20:14:16,0,0,0,2,0,3,250.67,14,3,2,1,3,0,1,1.76,0.0,0,1,70,18,2,1,0.2571,0,0,0,0.0,0,negative_soft
synthetic_user_0181,a18002e2-24a3-4da4-b558-ea8cadcb047e,2026-05-17T21:41:12,1,1,1,0,1,3,253.72,7,3,1,1,0,1,0,0.58,0.0,0,0,44,17,7,3,0.3864,11,0,2,0.0,0,negative_hard
synthetic_user_0181,2c1e63cb-30f5-4e05-92af-ea93368ef4ab,2026-05-17T21:41:12,1,1,1,0,1,3,253.72,7,3,1,1,0,1,1,0.41,0.0,0,1,31,12,3,2,0.3871,11,0,2,0.0,0,negative_hard
synthetic_user_0181,c5310615-4076-41e9-9064-736593600471,2026-05-17T21:41:12,1,1,1,0,1,3,253.72,7,3,1,1,0,1,0,1.03,0.0,0,0,31,11,1,4,0.3548,11,0,2,0.0,0,negative_hard
synthetic_user_0181,8706bbb8-8343-4edc-9af4-244b9cad76aa,2026-05-17T21:41:12,1,1,0,1,0,3,253.72,7,3,1,1,0,1,0,0.47,0.0,0,0,213,66,20,8,0.3099,0,0,2,0.0,0,negative_soft
synthetic_user_0181,bd6bddb1-3e29-4767-a194-6196e46f7456,2026-05-17T21:58:07,1,1,1,0,1,3,253.73,7,4,1,1,0,1,1,0.41,0.0,0,1,29,8,1,3,0.2759,12,0,3,0.0,0,negative_hard
synthetic_user_0181,e06a75b5-86f9-4daf-b871-0fba7b7ba57d,2026-05-17T21:58:07,1,1,1,0,1,3,253.73,7,4,1,1,0,1,1,0.58,0.0,0,0,40,14,3,3,0.35,12,0,3,0.0,0,negative_hard
synthetic_user_0181,45a799e0-5716-4209-b489-bd8f9ef13974,2026-05-17T21:58:07,1,1,1,0,1,3,253.73,7,4,1,1,0,1,1,0.41,0.0,0,1,18,7,3,2,0.3889,12,0,3,0.0,0,negative_hard
synthetic_user_0181,8706bbb8-8343-4edc-9af4-244b9cad76aa,2026-05-17T21:58:07,1,1,0,1,0,3,253.73,7,4,1,1,0,1,0,0.47,0.0,0,0,213,66,20,8,0.3099,0,0,3,0.0,0,negative_soft
synthetic_user_0104,f6081dfd-75ec-4719-a05b-6ec1f95df15f,2026-05-18T00:22:34,1,1,0,1,0,4,263.34,5,3,2,1,0,1,1,1.05,0.0,0,1,21,5,1,3,0.2381,1,0,1,0.0,0,negative_soft
synthetic_user_0104,ea97dfce-6731-4b1d-9b03-485d04de4867,2026-05-18T00:22:34,1,1,0,1,0,4,263.34,5,3,2,1,0,1,3,1.03,0.0,0,1,27,10,2,3,0.3704,1,0,1,0.0,0,negative_soft
synthetic_user_0104,830353af-6497-4bc7-bab8-08114b64b682,2026-05-18T00:22:34,1,1,0,1,0,4,263.34,5,3,2,1,0,1,0,1.05,0.0,0,0,31,13,3,4,0.4194,1,0,1,0.0,0,negative_soft
synthetic_user_0104,c5310615-4076-41e9-9064-736593600471,2026-05-18T00:22:34,1,1,0,1,0,4,263.34,5,3,2,1,0,1,0,1.03,0.0,0,0,31,11,1,4,0.3548,1,0,1,0.0,0,negative_soft
synthetic_user_0104,a8231f34-c157-4fcd-b08a-5a3420cc0cee,2026-05-18T00:28:05,1,1,0,1,0,4,263.34,5,4,2,1,0,1,1,0.69,0.0,0,1,30,8,1,2,0.2667,2,0,2,0.0,0,negative_soft
synthetic_user_0104,830353af-6497-4bc7-bab8-08114b64b682,2026-05-18T00:28:05,1,1,0,1,0,4,263.34,5,4,2,1,0,1,0,1.05,0.0,0,0,31,13,3,4,0.4194,2,0,2,0.0,0,negative_soft
synthetic_user_0104,dcd20897-e14a-43fc-b2ba-66bb4a569874,2026-05-18T00:28:05,1,1,0,1,0,4,263.34,5,4,2,1,0,1,1,0.69,0.0,0,1,30,14,4,4,0.4667,2,0,2,0.0,0,negative_soft
synthetic_user_0104,ea97dfce-6731-4b1d-9b03-485d04de4867,2026-05-18T00:28:05,1,1,0,1,0,4,263.34,5,4,2,1,0,1,3,1.03,0.0,0,1,27,10,2,3,0.3704,2,0,2,0.0,0,negative_soft
synthetic_user_0062,40a8032b-e43c-43dc-ba5f-d650f1c0a979,2026-05-18T03:47:36,1,1,1,0,1,3,259.31,6,4,2,1,1,0,1,0.41,0.0,0,1,28,15,7,3,0.5357,14,0,3,0.0,0,negative_hard
synthetic_user_0062,59bf0b38-d7b5-4024-a66e-a03f1b47095d,2026-05-18T03:47:36,1,1,1,0,1,3,259.31,6,4,2,1,1,0,3,1.03,0.0,0,1,29,12,4,2,0.4138,14,0,3,0.0,0,negative_hard
synthetic_user_0062,c5310615-4076-41e9-9064-736593600471,2026-05-18T03:47:36,1,1,1,0,1,3,259.31,6,4,2,1,1,0,0,1.03,0.0,0,0,31,11,1,4,0.3548,14,0,3,0.0,0,negative_hard
synthetic_user_0062,8706bbb8-8343-4edc-9af4-244b9cad76aa,2026-05-18T03:47:36,1,1,0,1,0,3,259.31,6,4,2,1,1,0,0,0.47,0.0,0,0,213,66,20,8,0.3099,0,0,3,0.0,0,negative_soft
synthetic_user_0172,b1e94dc4-e19f-4e9b-85e1-69c3b4ab0e97,2026-05-18T05:52:26,1,1,1,0,1,3,263.18,15,5,2,1,4,0,3,1.03,0.0,0,1,37,21,10,3,0.5676,23,0,5,0.0,0,negative_hard
synthetic_user_0172,c5310615-4076-41e9-9064-736593600471,2026-05-18T05:52:26,1,1,1,0,1,3,263.18,15,5,2,1,4,0,0,1.03,0.0,0,0,31,11,1,4,0.3548,23,0,5,0.0,0,negative_hard
synthetic_user_0172,945e447f-c018-4d92-b5e5-2f1f7a11bd56,2026-05-18T05:52:26,1,1,1,0,1,3,263.18,15,5,2,1,4,0,3,1.03,0.0,0,1,17,3,1,1,0.1765,23,0,5,0.0,0,negative_hard
synthetic_user_0172,7c1af9a0-cf09-4356-8c0d-d762fbb21208,2026-05-18T05:52:26,0,0,0,2,0,3,263.18,15,5,2,1,4,0,1,1.76,0.0,0,1,70,18,2,1,0.2571,0,0,0,0.0,0,negative_soft
synthetic_user_0172,581c8e36-7a51-4e8e-ac1d-6e9c1d54940f,2026-05-18T05:58:15,1,1,1,0,1,3,263.18,15,6,2,1,4,0,3,1.03,0.0,0,1,22,7,4,1,0.3182,24,0,6,0.0,0,negative_hard
synthetic_user_0172,5a0f55cf-16af-4459-9030-0c7c6e11207f,2026-05-18T05:58:15,1,1,1,0,1,3,263.18,15,6,2,1,4,0,0,0.58,0.0,0,0,30,11,3,2,0.3667,24,0,6,0.0,0,negative_hard
synthetic_user_0172,bd6bddb1-3e29-4767-a194-6196e46f7456,2026-05-18T05:58:15,1,1,1,0,1,3,263.18,15,6,2,1,4,0,1,0.41,0.0,0,1,29,8,1,3,0.2759,24,0,6,0.0,0,negative_hard
synthetic_user_0172,7c1af9a0-cf09-4356-8c0d-d762fbb21208,2026-05-18T05:58:15,0,0,0,2,0,3,263.18,15,6,2,1,4,0,1,1.76,0.0,0,1,70,18,2,1,0.2571,0,0,0,0.0,0,negative_soft
synthetic_user_0172,95461cac-4301-4ade-8b3c-98201e8731db,2026-05-18T06:01:49,1,1,1,0,1,3,263.19,15,6,3,1,4,0,1,0.41,0.0,0,1,24,9,2,2,0.375,25,0,6,0.0,0,negative_hard
synthetic_user_0172,830353af-6497-4bc7-bab8-08114b64b682,2026-05-18T06:01:49,1,1,1,0,1,3,263.19,15,6,3,1,4,0,0,1.05,0.0,0,0,31,13,3,4,0.4194,25,0,6,0.0,0,negative_hard
synthetic_user_0172,087164bc-8a57-44b1-bd06-0644f475917b,2026-05-18T06:01:49,1,1,1,0,1,3,263.19,15,6,3,1,4,0,0,0.58,0.0,0,0,38,14,3,1,0.3684,25,0,6,0.0,0,negative_hard
synthetic_user_0172,7c1af9a0-cf09-4356-8c0d-d762fbb21208,2026-05-18T06:01:49,0,0,0,2,0,3,263.19,15,6,3,1,4,0,1,1.76,0.0,0,1,70,18,2,1,0.2571,0,0,0,0.0,0,negative_soft
synthetic_user_0068,dcd20897-e14a-43fc-b2ba-66bb4a569874,2026-05-18T19:25:23,1,1,1,0,1,3,270.43,6,3,2,1,0,1,1,0.69,0.0,0,1,30,14,4,4,0.4667,10,0,3,0.0,0,negative_hard
synthetic_user_0068,e06a75b5-86f9-4daf-b871-0fba7b7ba57d,2026-05-18T19:25:23,1,1,1,0,1,3,270.43,6,3,2,1,0,1,1,0.58,0.0,0,0,40,14,3,3,0.35,10,0,3,0.0,0,negative_hard
synthetic_user_0068,581c8e36-7a51-4e8e-ac1d-6e9c1d54940f,2026-05-18T19:25:23,1,1,1,0,1,3,270.43,6,3,2,1,0,1,3,1.03,0.0,0,1,22,7,4,1,0.3182,10,0,3,0.0,0,negative_hard
synthetic_user_0068,8706bbb8-8343-4edc-9af4-244b9cad76aa,2026-05-18T19:25:23,1,1,0,1,0,3,270.43,6,3,2,1,0,1,0,0.47,0.0,0,0,213,66,20,8,0.3099,0,0,3,0.0,0,negative_soft
synthetic_user_0068,8b44ea69-a5bb-4779-8c63-bf20e4da58c7,2026-05-18T19:34:51,1,1,1,0,1,3,270.44,7,3,2,1,0,1,1,0.69,0.0,0,1,49,22,8,6,0.449,11,0,3,0.0,0,negative_hard
synthetic_user_0068,dcf38bea-591e-47ae-aaaf-e01b841cc3b3,2026-05-18T19:34:51,1,1,1,0,1,3,270.44,7,3,2,1,0,1,1,0.69,0.0,0,1,44,12,5,4,0.2727,11,0,3,0.0,0,negative_hard
synthetic_user_0068,ea97dfce-6731-4b1d-9b03-485d04de4867,2026-05-18T19:34:51,1,1,1,0,1,3,270.44,7,3,2,1,0,1,3,1.03,0.0,0,1,28,11,3,3,0.3929,11,0,3,0.0,0,negative_hard
synthetic_user_0068,8706bbb8-8343-4edc-9af4-244b9cad76aa,2026-05-18T19:34:51,1,1,0,1,0,3,270.44,7,3,2,1,0,1,0,0.47,0.0,0,0,213,66,20,8,0.3099,0,0,3,0.0,0,negative_soft
synthetic_user_0167,a8231f34-c157-4fcd-b08a-5a3420cc0cee,2026-05-18T19:36:31,1,1,1,0,1,3,246.53,15,7,1,2,2,0,1,0.69,0.0,0,1,30,8,1,2,0.2667,26,0,5,0.0,0,negative_hard
synthetic_user_0167,95461cac-4301-4ade-8b3c-98201e8731db,2026-05-18T19:36:31,1,1,1,0,1,3,246.53,15,7,1,2,2,0,1,0.41,0.0,0,1,24,9,2,2,0.375,26,0,5,0.0,0,negative_hard
synthetic_user_0167,e06a75b5-86f9-4daf-b871-0fba7b7ba57d,2026-05-18T19:36:31,1,1,1,0,1,3,246.53,15,7,1,2,2,0,1,0.58,0.0,0,0,40,14,3,3,0.35,26,0,5,0.0,0,negative_hard
synthetic_user_0167,7c1af9a0-cf09-4356-8c0d-d762fbb21208,2026-05-18T19:36:31,0,0,0,2,0,3,246.53,15,7,1,2,2,0,1,1.76,0.0,0,1,70,18,2,1,0.2571,0,0,0,0.0,0,negative_soft
synthetic_user_0167,45a799e0-5716-4209-b489-bd8f9ef13974,2026-05-18T19:46:30,1,1,1,0,1,3,246.54,16,7,1,2,2,0,1,0.41,0.0,0,1,18,7,3,2,0.3889,27,0,5,0.0,0,negative_hard
synthetic_user_0167,40a8032b-e43c-43dc-ba5f-d650f1c0a979,2026-05-18T19:46:30,1,1,1,0,1,3,246.54,16,7,1,2,2,0,1,0.41,0.0,0,1,28,15,7,3,0.5357,27,0,5,0.0,0,negative_hard
synthetic_user_0167,8b44ea69-a5bb-4779-8c63-bf20e4da58c7,2026-05-18T19:46:30,1,1,1,0,1,3,246.54,16,7,1,2,2,0,1,0.69,0.0,0,1,49,22,8,6,0.449,27,0,5,0.0,0,negative_hard
synthetic_user_0167,7c1af9a0-cf09-4356-8c0d-d762fbb21208,2026-05-18T19:46:30,0,0,0,2,0,3,246.54,16,7,1,2,2,0,1,1.76,0.0,0,1,70,18,2,1,0.2571,0,0,0,0.0,0,negative_soft
synthetic_user_0167,a8231f34-c157-4fcd-b08a-5a3420cc0cee,2026-05-18T19:52:37,1,1,1,0,1,3,246.54,16,8,1,2,2,0,1,0.69,0.0,0,1,30,8,1,2,0.2667,28,0,6,0.0,0,negative_hard
synthetic_user_0167,59bf0b38-d7b5-4024-a66e-a03f1b47095d,2026-05-18T19:52:37,1,1,1,0,1,3,246.54,16,8,1,2,2,0,3,1.03,0.0,0,1,29,12,4,2,0.4138,28,0,6,0.0,0,negative_hard
synthetic_user_0167,581c8e36-7a51-4e8e-ac1d-6e9c1d54940f,2026-05-18T19:52:37,1,1,1,0,1,3,246.54,16,8,1,2,2,0,3,1.03,0.0,0,1,22,7,4,1,0.3182,28,0,6,0.0,0,negative_hard
synthetic_user_0167,7c1af9a0-cf09-4356-8c0d-d762fbb21208,2026-05-18T19:52:37,0,0,0,2,0,3,246.54,16,8,1,2,2,0,1,1.76,0.0,0,1,70,18,2,1,0.2571,0,0,0,0.0,0,negative_soft
synthetic_user_0163,2c1e63cb-30f5-4e05-92af-ea93368ef4ab,2026-05-18T20:05:20,1,1,1,0,1,3,274.12,12,5,2,2,1,0,1,0.41,0.0,0,1,31,12,3,2,0.3871,21,0,4,0.0,0,negative_hard
synthetic_user_0163,ea97dfce-6731-4b1d-9b03-485d04de4867,2026-05-18T20:05:20,1,1,1,0,1,3,274.12,12,5,2,2,1,0,3,1.03,0.0,0,1,28,11,3,3,0.3929,21,0,4,0.0,0,negative_hard
synthetic_user_0163,a18002e2-24a3-4da4-b558-ea8cadcb047e,2026-05-18T20:05:20,1,1,1,0,1,3,274.12,12,5,2,2,1,0,0,0.58,0.0,0,0,44,17,7,3,0.3864,21,0,4,0.0,0,negative_hard
synthetic_user_0163,7c1af9a0-cf09-4356-8c0d-d762fbb21208,2026-05-18T20:05:20,0,0,0,2,0,3,274.12,12,5,2,2,1,0,1,1.76,0.0,0,1,70,18,2,1,0.2571,0,0,0,0.0,0,negative_soft
synthetic_user_0163,945e447f-c018-4d92-b5e5-2f1f7a11bd56,2026-05-18T20:15:20,1,1,1,0,1,3,274.13,13,5,2,2,1,0,3,1.03,0.0,0,1,17,3,1,1,0.1765,22,0,4,0.0,0,negative_hard
synthetic_user_0163,bd6bddb1-3e29-4767-a194-6196e46f7456,2026-05-18T20:15:20,1,1,1,0,1,3,274.13,13,5,2,2,1,0,1,0.41,0.0,0,1,29,8,1,3,0.2759,22,0,4,0.0,0,negative_hard
synthetic_user_0163,a18002e2-24a3-4da4-b558-ea8cadcb047e,2026-05-18T20:15:20,1,1,1,0,1,3,274.13,13,5,2,2,1,0,0,0.58,0.0,0,0,44,17,7,3,0.3864,22,0,4,0.0,0,negative_hard
synthetic_user_0163,7c1af9a0-cf09-4356-8c0d-d762fbb21208,2026-05-18T20:15:20,0,0,0,2,0,3,274.13,13,5,2,2,1,0,1,1.76,0.0,0,1,70,18,2,1,0.2571,0,0,0,0.0,0,negative_soft
synthetic_user_0088,dbcab77a-8d8a-4721-b07d-d5d9ecc7874d,2026-05-19T03:08:05,1,1,1,0,1,3,249.12,7,5,3,0,0,0,1,0.58,0.0,0,0,27,8,1,3,0.2963,13,0,4,0.0,0,negative_hard
synthetic_user_0088,45a799e0-5716-4209-b489-bd8f9ef13974,2026-05-19T03:08:05,1,1,1,0,1,3,249.12,7,5,3,0,0,0,1,0.41,0.0,0,1,18,7,3,2,0.3889,13,0,4,0.0,0,negative_hard
synthetic_user_0088,945e447f-c018-4d92-b5e5-2f1f7a11bd56,2026-05-19T03:08:05,1,1,1,0,1,3,249.12,7,5,3,0,0,0,3,1.03,0.0,0,1,17,3,1,1,0.1765,13,0,4,0.0,0,negative_hard
synthetic_user_0088,7c1af9a0-cf09-4356-8c0d-d762fbb21208,2026-05-19T03:08:05,0,0,0,2,0,3,249.12,7,5,3,0,0,0,1,1.76,0.0,0,1,70,18,2,1,0.2571,0,0,0,0.0,0,negative_soft
synthetic_user_0088,dbcab77a-8d8a-4721-b07d-d5d9ecc7874d,2026-05-19T03:17:16,1,1,1,0,1,3,249.13,8,5,3,0,0,0,1,0.58,0.0,0,0,27,8,1,3,0.2963,14,0,4,0.0,0,negative_hard
synthetic_user_0088,fbb68aab-9b3b-4e24-9109-ea047f927347,2026-05-19T03:17:16,1,1,1,0,1,3,249.13,8,5,3,0,0,0,3,1.03,0.0,0,1,39,12,4,3,0.3077,14,0,4,0.0,0,negative_hard
synthetic_user_0088,09593622-ad83-4d14-8236-17bea51dbb13,2026-05-19T03:17:16,1,1,1,0,1,3,249.13,8,5,3,0,0,0,1,0.69,0.0,0,1,41,18,5,7,0.439,14,0,4,0.0,0,negative_hard
synthetic_user_0088,7c1af9a0-cf09-4356-8c0d-d762fbb21208,2026-05-19T03:17:16,0,0,0,2,0,3,249.13,8,5,3,0,0,0,1,1.76,0.0,0,1,70,18,2,1,0.2571,0,0,0,0.0,0,negative_soft
synthetic_user_0055,a18002e2-24a3-4da4-b558-ea8cadcb047e,2026-05-19T03:51:00,1,1,1,0,1,3,266.74,10,3,0,0,0,1,0,0.58,0.0,0,0,44,17,7,3,0.3864,13,0,3,0.0,0,negative_hard
synthetic_user_0055,dbcab77a-8d8a-4721-b07d-d5d9ecc7874d,2026-05-19T03:51:00,1,1,1,0,1,3,266.74,10,3,0,0,0,1,1,0.58,0.0,0,0,27,8,1,3,0.2963,13,0,3,0.0,0,negative_hard
synthetic_user_0055,b1e94dc4-e19f-4e9b-85e1-69c3b4ab0e97,2026-05-19T03:51:00,1,1,1,0,1,3,266.74,10,3,0,0,0,1,3,1.03,0.0,0,1,37,21,10,3,0.5676,13,0,3,0.0,0,negative_hard
synthetic_user_0055,8706bbb8-8343-4edc-9af4-244b9cad76aa,2026-05-19T03:51:00,1,1,0,1,0,3,266.74,10,3,0,0,0,1,0,0.47,0.0,0,0,213,66,20,8,0.3099,0,0,3,0.0,0,negative_soft
synthetic_user_0055,85526add-cd5a-4107-a07e-62ff3f493082,2026-05-19T03:57:54,1,1,1,0,1,3,266.75,11,3,0,0,0,1,0,0.41,0.0,0,0,45,17,5,5,0.3778,14,0,3,0.0,0,negative_hard
synthetic_user_0055,5a0f55cf-16af-4459-9030-0c7c6e11207f,2026-05-19T03:57:54,1,1,1,0,1,3,266.75,11,3,0,0,0,1,0,0.58,0.0,0,0,30,11,3,2,0.3667,14,0,3,0.0,0,negative_hard
synthetic_user_0055,59bf0b38-d7b5-4024-a66e-a03f1b47095d,2026-05-19T03:57:54,1,1,1,0,1,3,266.75,11,3,0,0,0,1,3,1.03,0.0,0,1,29,12,4,2,0.4138,14,0,3,0.0,0,negative_hard
synthetic_user_0055,8706bbb8-8343-4edc-9af4-244b9cad76aa,2026-05-19T03:57:54,1,1,0,1,0,3,266.75,11,3,0,0,0,1,0,0.47,0.0,0,0,213,66,20,8,0.3099,0,0,3,0.0,0,negative_soft
synthetic_user_0055,2c1e63cb-30f5-4e05-92af-ea93368ef4ab,2026-05-19T04:07:05,1,1,1,0,1,3,266.75,11,4,0,0,0,1,1,0.41,0.0,0,1,31,12,3,2,0.3871,15,0,3,0.0,0,negative_hard
synthetic_user_0055,85526add-cd5a-4107-a07e-62ff3f493082,2026-05-19T04:07:05,1,1,1,0,1,3,266.75,11,4,0,0,0,1,0,0.41,0.0,0,0,45,17,5,5,0.3778,15,0,3,0.0,0,negative_hard
synthetic_user_0055,581c8e36-7a51-4e8e-ac1d-6e9c1d54940f,2026-05-19T04:07:05,1,1,1,0,1,3,266.75,11,4,0,0,0,1,3,1.03,0.0,0,1,22,7,4,1,0.3182,15,0,3,0.0,0,negative_hard
synthetic_user_0055,8706bbb8-8343-4edc-9af4-244b9cad76aa,2026-05-19T04:07:05,1,1,0,1,0,3,266.75,11,4,0,0,0,1,0,0.47,0.0,0,0,213,66,20,8,0.3099,0,0,3,0.0,0,negative_soft
synthetic_user_0125,a18002e2-24a3-4da4-b558-ea8cadcb047e,2026-05-19T05:02:52,1,1,1,0,1,3,252.04,15,3,2,1,4,0,0,0.58,0.0,0,0,44,17,7,3,0.3864,21,0,4,0.0,0,negative_hard
synthetic_user_0125,5a0f55cf-16af-4459-9030-0c7c6e11207f,2026-05-19T05:02:52,1,1,1,0,1,3,252.04,15,3,2,1,4,0,0,0.58,0.0,0,0,30,11,3,2,0.3667,21,0,4,0.0,0,negative_hard
synthetic_user_0125,95461cac-4301-4ade-8b3c-98201e8731db,2026-05-19T05:02:52,1,1,1,0,1,3,252.04,15,3,2,1,4,0,1,0.41,0.0,0,1,24,9,2,2,0.375,21,0,4,0.0,0,negative_hard
synthetic_user_0125,7c1af9a0-cf09-4356-8c0d-d762fbb21208,2026-05-19T05:02:52,0,0,0,2,0,3,252.04,15,3,2,1,4,0,1,1.76,0.0,0,1,70,18,2,1,0.2571,0,0,0,0.0,0,negative_soft
synthetic_user_0150,85526add-cd5a-4107-a07e-62ff3f493082,2026-05-19T18:15:30,1,1,1,0,1,3,250.98,5,2,1,0,0,0,0,0.41,0.0,0,0,45,17,5,5,0.3778,8,0,1,0.0,0,negative_hard
synthetic_user_0150,dbcab77a-8d8a-4721-b07d-d5d9ecc7874d,2026-05-19T18:15:30,1,1,1,0,1,3,250.98,5,2,1,0,0,0,1,0.58,0.0,0,0,27,8,1,3,0.2963,8,0,1,0.0,0,negative_hard
synthetic_user_0150,2c1e63cb-30f5-4e05-92af-ea93368ef4ab,2026-05-19T18:15:30,1,1,1,0,1,3,250.98,5,2,1,0,0,0,1,0.41,0.0,0,1,31,12,3,2,0.3871,8,0,1,0.0,0,negative_hard
synthetic_user_0150,8706bbb8-8343-4edc-9af4-244b9cad76aa,2026-05-19T18:15:30,1,1,0,1,0,3,250.98,5,2,1,0,0,0,0,0.47,0.0,0,0,213,66,20,8,0.3099,0,0,1,0.0,0,negative_soft
synthetic_user_0077,e06a75b5-86f9-4daf-b871-0fba7b7ba57d,2026-05-19T21:43:03,1,1,1,0,1,3,258.05,14,4,2,0,2,0,1,0.58,0.0,0,0,40,14,3,3,0.35,19,0,5,0.0,0,negative_hard
synthetic_user_0077,40a8032b-e43c-43dc-ba5f-d650f1c0a979,2026-05-19T21:43:03,1,1,1,0,1,3,258.05,14,4,2,0,2,0,1,0.41,0.0,0,1,28,15,7,3,0.5357,19,0,5,0.0,0,negative_hard
synthetic_user_0077,c5310615-4076-41e9-9064-736593600471,2026-05-19T21:43:03,1,1,1,0,1,3,258.05,14,4,2,0,2,0,0,1.03,0.0,0,0,31,11,1,4,0.3548,19,0,5,0.0,0,negative_hard
synthetic_user_0077,7c1af9a0-cf09-4356-8c0d-d762fbb21208,2026-05-19T21:43:03,0,0,0,2,0,3,258.05,14,4,2,0,2,0,1,1.76,0.0,0,1,70,18,2,1,0.2571,0,0,0,0.0,0,negative_soft
synthetic_user_0122,ea97dfce-6731-4b1d-9b03-485d04de4867,2026-05-20T06:40:04,1,1,1,0,1,3,266.21,4,1,0,0,0,1,3,1.03,0.0,0,1,29,11,3,3,0.3793,4,0,1,0.0,0,negative_hard
synthetic_user_0122,95461cac-4301-4ade-8b3c-98201e8731db,2026-05-20T06:40:04,1,1,1,0,1,3,266.21,4,1,0,0,0,1,1,0.41,0.0,0,1,25,10,2,2,0.4,4,0,1,0.0,0,negative_hard
synthetic_user_0122,5a0f55cf-16af-4459-9030-0c7c6e11207f,2026-05-20T06:40:04,1,1,1,0,1,3,266.21,4,1,0,0,0,1,0,0.58,0.0,0,0,30,11,3,2,0.3667,4,0,1,0.0,0,negative_hard
synthetic_user_0122,8706bbb8-8343-4edc-9af4-244b9cad76aa,2026-05-20T06:40:04,1,1,0,1,0,3,266.21,4,1,0,0,0,1,0,0.47,0.0,0,0,214,66,20,8,0.3084,0,0,1,0.0,0,negative_soft
synthetic_user_0049,a18002e2-24a3-4da4-b558-ea8cadcb047e,2026-05-22T01:14:42,1,1,1,0,1,3,250.17,5,3,1,1,0,0,0,0.58,0.0,0,0,44,17,7,3,0.3864,10,0,1,0.0,0,negative_hard
synthetic_user_0049,bd6bddb1-3e29-4767-a194-6196e46f7456,2026-05-22T01:14:42,1,1,1,0,1,3,250.17,5,3,1,1,0,0,1,0.41,0.0,0,1,29,8,1,3,0.2759,10,0,1,0.0,0,negative_hard
synthetic_user_0049,5a0f55cf-16af-4459-9030-0c7c6e11207f,2026-05-22T01:14:42,1,1,1,0,1,3,250.17,5,3,1,1,0,0,0,0.58,0.0,0,0,30,11,3,2,0.3667,10,0,1,0.0,0,negative_hard
synthetic_user_0049,8706bbb8-8343-4edc-9af4-244b9cad76aa,2026-05-22T01:14:42,1,1,0,1,0,3,250.17,5,3,1,1,0,0,0,0.47,0.0,0,0,215,66,20,8,0.307,0,0,1,0.0,0,negative_soft
synthetic_user_0049,5a0f55cf-16af-4459-9030-0c7c6e11207f,2026-05-22T01:27:24,1,1,1,0,1,3,250.18,5,4,1,1,0,0,0,0.58,0.0,0,0,30,11,3,2,0.3667,11,0,2,0.0,0,negative_hard
synthetic_user_0049,59bf0b38-d7b5-4024-a66e-a03f1b47095d,2026-05-22T01:27:24,1,1,1,0,1,3,250.18,5,4,1,1,0,0,3,1.03,0.0,0,1,29,12,4,2,0.4138,11,0,2,0.0,0,negative_hard
synthetic_user_0049,ea97dfce-6731-4b1d-9b03-485d04de4867,2026-05-22T01:27:24,1,1,1,0,1,3,250.18,5,4,1,1,0,0,3,1.03,0.0,0,1,29,11,3,3,0.3793,11,0,2,0.0,0,negative_hard
synthetic_user_0049,8706bbb8-8343-4edc-9af4-244b9cad76aa,2026-05-22T01:27:24,1,1,0,1,0,3,250.18,5,4,1,1,0,0,0,0.47,0.0,0,0,215,66,20,8,0.307,0,0,2,0.0,0,negative_soft
synthetic_user_0087,40a8032b-e43c-43dc-ba5f-d650f1c0a979,2026-05-22T05:02:29,1,1,1,0,1,3,264.83,5,2,1,1,1,0,1,0.41,0.0,0,1,28,15,7,3,0.5357,10,0,3,0.0,0,negative_hard
synthetic_user_0087,45a799e0-5716-4209-b489-bd8f9ef13974,2026-05-22T05:02:29,1,1,1,0,1,3,264.83,5,2,1,1,1,0,1,0.41,0.0,0,1,18,7,3,2,0.3889,10,0,3,0.0,0,negative_hard
synthetic_user_0087,e06a75b5-86f9-4daf-b871-0fba7b7ba57d,2026-05-22T05:02:29,1,1,1,0,1,3,264.83,5,2,1,1,1,0,1,0.58,0.0,0,0,40,14,3,3,0.35,10,0,3,0.0,0,negative_hard
synthetic_user_0087,8706bbb8-8343-4edc-9af4-244b9cad76aa,2026-05-22T05:02:29,1,1,0,1,0,3,264.83,5,2,1,1,1,0,0,0.47,0.0,0,0,215,66,20,8,0.307,0,0,3,0.0,0,negative_soft
synthetic_user_0071,45a799e0-5716-4209-b489-bd8f9ef13974,2026-05-23T00:41:37,1,1,1,0,1,3,261.54,13,4,2,2,0,0,1,0.41,0.0,0,1,18,7,3,2,0.3889,19,0,4,0.0,0,negative_hard
synthetic_user_0071,98a77293-8faf-4d27-8248-6eb91f481d8f,2026-05-23T00:41:37,1,1,1,0,1,3,261.54,13,4,2,2,0,0,0,0.58,0.0,0,0,39,20,9,8,0.5128,19,0,4,0.0,0,negative_hard
synthetic_user_0071,830353af-6497-4bc7-bab8-08114b64b682,2026-05-23T00:41:37,1,1,1,0,1,3,261.54,13,4,2,2,0,0,0,1.05,0.0,0,0,32,14,3,4,0.4375,19,0,4,0.0,0,negative_hard
synthetic_user_0071,c5310615-4076-41e9-9064-736593600471,2026-05-23T00:56:54,1,1,1,0,1,3,261.55,14,4,2,2,0,0,0,1.03,0.0,0,0,31,11,1,4,0.3548,20,0,4,0.0,0,negative_hard
synthetic_user_0071,45a799e0-5716-4209-b489-bd8f9ef13974,2026-05-23T00:56:54,1,1,1,0,1,3,261.55,14,4,2,2,0,0,1,0.41,0.0,0,1,18,7,3,2,0.3889,20,0,4,0.0,0,negative_hard
synthetic_user_0071,945e447f-c018-4d92-b5e5-2f1f7a11bd56,2026-05-23T00:56:54,1,1,1,0,1,3,261.55,14,4,2,2,0,0,3,1.03,0.0,0,1,17,3,1,1,0.1765,20,0,4,0.0,0,negative_hard
synthetic_user_0071,581c8e36-7a51-4e8e-ac1d-6e9c1d54940f,2026-05-23T01:01:23,1,1,1,0,1,3,261.56,14,5,2,2,0,0,3,1.03,0.0,0,1,23,7,4,1,0.3043,21,0,4,0.0,0,negative_hard
synthetic_user_0071,945e447f-c018-4d92-b5e5-2f1f7a11bd56,2026-05-23T01:01:23,1,1,1,0,1,3,261.56,14,5,2,2,0,0,3,1.03,0.0,0,1,17,3,1,1,0.1765,21,0,4,0.0,0,negative_hard
synthetic_user_0071,85526add-cd5a-4107-a07e-62ff3f493082,2026-05-23T01:01:23,1,1,1,0,1,3,261.56,14,5,2,2,0,0,0,0.41,0.0,0,0,47,17,5,5,0.3617,21,0,4,0.0,0,negative_hard
synthetic_user_0082,95461cac-4301-4ade-8b3c-98201e8731db,2026-05-23T01:47:59,1,1,1,0,1,3,273.29,9,4,1,1,0,1,1,0.41,0.0,0,1,27,11,2,2,0.4074,15,0,4,0.0,0,negative_hard
synthetic_user_0082,fbb68aab-9b3b-4e24-9109-ea047f927347,2026-05-23T01:47:59,1,1,1,0,1,3,273.29,9,4,1,1,0,1,3,1.03,0.0,0,1,40,12,4,3,0.3,15,0,4,0.0,0,negative_hard
synthetic_user_0082,5a0f55cf-16af-4459-9030-0c7c6e11207f,2026-05-23T01:47:59,1,1,1,0,1,3,273.29,9,4,1,1,0,1,0,0.58,0.0,0,0,30,11,3,2,0.3667,15,0,4,0.0,0,negative_hard
synthetic_user_0082,8706bbb8-8343-4edc-9af4-244b9cad76aa,2026-05-23T01:47:59,1,1,0,1,0,3,273.29,9,4,1,1,0,1,0,0.47,0.0,0,0,215,66,20,8,0.307,0,0,4,0.0,0,negative_soft
synthetic_user_0113,c5310615-4076-41e9-9064-736593600471,2026-05-23T02:05:13,1,1,1,0,1,3,272.03,8,1,0,0,0,1,0,1.03,0.0,0,0,31,11,1,4,0.3548,9,0,1,0.0,0,negative_hard
synthetic_user_0113,830353af-6497-4bc7-bab8-08114b64b682,2026-05-23T02:05:13,1,1,1,0,1,3,272.03,8,1,0,0,0,1,0,1.05,0.0,0,0,32,14,3,4,0.4375,9,0,1,0.0,0,negative_hard
synthetic_user_0113,945e447f-c018-4d92-b5e5-2f1f7a11bd56,2026-05-23T02:05:13,1,1,1,0,1,3,272.03,8,1,0,0,0,1,3,1.03,0.0,0,1,17,3,1,1,0.1765,9,0,1,0.0,0,negative_hard
synthetic_user_0113,8706bbb8-8343-4edc-9af4-244b9cad76aa,2026-05-23T02:05:13,1,1,0,1,0,3,272.03,8,1,0,0,0,1,0,0.47,0.0,0,0,215,66,20,8,0.307,0,0,1,0.0,0,negative_soft
synthetic_user_0010,45a799e0-5716-4209-b489-bd8f9ef13974,2026-05-23T22:56:47,1,1,1,0,1,3,272.84,3,1,0,0,1,1,1,0.41,0.0,0,1,18,7,3,2,0.3889,5,0,1,0.0,0,negative_hard
synthetic_user_0010,a8231f34-c157-4fcd-b08a-5a3420cc0cee,2026-05-23T22:56:47,1,1,1,0,1,3,272.84,3,1,0,0,1,1,1,0.69,0.0,0,1,30,8,1,2,0.2667,5,0,1,0.0,0,negative_hard
synthetic_user_0010,f6081dfd-75ec-4719-a05b-6ec1f95df15f,2026-05-23T22:56:47,1,1,1,0,1,3,272.84,3,1,0,0,1,1,1,1.05,0.0,0,1,22,5,1,3,0.2273,5,0,1,0.0,0,negative_hard
synthetic_user_0010,8706bbb8-8343-4edc-9af4-244b9cad76aa,2026-05-23T22:56:47,1,1,0,1,0,3,272.84,3,1,0,0,1,1,0,0.47,0.0,0,0,215,66,20,8,0.307,0,0,1,0.0,0,negative_soft
synthetic_user_0153,dcf38bea-591e-47ae-aaaf-e01b841cc3b3,2026-05-24T08:52:56,1,1,1,0,1,3,266.47,3,2,1,1,0,0,1,0.69,0.0,0,1,47,13,5,4,0.2766,4,0,2,0.0,0,negative_hard
synthetic_user_0153,087164bc-8a57-44b1-bd06-0644f475917b,2026-05-24T08:52:56,1,1,1,0,1,3,266.47,3,2,1,1,0,0,0,0.58,0.0,0,0,39,14,3,1,0.359,4,0,2,0.0,0,negative_hard
synthetic_user_0153,09593622-ad83-4d14-8236-17bea51dbb13,2026-05-24T08:52:56,1,1,1,0,1,3,266.47,3,2,1,1,0,0,1,0.69,0.0,0,1,41,18,5,7,0.439,4,0,2,0.0,0,negative_hard
synthetic_user_0153,7c1af9a0-cf09-4356-8c0d-d762fbb21208,2026-05-24T08:52:56,0,0,0,2,0,3,266.47,3,2,1,1,0,0,1,1.76,0.0,0,1,71,18,2,1,0.2535,0,0,0,0.0,0,negative_soft
synthetic_user_0051,5a0f55cf-16af-4459-9030-0c7c6e11207f,2026-05-24T20:44:28,1,1,1,0,1,3,254.78,13,5,1,0,1,1,0,0.58,0.0,0,0,30,11,3,2,0.3667,14,0,4,0.0,0,negative_hard
synthetic_user_0051,dcf38bea-591e-47ae-aaaf-e01b841cc3b3,2026-05-24T20:44:28,1,1,1,0,1,3,254.78,13,5,1,0,1,1,1,0.69,0.0,0,1,47,13,5,4,0.2766,14,0,4,0.0,0,negative_hard
synthetic_user_0051,ea97dfce-6731-4b1d-9b03-485d04de4867,2026-05-24T20:44:28,1,1,1,0,1,3,254.78,13,5,1,0,1,1,3,1.03,0.0,0,1,29,11,3,3,0.3793,14,0,4,0.0,0,negative_hard
synthetic_user_0051,7c1af9a0-cf09-4356-8c0d-d762fbb21208,2026-05-24T20:44:28,0,0,0,2,0,3,254.78,13,5,1,0,1,1,1,1.76,0.0,0,1,71,18,2,1,0.2535,0,0,0,0.0,0,negative_soft
synthetic_user_0027,ea97dfce-6731-4b1d-9b03-485d04de4867,2026-05-25T02:51:42,1,1,1,0,1,3,274.87,6,1,0,0,0,0,3,1.03,0.0,0,1,29,11,3,3,0.3793,7,0,1,0.0,0,negative_hard
synthetic_user_0027,bd6bddb1-3e29-4767-a194-6196e46f7456,2026-05-25T02:51:42,1,1,1,0,1,3,274.87,6,1,0,0,0,0,1,0.41,0.0,0,1,30,8,1,3,0.2667,7,0,1,0.0,0,negative_hard
synthetic_user_0027,dcf38bea-591e-47ae-aaaf-e01b841cc3b3,2026-05-25T02:51:42,1,1,1,0,1,3,274.87,6,1,0,0,0,0,1,0.69,0.0,0,1,47,13,5,4,0.2766,7,0,1,0.0,0,negative_hard
synthetic_user_0027,8706bbb8-8343-4edc-9af4-244b9cad76aa,2026-05-25T02:51:42,1,1,0,1,0,3,274.87,6,1,0,0,0,0,0,0.47,0.0,0,0,216,66,20,8,0.3056,0,0,1,0.0,0,negative_soft
synthetic_user_0030,85526add-cd5a-4107-a07e-62ff3f493082,2026-05-25T03:17:17,0,0,0,2,0,1,268.28,10,2,1,0,1,0,0,0.41,0.0,0,0,47,17,5,5,0.3617,3,0,0,0.0,0,negative_soft
synthetic_user_0030,5a0f55cf-16af-4459-9030-0c7c6e11207f,2026-05-25T03:17:17,0,0,0,2,0,1,268.28,10,2,1,0,1,0,0,0.58,0.0,0,0,30,11,3,2,0.3667,3,0,0,0.0,0,negative_soft
synthetic_user_0030,f6081dfd-75ec-4719-a05b-6ec1f95df15f,2026-05-25T03:17:17,0,0,0,2,0,1,268.28,10,2,1,0,1,0,1,1.05,0.0,0,1,22,5,1,3,0.2273,3,0,0,0.0,0,negative_soft
synthetic_user_0030,581c8e36-7a51-4e8e-ac1d-6e9c1d54940f,2026-05-25T03:17:17,0,0,0,2,0,1,268.28,10,2,1,0,1,0,3,1.03,0.0,0,1,23,7,4,1,0.3043,3,0,0,0.0,0,negative_soft
synthetic_user_0030,a18002e2-24a3-4da4-b558-ea8cadcb047e,2026-05-25T03:26:48,0,0,0,2,0,1,268.29,10,3,1,0,1,0,0,0.58,0.0,0,0,44,17,7,3,0.3864,3,0,0,0.0,0,negative_soft
synthetic_user_0030,2c1e63cb-30f5-4e05-92af-ea93368ef4ab,2026-05-25T03:26:48,0,0,0,2,0,1,268.29,10,3,1,0,1,0,1,0.41,0.0,0,1,33,13,3,2,0.3939,3,0,0,0.0,0,negative_soft
synthetic_user_0030,fbb68aab-9b3b-4e24-9109-ea047f927347,2026-05-25T03:26:48,0,0,0,2,0,1,268.29,10,3,1,0,1,0,3,1.03,0.0,0,1,40,12,4,3,0.3,3,0,0,0.0,0,negative_soft
synthetic_user_0030,5a0f55cf-16af-4459-9030-0c7c6e11207f,2026-05-25T03:26:48,0,0,0,2,0,1,268.29,10,3,1,0,1,0,0,0.58,0.0,0,0,30,11,3,2,0.3667,3,0,0,0.0,0,negative_soft
synthetic_user_0030,85526add-cd5a-4107-a07e-62ff3f493082,2026-05-25T03:32:51,0,0,0,2,0,1,268.29,10,3,2,0,1,0,0,0.41,0.0,0,0,47,17,5,5,0.3617,3,0,0,0.0,0,negative_soft
synthetic_user_0030,c5310615-4076-41e9-9064-736593600471,2026-05-25T03:32:51,0,0,0,2,0,1,268.29,10,3,2,0,1,0,0,1.03,0.0,0,0,32,11,1,4,0.3438,3,0,0,0.0,0,negative_soft
synthetic_user_0030,a8231f34-c157-4fcd-b08a-5a3420cc0cee,2026-05-25T03:32:51,0,0,0,2,0,1,268.29,10,3,2,0,1,0,1,0.69,0.0,0,1,30,8,1,2,0.2667,3,0,0,0.0,0,negative_soft
synthetic_user_0030,40a8032b-e43c-43dc-ba5f-d650f1c0a979,2026-05-25T03:32:51,0,0,0,2,0,1,268.29,10,3,2,0,1,0,1,0.41,0.0,0,1,28,15,7,3,0.5357,3,0,0,0.0,0,negative_soft
synthetic_user_0017,dcf38bea-591e-47ae-aaaf-e01b841cc3b3,2026-05-25T08:46:38,1,1,1,0,1,3,268.16,8,3,1,1,0,1,1,0.69,0.0,0,1,47,13,5,4,0.2766,9,0,3,0.0,0,negative_hard
synthetic_user_0017,e72c3d3b-cf36-4cc4-9a40-d8cc5d28df84,2026-05-25T08:46:38,1,1,1,0,1,3,268.16,8,3,1,1,0,1,1,0.41,0.0,0,1,30,12,7,3,0.4,9,0,3,0.0,0,negative_hard
synthetic_user_0017,bd6bddb1-3e29-4767-a194-6196e46f7456,2026-05-25T08:46:38,1,1,1,0,1,3,268.16,8,3,1,1,0,1,1,0.41,0.0,0,1,30,8,1,3,0.2667,9,0,3,0.0,0,negative_hard
synthetic_user_0017,7c1af9a0-cf09-4356-8c0d-d762fbb21208,2026-05-25T08:46:38,0,0,0,2,0,3,268.16,8,3,1,1,0,1,1,1.76,0.0,0,1,72,19,3,2,0.2639,0,0,0,0.0,0,negative_soft
synthetic_user_0078,98a77293-8faf-4d27-8248-6eb91f481d8f,2026-05-25T19:06:46,1,1,1,0,1,3,256.66,11,3,0,1,0,0,0,0.58,0.0,0,0,40,20,9,8,0.5,13,0,3,0.0,0,negative_hard
synthetic_user_0078,c5310615-4076-41e9-9064-736593600471,2026-05-25T19:06:46,1,1,1,0,1,3,256.66,11,3,0,1,0,0,0,1.03,0.0,0,0,32,11,1,4,0.3438,13,0,3,0.0,0,negative_hard
synthetic_user_0078,a18002e2-24a3-4da4-b558-ea8cadcb047e,2026-05-25T19:06:46,1,1,1,0,1,3,256.66,11,3,0,1,0,0,0,0.58,0.0,0,0,45,18,7,3,0.4,13,0,3,0.0,0,negative_hard
synthetic_user_0078,7c1af9a0-cf09-4356-8c0d-d762fbb21208,2026-05-25T19:06:46,0,0,0,2,0,3,256.66,11,3,0,1,0,0,1,1.76,0.0,0,1,72,19,3,2,0.2639,0,0,0,0.0,0,negative_soft
synthetic_user_0078,dbcab77a-8d8a-4721-b07d-d5d9ecc7874d,2026-05-25T19:18:11,1,1,1,0,1,3,256.66,12,3,0,1,0,0,1,0.58,0.0,0,0,28,8,1,3,0.2857,14,0,3,0.0,0,negative_hard
synthetic_user_0078,945e447f-c018-4d92-b5e5-2f1f7a11bd56,2026-05-25T19:18:11,1,1,1,0,1,3,256.66,12,3,0,1,0,0,3,1.03,0.0,0,1,17,3,1,1,0.1765,14,0,3,0.0,0,negative_hard
synthetic_user_0078,a8231f34-c157-4fcd-b08a-5a3420cc0cee,2026-05-25T19:18:11,1,1,1,0,1,3,256.66,12,3,0,1,0,0,1,0.69,0.0,0,1,30,8,1,2,0.2667,14,0,3,0.0,0,negative_hard
synthetic_user_0078,7c1af9a0-cf09-4356-8c0d-d762fbb21208,2026-05-25T19:18:11,0,0,0,2,0,3,256.66,12,3,0,1,0,0,1,1.76,0.0,0,1,72,19,3,2,0.2639,0,0,0,0.0,0,negative_soft
synthetic_user_0078,a18002e2-24a3-4da4-b558-ea8cadcb047e,2026-05-25T19:20:57,1,1,1,0,1,3,256.67,12,4,0,1,0,0,0,0.58,0.0,0,0,45,18,7,3,0.4,15,0,3,0.0,0,negative_hard
synthetic_user_0078,a8231f34-c157-4fcd-b08a-5a3420cc0cee,2026-05-25T19:20:57,1,1,1,0,1,3,256.67,12,4,0,1,0,0,1,0.69,0.0,0,1,30,8,1,2,0.2667,15,0,3,0.0,0,negative_hard
synthetic_user_0078,b1e94dc4-e19f-4e9b-85e1-69c3b4ab0e97,2026-05-25T19:20:57,1,1,1,0,1,3,256.67,12,4,0,1,0,0,3,1.03,0.0,0,1,38,21,10,3,0.5526,15,0,3,0.0,0,negative_hard
synthetic_user_0078,7c1af9a0-cf09-4356-8c0d-d762fbb21208,2026-05-25T19:20:57,0,0,0,2,0,3,256.67,12,4,0,1,0,0,1,1.76,0.0,0,1,72,19,3,2,0.2639,0,0,0,0.0,0,negative_soft
synthetic_user_0087,bd6bddb1-3e29-4767-a194-6196e46f7456,2026-05-27T01:02:58,1,1,1,0,1,3,269.66,7,2,1,1,1,0,1,0.41,0.0,0,1,30,8,1,3,0.2667,12,0,3,0.0,0,negative_hard
synthetic_user_0087,fbb68aab-9b3b-4e24-9109-ea047f927347,2026-05-27T01:02:58,1,1,1,0,1,3,269.66,7,2,1,1,1,0,3,1.03,0.0,0,1,40,12,4,3,0.3,12,0,3,0.0,0,negative_hard
synthetic_user_0087,ea97dfce-6731-4b1d-9b03-485d04de4867,2026-05-27T01:02:58,1,1,1,0,1,3,269.66,7,2,1,1,1,0,3,1.03,0.0,0,1,29,11,3,3,0.3793,12,0,3,0.0,0,negative_hard
synthetic_user_0087,8706bbb8-8343-4edc-9af4-244b9cad76aa,2026-05-27T01:02:58,1,1,0,1,0,3,269.66,7,2,1,1,1,0,0,0.47,0.0,0,0,217,66,20,8,0.3041,0,0,3,0.0,0,negative_soft
synthetic_user_0026,945e447f-c018-4d92-b5e5-2f1f7a11bd56,2026-05-27T01:41:12,1,1,1,0,1,3,282.34,13,2,1,1,1,0,3,1.03,0.0,0,1,17,3,1,1,0.1765,16,0,2,0.0,0,negative_hard
synthetic_user_0026,f6081dfd-75ec-4719-a05b-6ec1f95df15f,2026-05-27T01:41:12,1,1,1,0,1,3,282.34,13,2,1,1,1,0,1,1.05,0.0,0,1,22,5,1,3,0.2273,16,0,2,0.0,0,negative_hard
synthetic_user_0026,dcd20897-e14a-43fc-b2ba-66bb4a569874,2026-05-27T01:41:12,1,1,1,0,1,3,282.34,13,2,1,1,1,0,1,0.69,0.0,0,1,33,16,5,4,0.4848,16,0,2,0.0,0,negative_hard
synthetic_user_0026,7c1af9a0-cf09-4356-8c0d-d762fbb21208,2026-05-27T01:41:12,0,0,0,2,0,3,282.34,13,2,1,1,1,0,1,1.76,0.0,0,1,72,19,3,2,0.2639,0,0,0,0.0,0,negative_soft
synthetic_user_0095,dcd20897-e14a-43fc-b2ba-66bb4a569874,2026-05-27T03:51:39,1,1,1,0,1,3,274.21,12,2,1,0,0,1,1,0.69,0.0,0,1,33,16,5,4,0.4848,10,0,2,0.0,0,negative_hard
synthetic_user_0095,33f6e3a9-237d-433e-b4b6-238e44c80117,2026-05-27T03:51:39,1,1,1,0,1,3,274.21,12,2,1,0,0,1,1,0.58,0.0,0,0,29,11,4,2,0.3793,10,0,2,0.0,0,negative_hard
synthetic_user_0095,dbcab77a-8d8a-4721-b07d-d5d9ecc7874d,2026-05-27T03:51:39,1,1,1,0,1,3,274.21,12,2,1,0,0,1,1,0.58,0.0,0,0,28,8,1,3,0.2857,10,0,2,0.0,0,negative_hard
synthetic_user_0022,40a8032b-e43c-43dc-ba5f-d650f1c0a979,2026-05-27T04:27:09,1,1,1,0,1,3,263.07,4,0,0,0,1,1,1,0.41,0.0,0,1,28,15,7,3,0.5357,5,0,1,0.0,0,negative_hard
synthetic_user_0022,09593622-ad83-4d14-8236-17bea51dbb13,2026-05-27T04:27:09,1,1,1,0,1,3,263.07,4,0,0,0,1,1,1,0.69,0.0,0,1,41,18,5,7,0.439,5,0,1,0.0,0,negative_hard
synthetic_user_0022,2c1e63cb-30f5-4e05-92af-ea93368ef4ab,2026-05-27T04:27:09,1,1,1,0,1,3,263.07,4,0,0,0,1,1,1,0.41,0.0,0,1,33,13,3,2,0.3939,5,0,1,0.0,0,negative_hard
synthetic_user_0022,8706bbb8-8343-4edc-9af4-244b9cad76aa,2026-05-27T04:27:09,1,1,0,1,0,3,263.07,4,0,0,0,1,1,0,0.47,0.0,0,0,217,66,20,8,0.3041,0,0,1,0.0,0,negative_soft
synthetic_user_0090,fbb68aab-9b3b-4e24-9109-ea047f927347,2026-05-27T05:15:31,1,1,0,1,0,4,284.25,7,0,0,0,0,1,3,1.03,0.0,0,1,41,12,4,3,0.2927,2,0,0,0.0,0,negative_soft
synthetic_user_0090,45a799e0-5716-4209-b489-bd8f9ef13974,2026-05-27T05:15:31,1,1,0,1,0,4,284.25,7,0,0,0,0,1,1,0.41,0.0,0,1,18,7,3,2,0.3889,2,0,0,0.0,0,negative_soft
synthetic_user_0090,5a0f55cf-16af-4459-9030-0c7c6e11207f,2026-05-27T05:15:31,1,1,0,1,0,4,284.25,7,0,0,0,0,1,0,0.58,0.0,0,0,30,11,3,2,0.3667,2,0,0,0.0,0,negative_soft
synthetic_user_0090,98a77293-8faf-4d27-8248-6eb91f481d8f,2026-05-27T05:15:31,1,1,0,1,0,4,284.25,7,0,0,0,0,1,0,0.58,0.0,0,0,40,20,9,8,0.5,2,0,0,0.0,0,negative_soft
synthetic_user_0054,bd6bddb1-3e29-4767-a194-6196e46f7456,2026-05-27T05:25:02,1,1,1,0,1,3,254.43,7,5,1,0,1,1,1,0.41,0.0,0,1,30,8,1,3,0.2667,10,0,5,0.0,0,negative_hard
synthetic_user_0054,e72c3d3b-cf36-4cc4-9a40-d8cc5d28df84,2026-05-27T05:25:02,1,1,1,0,1,3,254.43,7,5,1,0,1,1,1,0.41,0.0,0,1,30,12,7,3,0.4,10,0,5,0.0,0,negative_hard
synthetic_user_0054,dcf38bea-591e-47ae-aaaf-e01b841cc3b3,2026-05-27T05:25:02,1,1,1,0,1,3,254.43,7,5,1,0,1,1,1,0.69,0.0,0,1,47,13,5,4,0.2766,10,0,5,0.0,0,negative_hard
synthetic_user_0054,7c1af9a0-cf09-4356-8c0d-d762fbb21208,2026-05-27T05:25:02,0,0,0,2,0,3,254.43,7,5,1,0,1,1,1,1.76,0.0,0,1,72,19,3,2,0.2639,0,0,0,0.0,0,negative_soft
synthetic_user_0121,fbb68aab-9b3b-4e24-9109-ea047f927347,2026-05-27T18:32:06,1,1,1,0,1,3,268.88,5,1,0,0,3,0,3,1.03,0.0,0,1,41,12,4,3,0.2927,9,0,2,0.0,0,negative_hard
synthetic_user_0121,dcf38bea-591e-47ae-aaaf-e01b841cc3b3,2026-05-27T18:32:06,1,1,1,0,1,3,268.88,5,1,0,0,3,0,1,0.69,0.0,0,1,47,13,5,4,0.2766,9,0,2,0.0,0,negative_hard
synthetic_user_0121,09593622-ad83-4d14-8236-17bea51dbb13,2026-05-27T18:32:06,1,1,1,0,1,3,268.88,5,1,0,0,3,0,1,0.69,0.0,0,1,41,18,5,7,0.439,9,0,2,0.0,0,negative_hard
synthetic_user_0121,8706bbb8-8343-4edc-9af4-244b9cad76aa,2026-05-27T18:32:06,1,1,0,1,0,3,268.88,5,1,0,0,3,0,0,0.47,0.0,0,0,218,66,20,8,0.3028,0,0,2,0.0,0,negative_soft
synthetic_user_0021,bd6bddb1-3e29-4767-a194-6196e46f7456,2026-05-28T00:45:46,1,1,1,0,1,3,276.97,7,1,0,0,2,1,1,0.41,0.0,0,1,30,8,1,3,0.2667,10,0,2,0.0,0,negative_hard
synthetic_user_0021,33f6e3a9-237d-433e-b4b6-238e44c80117,2026-05-28T00:45:46,1,1,1,0,1,3,276.97,7,1,0,0,2,1,1,0.58,0.0,0,0,29,11,4,2,0.3793,10,0,2,0.0,0,negative_hard
synthetic_user_0021,fbb68aab-9b3b-4e24-9109-ea047f927347,2026-05-28T00:45:46,1,1,1,0,1,3,276.97,7,1,0,0,2,1,3,1.03,0.0,0,1,41,12,4,3,0.2927,10,0,2,0.0,0,negative_hard
synthetic_user_0021,8706bbb8-8343-4edc-9af4-244b9cad76aa,2026-05-28T00:45:46,1,1,0,1,0,3,276.97,7,1,0,0,2,1,0,0.47,0.0,0,0,219,66,20,8,0.3014,0,0,2,0.0,0,negative_soft
synthetic_user_0154,09593622-ad83-4d14-8236-17bea51dbb13,2026-05-28T22:37:51,1,1,1,0,1,3,259.32,6,0,0,0,1,1,1,0.69,0.0,0,1,41,18,5,7,0.439,0,0,1,0.0,0,negative_hard
synthetic_user_0154,40a8032b-e43c-43dc-ba5f-d650f1c0a979,2026-05-28T22:37:51,1,1,1,0,1,3,259.32,6,0,0,0,1,1,1,0.41,0.0,0,1,28,15,7,3,0.5357,0,0,1,0.0,0,negative_hard
synthetic_user_0154,830353af-6497-4bc7-bab8-08114b64b682,2026-05-28T22:37:51,1,1,1,0,1,3,259.32,6,0,0,0,1,1,0,1.05,0.0,0,0,33,15,3,4,0.4545,0,0,1,0.0,0,negative_hard
synthetic_user_0154,7c1af9a0-cf09-4356-8c0d-d762fbb21208,2026-05-28T22:37:51,0,0,0,2,0,3,259.32,6,0,0,0,1,1,1,1.76,0.0,0,1,73,19,3,2,0.2603,0,0,0,0.0,0,negative_soft
synthetic_user_0154,dbcab77a-8d8a-4721-b07d-d5d9ecc7874d,2026-05-28T22:39:32,1,1,1,0,1,3,259.33,6,1,0,0,1,1,1,0.58,0.0,0,0,28,8,1,3,0.2857,0,0,1,0.0,0,negative_hard
synthetic_user_0154,830353af-6497-4bc7-bab8-08114b64b682,2026-05-28T22:39:32,1,1,1,0,1,3,259.33,6,1,0,0,1,1,0,1.05,0.0,0,0,33,15,3,4,0.4545,0,0,1,0.0,0,negative_hard
synthetic_user_0154,f6081dfd-75ec-4719-a05b-6ec1f95df15f,2026-05-28T22:39:32,1,1,1,0,1,3,259.33,6,1,0,0,1,1,1,1.05,0.0,0,1,23,5,1,3,0.2174,0,0,1,0.0,0,negative_hard
synthetic_user_0154,7c1af9a0-cf09-4356-8c0d-d762fbb21208,2026-05-28T22:39:32,0,0,0,2,0,3,259.33,6,1,0,0,1,1,1,1.76,0.0,0,1,73,19,3,2,0.2603,0,0,0,0.0,0,negative_soft
synthetic_user_0141,ea97dfce-6731-4b1d-9b03-485d04de4867,2026-05-29T18:04:56,1,1,1,0,1,3,285.02,7,1,0,0,1,0,3,1.03,0.0,0,1,29,11,3,3,0.3793,6,0,1,0.0,0,negative_hard
synthetic_user_0141,33f6e3a9-237d-433e-b4b6-238e44c80117,2026-05-29T18:04:56,1,1,1,0,1,3,285.02,7,1,0,0,1,0,1,0.58,0.0,0,0,30,11,4,2,0.3667,6,0,1,0.0,0,negative_hard
synthetic_user_0141,dcd20897-e14a-43fc-b2ba-66bb4a569874,2026-05-29T18:04:56,1,1,1,0,1,3,285.02,7,1,0,0,1,0,1,0.69,0.0,0,1,33,16,5,4,0.4848,6,0,1,0.0,0,negative_hard
synthetic_user_0141,8706bbb8-8343-4edc-9af4-244b9cad76aa,2026-05-29T18:04:56,1,1,0,1,0,3,285.02,7,1,0,0,1,0,0,0.47,0.0,0,0,221,67,20,8,0.3032,0,0,1,0.0,0,negative_soft
synthetic_user_0141,c5310615-4076-41e9-9064-736593600471,2026-05-29T18:12:27,1,1,1,0,1,3,285.03,8,1,0,0,1,0,0,1.03,0.0,0,0,33,11,1,4,0.3333,7,0,1,0.0,0,negative_hard
synthetic_user_0141,581c8e36-7a51-4e8e-ac1d-6e9c1d54940f,2026-05-29T18:12:27,1,1,1,0,1,3,285.03,8,1,0,0,1,0,3,1.03,0.0,0,1,24,8,4,1,0.3333,7,0,1,0.0,0,negative_hard
synthetic_user_0141,2c1e63cb-30f5-4e05-92af-ea93368ef4ab,2026-05-29T18:12:27,1,1,1,0,1,3,285.03,8,1,0,0,1,0,1,0.41,0.0,0,1,33,13,3,2,0.3939,7,0,1,0.0,0,negative_hard
synthetic_user_0141,8706bbb8-8343-4edc-9af4-244b9cad76aa,2026-05-29T18:12:27,1,1,0,1,0,3,285.03,8,1,0,0,1,0,0,0.47,0.0,0,0,221,67,20,8,0.3032,0,0,1,0.0,0,negative_soft
synthetic_user_0141,581c8e36-7a51-4e8e-ac1d-6e9c1d54940f,2026-05-29T18:13:42,1,1,1,0,1,3,285.03,8,2,0,0,1,0,3,1.03,0.0,0,1,24,8,4,1,0.3333,8,0,2,0.0,0,negative_hard
synthetic_user_0141,98a77293-8faf-4d27-8248-6eb91f481d8f,2026-05-29T18:13:42,1,1,1,0,1,3,285.03,8,2,0,0,1,0,0,0.58,0.0,0,0,40,20,9,8,0.5,8,0,2,0.0,0,negative_hard
synthetic_user_0141,5a0f55cf-16af-4459-9030-0c7c6e11207f,2026-05-29T18:13:42,1,1,1,0,1,3,285.03,8,2,0,0,1,0,0,0.58,0.0,0,0,31,11,3,2,0.3548,8,0,2,0.0,0,negative_hard
synthetic_user_0141,8706bbb8-8343-4edc-9af4-244b9cad76aa,2026-05-29T18:13:42,1,1,0,1,0,3,285.03,8,2,0,0,1,0,0,0.47,0.0,0,0,221,67,20,8,0.3032,0,0,2,0.0,0,negative_soft
synthetic_user_0141,dbcab77a-8d8a-4721-b07d-d5d9ecc7874d,2026-05-29T18:15:51,1,1,1,0,1,3,285.03,8,2,0,1,1,0,1,0.58,0.0,0,0,28,8,1,3,0.2857,9,0,2,0.0,0,negative_hard
synthetic_user_0141,b1e94dc4-e19f-4e9b-85e1-69c3b4ab0e97,2026-05-29T18:15:51,1,1,1,0,1,3,285.03,8,2,0,1,1,0,3,1.03,0.0,0,1,40,21,10,3,0.525,9,0,2,0.0,0,negative_hard
synthetic_user_0141,ea97dfce-6731-4b1d-9b03-485d04de4867,2026-05-29T18:15:51,1,1,1,0,1,3,285.03,8,2,0,1,1,0,3,1.03,0.0,0,1,29,11,3,3,0.3793,9,0,2,0.0,0,negative_hard
synthetic_user_0141,8706bbb8-8343-4edc-9af4-244b9cad76aa,2026-05-29T18:15:51,1,1,0,1,0,3,285.03,8,2,0,1,1,0,0,0.47,0.0,0,0,221,67,20,8,0.3032,0,0,2,0.0,0,negative_soft
synthetic_user_0029,bd6bddb1-3e29-4767-a194-6196e46f7456,2026-05-30T00:28:14,1,1,1,0,1,3,281.17,5,1,1,0,1,1,1,0.41,0.0,0,1,30,8,1,3,0.2667,8,0,2,0.0,0,negative_hard
synthetic_user_0029,33f6e3a9-237d-433e-b4b6-238e44c80117,2026-05-30T00:28:14,1,1,1,0,1,3,281.17,5,1,1,0,1,1,1,0.58,0.0,0,0,30,11,4,2,0.3667,8,0,2,0.0,0,negative_hard
synthetic_user_0029,85526add-cd5a-4107-a07e-62ff3f493082,2026-05-30T00:28:14,1,1,1,0,1,3,281.17,5,1,1,0,1,1,0,0.41,0.0,0,0,48,17,5,5,0.3542,8,0,2,0.0,0,negative_hard
synthetic_user_0029,8706bbb8-8343-4edc-9af4-244b9cad76aa,2026-05-30T00:28:14,1,1,0,1,0,3,281.17,5,1,1,0,1,1,0,0.47,0.0,0,0,222,67,20,8,0.3018,0,0,2,0.0,0,negative_soft
synthetic_user_0148,e72c3d3b-cf36-4cc4-9a40-d8cc5d28df84,2026-05-30T06:21:09,1,1,1,0,1,3,279.85,15,4,1,0,2,1,1,0.41,0.0,0,1,30,12,7,3,0.4,17,0,2,0.0,0,negative_hard
synthetic_user_0148,a8231f34-c157-4fcd-b08a-5a3420cc0cee,2026-05-30T06:21:09,1,1,1,0,1,3,279.85,15,4,1,0,2,1,1,0.69,0.0,0,1,31,8,1,2,0.2581,17,0,2,0.0,0,negative_hard
synthetic_user_0148,95461cac-4301-4ade-8b3c-98201e8731db,2026-05-30T06:21:09,1,1,1,0,1,3,279.85,15,4,1,0,2,1,1,0.41,0.0,0,1,28,11,2,2,0.3929,17,0,2,0.0,0,negative_hard
synthetic_user_0148,7c1af9a0-cf09-4356-8c0d-d762fbb21208,2026-05-30T06:21:09,0,0,0,2,0,3,279.85,15,4,1,0,2,1,1,1.76,0.0,0,1,73,19,3,2,0.2603,0,0,0,0.0,0,negative_soft
synthetic_user_0001,5a0f55cf-16af-4459-9030-0c7c6e11207f,2025-09-15T16:42:40,1,1,1,0,1,3,1.0,0,0,0,0,0,0,0,0.58,0.0,0,0,0,0,0,0,0.0,0,0,0,0.0,0,negative_hard
synthetic_user_0001,dcf38bea-591e-47ae-aaaf-e01b841cc3b3,2025-09-15T16:42:40,1,1,1,0,1,3,1.0,0,0,0,0,0,0,1,0.69,0.0,0,1,0,0,0,0,0.0,0,0,0,0.0,0,negative_hard
synthetic_user_0001,087164bc-8a57-44b1-bd06-0644f475917b,2025-09-15T16:42:40,1,1,1,0,1,3,1.0,0,0,0,0,0,0,0,0.58,0.0,0,0,0,0,0,0,0.0,0,0,0,0.0,0,negative_hard
synthetic_user_0001,8706bbb8-8343-4edc-9af4-244b9cad76aa,2025-09-15T16:42:40,1,1,0,1,0,3,1.0,0,0,0,0,0,0,0,0.47,0.0,0,0,0,0,0,0,0.0,0,0,0,0.0,0,negative_soft
synthetic_user_0002,8706bbb8-8343-4edc-9af4-244b9cad76aa,2025-09-09T16:19:25,1,1,1,0,1,4,1.0,0,0,0,0,0,0,0,0.47,0.0,0,0,0,0,0,0,0.0,0,0,0,0.0,0,negative_hard
synthetic_user_0002,8b44ea69-a5bb-4779-8c63-bf20e4da58c7,2025-09-09T16:19:25,1,1,0,1,0,4,1.0,0,0,0,0,0,0,1,0.69,0.0,0,1,0,0,0,0,0.0,0,0,0,0.0,0,negative_soft
synthetic_user_0002,a8231f34-c157-4fcd-b08a-5a3420cc0cee,2025-09-09T16:19:25,1,1,0,1,0,4,1.0,0,0,0,0,0,0,1,0.69,0.0,0,1,0,0,0,0,0.0,0,0,0,0.0,0,negative_soft
synthetic_user_0002,c5310615-4076-41e9-9064-736593600471,2025-09-09T16:19:25,1,1,0,1,0,4,1.0,0,0,0,0,0,0,0,1.03,0.0,0,0,0,0,0,0,0.0,0,0,0,0.0,0,negative_soft
synthetic_user_0003,581c8e36-7a51-4e8e-ac1d-6e9c1d54940f,2025-08-29T08:39:40,1,1,1,0,1,3,1.0,0,0,0,0,0,1,3,1.03,0.0,0,1,0,0,0,0,0.0,0,0,0,0.0,0,negative_hard
synthetic_user_0003,dbcab77a-8d8a-4721-b07d-d5d9ecc7874d,2025-08-29T08:39:40,1,1,1,0,1,3,1.0,0,0,0,0,0,1,1,0.58,0.0,0,0,0,0,0,0,0.0,0,0,0,0.0,0,negative_hard
synthetic_user_0003,945e447f-c018-4d92-b5e5-2f1f7a11bd56,2025-08-29T08:39:40,1,1,1,0,1,3,1.0,0,0,0,0,0,1,3,1.03,0.0,0,1,0,0,0,0,0.0,0,0,0,0.0,0,negative_hard
synthetic_user_0003,8706bbb8-8343-4edc-9af4-244b9cad76aa,2025-08-29T08:39:40,1,1,0,1,0,3,1.0,0,0,0,0,0,1,0,0.47,0.0,0,0,0,0,0,0,0.0,0,0,0,0.0,0,negative_soft
synthetic_user_0004,7c1af9a0-cf09-4356-8c0d-d762fbb21208,2025-09-14T03:50:39,1,1,1,0,1,1,1.0,0,0,0,0,0,0,1,1.76,0.0,0,1,0,0,0,0,0.0,0,0,0,0.0,0,negative_hard
synthetic_user_0004,8b44ea69-a5bb-4779-8c63-bf20e4da58c7,2025-09-14T03:50:39,0,0,0,2,0,1,1.0,0,0,0,0,0,0,1,0.69,0.0,0,1,0,0,0,0,0.0,0,0,0,0.0,0,negative_soft
synthetic_user_0004,dcd20897-e14a-43fc-b2ba-66bb4a569874,2025-09-14T03:50:39,0,0,0,2,0,1,1.0,0,0,0,0,0,0,1,0.69,0.0,0,1,0,0,0,0,0.0,0,0,0,0.0,0,negative_soft
synthetic_user_0004,e06a75b5-86f9-4daf-b871-0fba7b7ba57d,2025-09-14T03:50:39,0,0,0,2,0,1,1.0,0,0,0,0,0,0,1,0.58,0.0,0,0,0,0,0,0,0.0,0,0,0,0.0,0,negative_soft
synthetic_user_0005,59bf0b38-d7b5-4024-a66e-a03f1b47095d,2025-08-23T17:10:51,1,1,1,0,1,3,1.0,0,0,0,0,0,1,3,1.03,0.0,0,1,0,0,0,0,0.0,0,0,0,0.0,0,negative_hard
synthetic_user_0005,85526add-cd5a-4107-a07e-62ff3f493082,2025-08-23T17:10:51,1,1,1,0,1,3,1.0,0,0,0,0,0,1,0,0.41,0.0,0,0,0,0,0,0,0.0,0,0,0,0.0,0,negative_hard
synthetic_user_0005,45a799e0-5716-4209-b489-bd8f9ef13974,2025-08-23T17:10:51,1,1,1,0,1,3,1.0,0,0,0,0,0,1,1,0.41,0.0,0,1,0,0,0,0,0.0,0,0,0,0.0,0,negative_hard
synthetic_user_0005,8706bbb8-8343-4edc-9af4-244b9cad76aa,2025-08-23T17:10:51,1,1,0,1,0,3,1.0,0,0,0,0,0,1,0,0.47,0.0,0,0,0,0,0,0,0.0,0,0,0,0.0,0,negative_soft
synthetic_user_0006,e72c3d3b-cf36-4cc4-9a40-d8cc5d28df84,2025-08-17T06:25:10,1,1,1,0,1,3,1.0,0,0,0,0,0,0,1,0.41,0.0,0,1,0,0,0,0,0.0,0,0,0,0.0,0,negative_hard
synthetic_user_0006,98a77293-8faf-4d27-8248-6eb91f481d8f,2025-08-17T06:25:10,1,1,1,0,1,3,1.0,0,0,0,0,0,0,0,0.58,0.0,0,0,0,0,0,0,0.0,0,0,0,0.0,0,negative_hard
synthetic_user_0006,e06a75b5-86f9-4daf-b871-0fba7b7ba57d,2025-08-17T06:25:10,1,1,1,0,1,3,1.0,0,0,0,0,0,0,1,0.58,0.0,0,0,0,0,0,0,0.0,0,0,0,0.0,0,negative_hard
synthetic_user_0006,7c1af9a0-cf09-4356-8c0d-d762fbb21208,2025-08-17T06:25:10,0,0,0,2,0,3,1.0,0,0,0,0,0,0,1,1.76,0.0,0,1,0,0,0,0,0.0,0,0,0,0.0,0,negative_soft
synthetic_user_0007,8b44ea69-a5bb-4779-8c63-bf20e4da58c7,2025-09-03T17:01:04,1,1,1,0,1,3,1.0,0,0,0,0,0,1,1,0.69,0.0,0,1,0,0,0,0,0.0,0,0,0,0.0,0,negative_hard
synthetic_user_0007,ea97dfce-6731-4b1d-9b03-485d04de4867,2025-09-03T17:01:04,1,1,1,0,1,3,1.0,0,0,0,0,0,1,3,1.03,0.0,0,1,0,0,0,0,0.0,0,0,0,0.0,0,negative_hard
synthetic_user_0007,59bf0b38-d7b5-4024-a66e-a03f1b47095d,2025-09-03T17:01:04,1,1,1,0,1,3,1.0,0,0,0,0,0,1,3,1.03,0.0,0,1,0,0,0,0,0.0,0,0,0,0.0,0,negative_hard
synthetic_user_0007,8706bbb8-8343-4edc-9af4-244b9cad76aa,2025-09-03T17:01:04,1,1,0,1,0,3,1.0,0,0,0,0,0,1,0,0.47,0.0,0,0,0,0,0,0,0.0,0,0,0,0.0,0,negative_soft
synthetic_user_0008,fbb68aab-9b3b-4e24-9109-ea047f927347,2025-09-08T07:58:39,1,1,1,0,1,3,1.0,0,0,0,0,0,1,3,1.03,0.0,0,1,0,0,0,0,0.0,0,0,0,0.0,0,negative_hard
synthetic_user_0008,f6081dfd-75ec-4719-a05b-6ec1f95df15f,2025-09-08T07:58:39,1,1,1,0,1,3,1.0,0,0,0,0,0,1,1,1.05,0.0,0,1,0,0,0,0,0.0,0,0,0,0.0,0,negative_hard
synthetic_user_0008,40a8032b-e43c-43dc-ba5f-d650f1c0a979,2025-09-08T07:58:39,1,1,1,0,1,3,1.0,0,0,0,0,0,1,1,0.41,0.0,0,1,0,0,0,0,0.0,0,0,0,0.0,0,negative_hard
synthetic_user_0008,8706bbb8-8343-4edc-9af4-244b9cad76aa,2025-09-08T07:58:39,1,1,0,1,0,3,1.0,0,0,0,0,0,1,0,0.47,0.0,0,0,0,0,0,0,0.0,0,0,0,0.0,0,negative_soft
