user_id,note_id,timestamp,interaction_type,session_id
synthetic_user_0168,8706bbb8-8343-4edc-9af4-244b9cad76aa,2025-10-02 19:02:13,view,session_001026
synthetic_user_0197,8706bbb8-8343-4edc-9af4-244b9cad76aa,2025-10-03 08:03:08,view,session_001216
synthetic_user_0190,09593622-ad83-4d14-8236-17bea51dbb13,2025-10-03 20:32:46,view,session_001170
synthetic_user_0190,09593622-ad83-4d14-8236-17bea51dbb13,2025-10-03 20:39:03,download,session_001170
synthetic_user_0190,09593622-ad83-4d14-8236-17bea51dbb13,2025-10-03 20:42:21,bookmark,session_001170
synthetic_user_0124,e72c3d3b-cf36-4cc4-9a40-d8cc5d28df84,2025-10-03 23:15:51,view,session_000754
synthetic_user_0086,a18002e2-24a3-4da4-b558-ea8cadcb047e,2025-10-03 23:21:25,view,session_000506
synthetic_user_0124,e72c3d3b-cf36-4cc4-9a40-d8cc5d28df84,2025-10-03 23:26:28,download,session_000754
synthetic_user_0124,e72c3d3b-cf36-4cc4-9a40-d8cc5d28df84,2025-10-03 23:32:57,like,session_000754
synthetic_user_0124,e72c3d3b-cf36-4cc4-9a40-d8cc5d28df84,2025-10-03 23:38:55,bookmark,session_000754
synthetic_user_0130,ea97dfce-6731-4b1d-9b03-485d04de4867,2025-10-04 04:25:07,view,session_000789
synthetic_user_0036,85526add-cd5a-4107-a07e-62ff3f493082,2025-10-04 05:13:13,view,session_000179
synthetic_user_0153,830353af-6497-4bc7-bab8-08114b64b682,2025-10-04 05:27:44,view,session_000937
synthetic_user_0036,85526add-cd5a-4107-a07e-62ff3f493082,2025-10-04 05:28:44,download,session_000179
synthetic_user_0067,c5310615-4076-41e9-9064-736593600471,2025-10-04 06:47:37,view,session_000347
synthetic_user_0057,98a77293-8faf-4d27-8248-6eb91f481d8f,2025-10-04 08:20:48,view,session_000293
synthetic_user_0046,7c1af9a0-cf09-4356-8c0d-d762fbb21208,2025-10-04 08:26:01,view,session_000222
synthetic_user_0045,40a8032b-e43c-43dc-ba5f-d650f1c0a979,2025-10-04 23:12:18,view,session_000221
synthetic_user_0045,40a8032b-e43c-43dc-ba5f-d650f1c0a979,2025-10-04 23:19:55,download,session_000221
synthetic_user_0040,fbb68aab-9b3b-4e24-9109-ea047f927347,2025-10-04 23:52:07,view,session_000201
synthetic_user_0040,fbb68aab-9b3b-4e24-9109-ea047f927347,2025-10-05 00:06:13,download,session_000201
synthetic_user_0040,fbb68aab-9b3b-4e24-9109-ea047f927347,2025-10-05 00:13:09,like,session_000201
synthetic_user_0037,e72c3d3b-cf36-4cc4-9a40-d8cc5d28df84,2025-10-05 00:35:32,view,session_000184
synthetic_user_0037,e72c3d3b-cf36-4cc4-9a40-d8cc5d28df84,2025-10-05 00:41:46,download,session_000184
synthetic_user_0037,e72c3d3b-cf36-4cc4-9a40-d8cc5d28df84,2025-10-05 00:50:22,bookmark,session_000184
synthetic_user_0112,2c1e63cb-30f5-4e05-92af-ea93368ef4ab,2025-10-05 00:59:58,view,session_000680
synthetic_user_0024,fbb68aab-9b3b-4e24-9109-ea047f927347,2025-10-05 06:25:23,view,session_000092
synthetic_user_0024,fbb68aab-9b3b-4e24-9109-ea047f927347,2025-10-05 06:35:08,chat,session_000092
synthetic_user_0170,59bf0b38-d7b5-4024-a66e-a03f1b47095d,2025-10-05 06:37:09,view,session_001041
synthetic_user_0170,59bf0b38-d7b5-4024-a66e-a03f1b47095d,2025-10-05 06:42:50,download,session_001041
synthetic_user_0081,8706bbb8-8343-4edc-9af4-244b9cad76aa,2025-10-05 07:58:42,view,session_000470
synthetic_user_0081,8706bbb8-8343-4edc-9af4-244b9cad76aa,2025-10-05 08:09:11,download,session_000470
synthetic_user_0081,8706bbb8-8343-4edc-9af4-244b9cad76aa,2025-10-05 08:20:01,chat,session_000470
synthetic_user_0196,8706bbb8-8343-4edc-9af4-244b9cad76aa,2025-10-05 21:17:18,view,session_001212
synthetic_user_0196,8706bbb8-8343-4edc-9af4-244b9cad76aa,2025-10-05 21:21:24,download,session_001212
synthetic_user_0078,e72c3d3b-cf36-4cc4-9a40-d8cc5d28df84,2025-10-05 21:41:31,view,session_000443
synthetic_user_0077,ea97dfce-6731-4b1d-9b03-485d04de4867,2025-10-06 01:15:47,view,session_000429
synthetic_user_0057,98a77293-8faf-4d27-8248-6eb91f481d8f,2025-10-06 07:33:12,view,session_000294
synthetic_user_0057,98a77293-8faf-4d27-8248-6eb91f481d8f,2025-10-06 07:38:22,download,session_000294
synthetic_user_0067,c5310615-4076-41e9-9064-736593600471,2025-10-06 18:44:54,view,session_000348
synthetic_user_0118,f6081dfd-75ec-4719-a05b-6ec1f95df15f,2025-10-06 20:53:25,view,session_000721
synthetic_user_0118,f6081dfd-75ec-4719-a05b-6ec1f95df15f,2025-10-06 21:01:25,chat,session_000721
synthetic_user_0118,f6081dfd-75ec-4719-a05b-6ec1f95df15f,2025-10-06 21:04:41,download,session_000721
synthetic_user_0029,59bf0b38-d7b5-4024-a66e-a03f1b47095d,2025-10-06 21:13:04,view,session_000133
synthetic_user_0118,f6081dfd-75ec-4719-a05b-6ec1f95df15f,2025-10-06 21:13:42,bookmark,session_000721
synthetic_user_0029,59bf0b38-d7b5-4024-a66e-a03f1b47095d,2025-10-06 21:23:22,download,session_000133
synthetic_user_0029,59bf0b38-d7b5-4024-a66e-a03f1b47095d,2025-10-06 21:33:42,like,session_000133
synthetic_user_0111,8706bbb8-8343-4edc-9af4-244b9cad76aa,2025-10-07 01:13:42,view,session_000666
synthetic_user_0161,a8231f34-c157-4fcd-b08a-5a3420cc0cee,2025-10-07 18:48:53,view,session_000979
synthetic_user_0161,a8231f34-c157-4fcd-b08a-5a3420cc0cee,2025-10-07 19:02:45,download,session_000979
synthetic_user_0171,40a8032b-e43c-43dc-ba5f-d650f1c0a979,2025-10-07 21:43:26,view,session_001046
synthetic_user_0171,40a8032b-e43c-43dc-ba5f-d650f1c0a979,2025-10-07 22:05:13,chat,session_001046
synthetic_user_0194,95461cac-4301-4ade-8b3c-98201e8731db,2025-10-07 22:41:36,view,session_001199
synthetic_user_0103,09593622-ad83-4d14-8236-17bea51dbb13,2025-10-07 23:26:37,view,session_000609
synthetic_user_0103,09593622-ad83-4d14-8236-17bea51dbb13,2025-10-07 23:31:30,download,session_000609
synthetic_user_0103,09593622-ad83-4d14-8236-17bea51dbb13,2025-10-07 23:41:41,view,session_000610
synthetic_user_0103,09593622-ad83-4d14-8236-17bea51dbb13,2025-10-07 23:49:17,download,session_000610
synthetic_user_0103,09593622-ad83-4d14-8236-17bea51dbb13,2025-10-07 23:54:40,like,session_000610
synthetic_user_0103,09593622-ad83-4d14-8236-17bea51dbb13,2025-10-07 23:57:03,chat,session_000610
synthetic_user_0103,09593622-ad83-4d14-8236-17bea51dbb13,2025-10-07 23:59:02,bookmark,session_000610
synthetic_user_0049,2c1e63cb-30f5-4e05-92af-ea93368ef4ab,2025-10-08 04:28:51,view,session_000234
synthetic_user_0049,2c1e63cb-30f5-4e05-92af-ea93368ef4ab,2025-10-08 04:31:15,download,session_000234
synthetic_user_0049,2c1e63cb-30f5-4e05-92af-ea93368ef4ab,2025-10-08 04:36:13,bookmark,session_000234
synthetic_user_0170,59bf0b38-d7b5-4024-a66e-a03f1b47095d,2025-10-08 18:39:45,view,session_001042
synthetic_user_0180,e72c3d3b-cf36-4cc4-9a40-d8cc5d28df84,2025-10-08 18:51:08,view,session_001120
synthetic_user_0180,e72c3d3b-cf36-4cc4-9a40-d8cc5d28df84,2025-10-08 19:01:29,download,session_001120
synthetic_user_0180,e72c3d3b-cf36-4cc4-9a40-d8cc5d28df84,2025-10-08 19:07:28,like,session_001120
synthetic_user_0177,ea97dfce-6731-4b1d-9b03-485d04de4867,2025-10-08 20:39:58,view,session_001097
synthetic_user_0011,a18002e2-24a3-4da4-b558-ea8cadcb047e,2025-10-09 03:14:41,view,session_000005
synthetic_user_0011,a18002e2-24a3-4da4-b558-ea8cadcb047e,2025-10-09 03:28:25,download,session_000005
synthetic_user_0182,c5310615-4076-41e9-9064-736593600471,2025-10-09 03:48:57,view,session_001143
synthetic_user_0182,c5310615-4076-41e9-9064-736593600471,2025-10-09 04:04:36,download,session_001143
synthetic_user_0100,830353af-6497-4bc7-bab8-08114b64b682,2025-10-09 06:08:55,view,session_000598
synthetic_user_0100,830353af-6497-4bc7-bab8-08114b64b682,2025-10-09 06:23:12,download,session_000598
synthetic_user_0172,e06a75b5-86f9-4daf-b871-0fba7b7ba57d,2025-10-09 19:11:51,view,session_001054
synthetic_user_0177,ea97dfce-6731-4b1d-9b03-485d04de4867,2025-10-09 22:50:15,view,session_001098
synthetic_user_0125,dcd20897-e14a-43fc-b2ba-66bb4a569874,2025-10-10 07:47:31,view,session_000762
synthetic_user_0050,8706bbb8-8343-4edc-9af4-244b9cad76aa,2025-10-10 08:51:49,view,session_000239
synthetic_user_0031,dcf38bea-591e-47ae-aaaf-e01b841cc3b3,2025-10-10 18:26:08,view,session_000149
synthetic_user_0031,dcf38bea-591e-47ae-aaaf-e01b841cc3b3,2025-10-10 18:53:51,chat,session_000149
synthetic_user_0172,98a77293-8faf-4d27-8248-6eb91f481d8f,2025-10-10 23:27:50,view,session_001055
synthetic_user_0172,98a77293-8faf-4d27-8248-6eb91f481d8f,2025-10-10 23:30:41,download,session_001055
synthetic_user_0172,98a77293-8faf-4d27-8248-6eb91f481d8f,2025-10-10 23:36:07,bookmark,session_001055
synthetic_user_0172,98a77293-8faf-4d27-8248-6eb91f481d8f,2025-10-10 23:47:00,chat,session_001055
synthetic_user_0155,8706bbb8-8343-4edc-9af4-244b9cad76aa,2025-10-11 01:42:17,view,session_000947
synthetic_user_0155,8706bbb8-8343-4edc-9af4-244b9cad76aa,2025-10-11 01:46:07,download,session_000947
synthetic_user_0155,8706bbb8-8343-4edc-9af4-244b9cad76aa,2025-10-11 01:49:29,like,session_000947
synthetic_user_0064,8706bbb8-8343-4edc-9af4-244b9cad76aa,2025-10-11 07:28:06,view,session_000331
synthetic_user_0064,8706bbb8-8343-4edc-9af4-244b9cad76aa,2025-10-11 07:56:22,chat,session_000331
synthetic_user_0057,98a77293-8faf-4d27-8248-6eb91f481d8f,2025-10-11 18:43:00,view,session_000295
synthetic_user_0057,98a77293-8faf-4d27-8248-6eb91f481d8f,2025-10-11 18:45:37,download,session_000295
synthetic_user_0057,98a77293-8faf-4d27-8248-6eb91f481d8f,2025-10-11 18:58:18,bookmark,session_000295
synthetic_user_0156,8706bbb8-8343-4edc-9af4-244b9cad76aa,2025-10-11 21:59:09,view,session_000954
synthetic_user_0068,7c1af9a0-cf09-4356-8c0d-d762fbb21208,2025-10-12 02:30:41,view,session_000362
synthetic_user_0079,bd6bddb1-3e29-4767-a194-6196e46f7456,2025-10-12 06:36:24,view,session_000456
synthetic_user_0085,7c1af9a0-cf09-4356-8c0d-d762fbb21208,2025-10-12 07:04:48,view,session_000498
synthetic_user_0079,bd6bddb1-3e29-4767-a194-6196e46f7456,2025-10-12 07:06:04,chat,session_000456
synthetic_user_0167,8706bbb8-8343-4edc-9af4-244b9cad76aa,2025-10-12 20:36:40,view,session_001010
synthetic_user_0083,8706bbb8-8343-4edc-9af4-244b9cad76aa,2025-10-13 06:40:03,view,session_000486
synthetic_user_0022,c5310615-4076-41e9-9064-736593600471,2025-10-13 07:55:01,view,session_000084
synthetic_user_0028,fbb68aab-9b3b-4e24-9109-ea047f927347,2025-10-13 19:34:03,view,session_000127
synthetic_user_0125,8706bbb8-8343-4edc-9af4-244b9cad76aa,2025-10-14 18:07:35,view,session_000763
synthetic_user_0059,8706bbb8-8343-4edc-9af4-244b9cad76aa,2025-10-14 19:52:11,view,session_000305
synthetic_user_0121,087164bc-8a57-44b1-bd06-0644f475917b,2025-10-15 01:51:29,view,session_000739
synthetic_user_0121,087164bc-8a57-44b1-bd06-0644f475917b,2025-10-15 02:06:14,chat,session_000739
synthetic_user_0031,8706bbb8-8343-4edc-9af4-244b9cad76aa,2025-10-15 07:40:14,view,session_000150
synthetic_user_0031,8706bbb8-8343-4edc-9af4-244b9cad76aa,2025-10-15 07:43:47,download,session_000150
synthetic_user_0031,8706bbb8-8343-4edc-9af4-244b9cad76aa,2025-10-15 07:48:26,like,session_000150
synthetic_user_0078,2c1e63cb-30f5-4e05-92af-ea93368ef4ab,2025-10-15 08:56:53,view,session_000444
synthetic_user_0078,2c1e63cb-30f5-4e05-92af-ea93368ef4ab,2025-10-15 09:09:29,download,session_000444
synthetic_user_0115,2c1e63cb-30f5-4e05-92af-ea93368ef4ab,2025-10-15 20:02:30,view,session_000704
synthetic_user_0115,2c1e63cb-30f5-4e05-92af-ea93368ef4ab,2025-10-15 20:09:43,chat,session_000704
synthetic_user_0115,f6081dfd-75ec-4719-a05b-6ec1f95df15f,2025-10-15 22:10:45,view,session_000705
synthetic_user_0157,830353af-6497-4bc7-bab8-08114b64b682,2025-10-15 22:23:17,view,session_000956
synthetic_user_0132,85526add-cd5a-4107-a07e-62ff3f493082,2025-10-16 19:43:03,view,session_000799
synthetic_user_0132,85526add-cd5a-4107-a07e-62ff3f493082,2025-10-16 19:56:07,download,session_000799
synthetic_user_0030,dcf38bea-591e-47ae-aaaf-e01b841cc3b3,2025-10-17 02:26:26,view,session_000139
synthetic_user_0051,e72c3d3b-cf36-4cc4-9a40-d8cc5d28df84,2025-10-17 06:14:36,view,session_000240
synthetic_user_0051,e72c3d3b-cf36-4cc4-9a40-d8cc5d28df84,2025-10-17 06:23:36,download,session_000240
synthetic_user_0173,8b44ea69-a5bb-4779-8c63-bf20e4da58c7,2025-10-17 18:42:13,view,session_001069
synthetic_user_0173,8b44ea69-a5bb-4779-8c63-bf20e4da58c7,2025-10-17 18:49:08,download,session_001069
synthetic_user_0173,8b44ea69-a5bb-4779-8c63-bf20e4da58c7,2025-10-17 18:50:28,chat,session_001069
synthetic_user_0173,8b44ea69-a5bb-4779-8c63-bf20e4da58c7,2025-10-17 18:58:04,bookmark,session_001069
synthetic_user_0031,8706bbb8-8343-4edc-9af4-244b9cad76aa,2025-10-17 19:45:09,view,session_000151
synthetic_user_0031,8706bbb8-8343-4edc-9af4-244b9cad76aa,2025-10-17 19:53:38,download,session_000151
synthetic_user_0107,087164bc-8a57-44b1-bd06-0644f475917b,2025-10-17 19:58:16,view,session_000638
synthetic_user_0107,087164bc-8a57-44b1-bd06-0644f475917b,2025-10-17 20:05:17,download,session_000638
synthetic_user_0060,8706bbb8-8343-4edc-9af4-244b9cad76aa,2025-10-17 20:06:26,view,session_000310
synthetic_user_0107,087164bc-8a57-44b1-bd06-0644f475917b,2025-10-17 20:10:54,like,session_000638
synthetic_user_0107,087164bc-8a57-44b1-bd06-0644f475917b,2025-10-17 20:20:05,chat,session_000638
synthetic_user_0132,85526add-cd5a-4107-a07e-62ff3f493082,2025-10-18 02:03:18,view,session_000800
synthetic_user_0132,85526add-cd5a-4107-a07e-62ff3f493082,2025-10-18 02:12:37,chat,session_000800
synthetic_user_0132,85526add-cd5a-4107-a07e-62ff3f493082,2025-10-18 02:13:04,download,session_000800
synthetic_user_0132,85526add-cd5a-4107-a07e-62ff3f493082,2025-10-18 02:16:55,bookmark,session_000800
synthetic_user_0067,087164bc-8a57-44b1-bd06-0644f475917b,2025-10-18 19:22:59,view,session_000349
synthetic_user_0049,2c1e63cb-30f5-4e05-92af-ea93368ef4ab,2025-10-18 20:05:57,view,session_000235
synthetic_user_0049,2c1e63cb-30f5-4e05-92af-ea93368ef4ab,2025-10-18 20:17:36,download,session_000235
synthetic_user_0179,f6081dfd-75ec-4719-a05b-6ec1f95df15f,2025-10-18 20:22:41,view,session_001112
synthetic_user_0049,2c1e63cb-30f5-4e05-92af-ea93368ef4ab,2025-10-18 20:23:07,like,session_000235
synthetic_user_0136,dbcab77a-8d8a-4721-b07d-d5d9ecc7874d,2025-10-18 21:30:06,view,session_000833
synthetic_user_0039,85526add-cd5a-4107-a07e-62ff3f493082,2025-10-19 00:52:13,view,session_000195
synthetic_user_0120,8706bbb8-8343-4edc-9af4-244b9cad76aa,2025-10-19 01:07:31,view,session_000731
synthetic_user_0120,8706bbb8-8343-4edc-9af4-244b9cad76aa,2025-10-19 01:14:17,download,session_000731
synthetic_user_0103,09593622-ad83-4d14-8236-17bea51dbb13,2025-10-19 06:20:31,view,session_000611
synthetic_user_0103,09593622-ad83-4d14-8236-17bea51dbb13,2025-10-19 06:34:38,chat,session_000611
synthetic_user_0132,b1e94dc4-e19f-4e9b-85e1-69c3b4ab0e97,2025-10-19 07:24:25,view,session_000801
synthetic_user_0081,8706bbb8-8343-4edc-9af4-244b9cad76aa,2025-10-19 23:55:06,view,session_000471
synthetic_user_0081,8706bbb8-8343-4edc-9af4-244b9cad76aa,2025-10-20 00:21:28,chat,session_000471
synthetic_user_0065,98a77293-8faf-4d27-8248-6eb91f481d8f,2025-10-20 02:10:26,view,session_000339
synthetic_user_0065,98a77293-8faf-4d27-8248-6eb91f481d8f,2025-10-20 02:16:14,download,session_000339
synthetic_user_0012,c5310615-4076-41e9-9064-736593600471,2025-10-20 03:13:52,view,session_000012
synthetic_user_0012,c5310615-4076-41e9-9064-736593600471,2025-10-20 03:28:07,download,session_000012
synthetic_user_0105,c5310615-4076-41e9-9064-736593600471,2025-10-20 03:30:36,view,session_000627
synthetic_user_0012,c5310615-4076-41e9-9064-736593600471,2025-10-20 03:32:25,chat,session_000012
synthetic_user_0012,c5310615-4076-41e9-9064-736593600471,2025-10-20 03:33:10,bookmark,session_000012
synthetic_user_0105,c5310615-4076-41e9-9064-736593600471,2025-10-20 03:36:45,chat,session_000627
synthetic_user_0078,f6081dfd-75ec-4719-a05b-6ec1f95df15f,2025-10-20 19:29:51,view,session_000445
synthetic_user_0140,a18002e2-24a3-4da4-b558-ea8cadcb047e,2025-10-20 23:47:25,view,session_000846
synthetic_user_0140,a18002e2-24a3-4da4-b558-ea8cadcb047e,2025-10-21 00:01:32,chat,session_000846
synthetic_user_0140,a18002e2-24a3-4da4-b558-ea8cadcb047e,2025-10-21 00:02:42,download,session_000846
synthetic_user_0140,a18002e2-24a3-4da4-b558-ea8cadcb047e,2025-10-21 00:04:20,bookmark,session_000846
synthetic_user_0171,40a8032b-e43c-43dc-ba5f-d650f1c0a979,2025-10-21 00:56:20,view,session_001047
synthetic_user_0171,40a8032b-e43c-43dc-ba5f-d650f1c0a979,2025-10-21 00:58:54,download,session_001047
synthetic_user_0171,40a8032b-e43c-43dc-ba5f-d650f1c0a979,2025-10-21 01:07:21,chat,session_001047
synthetic_user_0171,40a8032b-e43c-43dc-ba5f-d650f1c0a979,2025-10-21 01:08:42,like,session_001047
synthetic_user_0171,40a8032b-e43c-43dc-ba5f-d650f1c0a979,2025-10-21 01:13:17,bookmark,session_001047
synthetic_user_0097,581c8e36-7a51-4e8e-ac1d-6e9c1d54940f,2025-10-21 03:31:03,view,session_000590
synthetic_user_0028,dcd20897-e14a-43fc-b2ba-66bb4a569874,2025-10-21 08:57:04,view,session_000128
synthetic_user_0028,dcd20897-e14a-43fc-b2ba-66bb4a569874,2025-10-21 09:13:11,chat,session_000128
synthetic_user_0031,8706bbb8-8343-4edc-9af4-244b9cad76aa,2025-10-21 18:13:32,view,session_000152
synthetic_user_0031,8706bbb8-8343-4edc-9af4-244b9cad76aa,2025-10-21 18:21:56,download,session_000152
synthetic_user_0031,8706bbb8-8343-4edc-9af4-244b9cad76aa,2025-10-21 18:23:40,bookmark,session_000152
synthetic_user_0091,581c8e36-7a51-4e8e-ac1d-6e9c1d54940f,2025-10-21 18:57:21,view,session_000542
synthetic_user_0173,8b44ea69-a5bb-4779-8c63-bf20e4da58c7,2025-10-21 21:31:06,view,session_001070
synthetic_user_0173,8b44ea69-a5bb-4779-8c63-bf20e4da58c7,2025-10-21 21:33:36,download,session_001070
synthetic_user_0151,a8231f34-c157-4fcd-b08a-5a3420cc0cee,2025-10-21 22:24:41,view,session_000922
synthetic_user_0151,a8231f34-c157-4fcd-b08a-5a3420cc0cee,2025-10-21 22:48:56,chat,session_000922
synthetic_user_0165,f6081dfd-75ec-4719-a05b-6ec1f95df15f,2025-10-21 23:41:41,view,session_001002
synthetic_user_0165,f6081dfd-75ec-4719-a05b-6ec1f95df15f,2025-10-22 00:05:41,chat,session_001002
synthetic_user_0159,945e447f-c018-4d92-b5e5-2f1f7a11bd56,2025-10-22 00:35:49,view,session_000967
synthetic_user_0167,945e447f-c018-4d92-b5e5-2f1f7a11bd56,2025-10-22 01:06:51,view,session_001011
synthetic_user_0173,8b44ea69-a5bb-4779-8c63-bf20e4da58c7,2025-10-22 01:52:24,view,session_001071
synthetic_user_0173,8b44ea69-a5bb-4779-8c63-bf20e4da58c7,2025-10-22 02:00:56,download,session_001071
synthetic_user_0197,8706bbb8-8343-4edc-9af4-244b9cad76aa,2025-10-22 02:51:28,view,session_001217
synthetic_user_0197,8706bbb8-8343-4edc-9af4-244b9cad76aa,2025-10-22 03:08:22,chat,session_001217
synthetic_user_0188,98a77293-8faf-4d27-8248-6eb91f481d8f,2025-10-22 03:40:35,view,session_001159
synthetic_user_0188,98a77293-8faf-4d27-8248-6eb91f481d8f,2025-10-22 03:56:11,download,session_001159
synthetic_user_0188,98a77293-8faf-4d27-8248-6eb91f481d8f,2025-10-22 04:00:32,like,session_001159
synthetic_user_0188,98a77293-8faf-4d27-8248-6eb91f481d8f,2025-10-22 04:09:34,bookmark,session_001159
synthetic_user_0171,40a8032b-e43c-43dc-ba5f-d650f1c0a979,2025-10-22 04:58:28,view,session_001048
synthetic_user_0171,40a8032b-e43c-43dc-ba5f-d650f1c0a979,2025-10-22 05:11:36,download,session_001048
synthetic_user_0171,40a8032b-e43c-43dc-ba5f-d650f1c0a979,2025-10-22 05:19:48,like,session_001048
synthetic_user_0049,2c1e63cb-30f5-4e05-92af-ea93368ef4ab,2025-10-22 07:53:51,view,session_000236
synthetic_user_0049,2c1e63cb-30f5-4e05-92af-ea93368ef4ab,2025-10-22 08:02:03,download,session_000236
synthetic_user_0093,b1e94dc4-e19f-4e9b-85e1-69c3b4ab0e97,2025-10-22 08:42:49,view,session_000560
synthetic_user_0093,b1e94dc4-e19f-4e9b-85e1-69c3b4ab0e97,2025-10-22 08:52:34,download,session_000560
synthetic_user_0093,b1e94dc4-e19f-4e9b-85e1-69c3b4ab0e97,2025-10-22 08:53:38,like,session_000560
synthetic_user_0093,b1e94dc4-e19f-4e9b-85e1-69c3b4ab0e97,2025-10-22 09:04:50,bookmark,session_000560
synthetic_user_0026,09593622-ad83-4d14-8236-17bea51dbb13,2025-10-22 22:59:35,view,session_000106
synthetic_user_0134,95461cac-4301-4ade-8b3c-98201e8731db,2025-10-23 01:50:42,view,session_000819
synthetic_user_0198,a18002e2-24a3-4da4-b558-ea8cadcb047e,2025-10-23 18:17:38,view,session_001228
synthetic_user_0190,09593622-ad83-4d14-8236-17bea51dbb13,2025-10-24 03:17:49,view,session_001171
synthetic_user_0160,7c1af9a0-cf09-4356-8c0d-d762fbb21208,2025-10-24 05:08:26,view,session_000972
synthetic_user_0109,7c1af9a0-cf09-4356-8c0d-d762fbb21208,2025-10-24 05:19:43,view,session_000644
synthetic_user_0109,7c1af9a0-cf09-4356-8c0d-d762fbb21208,2025-10-24 05:28:08,download,session_000644
synthetic_user_0076,c5310615-4076-41e9-9064-736593600471,2025-10-24 20:19:00,view,session_000421
synthetic_user_0145,2c1e63cb-30f5-4e05-92af-ea93368ef4ab,2025-10-24 23:52:09,view,session_000879
synthetic_user_0145,2c1e63cb-30f5-4e05-92af-ea93368ef4ab,2025-10-25 00:02:54,chat,session_000879
synthetic_user_0016,f6081dfd-75ec-4719-a05b-6ec1f95df15f,2025-10-25 03:25:33,view,session_000033
synthetic_user_0177,8706bbb8-8343-4edc-9af4-244b9cad76aa,2025-10-25 03:32:23,view,session_001099
synthetic_user_0088,8706bbb8-8343-4edc-9af4-244b9cad76aa,2025-10-25 04:53:44,view,session_000520
synthetic_user_0088,8706bbb8-8343-4edc-9af4-244b9cad76aa,2025-10-25 05:00:27,download,session_000520
synthetic_user_0104,8706bbb8-8343-4edc-9af4-244b9cad76aa,2025-10-25 05:26:51,view,session_000622
synthetic_user_0104,8706bbb8-8343-4edc-9af4-244b9cad76aa,2025-10-25 05:42:24,download,session_000622
synthetic_user_0104,8706bbb8-8343-4edc-9af4-244b9cad76aa,2025-10-25 05:53:12,bookmark,session_000622
synthetic_user_0113,087164bc-8a57-44b1-bd06-0644f475917b,2025-10-25 07:10:03,view,session_000690
synthetic_user_0113,087164bc-8a57-44b1-bd06-0644f475917b,2025-10-25 07:25:55,download,session_000690
synthetic_user_0180,8706bbb8-8343-4edc-9af4-244b9cad76aa,2025-10-25 08:00:23,view,session_001121
synthetic_user_0180,8706bbb8-8343-4edc-9af4-244b9cad76aa,2025-10-25 08:23:38,chat,session_001121
synthetic_user_0200,830353af-6497-4bc7-bab8-08114b64b682,2025-10-25 21:16:13,view,session_001238
synthetic_user_0200,830353af-6497-4bc7-bab8-08114b64b682,2025-10-25 21:19:53,download,session_001238
synthetic_user_0200,830353af-6497-4bc7-bab8-08114b64b682,2025-10-25 21:36:34,chat,session_001238
synthetic_user_0055,09593622-ad83-4d14-8236-17bea51dbb13,2025-10-25 22:01:24,view,session_000276
synthetic_user_0015,a18002e2-24a3-4da4-b558-ea8cadcb047e,2025-10-25 23:10:23,view,session_000026
synthetic_user_0197,8706bbb8-8343-4edc-9af4-244b9cad76aa,2025-10-26 00:42:30,view,session_001218
synthetic_user_0197,8706bbb8-8343-4edc-9af4-244b9cad76aa,2025-10-26 00:53:26,download,session_001218
synthetic_user_0085,7c1af9a0-cf09-4356-8c0d-d762fbb21208,2025-10-26 00:53:35,view,session_000499
synthetic_user_0170,59bf0b38-d7b5-4024-a66e-a03f1b47095d,2025-10-26 02:58:05,view,session_001043
synthetic_user_0079,830353af-6497-4bc7-bab8-08114b64b682,2025-10-26 19:49:03,view,session_000457
synthetic_user_0079,830353af-6497-4bc7-bab8-08114b64b682,2025-10-26 20:00:12,download,session_000457
synthetic_user_0079,830353af-6497-4bc7-bab8-08114b64b682,2025-10-26 20:15:49,chat,session_000457
synthetic_user_0180,8706bbb8-8343-4edc-9af4-244b9cad76aa,2025-10-27 06:26:36,view,session_001122
synthetic_user_0149,5a0f55cf-16af-4459-9030-0c7c6e11207f,2025-10-27 06:37:11,view,session_000914
synthetic_user_0180,8706bbb8-8343-4edc-9af4-244b9cad76aa,2025-10-27 06:54:33,chat,session_001122
synthetic_user_0054,8706bbb8-8343-4edc-9af4-244b9cad76aa,2025-10-27 23:56:26,view,session_000268
synthetic_user_0054,8706bbb8-8343-4edc-9af4-244b9cad76aa,2025-10-28 00:06:24,download,session_000268
synthetic_user_0194,a18002e2-24a3-4da4-b558-ea8cadcb047e,2025-10-28 01:24:18,view,session_001200
synthetic_user_0194,a18002e2-24a3-4da4-b558-ea8cadcb047e,2025-10-28 01:26:43,download,session_001200
synthetic_user_0052,8b44ea69-a5bb-4779-8c63-bf20e4da58c7,2025-10-28 06:43:14,view,session_000253
synthetic_user_0052,8b44ea69-a5bb-4779-8c63-bf20e4da58c7,2025-10-28 06:46:35,download,session_000253
synthetic_user_0052,8b44ea69-a5bb-4779-8c63-bf20e4da58c7,2025-10-28 06:51:01,like,session_000253
synthetic_user_0054,dbcab77a-8d8a-4721-b07d-d5d9ecc7874d,2025-10-28 07:34:56,view,session_000269
synthetic_user_0051,e72c3d3b-cf36-4cc4-9a40-d8cc5d28df84,2025-10-28 07:51:24,view,session_000241
synthetic_user_0121,2c1e63cb-30f5-4e05-92af-ea93368ef4ab,2025-10-29 07:48:07,view,session_000740
synthetic_user_0121,2c1e63cb-30f5-4e05-92af-ea93368ef4ab,2025-10-29 08:04:28,chat,session_000740
synthetic_user_0024,fbb68aab-9b3b-4e24-9109-ea047f927347,2025-10-29 18:25:03,view,session_000093
synthetic_user_0024,fbb68aab-9b3b-4e24-9109-ea047f927347,2025-10-29 18:46:11,chat,session_000093
synthetic_user_0016,59bf0b38-d7b5-4024-a66e-a03f1b47095d,2025-10-29 19:25:55,view,session_000034
synthetic_user_0054,8706bbb8-8343-4edc-9af4-244b9cad76aa,2025-10-29 22:24:41,view,session_000270
synthetic_user_0054,8706bbb8-8343-4edc-9af4-244b9cad76aa,2025-10-29 22:38:09,download,session_000270
synthetic_user_0145,2c1e63cb-30f5-4e05-92af-ea93368ef4ab,2025-10-29 22:47:13,view,session_000880
synthetic_user_0145,2c1e63cb-30f5-4e05-92af-ea93368ef4ab,2025-10-29 22:50:41,download,session_000880
synthetic_user_0145,2c1e63cb-30f5-4e05-92af-ea93368ef4ab,2025-10-29 22:54:44,bookmark,session_000880
synthetic_user_0193,dcf38bea-591e-47ae-aaaf-e01b841cc3b3,2025-10-30 18:46:01,view,session_001192
synthetic_user_0193,dcf38bea-591e-47ae-aaaf-e01b841cc3b3,2025-10-30 18:59:15,download,session_001192
synthetic_user_0193,dcf38bea-591e-47ae-aaaf-e01b841cc3b3,2025-10-30 19:03:13,like,session_001192
synthetic_user_0162,8706bbb8-8343-4edc-9af4-244b9cad76aa,2025-10-30 20:07:14,view,session_000984
synthetic_user_0042,dcd20897-e14a-43fc-b2ba-66bb4a569874,2025-10-30 21:31:40,view,session_000207
synthetic_user_0042,dcd20897-e14a-43fc-b2ba-66bb4a569874,2025-10-30 21:41:29,download,session_000207
synthetic_user_0042,dcd20897-e14a-43fc-b2ba-66bb4a569874,2025-10-30 21:45:31,bookmark,session_000207
synthetic_user_0042,dcd20897-e14a-43fc-b2ba-66bb4a569874,2025-10-30 21:51:33,like,session_000207
synthetic_user_0157,830353af-6497-4bc7-bab8-08114b64b682,2025-10-30 23:45:26,view,session_000957
synthetic_user_0157,830353af-6497-4bc7-bab8-08114b64b682,2025-10-30 23:55:42,chat,session_000957
synthetic_user_0137,f6081dfd-75ec-4719-a05b-6ec1f95df15f,2025-10-31 01:47:04,view,session_000837
synthetic_user_0096,ea97dfce-6731-4b1d-9b03-485d04de4867,2025-10-31 04:54:58,view,session_000586
synthetic_user_0161,a18002e2-24a3-4da4-b558-ea8cadcb047e,2025-10-31 04:59:02,view,session_000980
synthetic_user_0096,ea97dfce-6731-4b1d-9b03-485d04de4867,2025-10-31 05:09:54,download,session_000586
synthetic_user_0096,ea97dfce-6731-4b1d-9b03-485d04de4867,2025-10-31 05:21:57,bookmark,session_000586
synthetic_user_0060,5a0f55cf-16af-4459-9030-0c7c6e11207f,2025-10-31 08:37:30,view,session_000311
synthetic_user_0060,5a0f55cf-16af-4459-9030-0c7c6e11207f,2025-10-31 08:44:30,download,session_000311
synthetic_user_0044,7c1af9a0-cf09-4356-8c0d-d762fbb21208,2025-10-31 18:02:54,view,session_000217
synthetic_user_0118,f6081dfd-75ec-4719-a05b-6ec1f95df15f,2025-10-31 18:05:26,view,session_000722
synthetic_user_0043,a8231f34-c157-4fcd-b08a-5a3420cc0cee,2025-10-31 18:19:42,view,session_000212
synthetic_user_0066,5a0f55cf-16af-4459-9030-0c7c6e11207f,2025-10-31 22:01:58,view,session_000342
synthetic_user_0066,5a0f55cf-16af-4459-9030-0c7c6e11207f,2025-10-31 22:31:32,chat,session_000342
synthetic_user_0086,a18002e2-24a3-4da4-b558-ea8cadcb047e,2025-11-01 05:36:39,view,session_000507
synthetic_user_0086,a18002e2-24a3-4da4-b558-ea8cadcb047e,2025-11-01 05:57:58,chat,session_000507
synthetic_user_0109,7c1af9a0-cf09-4356-8c0d-d762fbb21208,2025-11-01 07:28:14,view,session_000645
synthetic_user_0141,40a8032b-e43c-43dc-ba5f-d650f1c0a979,2025-11-01 21:06:22,view,session_000853
synthetic_user_0027,dcd20897-e14a-43fc-b2ba-66bb4a569874,2025-11-01 22:23:39,view,session_000120
synthetic_user_0053,8706bbb8-8343-4edc-9af4-244b9cad76aa,2025-11-02 01:11:10,view,session_000264
synthetic_user_0067,087164bc-8a57-44b1-bd06-0644f475917b,2025-11-02 02:06:18,view,session_000350
synthetic_user_0117,a8231f34-c157-4fcd-b08a-5a3420cc0cee,2025-11-02 08:19:57,view,session_000714
synthetic_user_0117,a8231f34-c157-4fcd-b08a-5a3420cc0cee,2025-11-02 08:24:24,download,session_000714
synthetic_user_0117,a8231f34-c157-4fcd-b08a-5a3420cc0cee,2025-11-02 08:33:45,bookmark,session_000714
synthetic_user_0077,ea97dfce-6731-4b1d-9b03-485d04de4867,2025-11-02 18:12:29,view,session_000430
synthetic_user_0112,8706bbb8-8343-4edc-9af4-244b9cad76aa,2025-11-02 22:19:05,view,session_000681
synthetic_user_0178,7c1af9a0-cf09-4356-8c0d-d762fbb21208,2025-11-03 04:01:11,view,session_001107
synthetic_user_0124,e72c3d3b-cf36-4cc4-9a40-d8cc5d28df84,2025-11-03 05:37:36,view,session_000755
synthetic_user_0124,e72c3d3b-cf36-4cc4-9a40-d8cc5d28df84,2025-11-03 05:49:04,chat,session_000755
synthetic_user_0148,2c1e63cb-30f5-4e05-92af-ea93368ef4ab,2025-11-03 19:25:00,view,session_000898
synthetic_user_0132,581c8e36-7a51-4e8e-ac1d-6e9c1d54940f,2025-11-03 19:39:48,view,session_000802
synthetic_user_0168,8706bbb8-8343-4edc-9af4-244b9cad76aa,2025-11-04 05:12:26,view,session_001027
synthetic_user_0151,a8231f34-c157-4fcd-b08a-5a3420cc0cee,2025-11-04 08:10:25,view,session_000923
synthetic_user_0181,dcf38bea-591e-47ae-aaaf-e01b841cc3b3,2025-11-05 00:30:42,view,session_001136
synthetic_user_0181,dcf38bea-591e-47ae-aaaf-e01b841cc3b3,2025-11-05 00:42:57,download,session_001136
synthetic_user_0137,dcd20897-e14a-43fc-b2ba-66bb4a569874,2025-11-05 00:57:55,view,session_000838
synthetic_user_0023,40a8032b-e43c-43dc-ba5f-d650f1c0a979,2025-11-05 02:06:20,view,session_000088
synthetic_user_0193,c5310615-4076-41e9-9064-736593600471,2025-11-05 06:24:05,view,session_001193
synthetic_user_0193,c5310615-4076-41e9-9064-736593600471,2025-11-05 06:26:53,download,session_001193
synthetic_user_0193,c5310615-4076-41e9-9064-736593600471,2025-11-05 06:34:43,bookmark,session_001193
synthetic_user_0060,dcd20897-e14a-43fc-b2ba-66bb4a569874,2025-11-05 06:36:43,view,session_000312
synthetic_user_0024,fbb68aab-9b3b-4e24-9109-ea047f927347,2025-11-06 03:35:12,view,session_000094
synthetic_user_0024,fbb68aab-9b3b-4e24-9109-ea047f927347,2025-11-06 03:46:59,download,session_000094
synthetic_user_0037,85526add-cd5a-4107-a07e-62ff3f493082,2025-11-06 04:31:26,view,session_000185
synthetic_user_0082,2c1e63cb-30f5-4e05-92af-ea93368ef4ab,2025-11-06 08:49:09,view,session_000476
synthetic_user_0082,2c1e63cb-30f5-4e05-92af-ea93368ef4ab,2025-11-06 09:03:21,download,session_000476
synthetic_user_0082,2c1e63cb-30f5-4e05-92af-ea93368ef4ab,2025-11-06 09:06:22,like,session_000476
synthetic_user_0082,2c1e63cb-30f5-4e05-92af-ea93368ef4ab,2025-11-07 04:59:36,view,session_000477
synthetic_user_0135,7c1af9a0-cf09-4356-8c0d-d762fbb21208,2025-11-07 07:48:45,view,session_000826
synthetic_user_0125,85526add-cd5a-4107-a07e-62ff3f493082,2025-11-07 18:26:30,view,session_000764
synthetic_user_0125,85526add-cd5a-4107-a07e-62ff3f493082,2025-11-07 18:51:04,chat,session_000764
synthetic_user_0176,8b44ea69-a5bb-4779-8c63-bf20e4da58c7,2025-11-07 21:27:37,view,session_001093
synthetic_user_0176,8b44ea69-a5bb-4779-8c63-bf20e4da58c7,2025-11-07 21:31:34,download,session_001093
synthetic_user_0176,8b44ea69-a5bb-4779-8c63-bf20e4da58c7,2025-11-07 21:37:12,like,session_001093
synthetic_user_0125,e06a75b5-86f9-4daf-b871-0fba7b7ba57d,2025-11-07 23:04:55,view,session_000765
synthetic_user_0197,8706bbb8-8343-4edc-9af4-244b9cad76aa,2025-11-07 23:19:32,view,session_001219
synthetic_user_0197,8706bbb8-8343-4edc-9af4-244b9cad76aa,2025-11-07 23:27:05,download,session_001219
synthetic_user_0197,8706bbb8-8343-4edc-9af4-244b9cad76aa,2025-11-07 23:37:24,like,session_001219
synthetic_user_0030,09593622-ad83-4d14-8236-17bea51dbb13,2025-11-08 02:33:08,view,session_000140
synthetic_user_0178,7c1af9a0-cf09-4356-8c0d-d762fbb21208,2025-11-08 20:52:47,view,session_001108
synthetic_user_0053,8706bbb8-8343-4edc-9af4-244b9cad76aa,2025-11-08 21:51:12,view,session_000265
synthetic_user_0123,8706bbb8-8343-4edc-9af4-244b9cad76aa,2025-11-08 21:56:34,view,session_000749
synthetic_user_0053,8706bbb8-8343-4edc-9af4-244b9cad76aa,2025-11-08 22:01:37,download,session_000265
synthetic_user_0123,8706bbb8-8343-4edc-9af4-244b9cad76aa,2025-11-08 22:03:58,download,session_000749
synthetic_user_0197,8706bbb8-8343-4edc-9af4-244b9cad76aa,2025-11-09 06:07:15,view,session_001220
synthetic_user_0197,8706bbb8-8343-4edc-9af4-244b9cad76aa,2025-11-09 06:20:56,chat,session_001220
synthetic_user_0095,8706bbb8-8343-4edc-9af4-244b9cad76aa,2025-11-09 19:02:47,view,session_000573
synthetic_user_0190,09593622-ad83-4d14-8236-17bea51dbb13,2025-11-09 19:14:19,view,session_001172
synthetic_user_0163,fbb68aab-9b3b-4e24-9109-ea047f927347,2025-11-09 19:17:58,view,session_000986
synthetic_user_0163,fbb68aab-9b3b-4e24-9109-ea047f927347,2025-11-09 19:27:25,download,session_000986
synthetic_user_0046,8706bbb8-8343-4edc-9af4-244b9cad76aa,2025-11-09 21:34:22,view,session_000223
synthetic_user_0115,087164bc-8a57-44b1-bd06-0644f475917b,2025-11-10 01:27:07,view,session_000706
synthetic_user_0096,ea97dfce-6731-4b1d-9b03-485d04de4867,2025-11-10 01:31:11,view,session_000587
synthetic_user_0096,ea97dfce-6731-4b1d-9b03-485d04de4867,2025-11-10 01:43:57,chat,session_000587
synthetic_user_0069,581c8e36-7a51-4e8e-ac1d-6e9c1d54940f,2025-11-10 07:07:42,view,session_000370
synthetic_user_0069,581c8e36-7a51-4e8e-ac1d-6e9c1d54940f,2025-11-10 07:33:14,chat,session_000370
synthetic_user_0041,45a799e0-5716-4209-b489-bd8f9ef13974,2025-11-10 08:26:39,view,session_000203
synthetic_user_0033,c5310615-4076-41e9-9064-736593600471,2025-11-10 19:05:00,view,session_000161
synthetic_user_0033,c5310615-4076-41e9-9064-736593600471,2025-11-10 19:15:05,download,session_000161
synthetic_user_0090,33f6e3a9-237d-433e-b4b6-238e44c80117,2025-11-10 22:55:42,view,session_000535
synthetic_user_0087,830353af-6497-4bc7-bab8-08114b64b682,2025-11-11 05:55:33,view,session_000513
synthetic_user_0144,945e447f-c018-4d92-b5e5-2f1f7a11bd56,2025-11-11 06:30:01,view,session_000867
synthetic_user_0069,581c8e36-7a51-4e8e-ac1d-6e9c1d54940f,2025-11-11 21:26:51,view,session_000371
synthetic_user_0069,581c8e36-7a51-4e8e-ac1d-6e9c1d54940f,2025-11-11 21:33:50,download,session_000371
synthetic_user_0069,581c8e36-7a51-4e8e-ac1d-6e9c1d54940f,2025-11-11 21:41:28,like,session_000371
synthetic_user_0051,e72c3d3b-cf36-4cc4-9a40-d8cc5d28df84,2025-11-11 23:59:53,view,session_000242
synthetic_user_0051,e72c3d3b-cf36-4cc4-9a40-d8cc5d28df84,2025-11-12 00:13:51,download,session_000242
synthetic_user_0051,e72c3d3b-cf36-4cc4-9a40-d8cc5d28df84,2025-11-12 00:16:45,like,session_000242
synthetic_user_0084,a18002e2-24a3-4da4-b558-ea8cadcb047e,2025-11-12 00:35:24,view,session_000491
synthetic_user_0084,a18002e2-24a3-4da4-b558-ea8cadcb047e,2025-11-12 00:39:31,download,session_000491
synthetic_user_0017,dcd20897-e14a-43fc-b2ba-66bb4a569874,2025-11-12 00:49:21,view,session_000043
synthetic_user_0017,dcd20897-e14a-43fc-b2ba-66bb4a569874,2025-11-12 00:56:40,download,session_000043
synthetic_user_0084,a18002e2-24a3-4da4-b558-ea8cadcb047e,2025-11-12 01:04:40,chat,session_000491
synthetic_user_0055,09593622-ad83-4d14-8236-17bea51dbb13,2025-11-12 18:10:54,view,session_000277
synthetic_user_0155,8706bbb8-8343-4edc-9af4-244b9cad76aa,2025-11-12 19:26:31,view,session_000948
synthetic_user_0180,8706bbb8-8343-4edc-9af4-244b9cad76aa,2025-11-13 02:55:04,view,session_001123
synthetic_user_0183,a8231f34-c157-4fcd-b08a-5a3420cc0cee,2025-11-13 05:59:15,view,session_001146
synthetic_user_0159,8706bbb8-8343-4edc-9af4-244b9cad76aa,2025-11-14 00:25:38,view,session_000968
synthetic_user_0159,8706bbb8-8343-4edc-9af4-244b9cad76aa,2025-11-14 00:32:13,download,session_000968
synthetic_user_0159,8706bbb8-8343-4edc-9af4-244b9cad76aa,2025-11-14 00:36:15,like,session_000968
synthetic_user_0197,8706bbb8-8343-4edc-9af4-244b9cad76aa,2025-11-14 02:25:24,view,session_001221
synthetic_user_0197,8706bbb8-8343-4edc-9af4-244b9cad76aa,2025-11-14 02:28:00,download,session_001221
synthetic_user_0106,8706bbb8-8343-4edc-9af4-244b9cad76aa,2025-11-14 04:51:19,view,session_000631
synthetic_user_0106,8706bbb8-8343-4edc-9af4-244b9cad76aa,2025-11-14 04:55:51,download,session_000631
synthetic_user_0174,7c1af9a0-cf09-4356-8c0d-d762fbb21208,2025-11-14 06:09:49,view,session_001082
synthetic_user_0144,fbb68aab-9b3b-4e24-9109-ea047f927347,2025-11-14 06:24:27,view,session_000868
synthetic_user_0021,8b44ea69-a5bb-4779-8c63-bf20e4da58c7,2025-11-15 19:12:50,view,session_000076
synthetic_user_0021,8b44ea69-a5bb-4779-8c63-bf20e4da58c7,2025-11-15 19:28:31,chat,session_000076
synthetic_user_0198,85526add-cd5a-4107-a07e-62ff3f493082,2025-11-15 21:44:32,view,session_001229
synthetic_user_0072,8706bbb8-8343-4edc-9af4-244b9cad76aa,2025-11-16 02:06:35,view,session_000392
synthetic_user_0179,581c8e36-7a51-4e8e-ac1d-6e9c1d54940f,2025-11-16 05:36:21,view,session_001113
synthetic_user_0088,40a8032b-e43c-43dc-ba5f-d650f1c0a979,2025-11-17 05:28:39,view,session_000521
synthetic_user_0088,40a8032b-e43c-43dc-ba5f-d650f1c0a979,2025-11-17 05:36:04,download,session_000521
synthetic_user_0088,40a8032b-e43c-43dc-ba5f-d650f1c0a979,2025-11-17 05:42:54,like,session_000521
synthetic_user_0118,2c1e63cb-30f5-4e05-92af-ea93368ef4ab,2025-11-17 08:45:19,view,session_000723
synthetic_user_0163,b1e94dc4-e19f-4e9b-85e1-69c3b4ab0e97,2025-11-18 01:42:23,view,session_000987
synthetic_user_0074,ea97dfce-6731-4b1d-9b03-485d04de4867,2025-11-18 03:08:36,view,session_000405
synthetic_user_0125,dcd20897-e14a-43fc-b2ba-66bb4a569874,2025-11-18 03:19:36,view,session_000766
synthetic_user_0125,dcd20897-e14a-43fc-b2ba-66bb4a569874,2025-11-18 03:24:53,chat,session_000766
synthetic_user_0111,8706bbb8-8343-4edc-9af4-244b9cad76aa,2025-11-18 07:47:29,view,session_000667
synthetic_user_0111,8706bbb8-8343-4edc-9af4-244b9cad76aa,2025-11-18 07:49:44,download,session_000667
synthetic_user_0133,98a77293-8faf-4d27-8248-6eb91f481d8f,2025-11-18 18:23:00,view,session_000811
synthetic_user_0111,8706bbb8-8343-4edc-9af4-244b9cad76aa,2025-11-18 22:59:40,view,session_000668
synthetic_user_0111,8706bbb8-8343-4edc-9af4-244b9cad76aa,2025-11-18 23:05:48,download,session_000668
synthetic_user_0111,8706bbb8-8343-4edc-9af4-244b9cad76aa,2025-11-18 23:11:30,like,session_000668
synthetic_user_0069,dbcab77a-8d8a-4721-b07d-d5d9ecc7874d,2025-11-18 23:46:07,view,session_000372
synthetic_user_0069,dbcab77a-8d8a-4721-b07d-d5d9ecc7874d,2025-11-18 23:49:20,download,session_000372
synthetic_user_0074,45a799e0-5716-4209-b489-bd8f9ef13974,2025-11-19 04:14:52,view,session_000406
synthetic_user_0074,45a799e0-5716-4209-b489-bd8f9ef13974,2025-11-19 04:25:51,download,session_000406
synthetic_user_0019,8b44ea69-a5bb-4779-8c63-bf20e4da58c7,2025-11-19 08:51:33,view,session_000067
synthetic_user_0019,8b44ea69-a5bb-4779-8c63-bf20e4da58c7,2025-11-19 09:00:55,download,session_000067
synthetic_user_0175,09593622-ad83-4d14-8236-17bea51dbb13,2025-11-19 18:37:33,view,session_001089
synthetic_user_0175,09593622-ad83-4d14-8236-17bea51dbb13,2025-11-19 18:40:04,download,session_001089
synthetic_user_0175,09593622-ad83-4d14-8236-17bea51dbb13,2025-11-19 18:51:13,bookmark,session_001089
synthetic_user_0087,830353af-6497-4bc7-bab8-08114b64b682,2025-11-19 22:49:20,view,session_000514
synthetic_user_0087,830353af-6497-4bc7-bab8-08114b64b682,2025-11-19 23:19:02,chat,session_000514
synthetic_user_0103,95461cac-4301-4ade-8b3c-98201e8731db,2025-11-20 03:42:44,view,session_000612
synthetic_user_0199,8706bbb8-8343-4edc-9af4-244b9cad76aa,2025-11-20 05:08:19,view,session_001233
synthetic_user_0135,7c1af9a0-cf09-4356-8c0d-d762fbb21208,2025-11-20 05:34:58,view,session_000827
synthetic_user_0115,8b44ea69-a5bb-4779-8c63-bf20e4da58c7,2025-11-20 08:59:31,view,session_000707
synthetic_user_0096,8b44ea69-a5bb-4779-8c63-bf20e4da58c7,2025-11-20 20:42:59,view,session_000588
synthetic_user_0096,8b44ea69-a5bb-4779-8c63-bf20e4da58c7,2025-11-20 20:55:56,download,session_000588
synthetic_user_0180,8b44ea69-a5bb-4779-8c63-bf20e4da58c7,2025-11-20 23:11:43,view,session_001124
synthetic_user_0180,8b44ea69-a5bb-4779-8c63-bf20e4da58c7,2025-11-20 23:19:39,download,session_001124
synthetic_user_0180,8b44ea69-a5bb-4779-8c63-bf20e4da58c7,2025-11-20 23:29:31,bookmark,session_001124
synthetic_user_0018,830353af-6497-4bc7-bab8-08114b64b682,2025-11-21 03:28:29,view,session_000051
synthetic_user_0018,830353af-6497-4bc7-bab8-08114b64b682,2025-11-21 03:35:44,download,session_000051
synthetic_user_0018,830353af-6497-4bc7-bab8-08114b64b682,2025-11-21 03:39:45,bookmark,session_000051
synthetic_user_0037,7c1af9a0-cf09-4356-8c0d-d762fbb21208,2025-11-21 04:31:26,view,session_000186
synthetic_user_0077,59bf0b38-d7b5-4024-a66e-a03f1b47095d,2025-11-21 05:49:06,view,session_000431
synthetic_user_0077,59bf0b38-d7b5-4024-a66e-a03f1b47095d,2025-11-21 05:53:37,download,session_000431
synthetic_user_0077,59bf0b38-d7b5-4024-a66e-a03f1b47095d,2025-11-21 06:03:58,like,session_000431
synthetic_user_0080,e06a75b5-86f9-4daf-b871-0fba7b7ba57d,2025-11-21 21:15:04,view,session_000462
synthetic_user_0049,c5310615-4076-41e9-9064-736593600471,2025-11-21 23:07:02,view,session_000237
synthetic_user_0113,087164bc-8a57-44b1-bd06-0644f475917b,2025-11-22 00:39:27,view,session_000691
synthetic_user_0155,8706bbb8-8343-4edc-9af4-244b9cad76aa,2025-11-22 02:31:51,view,session_000949
synthetic_user_0130,ea97dfce-6731-4b1d-9b03-485d04de4867,2025-11-22 07:17:36,view,session_000790
synthetic_user_0130,ea97dfce-6731-4b1d-9b03-485d04de4867,2025-11-22 07:29:37,download,session_000790
synthetic_user_0110,e06a75b5-86f9-4daf-b871-0fba7b7ba57d,2025-11-22 23:51:55,view,session_000652
synthetic_user_0194,a18002e2-24a3-4da4-b558-ea8cadcb047e,2025-11-23 00:05:14,view,session_001201
synthetic_user_0194,a18002e2-24a3-4da4-b558-ea8cadcb047e,2025-11-23 00:19:54,download,session_001201
synthetic_user_0194,a18002e2-24a3-4da4-b558-ea8cadcb047e,2025-11-23 00:23:07,bookmark,session_001201
synthetic_user_0057,59bf0b38-d7b5-4024-a66e-a03f1b47095d,2025-11-23 04:46:15,view,session_000296
synthetic_user_0057,59bf0b38-d7b5-4024-a66e-a03f1b47095d,2025-11-23 04:52:57,chat,session_000296
synthetic_user_0026,09593622-ad83-4d14-8236-17bea51dbb13,2025-11-23 05:17:08,view,session_000107
synthetic_user_0180,830353af-6497-4bc7-bab8-08114b64b682,2025-11-23 05:58:46,view,session_001125
synthetic_user_0180,830353af-6497-4bc7-bab8-08114b64b682,2025-11-23 06:02:37,download,session_001125
synthetic_user_0119,7c1af9a0-cf09-4356-8c0d-d762fbb21208,2025-11-23 07:53:25,view,session_000728
synthetic_user_0133,98a77293-8faf-4d27-8248-6eb91f481d8f,2025-11-23 19:22:01,view,session_000812
synthetic_user_0173,fbb68aab-9b3b-4e24-9109-ea047f927347,2025-11-23 23:13:52,view,session_001072
synthetic_user_0064,8706bbb8-8343-4edc-9af4-244b9cad76aa,2025-11-24 03:55:43,view,session_000332
synthetic_user_0180,5a0f55cf-16af-4459-9030-0c7c6e11207f,2025-11-24 04:33:31,view,session_001126
synthetic_user_0012,c5310615-4076-41e9-9064-736593600471,2025-11-24 07:14:21,view,session_000013
synthetic_user_0167,945e447f-c018-4d92-b5e5-2f1f7a11bd56,2025-11-24 18:09:49,view,session_001012
synthetic_user_0150,dcf38bea-591e-47ae-aaaf-e01b841cc3b3,2025-11-24 19:11:55,view,session_000917
synthetic_user_0150,dcf38bea-591e-47ae-aaaf-e01b841cc3b3,2025-11-24 19:25:57,download,session_000917
synthetic_user_0150,dcf38bea-591e-47ae-aaaf-e01b841cc3b3,2025-11-24 19:28:29,like,session_000917
synthetic_user_0074,40a8032b-e43c-43dc-ba5f-d650f1c0a979,2025-11-24 19:46:17,view,session_000407
synthetic_user_0074,40a8032b-e43c-43dc-ba5f-d650f1c0a979,2025-11-24 19:57:58,download,session_000407
synthetic_user_0074,40a8032b-e43c-43dc-ba5f-d650f1c0a979,2025-11-24 20:11:16,bookmark,session_000407
synthetic_user_0141,bd6bddb1-3e29-4767-a194-6196e46f7456,2025-11-24 23:11:00,view,session_000854
synthetic_user_0195,85526add-cd5a-4107-a07e-62ff3f493082,2025-11-24 23:41:15,view,session_001205
synthetic_user_0195,85526add-cd5a-4107-a07e-62ff3f493082,2025-11-24 23:51:10,download,session_001205
synthetic_user_0195,85526add-cd5a-4107-a07e-62ff3f493082,2025-11-24 23:58:41,bookmark,session_001205
synthetic_user_0195,85526add-cd5a-4107-a07e-62ff3f493082,2025-11-25 00:11:48,chat,session_001205
synthetic_user_0130,ea97dfce-6731-4b1d-9b03-485d04de4867,2025-11-25 02:31:10,view,session_000791
synthetic_user_0130,ea97dfce-6731-4b1d-9b03-485d04de4867,2025-11-25 02:39:51,download,session_000791
synthetic_user_0134,b1e94dc4-e19f-4e9b-85e1-69c3b4ab0e97,2025-11-25 03:04:10,view,session_000820
synthetic_user_0134,b1e94dc4-e19f-4e9b-85e1-69c3b4ab0e97,2025-11-25 03:10:07,download,session_000820
synthetic_user_0134,b1e94dc4-e19f-4e9b-85e1-69c3b4ab0e97,2025-11-25 03:14:32,like,session_000820
synthetic_user_0134,b1e94dc4-e19f-4e9b-85e1-69c3b4ab0e97,2025-11-25 03:18:03,bookmark,session_000820
synthetic_user_0012,945e447f-c018-4d92-b5e5-2f1f7a11bd56,2025-11-25 06:09:50,view,session_000014
synthetic_user_0012,945e447f-c018-4d92-b5e5-2f1f7a11bd56,2025-11-25 06:20:52,download,session_000014
synthetic_user_0026,8706bbb8-8343-4edc-9af4-244b9cad76aa,2025-11-25 19:39:47,view,session_000108
synthetic_user_0173,fbb68aab-9b3b-4e24-9109-ea047f927347,2025-11-26 03:48:33,view,session_001073
synthetic_user_0173,fbb68aab-9b3b-4e24-9109-ea047f927347,2025-11-26 03:55:06,download,session_001073
synthetic_user_0173,fbb68aab-9b3b-4e24-9109-ea047f927347,2025-11-26 03:55:14,chat,session_001073
synthetic_user_0041,45a799e0-5716-4209-b489-bd8f9ef13974,2025-11-26 04:28:55,view,session_000204
synthetic_user_0068,7c1af9a0-cf09-4356-8c0d-d762fbb21208,2025-11-26 06:09:23,view,session_000363
synthetic_user_0015,85526add-cd5a-4107-a07e-62ff3f493082,2025-11-26 22:46:20,view,session_000027
synthetic_user_0015,85526add-cd5a-4107-a07e-62ff3f493082,2025-11-26 22:58:57,download,session_000027
synthetic_user_0015,85526add-cd5a-4107-a07e-62ff3f493082,2025-11-26 23:03:58,chat,session_000027
synthetic_user_0187,fbb68aab-9b3b-4e24-9109-ea047f927347,2025-11-27 00:53:37,view,session_001158
synthetic_user_0151,5a0f55cf-16af-4459-9030-0c7c6e11207f,2025-11-27 01:05:16,view,session_000924
synthetic_user_0151,5a0f55cf-16af-4459-9030-0c7c6e11207f,2025-11-27 01:13:05,download,session_000924
synthetic_user_0039,85526add-cd5a-4107-a07e-62ff3f493082,2025-11-27 01:17:20,view,session_000196
synthetic_user_0151,5a0f55cf-16af-4459-9030-0c7c6e11207f,2025-11-27 01:17:22,like,session_000924
synthetic_user_0104,8706bbb8-8343-4edc-9af4-244b9cad76aa,2025-11-27 01:18:10,view,session_000623
synthetic_user_0151,5a0f55cf-16af-4459-9030-0c7c6e11207f,2025-11-27 01:20:19,bookmark,session_000924
synthetic_user_0039,85526add-cd5a-4107-a07e-62ff3f493082,2025-11-27 01:35:32,chat,session_000196
synthetic_user_0125,33f6e3a9-237d-433e-b4b6-238e44c80117,2025-11-27 01:57:21,view,session_000767
synthetic_user_0073,087164bc-8a57-44b1-bd06-0644f475917b,2025-11-27 23:33:34,view,session_000395
synthetic_user_0073,087164bc-8a57-44b1-bd06-0644f475917b,2025-11-27 23:39:29,download,session_000395
synthetic_user_0073,087164bc-8a57-44b1-bd06-0644f475917b,2025-11-27 23:43:41,like,session_000395
synthetic_user_0148,8706bbb8-8343-4edc-9af4-244b9cad76aa,2025-11-28 02:54:29,view,session_000899
synthetic_user_0078,40a8032b-e43c-43dc-ba5f-d650f1c0a979,2025-11-28 04:03:23,view,session_000446
synthetic_user_0191,09593622-ad83-4d14-8236-17bea51dbb13,2025-11-28 04:12:16,view,session_001183
synthetic_user_0191,09593622-ad83-4d14-8236-17bea51dbb13,2025-11-28 04:25:12,download,session_001183
synthetic_user_0191,09593622-ad83-4d14-8236-17bea51dbb13,2025-11-28 04:35:06,like,session_001183
synthetic_user_0097,98a77293-8faf-4d27-8248-6eb91f481d8f,2025-11-28 08:27:09,view,session_000591
synthetic_user_0097,98a77293-8faf-4d27-8248-6eb91f481d8f,2025-11-28 08:40:45,download,session_000591
synthetic_user_0097,98a77293-8faf-4d27-8248-6eb91f481d8f,2025-11-28 08:43:52,like,session_000591
synthetic_user_0021,8b44ea69-a5bb-4779-8c63-bf20e4da58c7,2025-11-28 20:15:50,view,session_000077
synthetic_user_0030,dcf38bea-591e-47ae-aaaf-e01b841cc3b3,2025-11-29 00:15:16,view,session_000141
synthetic_user_0188,98a77293-8faf-4d27-8248-6eb91f481d8f,2025-11-29 05:26:34,view,session_001160
synthetic_user_0115,98a77293-8faf-4d27-8248-6eb91f481d8f,2025-11-29 18:28:22,view,session_000708
synthetic_user_0076,e72c3d3b-cf36-4cc4-9a40-d8cc5d28df84,2025-11-29 18:33:52,view,session_000422
synthetic_user_0115,98a77293-8faf-4d27-8248-6eb91f481d8f,2025-11-29 18:41:05,download,session_000708
synthetic_user_0115,98a77293-8faf-4d27-8248-6eb91f481d8f,2025-11-29 18:43:31,chat,session_000708
synthetic_user_0073,85526add-cd5a-4107-a07e-62ff3f493082,2025-11-29 18:44:53,view,session_000396
synthetic_user_0076,e72c3d3b-cf36-4cc4-9a40-d8cc5d28df84,2025-11-29 18:47:33,download,session_000422
synthetic_user_0115,98a77293-8faf-4d27-8248-6eb91f481d8f,2025-11-29 18:47:42,like,session_000708
synthetic_user_0174,e06a75b5-86f9-4daf-b871-0fba7b7ba57d,2025-11-29 19:06:19,view,session_001083
synthetic_user_0113,087164bc-8a57-44b1-bd06-0644f475917b,2025-11-30 03:16:09,view,session_000692
synthetic_user_0152,8706bbb8-8343-4edc-9af4-244b9cad76aa,2025-11-30 04:54:05,view,session_000933
synthetic_user_0071,8706bbb8-8343-4edc-9af4-244b9cad76aa,2025-11-30 05:36:06,view,session_000378
synthetic_user_0044,98a77293-8faf-4d27-8248-6eb91f481d8f,2025-11-30 07:00:15,view,session_000218
synthetic_user_0044,98a77293-8faf-4d27-8248-6eb91f481d8f,2025-11-30 07:13:35,download,session_000218
synthetic_user_0044,98a77293-8faf-4d27-8248-6eb91f481d8f,2025-11-30 07:16:11,like,session_000218
synthetic_user_0095,85526add-cd5a-4107-a07e-62ff3f493082,2025-11-30 20:31:41,view,session_000574
synthetic_user_0141,bd6bddb1-3e29-4767-a194-6196e46f7456,2025-12-01 00:41:20,view,session_000855
synthetic_user_0147,33f6e3a9-237d-433e-b4b6-238e44c80117,2025-12-01 00:47:39,view,session_000890
synthetic_user_0147,33f6e3a9-237d-433e-b4b6-238e44c80117,2025-12-01 01:17:44,chat,session_000890
synthetic_user_0103,2c1e63cb-30f5-4e05-92af-ea93368ef4ab,2025-12-01 02:53:35,view,session_000613
synthetic_user_0018,830353af-6497-4bc7-bab8-08114b64b682,2025-12-01 06:18:49,view,session_000052
synthetic_user_0018,830353af-6497-4bc7-bab8-08114b64b682,2025-12-01 06:33:47,chat,session_000052
synthetic_user_0051,e72c3d3b-cf36-4cc4-9a40-d8cc5d28df84,2025-12-01 07:11:11,view,session_000243
synthetic_user_0192,59bf0b38-d7b5-4024-a66e-a03f1b47095d,2025-12-01 20:56:19,view,session_001185
synthetic_user_0112,40a8032b-e43c-43dc-ba5f-d650f1c0a979,2025-12-02 08:52:48,view,session_000682
synthetic_user_0051,e72c3d3b-cf36-4cc4-9a40-d8cc5d28df84,2025-12-02 21:37:20,view,session_000244
synthetic_user_0169,8706bbb8-8343-4edc-9af4-244b9cad76aa,2025-12-02 21:39:41,view,session_001038
synthetic_user_0018,581c8e36-7a51-4e8e-ac1d-6e9c1d54940f,2025-12-03 00:32:33,view,session_000053
synthetic_user_0042,09593622-ad83-4d14-8236-17bea51dbb13,2025-12-03 03:04:33,view,session_000208
synthetic_user_0092,85526add-cd5a-4107-a07e-62ff3f493082,2025-12-03 06:12:33,view,session_000556
synthetic_user_0167,b1e94dc4-e19f-4e9b-85e1-69c3b4ab0e97,2025-12-03 07:19:35,view,session_001013
synthetic_user_0167,b1e94dc4-e19f-4e9b-85e1-69c3b4ab0e97,2025-12-03 07:27:53,chat,session_001013
synthetic_user_0167,b1e94dc4-e19f-4e9b-85e1-69c3b4ab0e97,2025-12-03 07:33:50,download,session_001013
synthetic_user_0181,8b44ea69-a5bb-4779-8c63-bf20e4da58c7,2025-12-03 19:42:04,view,session_001137
synthetic_user_0016,dcd20897-e14a-43fc-b2ba-66bb4a569874,2025-12-03 22:47:21,view,session_000035
synthetic_user_0091,581c8e36-7a51-4e8e-ac1d-6e9c1d54940f,2025-12-04 02:49:00,view,session_000543
synthetic_user_0173,8b44ea69-a5bb-4779-8c63-bf20e4da58c7,2025-12-04 02:54:20,view,session_001074
synthetic_user_0173,8b44ea69-a5bb-4779-8c63-bf20e4da58c7,2025-12-04 02:57:17,download,session_001074
synthetic_user_0173,8b44ea69-a5bb-4779-8c63-bf20e4da58c7,2025-12-04 02:59:34,bookmark,session_001074
synthetic_user_0173,8b44ea69-a5bb-4779-8c63-bf20e4da58c7,2025-12-04 03:02:32,like,session_001074
synthetic_user_0046,85526add-cd5a-4107-a07e-62ff3f493082,2025-12-04 04:53:44,view,session_000224
synthetic_user_0077,b1e94dc4-e19f-4e9b-85e1-69c3b4ab0e97,2025-12-05 02:42:13,view,session_000432
synthetic_user_0077,b1e94dc4-e19f-4e9b-85e1-69c3b4ab0e97,2025-12-05 02:53:03,download,session_000432
synthetic_user_0077,b1e94dc4-e19f-4e9b-85e1-69c3b4ab0e97,2025-12-05 03:01:17,like,session_000432
synthetic_user_0051,98a77293-8faf-4d27-8248-6eb91f481d8f,2025-12-05 06:47:44,view,session_000245
synthetic_user_0051,98a77293-8faf-4d27-8248-6eb91f481d8f,2025-12-05 06:58:28,download,session_000245
synthetic_user_0172,e72c3d3b-cf36-4cc4-9a40-d8cc5d28df84,2025-12-05 20:22:15,view,session_001056
synthetic_user_0077,a18002e2-24a3-4da4-b558-ea8cadcb047e,2025-12-06 01:24:43,view,session_000433
synthetic_user_0077,a18002e2-24a3-4da4-b558-ea8cadcb047e,2025-12-06 01:42:05,chat,session_000433
synthetic_user_0185,33f6e3a9-237d-433e-b4b6-238e44c80117,2025-12-06 18:43:54,view,session_001154
synthetic_user_0185,33f6e3a9-237d-433e-b4b6-238e44c80117,2025-12-06 18:49:16,download,session_001154
synthetic_user_0185,33f6e3a9-237d-433e-b4b6-238e44c80117,2025-12-06 18:51:31,bookmark,session_001154
synthetic_user_0185,33f6e3a9-237d-433e-b4b6-238e44c80117,2025-12-06 18:58:44,like,session_001154
synthetic_user_0078,f6081dfd-75ec-4719-a05b-6ec1f95df15f,2025-12-07 02:47:56,view,session_000447
synthetic_user_0066,087164bc-8a57-44b1-bd06-0644f475917b,2025-12-07 02:52:49,view,session_000343
synthetic_user_0026,dbcab77a-8d8a-4721-b07d-d5d9ecc7874d,2025-12-07 03:15:15,view,session_000109
synthetic_user_0026,dbcab77a-8d8a-4721-b07d-d5d9ecc7874d,2025-12-07 03:24:26,download,session_000109
synthetic_user_0151,a8231f34-c157-4fcd-b08a-5a3420cc0cee,2025-12-07 04:27:44,view,session_000925
synthetic_user_0151,a8231f34-c157-4fcd-b08a-5a3420cc0cee,2025-12-07 04:41:40,download,session_000925
synthetic_user_0189,dcf38bea-591e-47ae-aaaf-e01b841cc3b3,2025-12-07 19:05:26,view,session_001164
synthetic_user_0072,8706bbb8-8343-4edc-9af4-244b9cad76aa,2025-12-07 19:32:18,view,session_000393
synthetic_user_0183,a8231f34-c157-4fcd-b08a-5a3420cc0cee,2025-12-07 20:58:00,view,session_001147
synthetic_user_0068,95461cac-4301-4ade-8b3c-98201e8731db,2025-12-08 00:14:57,view,session_000364
synthetic_user_0068,95461cac-4301-4ade-8b3c-98201e8731db,2025-12-08 00:21:20,download,session_000364
synthetic_user_0068,95461cac-4301-4ade-8b3c-98201e8731db,2025-12-08 00:25:53,like,session_000364
synthetic_user_0110,e06a75b5-86f9-4daf-b871-0fba7b7ba57d,2025-12-08 02:34:01,view,session_000653
synthetic_user_0110,e06a75b5-86f9-4daf-b871-0fba7b7ba57d,2025-12-08 02:43:38,download,session_000653
synthetic_user_0055,09593622-ad83-4d14-8236-17bea51dbb13,2025-12-08 03:49:13,view,session_000278
synthetic_user_0076,59bf0b38-d7b5-4024-a66e-a03f1b47095d,2025-12-08 06:54:08,view,session_000423
synthetic_user_0056,bd6bddb1-3e29-4767-a194-6196e46f7456,2025-12-08 08:11:43,view,session_000287
synthetic_user_0056,bd6bddb1-3e29-4767-a194-6196e46f7456,2025-12-08 08:14:38,download,session_000287
synthetic_user_0113,087164bc-8a57-44b1-bd06-0644f475917b,2025-12-08 19:23:10,view,session_000693
synthetic_user_0024,e06a75b5-86f9-4daf-b871-0fba7b7ba57d,2025-12-08 23:35:18,view,session_000095
synthetic_user_0024,e06a75b5-86f9-4daf-b871-0fba7b7ba57d,2025-12-08 23:50:19,download,session_000095
synthetic_user_0168,8b44ea69-a5bb-4779-8c63-bf20e4da58c7,2025-12-09 05:34:49,view,session_001028
synthetic_user_0168,8b44ea69-a5bb-4779-8c63-bf20e4da58c7,2025-12-09 05:50:31,download,session_001028
synthetic_user_0059,8706bbb8-8343-4edc-9af4-244b9cad76aa,2025-12-09 07:02:54,view,session_000306
synthetic_user_0160,7c1af9a0-cf09-4356-8c0d-d762fbb21208,2025-12-09 08:39:18,view,session_000973
synthetic_user_0051,8706bbb8-8343-4edc-9af4-244b9cad76aa,2025-12-09 23:58:37,view,session_000246
synthetic_user_0198,85526add-cd5a-4107-a07e-62ff3f493082,2025-12-10 00:11:40,view,session_001230
synthetic_user_0200,830353af-6497-4bc7-bab8-08114b64b682,2025-12-10 01:16:02,view,session_001239
synthetic_user_0200,830353af-6497-4bc7-bab8-08114b64b682,2025-12-10 01:23:21,download,session_001239
synthetic_user_0200,830353af-6497-4bc7-bab8-08114b64b682,2025-12-10 01:32:32,like,session_001239
synthetic_user_0101,dcf38bea-591e-47ae-aaaf-e01b841cc3b3,2025-12-10 02:43:27,view,session_000604
synthetic_user_0120,a8231f34-c157-4fcd-b08a-5a3420cc0cee,2025-12-10 03:41:22,view,session_000732
synthetic_user_0116,830353af-6497-4bc7-bab8-08114b64b682,2025-12-10 04:00:21,view,session_000710
synthetic_user_0081,945e447f-c018-4d92-b5e5-2f1f7a11bd56,2025-12-10 18:18:55,view,session_000472
synthetic_user_0081,945e447f-c018-4d92-b5e5-2f1f7a11bd56,2025-12-10 18:21:35,download,session_000472
synthetic_user_0081,945e447f-c018-4d92-b5e5-2f1f7a11bd56,2025-12-10 18:29:31,like,session_000472
synthetic_user_0010,5a0f55cf-16af-4459-9030-0c7c6e11207f,2025-12-10 20:16:58,view,session_000002
synthetic_user_0010,5a0f55cf-16af-4459-9030-0c7c6e11207f,2025-12-10 20:22:53,download,session_000002
synthetic_user_0176,e06a75b5-86f9-4daf-b871-0fba7b7ba57d,2025-12-11 08:05:18,view,session_001094
synthetic_user_0176,e06a75b5-86f9-4daf-b871-0fba7b7ba57d,2025-12-11 08:19:30,download,session_001094
synthetic_user_0176,e06a75b5-86f9-4daf-b871-0fba7b7ba57d,2025-12-11 08:24:35,bookmark,session_001094
synthetic_user_0176,e06a75b5-86f9-4daf-b871-0fba7b7ba57d,2025-12-11 08:27:05,like,session_001094
synthetic_user_0135,7c1af9a0-cf09-4356-8c0d-d762fbb21208,2025-12-11 22:00:49,view,session_000828
synthetic_user_0135,7c1af9a0-cf09-4356-8c0d-d762fbb21208,2025-12-11 22:04:09,download,session_000828
synthetic_user_0156,98a77293-8faf-4d27-8248-6eb91f481d8f,2025-12-12 00:01:39,view,session_000955
synthetic_user_0156,98a77293-8faf-4d27-8248-6eb91f481d8f,2025-12-12 00:20:20,chat,session_000955
synthetic_user_0194,581c8e36-7a51-4e8e-ac1d-6e9c1d54940f,2025-12-12 00:35:17,view,session_001202
synthetic_user_0175,09593622-ad83-4d14-8236-17bea51dbb13,2025-12-12 05:21:53,view,session_001090
synthetic_user_0175,09593622-ad83-4d14-8236-17bea51dbb13,2025-12-12 05:27:57,download,session_001090
synthetic_user_0175,09593622-ad83-4d14-8236-17bea51dbb13,2025-12-12 05:29:10,bookmark,session_001090
synthetic_user_0093,b1e94dc4-e19f-4e9b-85e1-69c3b4ab0e97,2025-12-12 06:20:16,view,session_000561
synthetic_user_0093,b1e94dc4-e19f-4e9b-85e1-69c3b4ab0e97,2025-12-12 06:32:16,download,session_000561
synthetic_user_0151,bd6bddb1-3e29-4767-a194-6196e46f7456,2025-12-12 20:34:13,view,session_000926
synthetic_user_0151,bd6bddb1-3e29-4767-a194-6196e46f7456,2025-12-12 20:40:51,download,session_000926
synthetic_user_0151,bd6bddb1-3e29-4767-a194-6196e46f7456,2025-12-12 20:42:01,like,session_000926
synthetic_user_0074,2c1e63cb-30f5-4e05-92af-ea93368ef4ab,2025-12-13 06:15:35,view,session_000408
synthetic_user_0074,2c1e63cb-30f5-4e05-92af-ea93368ef4ab,2025-12-13 06:39:53,chat,session_000408
synthetic_user_0109,5a0f55cf-16af-4459-9030-0c7c6e11207f,2025-12-14 02:26:18,view,session_000646
synthetic_user_0017,8706bbb8-8343-4edc-9af4-244b9cad76aa,2025-12-14 04:38:03,view,session_000044
synthetic_user_0125,33f6e3a9-237d-433e-b4b6-238e44c80117,2025-12-14 06:24:30,view,session_000768
synthetic_user_0026,e06a75b5-86f9-4daf-b871-0fba7b7ba57d,2025-12-14 18:42:57,view,session_000110
synthetic_user_0024,2c1e63cb-30f5-4e05-92af-ea93368ef4ab,2025-12-14 19:24:32,view,session_000096
synthetic_user_0189,dcf38bea-591e-47ae-aaaf-e01b841cc3b3,2025-12-15 00:32:09,view,session_001165
synthetic_user_0189,dcf38bea-591e-47ae-aaaf-e01b841cc3b3,2025-12-15 00:42:13,chat,session_001165
synthetic_user_0054,a18002e2-24a3-4da4-b558-ea8cadcb047e,2025-12-15 01:36:38,view,session_000271
synthetic_user_0054,a18002e2-24a3-4da4-b558-ea8cadcb047e,2025-12-15 01:52:04,download,session_000271
synthetic_user_0020,33f6e3a9-237d-433e-b4b6-238e44c80117,2025-12-15 05:58:31,view,session_000074
synthetic_user_0020,33f6e3a9-237d-433e-b4b6-238e44c80117,2025-12-15 06:25:25,chat,session_000074
synthetic_user_0163,95461cac-4301-4ade-8b3c-98201e8731db,2025-12-15 08:16:51,view,session_000988
synthetic_user_0181,dcf38bea-591e-47ae-aaaf-e01b841cc3b3,2025-12-15 19:16:34,view,session_001138
synthetic_user_0103,09593622-ad83-4d14-8236-17bea51dbb13,2025-12-16 01:29:19,view,session_000614
synthetic_user_0174,7c1af9a0-cf09-4356-8c0d-d762fbb21208,2025-12-16 06:47:21,view,session_001084
synthetic_user_0167,bd6bddb1-3e29-4767-a194-6196e46f7456,2025-12-16 07:51:50,view,session_001014
synthetic_user_0167,bd6bddb1-3e29-4767-a194-6196e46f7456,2025-12-16 08:00:45,download,session_001014
synthetic_user_0167,bd6bddb1-3e29-4767-a194-6196e46f7456,2025-12-16 08:09:14,bookmark,session_001014
synthetic_user_0119,95461cac-4301-4ade-8b3c-98201e8731db,2025-12-16 18:21:00,view,session_000729
synthetic_user_0119,95461cac-4301-4ade-8b3c-98201e8731db,2025-12-16 18:31:37,download,session_000729
synthetic_user_0172,8706bbb8-8343-4edc-9af4-244b9cad76aa,2025-12-16 19:13:42,view,session_001057
synthetic_user_0059,8706bbb8-8343-4edc-9af4-244b9cad76aa,2025-12-16 22:23:51,view,session_000307
synthetic_user_0064,8706bbb8-8343-4edc-9af4-244b9cad76aa,2025-12-17 05:35:55,view,session_000333
synthetic_user_0110,c5310615-4076-41e9-9064-736593600471,2025-12-17 06:02:27,view,session_000654
synthetic_user_0110,c5310615-4076-41e9-9064-736593600471,2025-12-17 06:18:49,chat,session_000654
synthetic_user_0085,7c1af9a0-cf09-4356-8c0d-d762fbb21208,2025-12-17 19:18:30,view,session_000500
synthetic_user_0030,7c1af9a0-cf09-4356-8c0d-d762fbb21208,2025-12-17 21:21:41,view,session_000142
synthetic_user_0117,33f6e3a9-237d-433e-b4b6-238e44c80117,2025-12-18 04:38:08,view,session_000715
synthetic_user_0117,33f6e3a9-237d-433e-b4b6-238e44c80117,2025-12-18 04:47:41,download,session_000715
synthetic_user_0124,e72c3d3b-cf36-4cc4-9a40-d8cc5d28df84,2025-12-18 05:57:40,view,session_000756
synthetic_user_0079,7c1af9a0-cf09-4356-8c0d-d762fbb21208,2025-12-18 08:49:21,view,session_000458
synthetic_user_0157,09593622-ad83-4d14-8236-17bea51dbb13,2025-12-18 21:20:57,view,session_000958
synthetic_user_0157,09593622-ad83-4d14-8236-17bea51dbb13,2025-12-18 21:32:57,download,session_000958
synthetic_user_0157,09593622-ad83-4d14-8236-17bea51dbb13,2025-12-18 21:37:44,chat,session_000958
synthetic_user_0062,a18002e2-24a3-4da4-b558-ea8cadcb047e,2025-12-18 21:41:42,view,session_000318
synthetic_user_0062,a18002e2-24a3-4da4-b558-ea8cadcb047e,2025-12-18 21:56:24,download,session_000318
synthetic_user_0062,a18002e2-24a3-4da4-b558-ea8cadcb047e,2025-12-18 22:02:46,like,session_000318
synthetic_user_0132,85526add-cd5a-4107-a07e-62ff3f493082,2025-12-19 00:14:55,view,session_000803
synthetic_user_0194,8706bbb8-8343-4edc-9af4-244b9cad76aa,2025-12-19 01:18:58,view,session_001203
synthetic_user_0194,8706bbb8-8343-4edc-9af4-244b9cad76aa,2025-12-19 01:28:14,download,session_001203
synthetic_user_0163,8b44ea69-a5bb-4779-8c63-bf20e4da58c7,2025-12-19 08:45:51,view,session_000989
synthetic_user_0152,8706bbb8-8343-4edc-9af4-244b9cad76aa,2025-12-19 22:26:49,view,session_000934
synthetic_user_0152,8706bbb8-8343-4edc-9af4-244b9cad76aa,2025-12-19 22:45:32,chat,session_000934
synthetic_user_0076,b1e94dc4-e19f-4e9b-85e1-69c3b4ab0e97,2025-12-19 23:18:30,view,session_000424
synthetic_user_0047,dcd20897-e14a-43fc-b2ba-66bb4a569874,2025-12-20 01:16:54,view,session_000230
synthetic_user_0047,dcd20897-e14a-43fc-b2ba-66bb4a569874,2025-12-20 01:30:38,download,session_000230
synthetic_user_0047,dcd20897-e14a-43fc-b2ba-66bb4a569874,2025-12-20 01:44:09,chat,session_000230
synthetic_user_0047,dcd20897-e14a-43fc-b2ba-66bb4a569874,2025-12-20 01:44:58,bookmark,session_000230
synthetic_user_0125,dcd20897-e14a-43fc-b2ba-66bb4a569874,2025-12-20 07:46:53,view,session_000769
synthetic_user_0125,dcd20897-e14a-43fc-b2ba-66bb4a569874,2025-12-20 07:51:19,download,session_000769
synthetic_user_0125,dcd20897-e14a-43fc-b2ba-66bb4a569874,2025-12-20 07:55:27,chat,session_000769
synthetic_user_0154,8706bbb8-8343-4edc-9af4-244b9cad76aa,2025-12-20 07:57:02,view,session_000941
synthetic_user_0125,dcd20897-e14a-43fc-b2ba-66bb4a569874,2025-12-20 08:00:39,like,session_000769
synthetic_user_0154,8706bbb8-8343-4edc-9af4-244b9cad76aa,2025-12-20 08:15:33,chat,session_000941
synthetic_user_0027,dcd20897-e14a-43fc-b2ba-66bb4a569874,2025-12-20 21:14:08,view,session_000121
synthetic_user_0018,8706bbb8-8343-4edc-9af4-244b9cad76aa,2025-12-21 00:10:52,view,session_000054
synthetic_user_0091,581c8e36-7a51-4e8e-ac1d-6e9c1d54940f,2025-12-21 01:29:32,view,session_000544
synthetic_user_0175,09593622-ad83-4d14-8236-17bea51dbb13,2025-12-21 03:07:27,view,session_001091
synthetic_user_0175,09593622-ad83-4d14-8236-17bea51dbb13,2025-12-21 03:15:09,download,session_001091
synthetic_user_0175,09593622-ad83-4d14-8236-17bea51dbb13,2025-12-21 03:18:31,bookmark,session_001091
synthetic_user_0082,2c1e63cb-30f5-4e05-92af-ea93368ef4ab,2025-12-21 08:10:20,view,session_000478
synthetic_user_0073,59bf0b38-d7b5-4024-a66e-a03f1b47095d,2025-12-21 22:15:18,view,session_000397
synthetic_user_0106,8706bbb8-8343-4edc-9af4-244b9cad76aa,2025-12-21 22:43:44,view,session_000632
synthetic_user_0120,8706bbb8-8343-4edc-9af4-244b9cad76aa,2025-12-22 01:44:27,view,session_000733
synthetic_user_0189,dcf38bea-591e-47ae-aaaf-e01b841cc3b3,2025-12-22 03:31:40,view,session_001166
synthetic_user_0067,c5310615-4076-41e9-9064-736593600471,2025-12-22 06:43:19,view,session_000351
synthetic_user_0067,c5310615-4076-41e9-9064-736593600471,2025-12-22 06:58:35,download,session_000351
synthetic_user_0067,c5310615-4076-41e9-9064-736593600471,2025-12-22 07:02:17,like,session_000351
synthetic_user_0033,c5310615-4076-41e9-9064-736593600471,2025-12-22 22:28:23,view,session_000162
synthetic_user_0033,c5310615-4076-41e9-9064-736593600471,2025-12-22 22:32:09,download,session_000162
synthetic_user_0129,8706bbb8-8343-4edc-9af4-244b9cad76aa,2025-12-22 22:48:45,view,session_000782
synthetic_user_0148,2c1e63cb-30f5-4e05-92af-ea93368ef4ab,2025-12-22 23:09:52,view,session_000900
synthetic_user_0086,dcf38bea-591e-47ae-aaaf-e01b841cc3b3,2025-12-23 18:53:11,view,session_000508
synthetic_user_0085,95461cac-4301-4ade-8b3c-98201e8731db,2025-12-23 20:07:44,view,session_000501
synthetic_user_0085,95461cac-4301-4ade-8b3c-98201e8731db,2025-12-23 20:31:58,chat,session_000501
synthetic_user_0101,dcf38bea-591e-47ae-aaaf-e01b841cc3b3,2025-12-23 22:03:04,view,session_000605
synthetic_user_0190,09593622-ad83-4d14-8236-17bea51dbb13,2025-12-24 01:21:03,view,session_001173
synthetic_user_0106,8706bbb8-8343-4edc-9af4-244b9cad76aa,2025-12-24 05:23:06,view,session_000633
synthetic_user_0197,8706bbb8-8343-4edc-9af4-244b9cad76aa,2025-12-24 06:24:45,view,session_001222
synthetic_user_0197,8706bbb8-8343-4edc-9af4-244b9cad76aa,2025-12-24 06:38:40,download,session_001222
synthetic_user_0197,8706bbb8-8343-4edc-9af4-244b9cad76aa,2025-12-24 06:40:46,chat,session_001222
synthetic_user_0063,8706bbb8-8343-4edc-9af4-244b9cad76aa,2025-12-24 08:24:26,view,session_000324
synthetic_user_0032,fbb68aab-9b3b-4e24-9109-ea047f927347,2025-12-24 18:40:17,view,session_000159
synthetic_user_0011,a18002e2-24a3-4da4-b558-ea8cadcb047e,2025-12-24 19:40:52,view,session_000006
synthetic_user_0160,7c1af9a0-cf09-4356-8c0d-d762fbb21208,2025-12-24 23:03:40,view,session_000974
synthetic_user_0160,7c1af9a0-cf09-4356-8c0d-d762fbb21208,2025-12-24 23:09:26,download,session_000974
synthetic_user_0089,a18002e2-24a3-4da4-b558-ea8cadcb047e,2025-12-25 01:41:42,view,session_000528
synthetic_user_0089,a18002e2-24a3-4da4-b558-ea8cadcb047e,2025-12-25 01:54:38,download,session_000528
synthetic_user_0147,33f6e3a9-237d-433e-b4b6-238e44c80117,2025-12-25 06:05:22,view,session_000891
synthetic_user_0147,33f6e3a9-237d-433e-b4b6-238e44c80117,2025-12-25 06:14:29,download,session_000891
synthetic_user_0109,7c1af9a0-cf09-4356-8c0d-d762fbb21208,2025-12-25 07:27:12,view,session_000647
synthetic_user_0142,98a77293-8faf-4d27-8248-6eb91f481d8f,2025-12-25 20:17:20,view,session_000861
synthetic_user_0142,98a77293-8faf-4d27-8248-6eb91f481d8f,2025-12-25 20:27:23,download,session_000861
synthetic_user_0133,98a77293-8faf-4d27-8248-6eb91f481d8f,2025-12-26 02:07:09,view,session_000813
synthetic_user_0133,98a77293-8faf-4d27-8248-6eb91f481d8f,2025-12-26 02:22:05,download,session_000813
synthetic_user_0133,98a77293-8faf-4d27-8248-6eb91f481d8f,2025-12-26 02:26:24,like,session_000813
synthetic_user_0155,581c8e36-7a51-4e8e-ac1d-6e9c1d54940f,2025-12-26 04:45:08,view,session_000950
synthetic_user_0193,c5310615-4076-41e9-9064-736593600471,2025-12-26 06:45:21,view,session_001194
synthetic_user_0193,c5310615-4076-41e9-9064-736593600471,2025-12-26 06:58:10,download,session_001194
synthetic_user_0193,c5310615-4076-41e9-9064-736593600471,2025-12-26 07:10:17,bookmark,session_001194
synthetic_user_0034,e06a75b5-86f9-4daf-b871-0fba7b7ba57d,2025-12-26 20:19:20,view,session_000166
synthetic_user_0034,e06a75b5-86f9-4daf-b871-0fba7b7ba57d,2025-12-26 20:29:31,download,session_000166
synthetic_user_0019,b1e94dc4-e19f-4e9b-85e1-69c3b4ab0e97,2025-12-27 22:51:05,view,session_000068
synthetic_user_0146,98a77293-8faf-4d27-8248-6eb91f481d8f,2025-12-27 23:20:52,view,session_000886
synthetic_user_0146,8706bbb8-8343-4edc-9af4-244b9cad76aa,2025-12-27 23:43:56,view,session_000887
synthetic_user_0146,8706bbb8-8343-4edc-9af4-244b9cad76aa,2025-12-27 23:47:51,download,session_000887
synthetic_user_0146,98a77293-8faf-4d27-8248-6eb91f481d8f,2025-12-27 23:48:17,chat,session_000886
synthetic_user_0087,59bf0b38-d7b5-4024-a66e-a03f1b47095d,2025-12-28 20:49:55,view,session_000515
synthetic_user_0087,59bf0b38-d7b5-4024-a66e-a03f1b47095d,2025-12-28 20:55:15,download,session_000515
synthetic_user_0087,59bf0b38-d7b5-4024-a66e-a03f1b47095d,2025-12-28 21:00:32,like,session_000515
synthetic_user_0129,dcf38bea-591e-47ae-aaaf-e01b841cc3b3,2025-12-29 01:17:15,view,session_000783
synthetic_user_0129,dcf38bea-591e-47ae-aaaf-e01b841cc3b3,2025-12-29 01:29:56,download,session_000783
synthetic_user_0129,dcf38bea-591e-47ae-aaaf-e01b841cc3b3,2025-12-29 01:31:53,like,session_000783
synthetic_user_0189,33f6e3a9-237d-433e-b4b6-238e44c80117,2025-12-29 08:49:12,view,session_001167
synthetic_user_0189,33f6e3a9-237d-433e-b4b6-238e44c80117,2025-12-29 08:57:09,download,session_001167
synthetic_user_0026,e06a75b5-86f9-4daf-b871-0fba7b7ba57d,2025-12-30 02:14:40,view,session_000111
synthetic_user_0055,945e447f-c018-4d92-b5e5-2f1f7a11bd56,2025-12-30 07:14:41,view,session_000279
synthetic_user_0196,8706bbb8-8343-4edc-9af4-244b9cad76aa,2025-12-30 07:58:55,view,session_001213
synthetic_user_0028,dcd20897-e14a-43fc-b2ba-66bb4a569874,2025-12-30 08:30:02,view,session_000129
synthetic_user_0163,5a0f55cf-16af-4459-9030-0c7c6e11207f,2025-12-30 19:50:00,view,session_000990
synthetic_user_0163,5a0f55cf-16af-4459-9030-0c7c6e11207f,2025-12-30 19:52:13,download,session_000990
synthetic_user_0163,5a0f55cf-16af-4459-9030-0c7c6e11207f,2025-12-30 20:01:43,bookmark,session_000990
synthetic_user_0052,09593622-ad83-4d14-8236-17bea51dbb13,2025-12-30 20:28:04,view,session_000254
synthetic_user_0052,09593622-ad83-4d14-8236-17bea51dbb13,2025-12-30 20:31:07,download,session_000254
synthetic_user_0038,7c1af9a0-cf09-4356-8c0d-d762fbb21208,2025-12-30 20:39:08,view,session_000189
synthetic_user_0038,7c1af9a0-cf09-4356-8c0d-d762fbb21208,2025-12-30 20:53:58,download,session_000189
synthetic_user_0038,7c1af9a0-cf09-4356-8c0d-d762fbb21208,2025-12-30 20:59:53,bookmark,session_000189
synthetic_user_0055,40a8032b-e43c-43dc-ba5f-d650f1c0a979,2025-12-30 21:43:13,view,session_000280
synthetic_user_0071,087164bc-8a57-44b1-bd06-0644f475917b,2025-12-31 00:08:16,view,session_000379
synthetic_user_0192,59bf0b38-d7b5-4024-a66e-a03f1b47095d,2025-12-31 07:14:56,view,session_001186
synthetic_user_0192,59bf0b38-d7b5-4024-a66e-a03f1b47095d,2025-12-31 07:24:16,download,session_001186
synthetic_user_0101,8706bbb8-8343-4edc-9af4-244b9cad76aa,2025-12-31 23:22:28,view,session_000606
synthetic_user_0172,dcf38bea-591e-47ae-aaaf-e01b841cc3b3,2025-12-31 23:23:09,view,session_001058
synthetic_user_0101,8706bbb8-8343-4edc-9af4-244b9cad76aa,2025-12-31 23:31:33,download,session_000606
synthetic_user_0101,8706bbb8-8343-4edc-9af4-244b9cad76aa,2025-12-31 23:32:45,chat,session_000606
synthetic_user_0101,8706bbb8-8343-4edc-9af4-244b9cad76aa,2025-12-31 23:34:51,like,session_000606
synthetic_user_0172,dcf38bea-591e-47ae-aaaf-e01b841cc3b3,2025-12-31 23:48:10,chat,session_001058
synthetic_user_0114,95461cac-4301-4ade-8b3c-98201e8731db,2026-01-01 05:47:51,view,session_000698
synthetic_user_0048,e72c3d3b-cf36-4cc4-9a40-d8cc5d28df84,2026-01-01 18:43:19,view,session_000231
synthetic_user_0048,e72c3d3b-cf36-4cc4-9a40-d8cc5d28df84,2026-01-01 18:47:10,download,session_000231
synthetic_user_0048,e72c3d3b-cf36-4cc4-9a40-d8cc5d28df84,2026-01-01 18:49:03,bookmark,session_000231
synthetic_user_0151,bd6bddb1-3e29-4767-a194-6196e46f7456,2026-01-01 19:40:46,view,session_000927
synthetic_user_0064,8706bbb8-8343-4edc-9af4-244b9cad76aa,2026-01-01 21:47:41,view,session_000334
synthetic_user_0064,8706bbb8-8343-4edc-9af4-244b9cad76aa,2026-01-01 21:58:28,chat,session_000334
synthetic_user_0090,33f6e3a9-237d-433e-b4b6-238e44c80117,2026-01-02 20:08:00,view,session_000536
synthetic_user_0016,bd6bddb1-3e29-4767-a194-6196e46f7456,2026-01-02 21:21:49,view,session_000036
synthetic_user_0158,dcf38bea-591e-47ae-aaaf-e01b841cc3b3,2026-01-02 21:41:17,view,session_000959
synthetic_user_0105,c5310615-4076-41e9-9064-736593600471,2026-01-03 00:55:16,view,session_000628
synthetic_user_0105,c5310615-4076-41e9-9064-736593600471,2026-01-03 00:57:33,download,session_000628
synthetic_user_0021,b1e94dc4-e19f-4e9b-85e1-69c3b4ab0e97,2026-01-03 01:01:23,view,session_000078
synthetic_user_0069,dbcab77a-8d8a-4721-b07d-d5d9ecc7874d,2026-01-03 01:43:30,view,session_000373
synthetic_user_0033,fbb68aab-9b3b-4e24-9109-ea047f927347,2026-01-03 06:17:06,view,session_000163
synthetic_user_0033,fbb68aab-9b3b-4e24-9109-ea047f927347,2026-01-03 06:23:25,download,session_000163
synthetic_user_0033,fbb68aab-9b3b-4e24-9109-ea047f927347,2026-01-03 06:26:29,like,session_000163
synthetic_user_0033,fbb68aab-9b3b-4e24-9109-ea047f927347,2026-01-03 06:28:51,bookmark,session_000163
synthetic_user_0167,5a0f55cf-16af-4459-9030-0c7c6e11207f,2026-01-03 08:05:31,view,session_001015
synthetic_user_0167,5a0f55cf-16af-4459-9030-0c7c6e11207f,2026-01-03 08:09:29,download,session_001015
synthetic_user_0074,7c1af9a0-cf09-4356-8c0d-d762fbb21208,2026-01-03 21:09:51,view,session_000409
synthetic_user_0148,8706bbb8-8343-4edc-9af4-244b9cad76aa,2026-01-03 22:53:14,view,session_000901
synthetic_user_0078,8706bbb8-8343-4edc-9af4-244b9cad76aa,2026-01-04 00:52:23,view,session_000448
synthetic_user_0074,fbb68aab-9b3b-4e24-9109-ea047f927347,2026-01-04 00:54:24,view,session_000410
synthetic_user_0074,fbb68aab-9b3b-4e24-9109-ea047f927347,2026-01-04 01:04:45,chat,session_000410
synthetic_user_0024,b1e94dc4-e19f-4e9b-85e1-69c3b4ab0e97,2026-01-04 01:48:35,view,session_000097
synthetic_user_0076,8706bbb8-8343-4edc-9af4-244b9cad76aa,2026-01-04 02:00:44,view,session_000425
synthetic_user_0076,8706bbb8-8343-4edc-9af4-244b9cad76aa,2026-01-04 02:04:24,download,session_000425
synthetic_user_0108,fbb68aab-9b3b-4e24-9109-ea047f927347,2026-01-04 05:37:11,view,session_000642
synthetic_user_0017,dcd20897-e14a-43fc-b2ba-66bb4a569874,2026-01-04 06:40:41,view,session_000045
synthetic_user_0023,8706bbb8-8343-4edc-9af4-244b9cad76aa,2026-01-04 21:29:07,view,session_000089
synthetic_user_0023,8706bbb8-8343-4edc-9af4-244b9cad76aa,2026-01-04 21:33:38,download,session_000089
synthetic_user_0018,945e447f-c018-4d92-b5e5-2f1f7a11bd56,2026-01-04 21:51:38,view,session_000055
synthetic_user_0190,dbcab77a-8d8a-4721-b07d-d5d9ecc7874d,2026-01-05 03:33:57,view,session_001174
synthetic_user_0019,b1e94dc4-e19f-4e9b-85e1-69c3b4ab0e97,2026-01-05 05:27:05,view,session_000069
synthetic_user_0019,b1e94dc4-e19f-4e9b-85e1-69c3b4ab0e97,2026-01-05 05:41:52,download,session_000069
synthetic_user_0019,b1e94dc4-e19f-4e9b-85e1-69c3b4ab0e97,2026-01-05 05:51:48,chat,session_000069
synthetic_user_0160,7c1af9a0-cf09-4356-8c0d-d762fbb21208,2026-01-05 07:00:52,view,session_000975
synthetic_user_0085,7c1af9a0-cf09-4356-8c0d-d762fbb21208,2026-01-05 07:17:21,view,session_000502
synthetic_user_0158,dcf38bea-591e-47ae-aaaf-e01b841cc3b3,2026-01-05 21:37:24,view,session_000960
synthetic_user_0057,98a77293-8faf-4d27-8248-6eb91f481d8f,2026-01-05 21:44:56,view,session_000297
synthetic_user_0057,98a77293-8faf-4d27-8248-6eb91f481d8f,2026-01-05 21:48:22,download,session_000297
synthetic_user_0158,dcf38bea-591e-47ae-aaaf-e01b841cc3b3,2026-01-05 21:48:50,chat,session_000960
synthetic_user_0057,98a77293-8faf-4d27-8248-6eb91f481d8f,2026-01-05 21:53:52,bookmark,session_000297
synthetic_user_0017,945e447f-c018-4d92-b5e5-2f1f7a11bd56,2026-01-05 23:04:21,view,session_000046
synthetic_user_0017,945e447f-c018-4d92-b5e5-2f1f7a11bd56,2026-01-05 23:16:48,download,session_000046
synthetic_user_0017,945e447f-c018-4d92-b5e5-2f1f7a11bd56,2026-01-05 23:21:59,bookmark,session_000046
synthetic_user_0074,40a8032b-e43c-43dc-ba5f-d650f1c0a979,2026-01-06 05:09:30,view,session_000411
synthetic_user_0186,45a799e0-5716-4209-b489-bd8f9ef13974,2026-01-06 07:43:26,view,session_001155
synthetic_user_0186,45a799e0-5716-4209-b489-bd8f9ef13974,2026-01-06 07:52:23,download,session_001155
synthetic_user_0161,dcf38bea-591e-47ae-aaaf-e01b841cc3b3,2026-01-06 20:15:49,view,session_000981
synthetic_user_0052,8b44ea69-a5bb-4779-8c63-bf20e4da58c7,2026-01-06 22:01:20,view,session_000255
synthetic_user_0133,945e447f-c018-4d92-b5e5-2f1f7a11bd56,2026-01-06 22:28:12,view,session_000814
synthetic_user_0061,bd6bddb1-3e29-4767-a194-6196e46f7456,2026-01-07 00:52:15,view,session_000316
synthetic_user_0015,a18002e2-24a3-4da4-b558-ea8cadcb047e,2026-01-07 06:36:38,view,session_000028
synthetic_user_0015,a18002e2-24a3-4da4-b558-ea8cadcb047e,2026-01-07 06:42:27,download,session_000028
synthetic_user_0015,a18002e2-24a3-4da4-b558-ea8cadcb047e,2026-01-07 06:47:45,like,session_000028
synthetic_user_0052,087164bc-8a57-44b1-bd06-0644f475917b,2026-01-07 06:54:02,view,session_000256
synthetic_user_0052,087164bc-8a57-44b1-bd06-0644f475917b,2026-01-07 06:59:12,download,session_000256
synthetic_user_0015,a18002e2-24a3-4da4-b558-ea8cadcb047e,2026-01-07 07:05:05,chat,session_000028
synthetic_user_0144,e06a75b5-86f9-4daf-b871-0fba7b7ba57d,2026-01-07 07:05:48,view,session_000869
synthetic_user_0144,e06a75b5-86f9-4daf-b871-0fba7b7ba57d,2026-01-07 07:08:46,download,session_000869
synthetic_user_0144,e06a75b5-86f9-4daf-b871-0fba7b7ba57d,2026-01-07 07:16:02,bookmark,session_000869
synthetic_user_0144,e06a75b5-86f9-4daf-b871-0fba7b7ba57d,2026-01-07 07:18:56,like,session_000869
synthetic_user_0089,a18002e2-24a3-4da4-b558-ea8cadcb047e,2026-01-07 18:05:13,view,session_000529
synthetic_user_0073,98a77293-8faf-4d27-8248-6eb91f481d8f,2026-01-07 19:25:43,view,session_000398
synthetic_user_0183,a8231f34-c157-4fcd-b08a-5a3420cc0cee,2026-01-07 22:51:43,view,session_001148
synthetic_user_0183,a8231f34-c157-4fcd-b08a-5a3420cc0cee,2026-01-07 22:57:12,chat,session_001148
synthetic_user_0077,830353af-6497-4bc7-bab8-08114b64b682,2026-01-07 22:59:20,view,session_000434
synthetic_user_0128,2c1e63cb-30f5-4e05-92af-ea93368ef4ab,2026-01-07 23:53:40,view,session_000780
synthetic_user_0128,2c1e63cb-30f5-4e05-92af-ea93368ef4ab,2026-01-08 00:01:05,chat,session_000780
synthetic_user_0071,dcf38bea-591e-47ae-aaaf-e01b841cc3b3,2026-01-08 01:49:14,view,session_000380
synthetic_user_0085,087164bc-8a57-44b1-bd06-0644f475917b,2026-01-08 02:26:33,view,session_000503
synthetic_user_0190,dbcab77a-8d8a-4721-b07d-d5d9ecc7874d,2026-01-08 02:37:32,view,session_001175
synthetic_user_0140,5a0f55cf-16af-4459-9030-0c7c6e11207f,2026-01-08 07:12:25,view,session_000847
synthetic_user_0140,5a0f55cf-16af-4459-9030-0c7c6e11207f,2026-01-08 07:25:34,chat,session_000847
synthetic_user_0084,a18002e2-24a3-4da4-b558-ea8cadcb047e,2026-01-08 18:49:10,view,session_000492
synthetic_user_0161,a8231f34-c157-4fcd-b08a-5a3420cc0cee,2026-01-08 19:17:09,view,session_000982
synthetic_user_0161,a8231f34-c157-4fcd-b08a-5a3420cc0cee,2026-01-08 19:23:15,download,session_000982
synthetic_user_0161,a8231f34-c157-4fcd-b08a-5a3420cc0cee,2026-01-08 19:29:10,chat,session_000982
synthetic_user_0090,8706bbb8-8343-4edc-9af4-244b9cad76aa,2026-01-08 19:41:01,view,session_000537
synthetic_user_0077,a18002e2-24a3-4da4-b558-ea8cadcb047e,2026-01-08 20:40:46,view,session_000435
synthetic_user_0077,a18002e2-24a3-4da4-b558-ea8cadcb047e,2026-01-08 20:45:20,download,session_000435
synthetic_user_0057,98a77293-8faf-4d27-8248-6eb91f481d8f,2026-01-08 23:19:08,view,session_000298
synthetic_user_0057,98a77293-8faf-4d27-8248-6eb91f481d8f,2026-01-08 23:31:14,download,session_000298
synthetic_user_0066,85526add-cd5a-4107-a07e-62ff3f493082,2026-01-08 23:32:51,view,session_000344
synthetic_user_0136,dbcab77a-8d8a-4721-b07d-d5d9ecc7874d,2026-01-08 23:36:28,view,session_000834
synthetic_user_0066,85526add-cd5a-4107-a07e-62ff3f493082,2026-01-08 23:48:35,download,session_000344
synthetic_user_0019,5a0f55cf-16af-4459-9030-0c7c6e11207f,2026-01-09 00:38:52,view,session_000070
synthetic_user_0019,5a0f55cf-16af-4459-9030-0c7c6e11207f,2026-01-09 00:48:35,chat,session_000070
synthetic_user_0019,5a0f55cf-16af-4459-9030-0c7c6e11207f,2026-01-09 00:51:15,download,session_000070
synthetic_user_0109,7c1af9a0-cf09-4356-8c0d-d762fbb21208,2026-01-09 07:04:57,view,session_000648
synthetic_user_0042,5a0f55cf-16af-4459-9030-0c7c6e11207f,2026-01-09 08:00:23,view,session_000209
synthetic_user_0139,8706bbb8-8343-4edc-9af4-244b9cad76aa,2026-01-09 08:42:11,view,session_000842
synthetic_user_0139,8706bbb8-8343-4edc-9af4-244b9cad76aa,2026-01-09 09:10:57,chat,session_000842
synthetic_user_0167,98a77293-8faf-4d27-8248-6eb91f481d8f,2026-01-09 19:29:20,view,session_001016
synthetic_user_0017,8706bbb8-8343-4edc-9af4-244b9cad76aa,2026-01-09 19:35:43,view,session_000047
synthetic_user_0017,8706bbb8-8343-4edc-9af4-244b9cad76aa,2026-01-09 19:39:52,download,session_000047
synthetic_user_0017,8706bbb8-8343-4edc-9af4-244b9cad76aa,2026-01-09 19:42:24,like,session_000047
synthetic_user_0094,8706bbb8-8343-4edc-9af4-244b9cad76aa,2026-01-09 19:50:34,view,session_000571
synthetic_user_0033,e72c3d3b-cf36-4cc4-9a40-d8cc5d28df84,2026-01-09 20:05:11,view,session_000164
synthetic_user_0094,8706bbb8-8343-4edc-9af4-244b9cad76aa,2026-01-09 20:05:37,chat,session_000571
synthetic_user_0083,8706bbb8-8343-4edc-9af4-244b9cad76aa,2026-01-09 21:18:28,view,session_000487
synthetic_user_0112,40a8032b-e43c-43dc-ba5f-d650f1c0a979,2026-01-09 21:19:13,view,session_000683
synthetic_user_0112,40a8032b-e43c-43dc-ba5f-d650f1c0a979,2026-01-09 21:21:54,download,session_000683
synthetic_user_0083,8706bbb8-8343-4edc-9af4-244b9cad76aa,2026-01-09 21:30:25,download,session_000487
synthetic_user_0083,8706bbb8-8343-4edc-9af4-244b9cad76aa,2026-01-09 21:37:45,bookmark,session_000487
synthetic_user_0036,45a799e0-5716-4209-b489-bd8f9ef13974,2026-01-09 22:48:45,view,session_000180
synthetic_user_0036,45a799e0-5716-4209-b489-bd8f9ef13974,2026-01-09 22:58:05,chat,session_000180
synthetic_user_0036,45a799e0-5716-4209-b489-bd8f9ef13974,2026-01-09 22:58:24,download,session_000180
synthetic_user_0036,45a799e0-5716-4209-b489-bd8f9ef13974,2026-01-09 23:04:22,like,session_000180
synthetic_user_0148,09593622-ad83-4d14-8236-17bea51dbb13,2026-01-10 01:43:29,view,session_000902
synthetic_user_0179,dbcab77a-8d8a-4721-b07d-d5d9ecc7874d,2026-01-10 01:45:54,view,session_001114
synthetic_user_0148,09593622-ad83-4d14-8236-17bea51dbb13,2026-01-10 01:49:13,download,session_000902
synthetic_user_0148,09593622-ad83-4d14-8236-17bea51dbb13,2026-01-10 02:13:19,chat,session_000902
synthetic_user_0179,dbcab77a-8d8a-4721-b07d-d5d9ecc7874d,2026-01-10 02:14:04,chat,session_001114
synthetic_user_0067,8706bbb8-8343-4edc-9af4-244b9cad76aa,2026-01-10 03:05:18,view,session_000352
synthetic_user_0067,8706bbb8-8343-4edc-9af4-244b9cad76aa,2026-01-10 03:31:22,chat,session_000352
synthetic_user_0063,40a8032b-e43c-43dc-ba5f-d650f1c0a979,2026-01-10 03:58:44,view,session_000325
synthetic_user_0081,8706bbb8-8343-4edc-9af4-244b9cad76aa,2026-01-10 08:41:24,view,session_000473
synthetic_user_0081,8706bbb8-8343-4edc-9af4-244b9cad76aa,2026-01-10 08:50:06,download,session_000473
synthetic_user_0081,8706bbb8-8343-4edc-9af4-244b9cad76aa,2026-01-10 08:57:39,like,session_000473
synthetic_user_0088,85526add-cd5a-4107-a07e-62ff3f493082,2026-01-10 23:19:21,view,session_000522
synthetic_user_0088,85526add-cd5a-4107-a07e-62ff3f493082,2026-01-10 23:29:15,download,session_000522
synthetic_user_0088,85526add-cd5a-4107-a07e-62ff3f493082,2026-01-10 23:35:53,like,session_000522
synthetic_user_0169,8b44ea69-a5bb-4779-8c63-bf20e4da58c7,2026-01-11 00:53:03,view,session_001039
synthetic_user_0169,8b44ea69-a5bb-4779-8c63-bf20e4da58c7,2026-01-11 01:06:54,download,session_001039
synthetic_user_0169,8b44ea69-a5bb-4779-8c63-bf20e4da58c7,2026-01-11 01:09:34,like,session_001039
synthetic_user_0136,dbcab77a-8d8a-4721-b07d-d5d9ecc7874d,2026-01-11 04:57:19,view,session_000835
synthetic_user_0136,dbcab77a-8d8a-4721-b07d-d5d9ecc7874d,2026-01-11 05:03:42,chat,session_000835
synthetic_user_0141,7c1af9a0-cf09-4356-8c0d-d762fbb21208,2026-01-11 18:24:13,view,session_000856
synthetic_user_0080,7c1af9a0-cf09-4356-8c0d-d762fbb21208,2026-01-11 22:49:27,view,session_000463
synthetic_user_0048,e72c3d3b-cf36-4cc4-9a40-d8cc5d28df84,2026-01-11 22:52:11,view,session_000232
synthetic_user_0080,7c1af9a0-cf09-4356-8c0d-d762fbb21208,2026-01-11 22:55:42,chat,session_000463
synthetic_user_0080,7c1af9a0-cf09-4356-8c0d-d762fbb21208,2026-01-11 22:56:36,download,session_000463
synthetic_user_0164,8b44ea69-a5bb-4779-8c63-bf20e4da58c7,2026-01-12 04:56:29,view,session_000999
synthetic_user_0172,e06a75b5-86f9-4daf-b871-0fba7b7ba57d,2026-01-12 06:20:07,view,session_001059
synthetic_user_0039,8706bbb8-8343-4edc-9af4-244b9cad76aa,2026-01-12 07:18:21,view,session_000197
synthetic_user_0039,8706bbb8-8343-4edc-9af4-244b9cad76aa,2026-01-12 07:24:26,download,session_000197
synthetic_user_0133,8706bbb8-8343-4edc-9af4-244b9cad76aa,2026-01-13 04:37:58,view,session_000815
synthetic_user_0133,8706bbb8-8343-4edc-9af4-244b9cad76aa,2026-01-13 04:42:48,download,session_000815
synthetic_user_0074,a18002e2-24a3-4da4-b558-ea8cadcb047e,2026-01-13 06:00:11,view,session_000412
synthetic_user_0123,5a0f55cf-16af-4459-9030-0c7c6e11207f,2026-01-14 03:50:39,view,session_000750
synthetic_user_0067,c5310615-4076-41e9-9064-736593600471,2026-01-14 06:59:28,view,session_000353
synthetic_user_0172,e72c3d3b-cf36-4cc4-9a40-d8cc5d28df84,2026-01-14 18:20:44,view,session_001060
synthetic_user_0072,8706bbb8-8343-4edc-9af4-244b9cad76aa,2026-01-14 23:07:51,view,session_000394
synthetic_user_0177,087164bc-8a57-44b1-bd06-0644f475917b,2026-01-15 20:39:34,view,session_001100
synthetic_user_0073,8706bbb8-8343-4edc-9af4-244b9cad76aa,2026-01-16 05:52:21,view,session_000399
synthetic_user_0073,8706bbb8-8343-4edc-9af4-244b9cad76aa,2026-01-16 06:07:19,download,session_000399
synthetic_user_0171,2c1e63cb-30f5-4e05-92af-ea93368ef4ab,2026-01-16 06:10:11,view,session_001049
synthetic_user_0098,8706bbb8-8343-4edc-9af4-244b9cad76aa,2026-01-16 07:33:31,view,session_000593
synthetic_user_0076,581c8e36-7a51-4e8e-ac1d-6e9c1d54940f,2026-01-16 08:31:48,view,session_000426
synthetic_user_0076,581c8e36-7a51-4e8e-ac1d-6e9c1d54940f,2026-01-16 08:41:49,download,session_000426
synthetic_user_0076,581c8e36-7a51-4e8e-ac1d-6e9c1d54940f,2026-01-16 08:44:07,like,session_000426
synthetic_user_0120,087164bc-8a57-44b1-bd06-0644f475917b,2026-01-16 18:10:18,view,session_000734
synthetic_user_0120,087164bc-8a57-44b1-bd06-0644f475917b,2026-01-16 18:19:24,download,session_000734
synthetic_user_0090,8706bbb8-8343-4edc-9af4-244b9cad76aa,2026-01-16 20:46:56,view,session_000538
synthetic_user_0175,59bf0b38-d7b5-4024-a66e-a03f1b47095d,2026-01-17 06:29:36,view,session_001092
synthetic_user_0015,85526add-cd5a-4107-a07e-62ff3f493082,2026-01-17 19:56:03,view,session_000029
synthetic_user_0070,8706bbb8-8343-4edc-9af4-244b9cad76aa,2026-01-17 20:38:06,view,session_000376
synthetic_user_0070,8706bbb8-8343-4edc-9af4-244b9cad76aa,2026-01-17 20:50:14,download,session_000376
synthetic_user_0070,8706bbb8-8343-4edc-9af4-244b9cad76aa,2026-01-17 21:07:49,chat,session_000376
synthetic_user_0137,dbcab77a-8d8a-4721-b07d-d5d9ecc7874d,2026-01-17 21:08:55,view,session_000839
synthetic_user_0137,dbcab77a-8d8a-4721-b07d-d5d9ecc7874d,2026-01-17 21:23:10,download,session_000839
synthetic_user_0074,a18002e2-24a3-4da4-b558-ea8cadcb047e,2026-01-18 00:31:08,view,session_000413
synthetic_user_0125,8706bbb8-8343-4edc-9af4-244b9cad76aa,2026-01-18 03:08:48,view,session_000770
synthetic_user_0125,8706bbb8-8343-4edc-9af4-244b9cad76aa,2026-01-18 03:22:53,download,session_000770
synthetic_user_0177,dcd20897-e14a-43fc-b2ba-66bb4a569874,2026-01-18 08:36:56,view,session_001101
synthetic_user_0177,dcd20897-e14a-43fc-b2ba-66bb4a569874,2026-01-18 09:02:15,chat,session_001101
synthetic_user_0148,8706bbb8-8343-4edc-9af4-244b9cad76aa,2026-01-18 20:38:18,view,session_000903
synthetic_user_0028,fbb68aab-9b3b-4e24-9109-ea047f927347,2026-01-18 22:26:11,view,session_000130
synthetic_user_0151,8706bbb8-8343-4edc-9af4-244b9cad76aa,2026-01-18 22:40:44,view,session_000928
synthetic_user_0164,8b44ea69-a5bb-4779-8c63-bf20e4da58c7,2026-01-19 02:45:53,view,session_001000
synthetic_user_0164,8b44ea69-a5bb-4779-8c63-bf20e4da58c7,2026-01-19 02:57:18,chat,session_001000
synthetic_user_0014,bd6bddb1-3e29-4767-a194-6196e46f7456,2026-01-19 07:58:46,view,session_000022
synthetic_user_0163,45a799e0-5716-4209-b489-bd8f9ef13974,2026-01-19 07:59:09,view,session_000991
synthetic_user_0014,bd6bddb1-3e29-4767-a194-6196e46f7456,2026-01-19 08:14:21,download,session_000022
synthetic_user_0163,45a799e0-5716-4209-b489-bd8f9ef13974,2026-01-19 08:15:04,download,session_000991
synthetic_user_0163,45a799e0-5716-4209-b489-bd8f9ef13974,2026-01-19 08:23:13,bookmark,session_000991
synthetic_user_0074,fbb68aab-9b3b-4e24-9109-ea047f927347,2026-01-19 08:54:40,view,session_000414
synthetic_user_0144,33f6e3a9-237d-433e-b4b6-238e44c80117,2026-01-19 08:58:19,view,session_000870
synthetic_user_0074,fbb68aab-9b3b-4e24-9109-ea047f927347,2026-01-19 09:01:27,download,session_000414
synthetic_user_0074,fbb68aab-9b3b-4e24-9109-ea047f927347,2026-01-19 09:02:39,chat,session_000414
synthetic_user_0074,fbb68aab-9b3b-4e24-9109-ea047f927347,2026-01-19 09:04:52,bookmark,session_000414
synthetic_user_0057,98a77293-8faf-4d27-8248-6eb91f481d8f,2026-01-19 19:24:32,view,session_000299
synthetic_user_0093,8706bbb8-8343-4edc-9af4-244b9cad76aa,2026-01-19 20:49:04,view,session_000562
synthetic_user_0099,830353af-6497-4bc7-bab8-08114b64b682,2026-01-19 21:15:20,view,session_000594
synthetic_user_0146,8706bbb8-8343-4edc-9af4-244b9cad76aa,2026-01-19 21:23:42,view,session_000888
synthetic_user_0099,830353af-6497-4bc7-bab8-08114b64b682,2026-01-19 21:25:06,download,session_000594
synthetic_user_0099,830353af-6497-4bc7-bab8-08114b64b682,2026-01-19 21:34:31,bookmark,session_000594
synthetic_user_0141,bd6bddb1-3e29-4767-a194-6196e46f7456,2026-01-20 01:14:04,view,session_000857
synthetic_user_0141,bd6bddb1-3e29-4767-a194-6196e46f7456,2026-01-20 01:19:42,chat,session_000857
synthetic_user_0038,7c1af9a0-cf09-4356-8c0d-d762fbb21208,2026-01-20 06:13:52,view,session_000190
synthetic_user_0036,45a799e0-5716-4209-b489-bd8f9ef13974,2026-01-20 06:50:04,view,session_000181
synthetic_user_0036,45a799e0-5716-4209-b489-bd8f9ef13974,2026-01-20 06:57:48,download,session_000181
synthetic_user_0036,45a799e0-5716-4209-b489-bd8f9ef13974,2026-01-20 07:05:14,like,session_000181
synthetic_user_0088,85526add-cd5a-4107-a07e-62ff3f493082,2026-01-20 07:12:45,view,session_000523
synthetic_user_0088,85526add-cd5a-4107-a07e-62ff3f493082,2026-01-20 07:24:49,download,session_000523
synthetic_user_0071,fbb68aab-9b3b-4e24-9109-ea047f927347,2026-01-20 08:54:05,view,session_000381
synthetic_user_0082,33f6e3a9-237d-433e-b4b6-238e44c80117,2026-01-20 19:35:34,view,session_000479
synthetic_user_0167,ea97dfce-6731-4b1d-9b03-485d04de4867,2026-01-20 20:59:18,view,session_001017
synthetic_user_0024,e06a75b5-86f9-4daf-b871-0fba7b7ba57d,2026-01-20 22:52:39,view,session_000098
synthetic_user_0117,8706bbb8-8343-4edc-9af4-244b9cad76aa,2026-01-20 23:42:06,view,session_000716
synthetic_user_0067,c5310615-4076-41e9-9064-736593600471,2026-01-21 00:25:52,view,session_000354
synthetic_user_0144,8b44ea69-a5bb-4779-8c63-bf20e4da58c7,2026-01-21 03:34:09,view,session_000871
synthetic_user_0034,a18002e2-24a3-4da4-b558-ea8cadcb047e,2026-01-21 03:44:12,view,session_000167
synthetic_user_0132,85526add-cd5a-4107-a07e-62ff3f493082,2026-01-21 03:50:42,view,session_000804
synthetic_user_0178,7c1af9a0-cf09-4356-8c0d-d762fbb21208,2026-01-21 04:15:10,view,session_001109
synthetic_user_0139,8706bbb8-8343-4edc-9af4-244b9cad76aa,2026-01-21 05:36:06,view,session_000843
synthetic_user_0016,b1e94dc4-e19f-4e9b-85e1-69c3b4ab0e97,2026-01-21 20:04:32,view,session_000037
synthetic_user_0016,b1e94dc4-e19f-4e9b-85e1-69c3b4ab0e97,2026-01-21 20:11:09,download,session_000037
synthetic_user_0016,b1e94dc4-e19f-4e9b-85e1-69c3b4ab0e97,2026-01-21 20:20:13,like,session_000037
synthetic_user_0180,dcf38bea-591e-47ae-aaaf-e01b841cc3b3,2026-01-21 21:53:13,view,session_001127
synthetic_user_0180,dcf38bea-591e-47ae-aaaf-e01b841cc3b3,2026-01-21 22:21:15,chat,session_001127
synthetic_user_0170,a18002e2-24a3-4da4-b558-ea8cadcb047e,2026-01-22 03:24:01,view,session_001044
synthetic_user_0170,a18002e2-24a3-4da4-b558-ea8cadcb047e,2026-01-22 03:33:19,chat,session_001044
synthetic_user_0016,dcd20897-e14a-43fc-b2ba-66bb4a569874,2026-01-22 04:07:33,view,session_000038
synthetic_user_0016,dcd20897-e14a-43fc-b2ba-66bb4a569874,2026-01-22 04:23:27,download,session_000038
synthetic_user_0016,dcd20897-e14a-43fc-b2ba-66bb4a569874,2026-01-22 04:33:59,like,session_000038
synthetic_user_0043,bd6bddb1-3e29-4767-a194-6196e46f7456,2026-01-22 05:42:47,view,session_000213
synthetic_user_0043,bd6bddb1-3e29-4767-a194-6196e46f7456,2026-01-22 05:46:36,download,session_000213
synthetic_user_0159,ea97dfce-6731-4b1d-9b03-485d04de4867,2026-01-22 22:13:11,view,session_000969
synthetic_user_0034,a18002e2-24a3-4da4-b558-ea8cadcb047e,2026-01-23 01:20:11,view,session_000168
synthetic_user_0034,a18002e2-24a3-4da4-b558-ea8cadcb047e,2026-01-23 01:34:26,chat,session_000168
synthetic_user_0144,e06a75b5-86f9-4daf-b871-0fba7b7ba57d,2026-01-23 02:46:11,view,session_000872
synthetic_user_0115,8b44ea69-a5bb-4779-8c63-bf20e4da58c7,2026-01-23 05:35:31,view,session_000709
synthetic_user_0190,85526add-cd5a-4107-a07e-62ff3f493082,2026-01-23 07:59:27,view,session_001176
synthetic_user_0026,8706bbb8-8343-4edc-9af4-244b9cad76aa,2026-01-23 21:03:06,view,session_000112
synthetic_user_0147,33f6e3a9-237d-433e-b4b6-238e44c80117,2026-01-24 00:59:59,view,session_000892
synthetic_user_0147,33f6e3a9-237d-433e-b4b6-238e44c80117,2026-01-24 01:13:00,download,session_000892
synthetic_user_0076,581c8e36-7a51-4e8e-ac1d-6e9c1d54940f,2026-01-24 01:19:00,view,session_000427
synthetic_user_0147,33f6e3a9-237d-433e-b4b6-238e44c80117,2026-01-24 01:19:57,like,session_000892
synthetic_user_0076,581c8e36-7a51-4e8e-ac1d-6e9c1d54940f,2026-01-24 01:24:21,download,session_000427
synthetic_user_0132,087164bc-8a57-44b1-bd06-0644f475917b,2026-01-24 03:00:29,view,session_000805
synthetic_user_0142,40a8032b-e43c-43dc-ba5f-d650f1c0a979,2026-01-24 04:50:48,view,session_000862
synthetic_user_0198,087164bc-8a57-44b1-bd06-0644f475917b,2026-01-24 05:53:53,view,session_001231
synthetic_user_0104,8706bbb8-8343-4edc-9af4-244b9cad76aa,2026-01-24 06:46:57,view,session_000624
synthetic_user_0104,8706bbb8-8343-4edc-9af4-244b9cad76aa,2026-01-24 07:02:21,download,session_000624
synthetic_user_0104,8706bbb8-8343-4edc-9af4-244b9cad76aa,2026-01-24 07:10:23,like,session_000624
synthetic_user_0112,8706bbb8-8343-4edc-9af4-244b9cad76aa,2026-01-24 07:56:10,view,session_000684
synthetic_user_0018,830353af-6497-4bc7-bab8-08114b64b682,2026-01-24 20:55:16,view,session_000056
synthetic_user_0018,830353af-6497-4bc7-bab8-08114b64b682,2026-01-24 21:03:56,download,session_000056
synthetic_user_0018,830353af-6497-4bc7-bab8-08114b64b682,2026-01-24 21:15:54,chat,session_000056
synthetic_user_0123,8706bbb8-8343-4edc-9af4-244b9cad76aa,2026-01-25 04:28:44,view,session_000751
synthetic_user_0124,95461cac-4301-4ade-8b3c-98201e8731db,2026-01-25 04:34:54,view,session_000757
synthetic_user_0123,8706bbb8-8343-4edc-9af4-244b9cad76aa,2026-01-25 04:43:18,download,session_000751
synthetic_user_0168,8706bbb8-8343-4edc-9af4-244b9cad76aa,2026-01-25 20:38:24,view,session_001029
synthetic_user_0168,8706bbb8-8343-4edc-9af4-244b9cad76aa,2026-01-25 21:22:13,view,session_001030
synthetic_user_0074,c5310615-4076-41e9-9064-736593600471,2026-01-26 02:34:46,view,session_000415
synthetic_user_0036,dcf38bea-591e-47ae-aaaf-e01b841cc3b3,2026-01-26 03:06:51,view,session_000182
synthetic_user_0067,c5310615-4076-41e9-9064-736593600471,2026-01-26 04:01:30,view,session_000355
synthetic_user_0116,dcf38bea-591e-47ae-aaaf-e01b841cc3b3,2026-01-26 18:41:39,view,session_000711
synthetic_user_0043,e06a75b5-86f9-4daf-b871-0fba7b7ba57d,2026-01-26 20:07:00,view,session_000214
synthetic_user_0015,45a799e0-5716-4209-b489-bd8f9ef13974,2026-01-26 20:10:48,view,session_000030
synthetic_user_0015,45a799e0-5716-4209-b489-bd8f9ef13974,2026-01-26 20:26:35,download,session_000030
synthetic_user_0015,45a799e0-5716-4209-b489-bd8f9ef13974,2026-01-26 20:28:04,like,session_000030
synthetic_user_0190,dbcab77a-8d8a-4721-b07d-d5d9ecc7874d,2026-01-26 22:20:24,view,session_001177
synthetic_user_0190,dbcab77a-8d8a-4721-b07d-d5d9ecc7874d,2026-01-26 22:29:41,chat,session_001177
synthetic_user_0093,bd6bddb1-3e29-4767-a194-6196e46f7456,2026-01-26 22:49:03,view,session_000563
synthetic_user_0111,8706bbb8-8343-4edc-9af4-244b9cad76aa,2026-01-27 02:51:39,view,session_000669
synthetic_user_0111,8706bbb8-8343-4edc-9af4-244b9cad76aa,2026-01-27 02:58:59,chat,session_000669
synthetic_user_0124,8706bbb8-8343-4edc-9af4-244b9cad76aa,2026-01-27 03:14:22,view,session_000758
synthetic_user_0059,8706bbb8-8343-4edc-9af4-244b9cad76aa,2026-01-27 04:20:27,view,session_000308
synthetic_user_0100,830353af-6497-4bc7-bab8-08114b64b682,2026-01-27 05:25:11,view,session_000599
synthetic_user_0109,5a0f55cf-16af-4459-9030-0c7c6e11207f,2026-01-27 07:51:30,view,session_000649
synthetic_user_0095,8706bbb8-8343-4edc-9af4-244b9cad76aa,2026-01-27 18:30:58,view,session_000575
synthetic_user_0139,85526add-cd5a-4107-a07e-62ff3f493082,2026-01-28 00:44:02,view,session_000844
synthetic_user_0194,8706bbb8-8343-4edc-9af4-244b9cad76aa,2026-01-28 05:34:32,view,session_001204
synthetic_user_0122,59bf0b38-d7b5-4024-a66e-a03f1b47095d,2026-01-28 06:43:23,view,session_000745
synthetic_user_0122,59bf0b38-d7b5-4024-a66e-a03f1b47095d,2026-01-28 06:45:48,download,session_000745
synthetic_user_0140,33f6e3a9-237d-433e-b4b6-238e44c80117,2026-01-28 18:00:16,view,session_000848
synthetic_user_0140,33f6e3a9-237d-433e-b4b6-238e44c80117,2026-01-28 18:12:50,download,session_000848
synthetic_user_0140,33f6e3a9-237d-433e-b4b6-238e44c80117,2026-01-28 18:14:43,like,session_000848
synthetic_user_0030,7c1af9a0-cf09-4356-8c0d-d762fbb21208,2026-01-28 19:59:28,view,session_000143
synthetic_user_0177,8706bbb8-8343-4edc-9af4-244b9cad76aa,2026-01-28 22:03:48,view,session_001102
synthetic_user_0118,dcd20897-e14a-43fc-b2ba-66bb4a569874,2026-01-28 23:37:46,view,session_000724
synthetic_user_0113,e06a75b5-86f9-4daf-b871-0fba7b7ba57d,2026-01-29 03:07:00,view,session_000694
synthetic_user_0059,8706bbb8-8343-4edc-9af4-244b9cad76aa,2026-01-29 05:07:06,view,session_000309
synthetic_user_0100,dcd20897-e14a-43fc-b2ba-66bb4a569874,2026-01-29 06:55:23,view,session_000600
synthetic_user_0100,dcd20897-e14a-43fc-b2ba-66bb4a569874,2026-01-29 06:57:30,download,session_000600
synthetic_user_0100,dcd20897-e14a-43fc-b2ba-66bb4a569874,2026-01-29 07:11:34,chat,session_000600
synthetic_user_0183,a8231f34-c157-4fcd-b08a-5a3420cc0cee,2026-01-29 22:05:15,view,session_001149
synthetic_user_0093,b1e94dc4-e19f-4e9b-85e1-69c3b4ab0e97,2026-01-30 00:24:21,view,session_000564
synthetic_user_0093,b1e94dc4-e19f-4e9b-85e1-69c3b4ab0e97,2026-01-30 00:38:13,download,session_000564
synthetic_user_0093,b1e94dc4-e19f-4e9b-85e1-69c3b4ab0e97,2026-01-30 00:48:12,bookmark,session_000564
synthetic_user_0165,dcf38bea-591e-47ae-aaaf-e01b841cc3b3,2026-01-30 00:52:24,view,session_001003
synthetic_user_0165,dcf38bea-591e-47ae-aaaf-e01b841cc3b3,2026-01-30 00:54:39,download,session_001003
synthetic_user_0165,dcf38bea-591e-47ae-aaaf-e01b841cc3b3,2026-01-30 01:05:15,like,session_001003
synthetic_user_0165,dcf38bea-591e-47ae-aaaf-e01b841cc3b3,2026-01-30 01:07:29,chat,session_001003
synthetic_user_0165,dcf38bea-591e-47ae-aaaf-e01b841cc3b3,2026-01-30 01:08:09,bookmark,session_001003
synthetic_user_0110,59bf0b38-d7b5-4024-a66e-a03f1b47095d,2026-01-30 08:58:07,view,session_000655
synthetic_user_0107,e06a75b5-86f9-4daf-b871-0fba7b7ba57d,2026-01-30 18:04:19,view,session_000639
synthetic_user_0107,e06a75b5-86f9-4daf-b871-0fba7b7ba57d,2026-01-30 18:19:56,download,session_000639
synthetic_user_0018,e06a75b5-86f9-4daf-b871-0fba7b7ba57d,2026-01-30 18:41:30,view,session_000057
synthetic_user_0018,e06a75b5-86f9-4daf-b871-0fba7b7ba57d,2026-01-30 18:45:48,download,session_000057
synthetic_user_0097,98a77293-8faf-4d27-8248-6eb91f481d8f,2026-01-30 21:59:39,view,session_000592
synthetic_user_0097,98a77293-8faf-4d27-8248-6eb91f481d8f,2026-01-30 22:06:17,download,session_000592
synthetic_user_0097,98a77293-8faf-4d27-8248-6eb91f481d8f,2026-01-30 22:16:11,bookmark,session_000592
synthetic_user_0097,98a77293-8faf-4d27-8248-6eb91f481d8f,2026-01-30 22:17:14,like,session_000592
synthetic_user_0144,ea97dfce-6731-4b1d-9b03-485d04de4867,2026-01-30 22:24:29,view,session_000873
synthetic_user_0011,8706bbb8-8343-4edc-9af4-244b9cad76aa,2026-01-31 01:58:44,view,session_000007
synthetic_user_0011,8706bbb8-8343-4edc-9af4-244b9cad76aa,2026-01-31 02:05:57,download,session_000007
synthetic_user_0091,45a799e0-5716-4209-b489-bd8f9ef13974,2026-01-31 08:30:36,view,session_000545
synthetic_user_0197,8706bbb8-8343-4edc-9af4-244b9cad76aa,2026-02-01 01:22:19,view,session_001223
synthetic_user_0197,8706bbb8-8343-4edc-9af4-244b9cad76aa,2026-02-01 01:41:12,chat,session_001223
synthetic_user_0108,98a77293-8faf-4d27-8248-6eb91f481d8f,2026-02-01 01:43:06,view,session_000643
synthetic_user_0108,98a77293-8faf-4d27-8248-6eb91f481d8f,2026-02-01 01:46:39,download,session_000643
synthetic_user_0108,98a77293-8faf-4d27-8248-6eb91f481d8f,2026-02-01 01:53:24,like,session_000643
synthetic_user_0165,45a799e0-5716-4209-b489-bd8f9ef13974,2026-02-01 20:03:51,view,session_001004
synthetic_user_0052,09593622-ad83-4d14-8236-17bea51dbb13,2026-02-01 22:06:04,view,session_000257
synthetic_user_0026,e06a75b5-86f9-4daf-b871-0fba7b7ba57d,2026-02-02 00:21:45,view,session_000113
synthetic_user_0057,98a77293-8faf-4d27-8248-6eb91f481d8f,2026-02-02 03:19:10,view,session_000300
synthetic_user_0087,f6081dfd-75ec-4719-a05b-6ec1f95df15f,2026-02-02 19:52:33,view,session_000516
synthetic_user_0087,f6081dfd-75ec-4719-a05b-6ec1f95df15f,2026-02-02 19:55:12,download,session_000516
synthetic_user_0087,f6081dfd-75ec-4719-a05b-6ec1f95df15f,2026-02-02 20:04:34,bookmark,session_000516
synthetic_user_0071,a18002e2-24a3-4da4-b558-ea8cadcb047e,2026-02-02 22:38:56,view,session_000382
synthetic_user_0192,59bf0b38-d7b5-4024-a66e-a03f1b47095d,2026-02-02 22:42:31,view,session_001187
synthetic_user_0058,b1e94dc4-e19f-4e9b-85e1-69c3b4ab0e97,2026-02-02 23:15:00,view,session_000303
synthetic_user_0125,85526add-cd5a-4107-a07e-62ff3f493082,2026-02-03 20:32:40,view,session_000771
synthetic_user_0125,85526add-cd5a-4107-a07e-62ff3f493082,2026-02-03 20:45:43,download,session_000771
synthetic_user_0125,85526add-cd5a-4107-a07e-62ff3f493082,2026-02-03 20:48:03,like,session_000771
synthetic_user_0125,85526add-cd5a-4107-a07e-62ff3f493082,2026-02-03 21:01:03,bookmark,session_000771
synthetic_user_0171,8706bbb8-8343-4edc-9af4-244b9cad76aa,2026-02-03 22:00:57,view,session_001050
synthetic_user_0171,8706bbb8-8343-4edc-9af4-244b9cad76aa,2026-02-03 22:13:51,download,session_001050
synthetic_user_0147,dcd20897-e14a-43fc-b2ba-66bb4a569874,2026-02-04 01:42:54,view,session_000893
synthetic_user_0147,dcd20897-e14a-43fc-b2ba-66bb4a569874,2026-02-04 01:47:53,download,session_000893
synthetic_user_0147,dcd20897-e14a-43fc-b2ba-66bb4a569874,2026-02-04 02:10:15,chat,session_000893
synthetic_user_0037,85526add-cd5a-4107-a07e-62ff3f493082,2026-02-04 05:53:28,view,session_000187
synthetic_user_0037,85526add-cd5a-4107-a07e-62ff3f493082,2026-02-04 06:09:09,download,session_000187
synthetic_user_0162,8706bbb8-8343-4edc-9af4-244b9cad76aa,2026-02-04 19:18:22,view,session_000985
synthetic_user_0171,09593622-ad83-4d14-8236-17bea51dbb13,2026-02-04 20:42:36,view,session_001051
synthetic_user_0171,09593622-ad83-4d14-8236-17bea51dbb13,2026-02-04 20:48:22,download,session_001051
synthetic_user_0195,dcf38bea-591e-47ae-aaaf-e01b841cc3b3,2026-02-04 23:29:45,view,session_001206
synthetic_user_0195,dcf38bea-591e-47ae-aaaf-e01b841cc3b3,2026-02-04 23:38:12,chat,session_001206
synthetic_user_0110,c5310615-4076-41e9-9064-736593600471,2026-02-05 00:28:20,view,session_000656
synthetic_user_0134,b1e94dc4-e19f-4e9b-85e1-69c3b4ab0e97,2026-02-05 02:24:48,view,session_000821
synthetic_user_0134,b1e94dc4-e19f-4e9b-85e1-69c3b4ab0e97,2026-02-05 02:27:56,download,session_000821
synthetic_user_0094,8706bbb8-8343-4edc-9af4-244b9cad76aa,2026-02-05 04:19:31,view,session_000572
synthetic_user_0117,e72c3d3b-cf36-4cc4-9a40-d8cc5d28df84,2026-02-05 07:23:32,view,session_000717
synthetic_user_0109,7c1af9a0-cf09-4356-8c0d-d762fbb21208,2026-02-06 04:23:11,view,session_000650
synthetic_user_0109,7c1af9a0-cf09-4356-8c0d-d762fbb21208,2026-02-06 04:33:35,chat,session_000650
synthetic_user_0109,7c1af9a0-cf09-4356-8c0d-d762fbb21208,2026-02-06 04:36:14,download,session_000650
synthetic_user_0173,fbb68aab-9b3b-4e24-9109-ea047f927347,2026-02-06 06:19:45,view,session_001075
synthetic_user_0173,fbb68aab-9b3b-4e24-9109-ea047f927347,2026-02-06 06:25:31,download,session_001075
synthetic_user_0110,e06a75b5-86f9-4daf-b871-0fba7b7ba57d,2026-02-06 07:24:28,view,session_000657
synthetic_user_0110,e06a75b5-86f9-4daf-b871-0fba7b7ba57d,2026-02-06 07:36:47,download,session_000657
synthetic_user_0110,e06a75b5-86f9-4daf-b871-0fba7b7ba57d,2026-02-06 07:38:35,chat,session_000657
synthetic_user_0042,dcd20897-e14a-43fc-b2ba-66bb4a569874,2026-02-06 08:20:08,view,session_000210
synthetic_user_0042,dcd20897-e14a-43fc-b2ba-66bb4a569874,2026-02-06 08:31:06,download,session_000210
synthetic_user_0042,dcd20897-e14a-43fc-b2ba-66bb4a569874,2026-02-06 08:34:40,like,session_000210
synthetic_user_0019,a18002e2-24a3-4da4-b558-ea8cadcb047e,2026-02-06 20:34:18,view,session_000071
synthetic_user_0019,b1e94dc4-e19f-4e9b-85e1-69c3b4ab0e97,2026-02-06 23:06:05,view,session_000072
synthetic_user_0019,b1e94dc4-e19f-4e9b-85e1-69c3b4ab0e97,2026-02-06 23:09:06,download,session_000072
synthetic_user_0074,40a8032b-e43c-43dc-ba5f-d650f1c0a979,2026-02-06 23:50:31,view,session_000416
synthetic_user_0074,40a8032b-e43c-43dc-ba5f-d650f1c0a979,2026-02-07 00:03:30,download,session_000416
synthetic_user_0110,e06a75b5-86f9-4daf-b871-0fba7b7ba57d,2026-02-07 01:02:02,view,session_000658
synthetic_user_0110,e06a75b5-86f9-4daf-b871-0fba7b7ba57d,2026-02-07 01:28:57,chat,session_000658
synthetic_user_0195,dcd20897-e14a-43fc-b2ba-66bb4a569874,2026-02-07 01:32:35,view,session_001207
synthetic_user_0195,dcd20897-e14a-43fc-b2ba-66bb4a569874,2026-02-07 01:40:14,download,session_001207
synthetic_user_0195,dcd20897-e14a-43fc-b2ba-66bb4a569874,2026-02-07 01:47:08,chat,session_001207
synthetic_user_0174,7c1af9a0-cf09-4356-8c0d-d762fbb21208,2026-02-08 01:31:47,view,session_001085
synthetic_user_0174,7c1af9a0-cf09-4356-8c0d-d762fbb21208,2026-02-08 01:43:34,download,session_001085
synthetic_user_0087,f6081dfd-75ec-4719-a05b-6ec1f95df15f,2026-02-08 04:08:13,view,session_000517
synthetic_user_0188,5a0f55cf-16af-4459-9030-0c7c6e11207f,2026-02-08 05:07:54,view,session_001161
synthetic_user_0188,5a0f55cf-16af-4459-9030-0c7c6e11207f,2026-02-08 05:17:58,download,session_001161
synthetic_user_0110,8b44ea69-a5bb-4779-8c63-bf20e4da58c7,2026-02-08 20:35:42,view,session_000659
synthetic_user_0110,8b44ea69-a5bb-4779-8c63-bf20e4da58c7,2026-02-08 20:49:12,download,session_000659
synthetic_user_0086,a8231f34-c157-4fcd-b08a-5a3420cc0cee,2026-02-08 21:21:53,view,session_000509
synthetic_user_0086,a8231f34-c157-4fcd-b08a-5a3420cc0cee,2026-02-08 21:26:10,download,session_000509
synthetic_user_0144,fbb68aab-9b3b-4e24-9109-ea047f927347,2026-02-08 22:29:18,view,session_000874
synthetic_user_0129,dbcab77a-8d8a-4721-b07d-d5d9ecc7874d,2026-02-09 04:20:21,view,session_000784
synthetic_user_0129,dbcab77a-8d8a-4721-b07d-d5d9ecc7874d,2026-02-09 04:31:43,download,session_000784
synthetic_user_0063,33f6e3a9-237d-433e-b4b6-238e44c80117,2026-02-09 06:15:17,view,session_000326
synthetic_user_0159,8706bbb8-8343-4edc-9af4-244b9cad76aa,2026-02-09 18:10:36,view,session_000970
synthetic_user_0044,a8231f34-c157-4fcd-b08a-5a3420cc0cee,2026-02-09 18:30:23,view,session_000219
synthetic_user_0172,40a8032b-e43c-43dc-ba5f-d650f1c0a979,2026-02-09 18:45:21,view,session_001061
synthetic_user_0044,a8231f34-c157-4fcd-b08a-5a3420cc0cee,2026-02-09 18:47:27,chat,session_000219
synthetic_user_0172,40a8032b-e43c-43dc-ba5f-d650f1c0a979,2026-02-09 18:52:05,download,session_001061
synthetic_user_0062,a18002e2-24a3-4da4-b558-ea8cadcb047e,2026-02-10 01:21:23,view,session_000319
synthetic_user_0062,a18002e2-24a3-4da4-b558-ea8cadcb047e,2026-02-10 01:31:54,chat,session_000319
synthetic_user_0021,8b44ea69-a5bb-4779-8c63-bf20e4da58c7,2026-02-10 02:36:23,view,session_000079
synthetic_user_0035,5a0f55cf-16af-4459-9030-0c7c6e11207f,2026-02-10 05:36:14,view,session_000174
synthetic_user_0035,5a0f55cf-16af-4459-9030-0c7c6e11207f,2026-02-10 05:49:23,download,session_000174
synthetic_user_0084,a18002e2-24a3-4da4-b558-ea8cadcb047e,2026-02-10 08:21:36,view,session_000493
synthetic_user_0084,a18002e2-24a3-4da4-b558-ea8cadcb047e,2026-02-10 08:33:18,download,session_000493
synthetic_user_0084,a18002e2-24a3-4da4-b558-ea8cadcb047e,2026-02-10 08:45:36,chat,session_000493
synthetic_user_0048,e06a75b5-86f9-4daf-b871-0fba7b7ba57d,2026-02-10 18:25:54,view,session_000233
synthetic_user_0023,fbb68aab-9b3b-4e24-9109-ea047f927347,2026-02-10 22:28:15,view,session_000090
synthetic_user_0107,59bf0b38-d7b5-4024-a66e-a03f1b47095d,2026-02-11 04:00:48,view,session_000640
synthetic_user_0179,dbcab77a-8d8a-4721-b07d-d5d9ecc7874d,2026-02-11 06:08:17,view,session_001115
synthetic_user_0179,dbcab77a-8d8a-4721-b07d-d5d9ecc7874d,2026-02-11 06:20:47,download,session_001115
synthetic_user_0179,dbcab77a-8d8a-4721-b07d-d5d9ecc7874d,2026-02-11 06:34:38,bookmark,session_001115
synthetic_user_0111,8b44ea69-a5bb-4779-8c63-bf20e4da58c7,2026-02-11 07:49:58,view,session_000670
synthetic_user_0200,33f6e3a9-237d-433e-b4b6-238e44c80117,2026-02-11 08:07:33,view,session_001240
synthetic_user_0154,8706bbb8-8343-4edc-9af4-244b9cad76aa,2026-02-11 08:29:57,view,session_000942
synthetic_user_0122,b1e94dc4-e19f-4e9b-85e1-69c3b4ab0e97,2026-02-11 18:28:09,view,session_000746
synthetic_user_0083,8706bbb8-8343-4edc-9af4-244b9cad76aa,2026-02-12 00:56:19,view,session_000488
synthetic_user_0111,8706bbb8-8343-4edc-9af4-244b9cad76aa,2026-02-12 00:59:36,view,session_000671
synthetic_user_0111,8706bbb8-8343-4edc-9af4-244b9cad76aa,2026-02-12 01:11:23,download,session_000671
synthetic_user_0111,8706bbb8-8343-4edc-9af4-244b9cad76aa,2026-02-12 01:23:16,bookmark,session_000671
synthetic_user_0035,85526add-cd5a-4107-a07e-62ff3f493082,2026-02-12 01:23:25,view,session_000175
synthetic_user_0183,a8231f34-c157-4fcd-b08a-5a3420cc0cee,2026-02-12 06:34:18,view,session_001150
synthetic_user_0183,a8231f34-c157-4fcd-b08a-5a3420cc0cee,2026-02-12 06:58:53,chat,session_001150
synthetic_user_0148,09593622-ad83-4d14-8236-17bea51dbb13,2026-02-12 20:47:42,view,session_000904
synthetic_user_0168,dcf38bea-591e-47ae-aaaf-e01b841cc3b3,2026-02-12 21:43:36,view,session_001031
synthetic_user_0168,dcf38bea-591e-47ae-aaaf-e01b841cc3b3,2026-02-12 21:53:08,download,session_001031
synthetic_user_0168,dcf38bea-591e-47ae-aaaf-e01b841cc3b3,2026-02-12 21:59:02,bookmark,session_001031
synthetic_user_0017,98a77293-8faf-4d27-8248-6eb91f481d8f,2026-02-13 00:18:16,view,session_000048
synthetic_user_0065,85526add-cd5a-4107-a07e-62ff3f493082,2026-02-13 02:34:25,view,session_000340
synthetic_user_0103,a8231f34-c157-4fcd-b08a-5a3420cc0cee,2026-02-13 03:08:57,view,session_000615
synthetic_user_0102,581c8e36-7a51-4e8e-ac1d-6e9c1d54940f,2026-02-13 04:01:18,view,session_000608
synthetic_user_0110,a8231f34-c157-4fcd-b08a-5a3420cc0cee,2026-02-13 07:49:19,view,session_000660
synthetic_user_0095,8706bbb8-8343-4edc-9af4-244b9cad76aa,2026-02-13 08:39:02,view,session_000576
synthetic_user_0174,e06a75b5-86f9-4daf-b871-0fba7b7ba57d,2026-02-13 23:34:16,view,session_001086
synthetic_user_0080,dbcab77a-8d8a-4721-b07d-d5d9ecc7874d,2026-02-13 23:43:59,view,session_000464
synthetic_user_0031,a8231f34-c157-4fcd-b08a-5a3420cc0cee,2026-02-14 01:23:03,view,session_000153
synthetic_user_0031,a8231f34-c157-4fcd-b08a-5a3420cc0cee,2026-02-14 01:38:09,download,session_000153
synthetic_user_0082,f6081dfd-75ec-4719-a05b-6ec1f95df15f,2026-02-14 05:07:11,view,session_000480
synthetic_user_0082,f6081dfd-75ec-4719-a05b-6ec1f95df15f,2026-02-14 05:09:37,download,session_000480
synthetic_user_0082,f6081dfd-75ec-4719-a05b-6ec1f95df15f,2026-02-14 05:15:03,bookmark,session_000480
synthetic_user_0179,f6081dfd-75ec-4719-a05b-6ec1f95df15f,2026-02-14 06:48:42,view,session_001116
synthetic_user_0158,59bf0b38-d7b5-4024-a66e-a03f1b47095d,2026-02-14 19:56:06,view,session_000961
synthetic_user_0172,8706bbb8-8343-4edc-9af4-244b9cad76aa,2026-02-14 21:29:36,view,session_001062
synthetic_user_0172,8706bbb8-8343-4edc-9af4-244b9cad76aa,2026-02-14 21:32:28,download,session_001062
synthetic_user_0172,8706bbb8-8343-4edc-9af4-244b9cad76aa,2026-02-14 21:34:48,like,session_001062
synthetic_user_0192,8706bbb8-8343-4edc-9af4-244b9cad76aa,2026-02-15 01:50:40,view,session_001188
synthetic_user_0192,8706bbb8-8343-4edc-9af4-244b9cad76aa,2026-02-15 02:00:53,download,session_001188
synthetic_user_0192,8706bbb8-8343-4edc-9af4-244b9cad76aa,2026-02-15 02:20:00,chat,session_001188
synthetic_user_0015,33f6e3a9-237d-433e-b4b6-238e44c80117,2026-02-15 03:03:43,view,session_000031
synthetic_user_0180,830353af-6497-4bc7-bab8-08114b64b682,2026-02-15 03:52:30,view,session_001128
synthetic_user_0051,8706bbb8-8343-4edc-9af4-244b9cad76aa,2026-02-15 18:45:44,view,session_000247
synthetic_user_0051,8706bbb8-8343-4edc-9af4-244b9cad76aa,2026-02-15 18:59:20,download,session_000247
synthetic_user_0136,bd6bddb1-3e29-4767-a194-6196e46f7456,2026-02-15 19:10:06,view,session_000836
synthetic_user_0057,8706bbb8-8343-4edc-9af4-244b9cad76aa,2026-02-15 19:52:02,view,session_000301
synthetic_user_0067,09593622-ad83-4d14-8236-17bea51dbb13,2026-02-15 20:34:14,view,session_000356
synthetic_user_0067,09593622-ad83-4d14-8236-17bea51dbb13,2026-02-15 20:57:37,chat,session_000356
synthetic_user_0039,fbb68aab-9b3b-4e24-9109-ea047f927347,2026-02-16 02:36:08,view,session_000198
synthetic_user_0018,5a0f55cf-16af-4459-9030-0c7c6e11207f,2026-02-16 07:23:35,view,session_000058
synthetic_user_0112,e72c3d3b-cf36-4cc4-9a40-d8cc5d28df84,2026-02-16 08:28:40,view,session_000685
synthetic_user_0137,2c1e63cb-30f5-4e05-92af-ea93368ef4ab,2026-02-16 21:19:27,view,session_000840
synthetic_user_0137,2c1e63cb-30f5-4e05-92af-ea93368ef4ab,2026-02-16 21:32:23,download,session_000840
synthetic_user_0095,85526add-cd5a-4107-a07e-62ff3f493082,2026-02-16 21:44:41,view,session_000577
synthetic_user_0026,dbcab77a-8d8a-4721-b07d-d5d9ecc7874d,2026-02-17 01:06:43,view,session_000114
synthetic_user_0024,fbb68aab-9b3b-4e24-9109-ea047f927347,2026-02-17 04:39:07,view,session_000099
synthetic_user_0024,fbb68aab-9b3b-4e24-9109-ea047f927347,2026-02-17 04:51:22,download,session_000099
synthetic_user_0024,fbb68aab-9b3b-4e24-9109-ea047f927347,2026-02-17 04:53:34,like,session_000099
synthetic_user_0024,fbb68aab-9b3b-4e24-9109-ea047f927347,2026-02-17 04:57:48,bookmark,session_000099
synthetic_user_0024,fbb68aab-9b3b-4e24-9109-ea047f927347,2026-02-17 05:06:20,chat,session_000099
synthetic_user_0126,dcf38bea-591e-47ae-aaaf-e01b841cc3b3,2026-02-17 20:50:15,view,session_000778
synthetic_user_0126,dcf38bea-591e-47ae-aaaf-e01b841cc3b3,2026-02-17 21:10:08,chat,session_000778
synthetic_user_0064,8706bbb8-8343-4edc-9af4-244b9cad76aa,2026-02-18 02:24:15,view,session_000335
synthetic_user_0066,dcd20897-e14a-43fc-b2ba-66bb4a569874,2026-02-18 02:28:31,view,session_000345
synthetic_user_0064,8706bbb8-8343-4edc-9af4-244b9cad76aa,2026-02-18 02:30:23,download,session_000335
synthetic_user_0064,8706bbb8-8343-4edc-9af4-244b9cad76aa,2026-02-18 02:35:23,like,session_000335
synthetic_user_0066,dcd20897-e14a-43fc-b2ba-66bb4a569874,2026-02-18 02:38:16,download,session_000345
synthetic_user_0066,dcd20897-e14a-43fc-b2ba-66bb4a569874,2026-02-18 02:39:27,bookmark,session_000345
synthetic_user_0141,945e447f-c018-4d92-b5e5-2f1f7a11bd56,2026-02-18 04:52:17,view,session_000858
synthetic_user_0091,a8231f34-c157-4fcd-b08a-5a3420cc0cee,2026-02-18 05:21:26,view,session_000546
synthetic_user_0091,a8231f34-c157-4fcd-b08a-5a3420cc0cee,2026-02-18 05:28:35,chat,session_000546
synthetic_user_0193,dbcab77a-8d8a-4721-b07d-d5d9ecc7874d,2026-02-18 08:22:49,view,session_001195
synthetic_user_0110,8b44ea69-a5bb-4779-8c63-bf20e4da58c7,2026-02-18 08:45:10,view,session_000661
synthetic_user_0052,087164bc-8a57-44b1-bd06-0644f475917b,2026-02-18 23:10:56,view,session_000258
synthetic_user_0106,8706bbb8-8343-4edc-9af4-244b9cad76aa,2026-02-19 02:37:22,view,session_000634
synthetic_user_0106,8706bbb8-8343-4edc-9af4-244b9cad76aa,2026-02-19 02:47:18,download,session_000634
synthetic_user_0068,830353af-6497-4bc7-bab8-08114b64b682,2026-02-19 06:37:46,view,session_000365
synthetic_user_0068,830353af-6497-4bc7-bab8-08114b64b682,2026-02-19 06:50:06,download,session_000365
synthetic_user_0068,830353af-6497-4bc7-bab8-08114b64b682,2026-02-19 06:59:46,like,session_000365
synthetic_user_0195,8706bbb8-8343-4edc-9af4-244b9cad76aa,2026-02-19 07:47:46,view,session_001208
synthetic_user_0046,830353af-6497-4bc7-bab8-08114b64b682,2026-02-19 08:00:21,view,session_000225
synthetic_user_0160,7c1af9a0-cf09-4356-8c0d-d762fbb21208,2026-02-19 23:14:46,view,session_000976
synthetic_user_0086,40a8032b-e43c-43dc-ba5f-d650f1c0a979,2026-02-19 23:59:43,view,session_000510
synthetic_user_0086,40a8032b-e43c-43dc-ba5f-d650f1c0a979,2026-02-20 00:10:50,download,session_000510
synthetic_user_0151,5a0f55cf-16af-4459-9030-0c7c6e11207f,2026-02-20 04:12:45,view,session_000929
synthetic_user_0151,5a0f55cf-16af-4459-9030-0c7c6e11207f,2026-02-20 04:36:32,chat,session_000929
synthetic_user_0111,8706bbb8-8343-4edc-9af4-244b9cad76aa,2026-02-20 05:40:03,view,session_000672
synthetic_user_0055,09593622-ad83-4d14-8236-17bea51dbb13,2026-02-20 22:41:26,view,session_000281
synthetic_user_0055,09593622-ad83-4d14-8236-17bea51dbb13,2026-02-20 22:48:06,download,session_000281
synthetic_user_0120,087164bc-8a57-44b1-bd06-0644f475917b,2026-02-21 05:12:30,view,session_000735
synthetic_user_0120,087164bc-8a57-44b1-bd06-0644f475917b,2026-02-21 05:14:52,download,session_000735
synthetic_user_0120,087164bc-8a57-44b1-bd06-0644f475917b,2026-02-21 05:33:32,chat,session_000735
synthetic_user_0013,85526add-cd5a-4107-a07e-62ff3f493082,2026-02-21 07:13:27,view,session_000019
synthetic_user_0068,830353af-6497-4bc7-bab8-08114b64b682,2026-02-21 07:18:08,view,session_000366
synthetic_user_0013,85526add-cd5a-4107-a07e-62ff3f493082,2026-02-21 07:20:32,chat,session_000019
synthetic_user_0013,85526add-cd5a-4107-a07e-62ff3f493082,2026-02-21 07:21:09,download,session_000019
synthetic_user_0013,85526add-cd5a-4107-a07e-62ff3f493082,2026-02-21 07:24:52,like,session_000019
synthetic_user_0012,c5310615-4076-41e9-9064-736593600471,2026-02-21 08:38:00,view,session_000015
synthetic_user_0012,c5310615-4076-41e9-9064-736593600471,2026-02-21 08:47:54,download,session_000015
synthetic_user_0035,85526add-cd5a-4107-a07e-62ff3f493082,2026-02-22 01:49:43,view,session_000176
synthetic_user_0035,85526add-cd5a-4107-a07e-62ff3f493082,2026-02-22 02:02:50,download,session_000176
synthetic_user_0035,85526add-cd5a-4107-a07e-62ff3f493082,2026-02-22 02:09:31,like,session_000176
synthetic_user_0035,85526add-cd5a-4107-a07e-62ff3f493082,2026-02-22 02:16:00,bookmark,session_000176
synthetic_user_0083,8706bbb8-8343-4edc-9af4-244b9cad76aa,2026-02-22 06:52:18,view,session_000489
synthetic_user_0169,8706bbb8-8343-4edc-9af4-244b9cad76aa,2026-02-22 06:59:36,view,session_001040
synthetic_user_0195,8706bbb8-8343-4edc-9af4-244b9cad76aa,2026-02-22 19:58:06,view,session_001209
synthetic_user_0195,8706bbb8-8343-4edc-9af4-244b9cad76aa,2026-02-22 20:11:59,download,session_001209
synthetic_user_0011,8706bbb8-8343-4edc-9af4-244b9cad76aa,2026-02-22 22:41:26,view,session_000008
synthetic_user_0080,e06a75b5-86f9-4daf-b871-0fba7b7ba57d,2026-02-23 03:05:07,view,session_000465
synthetic_user_0062,a18002e2-24a3-4da4-b558-ea8cadcb047e,2026-02-23 07:03:52,view,session_000320
synthetic_user_0062,a18002e2-24a3-4da4-b558-ea8cadcb047e,2026-02-23 07:15:04,download,session_000320
synthetic_user_0062,a18002e2-24a3-4da4-b558-ea8cadcb047e,2026-02-23 07:22:17,like,session_000320
synthetic_user_0177,8706bbb8-8343-4edc-9af4-244b9cad76aa,2026-02-23 07:25:08,view,session_001103
synthetic_user_0056,85526add-cd5a-4107-a07e-62ff3f493082,2026-02-23 08:21:41,view,session_000288
synthetic_user_0022,c5310615-4076-41e9-9064-736593600471,2026-02-23 19:02:41,view,session_000085
synthetic_user_0012,5a0f55cf-16af-4459-9030-0c7c6e11207f,2026-02-23 22:54:09,view,session_000016
synthetic_user_0012,5a0f55cf-16af-4459-9030-0c7c6e11207f,2026-02-23 22:58:13,download,session_000016
synthetic_user_0012,5a0f55cf-16af-4459-9030-0c7c6e11207f,2026-02-23 23:08:53,like,session_000016
synthetic_user_0054,f6081dfd-75ec-4719-a05b-6ec1f95df15f,2026-02-24 01:02:11,view,session_000272
synthetic_user_0054,f6081dfd-75ec-4719-a05b-6ec1f95df15f,2026-02-24 01:15:43,download,session_000272
synthetic_user_0188,e06a75b5-86f9-4daf-b871-0fba7b7ba57d,2026-02-24 08:33:51,view,session_001162
synthetic_user_0119,830353af-6497-4bc7-bab8-08114b64b682,2026-02-24 19:40:54,view,session_000730
synthetic_user_0183,a8231f34-c157-4fcd-b08a-5a3420cc0cee,2026-02-24 23:36:25,view,session_001151
synthetic_user_0186,830353af-6497-4bc7-bab8-08114b64b682,2026-02-25 19:41:27,view,session_001156
synthetic_user_0186,830353af-6497-4bc7-bab8-08114b64b682,2026-02-25 19:46:25,download,session_001156
synthetic_user_0186,830353af-6497-4bc7-bab8-08114b64b682,2026-02-25 19:51:16,bookmark,session_001156
synthetic_user_0124,8706bbb8-8343-4edc-9af4-244b9cad76aa,2026-02-25 22:18:42,view,session_000759
synthetic_user_0080,dbcab77a-8d8a-4721-b07d-d5d9ecc7874d,2026-02-26 04:26:27,view,session_000466
synthetic_user_0100,dcf38bea-591e-47ae-aaaf-e01b841cc3b3,2026-02-26 04:29:45,view,session_000601
synthetic_user_0145,bd6bddb1-3e29-4767-a194-6196e46f7456,2026-02-26 08:47:25,view,session_000881
synthetic_user_0052,a18002e2-24a3-4da4-b558-ea8cadcb047e,2026-02-27 00:10:46,view,session_000259
synthetic_user_0052,a18002e2-24a3-4da4-b558-ea8cadcb047e,2026-02-27 00:20:15,download,session_000259
synthetic_user_0052,a18002e2-24a3-4da4-b558-ea8cadcb047e,2026-02-27 00:25:51,like,session_000259
synthetic_user_0052,a18002e2-24a3-4da4-b558-ea8cadcb047e,2026-02-27 00:33:59,bookmark,session_000259
synthetic_user_0143,5a0f55cf-16af-4459-9030-0c7c6e11207f,2026-02-27 01:40:12,view,session_000866
synthetic_user_0111,8b44ea69-a5bb-4779-8c63-bf20e4da58c7,2026-02-27 02:12:23,view,session_000673
synthetic_user_0168,8b44ea69-a5bb-4779-8c63-bf20e4da58c7,2026-02-27 18:23:52,view,session_001032
synthetic_user_0168,8b44ea69-a5bb-4779-8c63-bf20e4da58c7,2026-02-27 18:43:59,chat,session_001032
synthetic_user_0095,85526add-cd5a-4107-a07e-62ff3f493082,2026-02-27 20:00:11,view,session_000578
synthetic_user_0091,8706bbb8-8343-4edc-9af4-244b9cad76aa,2026-02-27 23:51:18,view,session_000547
synthetic_user_0035,dcf38bea-591e-47ae-aaaf-e01b841cc3b3,2026-02-28 03:44:32,view,session_000177
synthetic_user_0035,dcf38bea-591e-47ae-aaaf-e01b841cc3b3,2026-02-28 03:54:59,download,session_000177
synthetic_user_0035,dcf38bea-591e-47ae-aaaf-e01b841cc3b3,2026-02-28 04:02:39,bookmark,session_000177
synthetic_user_0028,8b44ea69-a5bb-4779-8c63-bf20e4da58c7,2026-02-28 06:08:49,view,session_000131
synthetic_user_0192,8706bbb8-8343-4edc-9af4-244b9cad76aa,2026-03-01 00:38:22,view,session_001189
synthetic_user_0180,bd6bddb1-3e29-4767-a194-6196e46f7456,2026-03-01 02:22:22,view,session_001129
synthetic_user_0100,85526add-cd5a-4107-a07e-62ff3f493082,2026-03-01 04:00:55,view,session_000602
synthetic_user_0134,95461cac-4301-4ade-8b3c-98201e8731db,2026-03-01 08:41:48,view,session_000822
synthetic_user_0158,8706bbb8-8343-4edc-9af4-244b9cad76aa,2026-03-01 20:40:47,view,session_000962
synthetic_user_0092,ea97dfce-6731-4b1d-9b03-485d04de4867,2026-03-01 23:43:44,view,session_000557
synthetic_user_0092,ea97dfce-6731-4b1d-9b03-485d04de4867,2026-03-01 23:46:23,download,session_000557
synthetic_user_0092,ea97dfce-6731-4b1d-9b03-485d04de4867,2026-03-01 23:57:05,like,session_000557
synthetic_user_0125,8706bbb8-8343-4edc-9af4-244b9cad76aa,2026-03-02 01:48:28,view,session_000772
synthetic_user_0071,a18002e2-24a3-4da4-b558-ea8cadcb047e,2026-03-02 02:26:16,view,session_000383
synthetic_user_0172,e06a75b5-86f9-4daf-b871-0fba7b7ba57d,2026-03-02 06:20:57,view,session_001063
synthetic_user_0172,e06a75b5-86f9-4daf-b871-0fba7b7ba57d,2026-03-02 06:35:20,download,session_001063
synthetic_user_0172,e06a75b5-86f9-4daf-b871-0fba7b7ba57d,2026-03-02 06:48:52,chat,session_001063
synthetic_user_0107,087164bc-8a57-44b1-bd06-0644f475917b,2026-03-02 19:50:07,view,session_000641
synthetic_user_0190,45a799e0-5716-4209-b489-bd8f9ef13974,2026-03-02 20:02:52,view,session_001178
synthetic_user_0151,bd6bddb1-3e29-4767-a194-6196e46f7456,2026-03-02 23:36:42,view,session_000930
synthetic_user_0190,09593622-ad83-4d14-8236-17bea51dbb13,2026-03-02 23:48:11,view,session_001179
synthetic_user_0190,09593622-ad83-4d14-8236-17bea51dbb13,2026-03-02 23:58:32,download,session_001179
synthetic_user_0190,09593622-ad83-4d14-8236-17bea51dbb13,2026-03-03 00:08:15,like,session_001179
synthetic_user_0068,dbcab77a-8d8a-4721-b07d-d5d9ecc7874d,2026-03-03 01:32:32,view,session_000367
synthetic_user_0068,dbcab77a-8d8a-4721-b07d-d5d9ecc7874d,2026-03-03 01:38:56,download,session_000367
synthetic_user_0068,dbcab77a-8d8a-4721-b07d-d5d9ecc7874d,2026-03-03 01:46:18,bookmark,session_000367
synthetic_user_0088,dcf38bea-591e-47ae-aaaf-e01b841cc3b3,2026-03-03 06:42:51,view,session_000524
synthetic_user_0078,8706bbb8-8343-4edc-9af4-244b9cad76aa,2026-03-03 06:45:03,view,session_000449
synthetic_user_0088,dcf38bea-591e-47ae-aaaf-e01b841cc3b3,2026-03-03 06:52:15,download,session_000524
synthetic_user_0088,dcf38bea-591e-47ae-aaaf-e01b841cc3b3,2026-03-03 06:57:07,like,session_000524
synthetic_user_0036,95461cac-4301-4ade-8b3c-98201e8731db,2026-03-03 07:34:11,view,session_000183
synthetic_user_0036,95461cac-4301-4ade-8b3c-98201e8731db,2026-03-03 07:38:31,download,session_000183
synthetic_user_0148,09593622-ad83-4d14-8236-17bea51dbb13,2026-03-03 07:51:52,view,session_000905
synthetic_user_0148,09593622-ad83-4d14-8236-17bea51dbb13,2026-03-03 08:03:52,download,session_000905
synthetic_user_0131,8706bbb8-8343-4edc-9af4-244b9cad76aa,2026-03-03 08:21:53,view,session_000796
synthetic_user_0148,09593622-ad83-4d14-8236-17bea51dbb13,2026-03-03 08:22:46,chat,session_000905
synthetic_user_0079,5a0f55cf-16af-4459-9030-0c7c6e11207f,2026-03-03 23:56:52,view,session_000459
synthetic_user_0034,e06a75b5-86f9-4daf-b871-0fba7b7ba57d,2026-03-04 00:20:18,view,session_000169
synthetic_user_0116,59bf0b38-d7b5-4024-a66e-a03f1b47095d,2026-03-04 01:20:46,view,session_000712
synthetic_user_0116,59bf0b38-d7b5-4024-a66e-a03f1b47095d,2026-03-04 01:31:56,chat,session_000712
synthetic_user_0088,98a77293-8faf-4d27-8248-6eb91f481d8f,2026-03-04 02:05:59,view,session_000525
synthetic_user_0089,40a8032b-e43c-43dc-ba5f-d650f1c0a979,2026-03-04 07:08:56,view,session_000530
synthetic_user_0114,95461cac-4301-4ade-8b3c-98201e8731db,2026-03-04 18:00:16,view,session_000699
synthetic_user_0142,98a77293-8faf-4d27-8248-6eb91f481d8f,2026-03-04 18:33:50,view,session_000863
synthetic_user_0142,98a77293-8faf-4d27-8248-6eb91f481d8f,2026-03-04 18:42:54,download,session_000863
synthetic_user_0109,7c1af9a0-cf09-4356-8c0d-d762fbb21208,2026-03-04 18:43:31,view,session_000651
synthetic_user_0142,98a77293-8faf-4d27-8248-6eb91f481d8f,2026-03-04 18:44:27,chat,session_000863
synthetic_user_0142,98a77293-8faf-4d27-8248-6eb91f481d8f,2026-03-04 18:46:07,bookmark,session_000863
synthetic_user_0109,7c1af9a0-cf09-4356-8c0d-d762fbb21208,2026-03-04 18:51:13,chat,session_000651
synthetic_user_0063,98a77293-8faf-4d27-8248-6eb91f481d8f,2026-03-05 00:21:18,view,session_000327
synthetic_user_0105,c5310615-4076-41e9-9064-736593600471,2026-03-05 04:43:30,view,session_000629
synthetic_user_0121,087164bc-8a57-44b1-bd06-0644f475917b,2026-03-05 19:50:39,view,session_000741
synthetic_user_0181,dcf38bea-591e-47ae-aaaf-e01b841cc3b3,2026-03-05 21:31:45,view,session_001139
synthetic_user_0172,e06a75b5-86f9-4daf-b871-0fba7b7ba57d,2026-03-05 21:35:04,view,session_001064
synthetic_user_0181,dcf38bea-591e-47ae-aaaf-e01b841cc3b3,2026-03-05 21:39:31,download,session_001139
synthetic_user_0172,e06a75b5-86f9-4daf-b871-0fba7b7ba57d,2026-03-05 21:41:08,download,session_001064
synthetic_user_0181,dcf38bea-591e-47ae-aaaf-e01b841cc3b3,2026-03-05 21:44:15,bookmark,session_001139
synthetic_user_0172,e06a75b5-86f9-4daf-b871-0fba7b7ba57d,2026-03-05 21:51:58,like,session_001064
synthetic_user_0135,7c1af9a0-cf09-4356-8c0d-d762fbb21208,2026-03-05 22:18:52,view,session_000829
synthetic_user_0135,7c1af9a0-cf09-4356-8c0d-d762fbb21208,2026-03-05 22:30:47,download,session_000829
synthetic_user_0135,7c1af9a0-cf09-4356-8c0d-d762fbb21208,2026-03-05 22:32:18,like,session_000829
synthetic_user_0165,fbb68aab-9b3b-4e24-9109-ea047f927347,2026-03-05 23:41:27,view,session_001005
synthetic_user_0146,087164bc-8a57-44b1-bd06-0644f475917b,2026-03-06 00:24:39,view,session_000889
synthetic_user_0146,087164bc-8a57-44b1-bd06-0644f475917b,2026-03-06 00:37:31,download,session_000889
synthetic_user_0069,dcd20897-e14a-43fc-b2ba-66bb4a569874,2026-03-06 01:13:37,view,session_000374
synthetic_user_0069,dcd20897-e14a-43fc-b2ba-66bb4a569874,2026-03-06 01:39:58,chat,session_000374
synthetic_user_0158,945e447f-c018-4d92-b5e5-2f1f7a11bd56,2026-03-06 03:07:02,view,session_000963
synthetic_user_0148,8706bbb8-8343-4edc-9af4-244b9cad76aa,2026-03-06 05:02:38,view,session_000906
synthetic_user_0193,dcf38bea-591e-47ae-aaaf-e01b841cc3b3,2026-03-06 06:35:04,view,session_001196
synthetic_user_0167,087164bc-8a57-44b1-bd06-0644f475917b,2026-03-06 20:04:17,view,session_001018
synthetic_user_0167,087164bc-8a57-44b1-bd06-0644f475917b,2026-03-06 20:06:55,download,session_001018
synthetic_user_0167,087164bc-8a57-44b1-bd06-0644f475917b,2026-03-06 20:20:18,bookmark,session_001018
synthetic_user_0063,dcd20897-e14a-43fc-b2ba-66bb4a569874,2026-03-07 01:51:08,view,session_000328
synthetic_user_0130,ea97dfce-6731-4b1d-9b03-485d04de4867,2026-03-07 02:12:42,view,session_000792
synthetic_user_0130,ea97dfce-6731-4b1d-9b03-485d04de4867,2026-03-07 02:25:15,download,session_000792
synthetic_user_0114,95461cac-4301-4ade-8b3c-98201e8731db,2026-03-07 02:39:24,view,session_000700
synthetic_user_0114,95461cac-4301-4ade-8b3c-98201e8731db,2026-03-07 02:43:55,download,session_000700
synthetic_user_0043,bd6bddb1-3e29-4767-a194-6196e46f7456,2026-03-07 05:08:44,view,session_000215
synthetic_user_0181,7c1af9a0-cf09-4356-8c0d-d762fbb21208,2026-03-07 05:52:22,view,session_001140
synthetic_user_0147,8706bbb8-8343-4edc-9af4-244b9cad76aa,2026-03-07 05:57:06,view,session_000894
synthetic_user_0078,fbb68aab-9b3b-4e24-9109-ea047f927347,2026-03-07 07:39:17,view,session_000450
synthetic_user_0078,fbb68aab-9b3b-4e24-9109-ea047f927347,2026-03-07 07:41:35,download,session_000450
synthetic_user_0189,dcf38bea-591e-47ae-aaaf-e01b841cc3b3,2026-03-07 08:11:56,view,session_001168
synthetic_user_0189,dcf38bea-591e-47ae-aaaf-e01b841cc3b3,2026-03-07 08:19:24,download,session_001168
synthetic_user_0043,a8231f34-c157-4fcd-b08a-5a3420cc0cee,2026-03-07 18:10:31,view,session_000216
synthetic_user_0020,33f6e3a9-237d-433e-b4b6-238e44c80117,2026-03-07 21:07:08,view,session_000075
synthetic_user_0020,33f6e3a9-237d-433e-b4b6-238e44c80117,2026-03-07 21:17:26,download,session_000075
synthetic_user_0038,7c1af9a0-cf09-4356-8c0d-d762fbb21208,2026-03-07 21:51:03,view,session_000191
synthetic_user_0038,7c1af9a0-cf09-4356-8c0d-d762fbb21208,2026-03-07 22:03:20,download,session_000191
synthetic_user_0091,2c1e63cb-30f5-4e05-92af-ea93368ef4ab,2026-03-07 22:10:02,view,session_000548
synthetic_user_0038,7c1af9a0-cf09-4356-8c0d-d762fbb21208,2026-03-07 22:21:59,chat,session_000191
synthetic_user_0132,85526add-cd5a-4107-a07e-62ff3f493082,2026-03-08 00:29:50,view,session_000806
synthetic_user_0144,59bf0b38-d7b5-4024-a66e-a03f1b47095d,2026-03-08 00:35:38,view,session_000875
synthetic_user_0132,85526add-cd5a-4107-a07e-62ff3f493082,2026-03-08 00:42:20,download,session_000806
synthetic_user_0144,59bf0b38-d7b5-4024-a66e-a03f1b47095d,2026-03-08 00:49:36,download,session_000875
synthetic_user_0167,087164bc-8a57-44b1-bd06-0644f475917b,2026-03-08 03:23:22,view,session_001019
synthetic_user_0193,2c1e63cb-30f5-4e05-92af-ea93368ef4ab,2026-03-08 04:03:33,view,session_001197
synthetic_user_0017,f6081dfd-75ec-4719-a05b-6ec1f95df15f,2026-03-08 05:54:42,view,session_000049
synthetic_user_0084,a18002e2-24a3-4da4-b558-ea8cadcb047e,2026-03-08 07:42:55,view,session_000494
synthetic_user_0029,581c8e36-7a51-4e8e-ac1d-6e9c1d54940f,2026-03-08 19:38:02,view,session_000134
synthetic_user_0193,2c1e63cb-30f5-4e05-92af-ea93368ef4ab,2026-03-08 21:23:34,view,session_001198
synthetic_user_0193,2c1e63cb-30f5-4e05-92af-ea93368ef4ab,2026-03-08 21:35:28,download,session_001198
synthetic_user_0080,7c1af9a0-cf09-4356-8c0d-d762fbb21208,2026-03-08 23:22:12,view,session_000467
synthetic_user_0178,7c1af9a0-cf09-4356-8c0d-d762fbb21208,2026-03-09 02:47:44,view,session_001110
synthetic_user_0178,7c1af9a0-cf09-4356-8c0d-d762fbb21208,2026-03-09 03:00:41,download,session_001110
synthetic_user_0197,8706bbb8-8343-4edc-9af4-244b9cad76aa,2026-03-09 07:33:20,view,session_001224
synthetic_user_0197,8706bbb8-8343-4edc-9af4-244b9cad76aa,2026-03-09 07:48:54,download,session_001224
synthetic_user_0197,8706bbb8-8343-4edc-9af4-244b9cad76aa,2026-03-09 07:53:35,like,session_001224
synthetic_user_0197,8706bbb8-8343-4edc-9af4-244b9cad76aa,2026-03-09 08:00:14,chat,session_001224
synthetic_user_0011,087164bc-8a57-44b1-bd06-0644f475917b,2026-03-09 19:08:02,view,session_000009
synthetic_user_0053,33f6e3a9-237d-433e-b4b6-238e44c80117,2026-03-09 20:02:27,view,session_000266
synthetic_user_0067,7c1af9a0-cf09-4356-8c0d-d762fbb21208,2026-03-09 20:47:25,view,session_000357
synthetic_user_0067,7c1af9a0-cf09-4356-8c0d-d762fbb21208,2026-03-09 20:53:15,download,session_000357
synthetic_user_0062,8b44ea69-a5bb-4779-8c63-bf20e4da58c7,2026-03-09 21:54:29,view,session_000321
synthetic_user_0062,8b44ea69-a5bb-4779-8c63-bf20e4da58c7,2026-03-09 22:07:22,download,session_000321
synthetic_user_0062,8b44ea69-a5bb-4779-8c63-bf20e4da58c7,2026-03-09 22:22:50,bookmark,session_000321
synthetic_user_0127,8706bbb8-8343-4edc-9af4-244b9cad76aa,2026-03-09 22:41:10,view,session_000779
synthetic_user_0167,b1e94dc4-e19f-4e9b-85e1-69c3b4ab0e97,2026-03-10 19:04:11,view,session_001020
synthetic_user_0167,b1e94dc4-e19f-4e9b-85e1-69c3b4ab0e97,2026-03-10 19:08:15,download,session_001020
synthetic_user_0167,b1e94dc4-e19f-4e9b-85e1-69c3b4ab0e97,2026-03-10 19:10:34,like,session_001020
synthetic_user_0078,f6081dfd-75ec-4719-a05b-6ec1f95df15f,2026-03-11 02:02:46,view,session_000451
synthetic_user_0141,7c1af9a0-cf09-4356-8c0d-d762fbb21208,2026-03-11 04:39:23,view,session_000859
synthetic_user_0151,f6081dfd-75ec-4719-a05b-6ec1f95df15f,2026-03-11 04:52:32,view,session_000931
synthetic_user_0141,7c1af9a0-cf09-4356-8c0d-d762fbb21208,2026-03-11 04:54:20,download,session_000859
synthetic_user_0163,8706bbb8-8343-4edc-9af4-244b9cad76aa,2026-03-11 06:41:09,view,session_000992
synthetic_user_0041,09593622-ad83-4d14-8236-17bea51dbb13,2026-03-11 21:05:57,view,session_000205
synthetic_user_0131,b1e94dc4-e19f-4e9b-85e1-69c3b4ab0e97,2026-03-11 22:15:06,view,session_000797
synthetic_user_0131,b1e94dc4-e19f-4e9b-85e1-69c3b4ab0e97,2026-03-11 22:22:04,chat,session_000797
synthetic_user_0196,a8231f34-c157-4fcd-b08a-5a3420cc0cee,2026-03-12 00:37:46,view,session_001214
synthetic_user_0132,581c8e36-7a51-4e8e-ac1d-6e9c1d54940f,2026-03-12 00:56:39,view,session_000807
synthetic_user_0111,8706bbb8-8343-4edc-9af4-244b9cad76aa,2026-03-12 01:09:15,view,session_000674
synthetic_user_0171,8706bbb8-8343-4edc-9af4-244b9cad76aa,2026-03-12 04:38:54,view,session_001052
synthetic_user_0113,087164bc-8a57-44b1-bd06-0644f475917b,2026-03-12 05:33:27,view,session_000695
synthetic_user_0170,59bf0b38-d7b5-4024-a66e-a03f1b47095d,2026-03-12 05:46:08,view,session_001045
synthetic_user_0170,59bf0b38-d7b5-4024-a66e-a03f1b47095d,2026-03-12 05:56:02,download,session_001045
synthetic_user_0116,b1e94dc4-e19f-4e9b-85e1-69c3b4ab0e97,2026-03-12 05:58:51,view,session_000713
synthetic_user_0038,7c1af9a0-cf09-4356-8c0d-d762fbb21208,2026-03-13 03:22:34,view,session_000192
synthetic_user_0180,a8231f34-c157-4fcd-b08a-5a3420cc0cee,2026-03-13 03:57:35,view,session_001130
synthetic_user_0091,b1e94dc4-e19f-4e9b-85e1-69c3b4ab0e97,2026-03-13 05:59:38,view,session_000549
synthetic_user_0091,b1e94dc4-e19f-4e9b-85e1-69c3b4ab0e97,2026-03-13 06:14:45,download,session_000549
synthetic_user_0091,b1e94dc4-e19f-4e9b-85e1-69c3b4ab0e97,2026-03-13 06:23:10,like,session_000549
synthetic_user_0067,2c1e63cb-30f5-4e05-92af-ea93368ef4ab,2026-03-13 06:51:54,view,session_000358
synthetic_user_0067,2c1e63cb-30f5-4e05-92af-ea93368ef4ab,2026-03-13 07:01:23,download,session_000358
synthetic_user_0073,8706bbb8-8343-4edc-9af4-244b9cad76aa,2026-03-13 19:35:59,view,session_000400
synthetic_user_0129,45a799e0-5716-4209-b489-bd8f9ef13974,2026-03-13 21:29:38,view,session_000785
synthetic_user_0168,a18002e2-24a3-4da4-b558-ea8cadcb047e,2026-03-13 23:01:19,view,session_001033
synthetic_user_0145,8706bbb8-8343-4edc-9af4-244b9cad76aa,2026-03-14 05:19:00,view,session_000882
synthetic_user_0091,8706bbb8-8343-4edc-9af4-244b9cad76aa,2026-03-14 05:19:46,view,session_000550
synthetic_user_0145,8706bbb8-8343-4edc-9af4-244b9cad76aa,2026-03-14 05:22:24,download,session_000882
synthetic_user_0145,8706bbb8-8343-4edc-9af4-244b9cad76aa,2026-03-14 05:24:45,like,session_000882
synthetic_user_0145,8706bbb8-8343-4edc-9af4-244b9cad76aa,2026-03-14 05:26:54,bookmark,session_000882
synthetic_user_0075,09593622-ad83-4d14-8236-17bea51dbb13,2026-03-14 08:36:27,view,session_000420
synthetic_user_0093,8706bbb8-8343-4edc-9af4-244b9cad76aa,2026-03-14 18:16:52,view,session_000565
synthetic_user_0140,85526add-cd5a-4107-a07e-62ff3f493082,2026-03-14 19:45:58,view,session_000849
synthetic_user_0140,85526add-cd5a-4107-a07e-62ff3f493082,2026-03-14 19:52:26,download,session_000849
synthetic_user_0140,85526add-cd5a-4107-a07e-62ff3f493082,2026-03-14 19:53:29,like,session_000849
synthetic_user_0062,95461cac-4301-4ade-8b3c-98201e8731db,2026-03-14 23:35:49,view,session_000322
synthetic_user_0062,95461cac-4301-4ade-8b3c-98201e8731db,2026-03-14 23:48:52,download,session_000322
synthetic_user_0027,dbcab77a-8d8a-4721-b07d-d5d9ecc7874d,2026-03-15 01:09:29,view,session_000122
synthetic_user_0021,8b44ea69-a5bb-4779-8c63-bf20e4da58c7,2026-03-15 01:51:35,view,session_000080
synthetic_user_0021,8b44ea69-a5bb-4779-8c63-bf20e4da58c7,2026-03-15 02:04:49,download,session_000080
synthetic_user_0192,8706bbb8-8343-4edc-9af4-244b9cad76aa,2026-03-15 02:30:18,view,session_001190
synthetic_user_0192,8706bbb8-8343-4edc-9af4-244b9cad76aa,2026-03-15 02:43:32,download,session_001190
synthetic_user_0168,c5310615-4076-41e9-9064-736593600471,2026-03-15 08:19:32,view,session_001034
synthetic_user_0061,c5310615-4076-41e9-9064-736593600471,2026-03-15 19:29:28,view,session_000317
synthetic_user_0061,c5310615-4076-41e9-9064-736593600471,2026-03-15 19:37:30,download,session_000317
synthetic_user_0061,c5310615-4076-41e9-9064-736593600471,2026-03-15 19:40:20,bookmark,session_000317
synthetic_user_0123,7c1af9a0-cf09-4356-8c0d-d762fbb21208,2026-03-15 23:56:51,view,session_000752
synthetic_user_0079,fbb68aab-9b3b-4e24-9109-ea047f927347,2026-03-16 00:26:59,view,session_000460
synthetic_user_0067,2c1e63cb-30f5-4e05-92af-ea93368ef4ab,2026-03-16 02:18:40,view,session_000359
synthetic_user_0154,8706bbb8-8343-4edc-9af4-244b9cad76aa,2026-03-16 03:54:31,view,session_000943
synthetic_user_0120,85526add-cd5a-4107-a07e-62ff3f493082,2026-03-16 23:28:14,view,session_000736
synthetic_user_0120,85526add-cd5a-4107-a07e-62ff3f493082,2026-03-16 23:40:45,chat,session_000736
synthetic_user_0172,98a77293-8faf-4d27-8248-6eb91f481d8f,2026-03-17 00:18:38,view,session_001065
synthetic_user_0172,98a77293-8faf-4d27-8248-6eb91f481d8f,2026-03-17 00:34:33,chat,session_001065
synthetic_user_0173,8b44ea69-a5bb-4779-8c63-bf20e4da58c7,2026-03-17 01:41:09,view,session_001076
synthetic_user_0173,8b44ea69-a5bb-4779-8c63-bf20e4da58c7,2026-03-17 01:47:54,download,session_001076
synthetic_user_0173,8b44ea69-a5bb-4779-8c63-bf20e4da58c7,2026-03-17 02:03:07,chat,session_001076
synthetic_user_0103,2c1e63cb-30f5-4e05-92af-ea93368ef4ab,2026-03-17 06:16:14,view,session_000616
synthetic_user_0103,09593622-ad83-4d14-8236-17bea51dbb13,2026-03-17 06:19:10,view,session_000617
synthetic_user_0103,2c1e63cb-30f5-4e05-92af-ea93368ef4ab,2026-03-17 06:42:49,chat,session_000616
synthetic_user_0052,087164bc-8a57-44b1-bd06-0644f475917b,2026-03-17 19:35:57,view,session_000260
synthetic_user_0080,7c1af9a0-cf09-4356-8c0d-d762fbb21208,2026-03-17 23:22:38,view,session_000468
synthetic_user_0034,a18002e2-24a3-4da4-b558-ea8cadcb047e,2026-03-18 05:44:40,view,session_000170
synthetic_user_0190,09593622-ad83-4d14-8236-17bea51dbb13,2026-03-18 05:56:46,view,session_001180
synthetic_user_0124,33f6e3a9-237d-433e-b4b6-238e44c80117,2026-03-18 06:52:45,view,session_000760
synthetic_user_0124,33f6e3a9-237d-433e-b4b6-238e44c80117,2026-03-18 07:01:47,download,session_000760
synthetic_user_0179,8706bbb8-8343-4edc-9af4-244b9cad76aa,2026-03-18 22:59:25,view,session_001117
synthetic_user_0095,95461cac-4301-4ade-8b3c-98201e8731db,2026-03-19 04:03:57,view,session_000579
synthetic_user_0095,95461cac-4301-4ade-8b3c-98201e8731db,2026-03-19 04:06:08,download,session_000579
synthetic_user_0026,bd6bddb1-3e29-4767-a194-6196e46f7456,2026-03-19 06:08:00,view,session_000115
synthetic_user_0181,8b44ea69-a5bb-4779-8c63-bf20e4da58c7,2026-03-19 08:58:54,view,session_001141
synthetic_user_0181,8b44ea69-a5bb-4779-8c63-bf20e4da58c7,2026-03-19 09:01:57,download,session_001141
synthetic_user_0181,8b44ea69-a5bb-4779-8c63-bf20e4da58c7,2026-03-19 09:12:21,like,session_001141
synthetic_user_0192,8706bbb8-8343-4edc-9af4-244b9cad76aa,2026-03-19 19:14:07,view,session_001191
synthetic_user_0063,bd6bddb1-3e29-4767-a194-6196e46f7456,2026-03-19 20:26:38,view,session_000329
synthetic_user_0063,bd6bddb1-3e29-4767-a194-6196e46f7456,2026-03-19 20:34:39,chat,session_000329
synthetic_user_0051,8706bbb8-8343-4edc-9af4-244b9cad76aa,2026-03-19 23:36:36,view,session_000248
synthetic_user_0178,7c1af9a0-cf09-4356-8c0d-d762fbb21208,2026-03-20 02:12:30,view,session_001111
synthetic_user_0178,7c1af9a0-cf09-4356-8c0d-d762fbb21208,2026-03-20 02:16:52,download,session_001111
synthetic_user_0150,dcf38bea-591e-47ae-aaaf-e01b841cc3b3,2026-03-20 03:44:11,view,session_000918
synthetic_user_0150,dcf38bea-591e-47ae-aaaf-e01b841cc3b3,2026-03-20 03:46:44,download,session_000918
synthetic_user_0173,09593622-ad83-4d14-8236-17bea51dbb13,2026-03-20 07:32:06,view,session_001077
synthetic_user_0081,e72c3d3b-cf36-4cc4-9a40-d8cc5d28df84,2026-03-20 21:24:32,view,session_000474
synthetic_user_0093,dcf38bea-591e-47ae-aaaf-e01b841cc3b3,2026-03-20 22:11:28,view,session_000566
synthetic_user_0148,8706bbb8-8343-4edc-9af4-244b9cad76aa,2026-03-20 23:19:32,view,session_000907
synthetic_user_0110,a8231f34-c157-4fcd-b08a-5a3420cc0cee,2026-03-21 01:27:08,view,session_000662
synthetic_user_0110,a8231f34-c157-4fcd-b08a-5a3420cc0cee,2026-03-21 01:35:20,download,session_000662
synthetic_user_0118,581c8e36-7a51-4e8e-ac1d-6e9c1d54940f,2026-03-21 01:48:42,view,session_000725
synthetic_user_0118,581c8e36-7a51-4e8e-ac1d-6e9c1d54940f,2026-03-21 01:52:34,download,session_000725
synthetic_user_0118,581c8e36-7a51-4e8e-ac1d-6e9c1d54940f,2026-03-21 01:57:28,like,session_000725
synthetic_user_0118,581c8e36-7a51-4e8e-ac1d-6e9c1d54940f,2026-03-21 02:01:09,chat,session_000725
synthetic_user_0118,581c8e36-7a51-4e8e-ac1d-6e9c1d54940f,2026-03-21 02:01:15,bookmark,session_000725
synthetic_user_0081,e72c3d3b-cf36-4cc4-9a40-d8cc5d28df84,2026-03-21 05:06:57,view,session_000475
synthetic_user_0081,e72c3d3b-cf36-4cc4-9a40-d8cc5d28df84,2026-03-21 05:17:05,download,session_000475
synthetic_user_0081,e72c3d3b-cf36-4cc4-9a40-d8cc5d28df84,2026-03-21 05:20:42,like,session_000475
synthetic_user_0091,bd6bddb1-3e29-4767-a194-6196e46f7456,2026-03-21 06:36:16,view,session_000551
synthetic_user_0014,8706bbb8-8343-4edc-9af4-244b9cad76aa,2026-03-21 18:18:38,view,session_000023
synthetic_user_0095,95461cac-4301-4ade-8b3c-98201e8731db,2026-03-21 22:52:50,view,session_000580
synthetic_user_0163,b1e94dc4-e19f-4e9b-85e1-69c3b4ab0e97,2026-03-21 23:09:24,view,session_000993
synthetic_user_0163,b1e94dc4-e19f-4e9b-85e1-69c3b4ab0e97,2026-03-21 23:23:09,download,session_000993
synthetic_user_0163,b1e94dc4-e19f-4e9b-85e1-69c3b4ab0e97,2026-03-21 23:24:53,like,session_000993
synthetic_user_0155,8706bbb8-8343-4edc-9af4-244b9cad76aa,2026-03-21 23:48:48,view,session_000951
synthetic_user_0091,98a77293-8faf-4d27-8248-6eb91f481d8f,2026-03-22 18:40:30,view,session_000552
synthetic_user_0111,8706bbb8-8343-4edc-9af4-244b9cad76aa,2026-03-22 20:47:43,view,session_000675
synthetic_user_0114,ea97dfce-6731-4b1d-9b03-485d04de4867,2026-03-22 22:25:42,view,session_000701
synthetic_user_0031,e06a75b5-86f9-4daf-b871-0fba7b7ba57d,2026-03-23 03:40:42,view,session_000154
synthetic_user_0031,e06a75b5-86f9-4daf-b871-0fba7b7ba57d,2026-03-23 03:48:25,chat,session_000154
synthetic_user_0121,a8231f34-c157-4fcd-b08a-5a3420cc0cee,2026-03-23 03:50:54,view,session_000742
synthetic_user_0180,2c1e63cb-30f5-4e05-92af-ea93368ef4ab,2026-03-23 07:08:51,view,session_001131
synthetic_user_0180,2c1e63cb-30f5-4e05-92af-ea93368ef4ab,2026-03-23 07:17:54,download,session_001131
synthetic_user_0180,2c1e63cb-30f5-4e05-92af-ea93368ef4ab,2026-03-23 07:36:18,chat,session_001131
synthetic_user_0067,dcf38bea-591e-47ae-aaaf-e01b841cc3b3,2026-03-23 20:19:43,view,session_000360
synthetic_user_0092,85526add-cd5a-4107-a07e-62ff3f493082,2026-03-23 20:20:35,view,session_000558
synthetic_user_0140,e72c3d3b-cf36-4cc4-9a40-d8cc5d28df84,2026-03-23 20:20:42,view,session_000850
synthetic_user_0140,e72c3d3b-cf36-4cc4-9a40-d8cc5d28df84,2026-03-23 20:23:08,download,session_000850
synthetic_user_0140,e72c3d3b-cf36-4cc4-9a40-d8cc5d28df84,2026-03-23 20:24:29,like,session_000850
synthetic_user_0092,85526add-cd5a-4107-a07e-62ff3f493082,2026-03-23 20:31:43,download,session_000558
synthetic_user_0067,dcf38bea-591e-47ae-aaaf-e01b841cc3b3,2026-03-23 20:33:39,download,session_000360
synthetic_user_0190,dbcab77a-8d8a-4721-b07d-d5d9ecc7874d,2026-03-23 21:27:33,view,session_001181
synthetic_user_0095,b1e94dc4-e19f-4e9b-85e1-69c3b4ab0e97,2026-03-24 19:29:39,view,session_000581
synthetic_user_0095,b1e94dc4-e19f-4e9b-85e1-69c3b4ab0e97,2026-03-24 19:39:05,download,session_000581
synthetic_user_0095,b1e94dc4-e19f-4e9b-85e1-69c3b4ab0e97,2026-03-24 19:42:44,like,session_000581
synthetic_user_0073,fbb68aab-9b3b-4e24-9109-ea047f927347,2026-03-24 20:30:20,view,session_000401
synthetic_user_0163,5a0f55cf-16af-4459-9030-0c7c6e11207f,2026-03-25 01:46:50,view,session_000994
synthetic_user_0148,09593622-ad83-4d14-8236-17bea51dbb13,2026-03-25 05:07:17,view,session_000908
synthetic_user_0147,fbb68aab-9b3b-4e24-9109-ea047f927347,2026-03-25 05:24:18,view,session_000895
synthetic_user_0018,a8231f34-c157-4fcd-b08a-5a3420cc0cee,2026-03-25 08:06:45,view,session_000059
synthetic_user_0128,8706bbb8-8343-4edc-9af4-244b9cad76aa,2026-03-25 21:37:53,view,session_000781
synthetic_user_0129,8706bbb8-8343-4edc-9af4-244b9cad76aa,2026-03-25 23:01:58,view,session_000786
synthetic_user_0135,7c1af9a0-cf09-4356-8c0d-d762fbb21208,2026-03-25 23:50:25,view,session_000830
synthetic_user_0166,7c1af9a0-cf09-4356-8c0d-d762fbb21208,2026-03-26 04:09:49,view,session_001009
synthetic_user_0174,7c1af9a0-cf09-4356-8c0d-d762fbb21208,2026-03-26 04:31:16,view,session_001087
synthetic_user_0167,ea97dfce-6731-4b1d-9b03-485d04de4867,2026-03-26 05:49:29,view,session_001021
synthetic_user_0167,ea97dfce-6731-4b1d-9b03-485d04de4867,2026-03-26 05:51:34,download,session_001021
synthetic_user_0112,bd6bddb1-3e29-4767-a194-6196e46f7456,2026-03-26 23:56:51,view,session_000686
synthetic_user_0086,a18002e2-24a3-4da4-b558-ea8cadcb047e,2026-03-27 01:58:30,view,session_000511
synthetic_user_0086,a18002e2-24a3-4da4-b558-ea8cadcb047e,2026-03-27 02:02:01,download,session_000511
synthetic_user_0091,b1e94dc4-e19f-4e9b-85e1-69c3b4ab0e97,2026-03-27 03:10:36,view,session_000553
synthetic_user_0089,40a8032b-e43c-43dc-ba5f-d650f1c0a979,2026-03-27 03:57:48,view,session_000531
synthetic_user_0089,40a8032b-e43c-43dc-ba5f-d650f1c0a979,2026-03-27 04:07:51,download,session_000531
synthetic_user_0089,40a8032b-e43c-43dc-ba5f-d650f1c0a979,2026-03-27 04:12:43,chat,session_000531
synthetic_user_0089,40a8032b-e43c-43dc-ba5f-d650f1c0a979,2026-03-27 04:17:43,like,session_000531
synthetic_user_0163,b1e94dc4-e19f-4e9b-85e1-69c3b4ab0e97,2026-03-27 06:30:52,view,session_000995
synthetic_user_0163,b1e94dc4-e19f-4e9b-85e1-69c3b4ab0e97,2026-03-27 06:34:07,download,session_000995
synthetic_user_0163,b1e94dc4-e19f-4e9b-85e1-69c3b4ab0e97,2026-03-27 06:41:22,chat,session_000995
synthetic_user_0163,b1e94dc4-e19f-4e9b-85e1-69c3b4ab0e97,2026-03-27 06:45:00,like,session_000995
synthetic_user_0082,087164bc-8a57-44b1-bd06-0644f475917b,2026-03-27 23:53:56,view,session_000481
synthetic_user_0082,087164bc-8a57-44b1-bd06-0644f475917b,2026-03-28 00:03:51,download,session_000481
synthetic_user_0055,087164bc-8a57-44b1-bd06-0644f475917b,2026-03-28 02:01:55,view,session_000282
synthetic_user_0016,830353af-6497-4bc7-bab8-08114b64b682,2026-03-28 02:12:57,view,session_000039
synthetic_user_0055,087164bc-8a57-44b1-bd06-0644f475917b,2026-03-28 02:16:10,download,session_000282
synthetic_user_0064,8706bbb8-8343-4edc-9af4-244b9cad76aa,2026-03-28 02:50:50,view,session_000336
synthetic_user_0027,98a77293-8faf-4d27-8248-6eb91f481d8f,2026-03-28 05:38:23,view,session_000123
synthetic_user_0093,09593622-ad83-4d14-8236-17bea51dbb13,2026-03-28 19:31:59,view,session_000567
synthetic_user_0093,09593622-ad83-4d14-8236-17bea51dbb13,2026-03-28 19:38:23,chat,session_000567
synthetic_user_0165,8b44ea69-a5bb-4779-8c63-bf20e4da58c7,2026-03-28 21:17:06,view,session_001006
synthetic_user_0019,ea97dfce-6731-4b1d-9b03-485d04de4867,2026-03-28 23:42:18,view,session_000073
synthetic_user_0149,33f6e3a9-237d-433e-b4b6-238e44c80117,2026-03-29 00:30:41,view,session_000915
synthetic_user_0149,33f6e3a9-237d-433e-b4b6-238e44c80117,2026-03-29 00:41:33,download,session_000915
synthetic_user_0140,a18002e2-24a3-4da4-b558-ea8cadcb047e,2026-03-29 05:29:31,view,session_000851
synthetic_user_0173,09593622-ad83-4d14-8236-17bea51dbb13,2026-03-29 08:08:14,view,session_001078
synthetic_user_0173,09593622-ad83-4d14-8236-17bea51dbb13,2026-03-29 08:12:35,download,session_001078
synthetic_user_0173,09593622-ad83-4d14-8236-17bea51dbb13,2026-03-29 08:14:17,bookmark,session_001078
synthetic_user_0060,8b44ea69-a5bb-4779-8c63-bf20e4da58c7,2026-03-30 01:11:39,view,session_000313
synthetic_user_0040,8706bbb8-8343-4edc-9af4-244b9cad76aa,2026-03-30 07:27:44,view,session_000202
synthetic_user_0040,8706bbb8-8343-4edc-9af4-244b9cad76aa,2026-03-30 07:38:44,download,session_000202
synthetic_user_0078,fbb68aab-9b3b-4e24-9109-ea047f927347,2026-03-30 19:53:19,view,session_000452
synthetic_user_0021,b1e94dc4-e19f-4e9b-85e1-69c3b4ab0e97,2026-03-30 20:39:56,view,session_000081
synthetic_user_0074,40a8032b-e43c-43dc-ba5f-d650f1c0a979,2026-03-30 22:16:35,view,session_000417
synthetic_user_0074,40a8032b-e43c-43dc-ba5f-d650f1c0a979,2026-03-30 22:31:45,download,session_000417
synthetic_user_0074,40a8032b-e43c-43dc-ba5f-d650f1c0a979,2026-03-30 22:38:40,like,session_000417
synthetic_user_0073,945e447f-c018-4d92-b5e5-2f1f7a11bd56,2026-03-30 23:13:57,view,session_000402
synthetic_user_0028,dcd20897-e14a-43fc-b2ba-66bb4a569874,2026-03-31 04:46:41,view,session_000132
synthetic_user_0028,dcd20897-e14a-43fc-b2ba-66bb4a569874,2026-03-31 04:52:40,download,session_000132
synthetic_user_0028,dcd20897-e14a-43fc-b2ba-66bb4a569874,2026-03-31 05:13:07,chat,session_000132
synthetic_user_0123,7c1af9a0-cf09-4356-8c0d-d762fbb21208,2026-03-31 06:41:25,view,session_000753
synthetic_user_0113,fbb68aab-9b3b-4e24-9109-ea047f927347,2026-03-31 06:58:59,view,session_000696
synthetic_user_0121,2c1e63cb-30f5-4e05-92af-ea93368ef4ab,2026-03-31 19:52:35,view,session_000743
synthetic_user_0179,59bf0b38-d7b5-4024-a66e-a03f1b47095d,2026-03-31 19:58:53,view,session_001118
synthetic_user_0121,2c1e63cb-30f5-4e05-92af-ea93368ef4ab,2026-03-31 20:07:01,download,session_000743
synthetic_user_0179,59bf0b38-d7b5-4024-a66e-a03f1b47095d,2026-03-31 20:11:46,download,session_001118
synthetic_user_0179,59bf0b38-d7b5-4024-a66e-a03f1b47095d,2026-03-31 20:15:06,like,session_001118
synthetic_user_0179,59bf0b38-d7b5-4024-a66e-a03f1b47095d,2026-03-31 20:20:10,bookmark,session_001118
synthetic_user_0121,2c1e63cb-30f5-4e05-92af-ea93368ef4ab,2026-03-31 20:22:08,chat,session_000743
synthetic_user_0179,59bf0b38-d7b5-4024-a66e-a03f1b47095d,2026-03-31 20:24:29,chat,session_001118
synthetic_user_0082,59bf0b38-d7b5-4024-a66e-a03f1b47095d,2026-03-31 20:46:01,view,session_000482
synthetic_user_0082,59bf0b38-d7b5-4024-a66e-a03f1b47095d,2026-03-31 20:59:53,download,session_000482
synthetic_user_0160,7c1af9a0-cf09-4356-8c0d-d762fbb21208,2026-03-31 22:11:16,view,session_000977
synthetic_user_0160,7c1af9a0-cf09-4356-8c0d-d762fbb21208,2026-03-31 22:16:08,download,session_000977
synthetic_user_0160,7c1af9a0-cf09-4356-8c0d-d762fbb21208,2026-03-31 22:18:43,chat,session_000977
synthetic_user_0027,95461cac-4301-4ade-8b3c-98201e8731db,2026-04-01 00:44:35,view,session_000124
synthetic_user_0135,7c1af9a0-cf09-4356-8c0d-d762fbb21208,2026-04-01 00:52:37,view,session_000831
synthetic_user_0027,95461cac-4301-4ade-8b3c-98201e8731db,2026-04-01 00:55:03,download,session_000124
synthetic_user_0135,7c1af9a0-cf09-4356-8c0d-d762fbb21208,2026-04-01 00:55:13,download,session_000831
synthetic_user_0135,7c1af9a0-cf09-4356-8c0d-d762fbb21208,2026-04-01 01:08:13,chat,session_000831
synthetic_user_0130,ea97dfce-6731-4b1d-9b03-485d04de4867,2026-04-01 04:38:36,view,session_000793
synthetic_user_0130,ea97dfce-6731-4b1d-9b03-485d04de4867,2026-04-01 05:36:43,view,session_000794
synthetic_user_0130,ea97dfce-6731-4b1d-9b03-485d04de4867,2026-04-01 05:40:39,download,session_000794
synthetic_user_0130,ea97dfce-6731-4b1d-9b03-485d04de4867,2026-04-01 05:52:53,bookmark,session_000794
synthetic_user_0111,8706bbb8-8343-4edc-9af4-244b9cad76aa,2026-04-01 06:19:54,view,session_000676
synthetic_user_0088,33f6e3a9-237d-433e-b4b6-238e44c80117,2026-04-01 06:48:29,view,session_000526
synthetic_user_0084,581c8e36-7a51-4e8e-ac1d-6e9c1d54940f,2026-04-01 20:10:55,view,session_000495
synthetic_user_0084,581c8e36-7a51-4e8e-ac1d-6e9c1d54940f,2026-04-01 20:17:57,download,session_000495
synthetic_user_0084,581c8e36-7a51-4e8e-ac1d-6e9c1d54940f,2026-04-01 20:19:39,like,session_000495
synthetic_user_0038,7c1af9a0-cf09-4356-8c0d-d762fbb21208,2026-04-01 22:38:34,view,session_000193
synthetic_user_0030,7c1af9a0-cf09-4356-8c0d-d762fbb21208,2026-04-02 07:23:05,view,session_000144
synthetic_user_0030,7c1af9a0-cf09-4356-8c0d-d762fbb21208,2026-04-02 07:32:34,download,session_000144
synthetic_user_0030,7c1af9a0-cf09-4356-8c0d-d762fbb21208,2026-04-02 07:41:22,like,session_000144
synthetic_user_0077,8706bbb8-8343-4edc-9af4-244b9cad76aa,2026-04-02 18:47:59,view,session_000436
synthetic_user_0077,8706bbb8-8343-4edc-9af4-244b9cad76aa,2026-04-02 18:52:27,download,session_000436
synthetic_user_0176,f6081dfd-75ec-4719-a05b-6ec1f95df15f,2026-04-02 21:02:30,view,session_001095
synthetic_user_0176,f6081dfd-75ec-4719-a05b-6ec1f95df15f,2026-04-02 21:17:57,download,session_001095
synthetic_user_0176,f6081dfd-75ec-4719-a05b-6ec1f95df15f,2026-04-02 21:27:25,like,session_001095
synthetic_user_0167,bd6bddb1-3e29-4767-a194-6196e46f7456,2026-04-02 22:30:16,view,session_001022
synthetic_user_0167,bd6bddb1-3e29-4767-a194-6196e46f7456,2026-04-02 22:38:46,download,session_001022
synthetic_user_0167,bd6bddb1-3e29-4767-a194-6196e46f7456,2026-04-02 22:57:43,chat,session_001022
synthetic_user_0026,fbb68aab-9b3b-4e24-9109-ea047f927347,2026-04-03 02:59:10,view,session_000116
synthetic_user_0078,e06a75b5-86f9-4daf-b871-0fba7b7ba57d,2026-04-03 19:13:33,view,session_000453
synthetic_user_0078,e06a75b5-86f9-4daf-b871-0fba7b7ba57d,2026-04-03 19:16:02,download,session_000453
synthetic_user_0078,e06a75b5-86f9-4daf-b871-0fba7b7ba57d,2026-04-03 19:22:58,bookmark,session_000453
synthetic_user_0069,5a0f55cf-16af-4459-9030-0c7c6e11207f,2026-04-03 20:41:53,view,session_000375
synthetic_user_0069,5a0f55cf-16af-4459-9030-0c7c6e11207f,2026-04-03 20:50:01,download,session_000375
synthetic_user_0069,5a0f55cf-16af-4459-9030-0c7c6e11207f,2026-04-03 20:54:34,like,session_000375
synthetic_user_0013,45a799e0-5716-4209-b489-bd8f9ef13974,2026-04-05 01:56:14,view,session_000020
synthetic_user_0025,8706bbb8-8343-4edc-9af4-244b9cad76aa,2026-04-05 04:41:51,view,session_000103
synthetic_user_0168,dcd20897-e14a-43fc-b2ba-66bb4a569874,2026-04-05 07:55:07,view,session_001035
synthetic_user_0168,dcd20897-e14a-43fc-b2ba-66bb4a569874,2026-04-05 08:11:04,download,session_001035
synthetic_user_0067,dbcab77a-8d8a-4721-b07d-d5d9ecc7874d,2026-04-05 08:58:50,view,session_000361
synthetic_user_0066,e72c3d3b-cf36-4cc4-9a40-d8cc5d28df84,2026-04-05 18:18:57,view,session_000346
synthetic_user_0056,bd6bddb1-3e29-4767-a194-6196e46f7456,2026-04-05 19:14:22,view,session_000289
synthetic_user_0056,bd6bddb1-3e29-4767-a194-6196e46f7456,2026-04-05 19:25:43,chat,session_000289
synthetic_user_0060,8b44ea69-a5bb-4779-8c63-bf20e4da58c7,2026-04-06 00:49:22,view,session_000314
synthetic_user_0060,8b44ea69-a5bb-4779-8c63-bf20e4da58c7,2026-04-06 00:59:54,chat,session_000314
synthetic_user_0060,8b44ea69-a5bb-4779-8c63-bf20e4da58c7,2026-04-06 01:04:57,download,session_000314
synthetic_user_0198,8706bbb8-8343-4edc-9af4-244b9cad76aa,2026-04-06 18:19:17,view,session_001232
synthetic_user_0024,95461cac-4301-4ade-8b3c-98201e8731db,2026-04-06 20:06:25,view,session_000100
synthetic_user_0084,a18002e2-24a3-4da4-b558-ea8cadcb047e,2026-04-06 20:11:49,view,session_000496
synthetic_user_0084,a18002e2-24a3-4da4-b558-ea8cadcb047e,2026-04-06 20:20:00,download,session_000496
synthetic_user_0084,a18002e2-24a3-4da4-b558-ea8cadcb047e,2026-04-06 20:25:39,like,session_000496
synthetic_user_0099,8706bbb8-8343-4edc-9af4-244b9cad76aa,2026-04-07 00:37:14,view,session_000595
synthetic_user_0104,8706bbb8-8343-4edc-9af4-244b9cad76aa,2026-04-07 00:46:57,view,session_000625
synthetic_user_0104,8706bbb8-8343-4edc-9af4-244b9cad76aa,2026-04-07 01:00:57,download,session_000625
synthetic_user_0104,8706bbb8-8343-4edc-9af4-244b9cad76aa,2026-04-07 01:06:37,like,session_000625
synthetic_user_0134,8b44ea69-a5bb-4779-8c63-bf20e4da58c7,2026-04-07 02:23:31,view,session_000823
synthetic_user_0134,8b44ea69-a5bb-4779-8c63-bf20e4da58c7,2026-04-07 02:32:51,download,session_000823
synthetic_user_0134,8b44ea69-a5bb-4779-8c63-bf20e4da58c7,2026-04-07 02:34:02,like,session_000823
synthetic_user_0151,8b44ea69-a5bb-4779-8c63-bf20e4da58c7,2026-04-07 03:10:26,view,session_000932
synthetic_user_0092,85526add-cd5a-4107-a07e-62ff3f493082,2026-04-07 18:43:00,view,session_000559
synthetic_user_0046,85526add-cd5a-4107-a07e-62ff3f493082,2026-04-07 18:48:42,view,session_000226
synthetic_user_0139,087164bc-8a57-44b1-bd06-0644f475917b,2026-04-07 21:56:55,view,session_000845
synthetic_user_0057,8706bbb8-8343-4edc-9af4-244b9cad76aa,2026-04-07 22:18:29,view,session_000302
synthetic_user_0079,830353af-6497-4bc7-bab8-08114b64b682,2026-04-08 07:07:55,view,session_000461
synthetic_user_0176,45a799e0-5716-4209-b489-bd8f9ef13974,2026-04-08 08:22:15,view,session_001096
synthetic_user_0051,85526add-cd5a-4107-a07e-62ff3f493082,2026-04-08 20:36:12,view,session_000249
synthetic_user_0051,85526add-cd5a-4107-a07e-62ff3f493082,2026-04-08 21:04:16,chat,session_000249
synthetic_user_0117,a8231f34-c157-4fcd-b08a-5a3420cc0cee,2026-04-08 21:31:28,view,session_000718
synthetic_user_0144,fbb68aab-9b3b-4e24-9109-ea047f927347,2026-04-09 01:04:21,view,session_000876
synthetic_user_0083,8706bbb8-8343-4edc-9af4-244b9cad76aa,2026-04-09 01:10:27,view,session_000490
synthetic_user_0144,fbb68aab-9b3b-4e24-9109-ea047f927347,2026-04-09 01:22:37,chat,session_000876
synthetic_user_0103,830353af-6497-4bc7-bab8-08114b64b682,2026-04-09 01:23:18,view,session_000618
synthetic_user_0147,e72c3d3b-cf36-4cc4-9a40-d8cc5d28df84,2026-04-09 03:12:45,view,session_000896
synthetic_user_0147,e72c3d3b-cf36-4cc4-9a40-d8cc5d28df84,2026-04-09 03:16:03,download,session_000896
synthetic_user_0147,e72c3d3b-cf36-4cc4-9a40-d8cc5d28df84,2026-04-09 03:18:24,like,session_000896
synthetic_user_0124,8b44ea69-a5bb-4779-8c63-bf20e4da58c7,2026-04-09 03:43:08,view,session_000761
synthetic_user_0124,8b44ea69-a5bb-4779-8c63-bf20e4da58c7,2026-04-09 03:50:44,download,session_000761
synthetic_user_0124,8b44ea69-a5bb-4779-8c63-bf20e4da58c7,2026-04-09 03:56:07,bookmark,session_000761
synthetic_user_0124,8b44ea69-a5bb-4779-8c63-bf20e4da58c7,2026-04-09 03:59:53,like,session_000761
synthetic_user_0080,e06a75b5-86f9-4daf-b871-0fba7b7ba57d,2026-04-09 04:01:49,view,session_000469
synthetic_user_0080,e06a75b5-86f9-4daf-b871-0fba7b7ba57d,2026-04-09 04:07:39,download,session_000469
synthetic_user_0173,8b44ea69-a5bb-4779-8c63-bf20e4da58c7,2026-04-09 08:23:24,view,session_001079
synthetic_user_0099,8b44ea69-a5bb-4779-8c63-bf20e4da58c7,2026-04-09 08:59:37,view,session_000596
synthetic_user_0099,8b44ea69-a5bb-4779-8c63-bf20e4da58c7,2026-04-09 09:13:52,chat,session_000596
synthetic_user_0091,8706bbb8-8343-4edc-9af4-244b9cad76aa,2026-04-09 18:42:18,view,session_000554
synthetic_user_0180,85526add-cd5a-4107-a07e-62ff3f493082,2026-04-09 19:28:27,view,session_001132
synthetic_user_0095,5a0f55cf-16af-4459-9030-0c7c6e11207f,2026-04-09 20:53:37,view,session_000582
synthetic_user_0071,33f6e3a9-237d-433e-b4b6-238e44c80117,2026-04-09 21:00:45,view,session_000384
synthetic_user_0071,33f6e3a9-237d-433e-b4b6-238e44c80117,2026-04-09 21:09:25,download,session_000384
synthetic_user_0071,33f6e3a9-237d-433e-b4b6-238e44c80117,2026-04-09 21:12:17,like,session_000384
synthetic_user_0071,33f6e3a9-237d-433e-b4b6-238e44c80117,2026-04-09 21:25:03,bookmark,session_000384
synthetic_user_0056,a18002e2-24a3-4da4-b558-ea8cadcb047e,2026-04-09 21:47:55,view,session_000290
synthetic_user_0056,a18002e2-24a3-4da4-b558-ea8cadcb047e,2026-04-09 22:03:40,download,session_000290
synthetic_user_0056,a18002e2-24a3-4da4-b558-ea8cadcb047e,2026-04-09 22:06:11,like,session_000290
synthetic_user_0033,581c8e36-7a51-4e8e-ac1d-6e9c1d54940f,2026-04-10 00:28:35,view,session_000165
synthetic_user_0033,581c8e36-7a51-4e8e-ac1d-6e9c1d54940f,2026-04-10 00:36:56,download,session_000165
synthetic_user_0142,087164bc-8a57-44b1-bd06-0644f475917b,2026-04-10 00:41:52,view,session_000864
synthetic_user_0142,087164bc-8a57-44b1-bd06-0644f475917b,2026-04-10 00:45:19,download,session_000864
synthetic_user_0044,8706bbb8-8343-4edc-9af4-244b9cad76aa,2026-04-10 00:58:09,view,session_000220
synthetic_user_0118,8706bbb8-8343-4edc-9af4-244b9cad76aa,2026-04-10 01:39:51,view,session_000726
synthetic_user_0118,8706bbb8-8343-4edc-9af4-244b9cad76aa,2026-04-10 01:54:20,download,session_000726
synthetic_user_0118,8706bbb8-8343-4edc-9af4-244b9cad76aa,2026-04-10 02:01:21,like,session_000726
synthetic_user_0118,8706bbb8-8343-4edc-9af4-244b9cad76aa,2026-04-10 02:09:29,bookmark,session_000726
synthetic_user_0133,945e447f-c018-4d92-b5e5-2f1f7a11bd56,2026-04-10 06:23:02,view,session_000816
synthetic_user_0153,8706bbb8-8343-4edc-9af4-244b9cad76aa,2026-04-11 02:47:22,view,session_000938
synthetic_user_0153,8706bbb8-8343-4edc-9af4-244b9cad76aa,2026-04-11 02:55:15,download,session_000938
synthetic_user_0153,8706bbb8-8343-4edc-9af4-244b9cad76aa,2026-04-11 03:01:18,like,session_000938
synthetic_user_0158,8706bbb8-8343-4edc-9af4-244b9cad76aa,2026-04-11 03:58:56,view,session_000964
synthetic_user_0200,45a799e0-5716-4209-b489-bd8f9ef13974,2026-04-11 04:40:11,view,session_001241
synthetic_user_0149,33f6e3a9-237d-433e-b4b6-238e44c80117,2026-04-11 05:27:19,view,session_000916
synthetic_user_0105,f6081dfd-75ec-4719-a05b-6ec1f95df15f,2026-04-11 05:52:07,view,session_000630
synthetic_user_0155,581c8e36-7a51-4e8e-ac1d-6e9c1d54940f,2026-04-11 06:56:25,view,session_000952
synthetic_user_0155,581c8e36-7a51-4e8e-ac1d-6e9c1d54940f,2026-04-11 07:10:15,download,session_000952
synthetic_user_0199,45a799e0-5716-4209-b489-bd8f9ef13974,2026-04-11 18:24:45,view,session_001234
synthetic_user_0041,09593622-ad83-4d14-8236-17bea51dbb13,2026-04-11 19:08:48,view,session_000206
synthetic_user_0015,7c1af9a0-cf09-4356-8c0d-d762fbb21208,2026-04-11 19:17:28,view,session_000032
synthetic_user_0041,09593622-ad83-4d14-8236-17bea51dbb13,2026-04-11 19:20:20,download,session_000206
synthetic_user_0041,09593622-ad83-4d14-8236-17bea51dbb13,2026-04-11 19:27:38,like,session_000206
synthetic_user_0035,c5310615-4076-41e9-9064-736593600471,2026-04-11 20:22:01,view,session_000178
synthetic_user_0026,dbcab77a-8d8a-4721-b07d-d5d9ecc7874d,2026-04-12 00:41:59,view,session_000117
synthetic_user_0026,dbcab77a-8d8a-4721-b07d-d5d9ecc7874d,2026-04-12 00:59:14,chat,session_000117
synthetic_user_0140,5a0f55cf-16af-4459-9030-0c7c6e11207f,2026-04-12 01:04:05,view,session_000852
synthetic_user_0140,5a0f55cf-16af-4459-9030-0c7c6e11207f,2026-04-12 01:14:11,download,session_000852
synthetic_user_0100,8706bbb8-8343-4edc-9af4-244b9cad76aa,2026-04-12 04:04:24,view,session_000603
synthetic_user_0055,dcd20897-e14a-43fc-b2ba-66bb4a569874,2026-04-12 06:49:43,view,session_000283
synthetic_user_0055,dcd20897-e14a-43fc-b2ba-66bb4a569874,2026-04-12 06:52:24,download,session_000283
synthetic_user_0018,b1e94dc4-e19f-4e9b-85e1-69c3b4ab0e97,2026-04-12 07:33:54,view,session_000060
synthetic_user_0018,b1e94dc4-e19f-4e9b-85e1-69c3b4ab0e97,2026-04-12 07:41:10,download,session_000060
synthetic_user_0018,b1e94dc4-e19f-4e9b-85e1-69c3b4ab0e97,2026-04-12 07:46:40,chat,session_000060
synthetic_user_0150,dcf38bea-591e-47ae-aaaf-e01b841cc3b3,2026-04-12 18:35:28,view,session_000919
synthetic_user_0018,e06a75b5-86f9-4daf-b871-0fba7b7ba57d,2026-04-12 19:18:05,view,session_000061
synthetic_user_0159,ea97dfce-6731-4b1d-9b03-485d04de4867,2026-04-12 21:37:44,view,session_000971
synthetic_user_0014,ea97dfce-6731-4b1d-9b03-485d04de4867,2026-04-12 22:22:06,view,session_000024
synthetic_user_0110,09593622-ad83-4d14-8236-17bea51dbb13,2026-04-12 22:45:24,view,session_000663
synthetic_user_0110,09593622-ad83-4d14-8236-17bea51dbb13,2026-04-12 22:52:00,download,session_000663
synthetic_user_0110,09593622-ad83-4d14-8236-17bea51dbb13,2026-04-12 23:04:05,bookmark,session_000663
synthetic_user_0150,dcf38bea-591e-47ae-aaaf-e01b841cc3b3,2026-04-13 06:20:07,view,session_000920
synthetic_user_0064,8706bbb8-8343-4edc-9af4-244b9cad76aa,2026-04-13 06:44:18,view,session_000337
synthetic_user_0074,8706bbb8-8343-4edc-9af4-244b9cad76aa,2026-04-13 07:36:03,view,session_000418
synthetic_user_0053,581c8e36-7a51-4e8e-ac1d-6e9c1d54940f,2026-04-13 19:43:27,view,session_000267
synthetic_user_0199,b1e94dc4-e19f-4e9b-85e1-69c3b4ab0e97,2026-04-13 22:11:17,view,session_001235
synthetic_user_0199,b1e94dc4-e19f-4e9b-85e1-69c3b4ab0e97,2026-04-13 22:34:41,chat,session_001235
synthetic_user_0177,8706bbb8-8343-4edc-9af4-244b9cad76aa,2026-04-14 00:42:00,view,session_001104
synthetic_user_0195,7c1af9a0-cf09-4356-8c0d-d762fbb21208,2026-04-14 00:44:04,view,session_001210
synthetic_user_0177,8706bbb8-8343-4edc-9af4-244b9cad76aa,2026-04-14 00:44:53,download,session_001104
synthetic_user_0023,8706bbb8-8343-4edc-9af4-244b9cad76aa,2026-04-14 20:06:03,view,session_000091
synthetic_user_0023,8706bbb8-8343-4edc-9af4-244b9cad76aa,2026-04-14 20:12:34,download,session_000091
synthetic_user_0144,dcf38bea-591e-47ae-aaaf-e01b841cc3b3,2026-04-14 20:45:30,view,session_000877
synthetic_user_0046,8706bbb8-8343-4edc-9af4-244b9cad76aa,2026-04-15 00:54:47,view,session_000227
synthetic_user_0071,087164bc-8a57-44b1-bd06-0644f475917b,2026-04-15 05:50:00,view,session_000385
synthetic_user_0071,087164bc-8a57-44b1-bd06-0644f475917b,2026-04-15 06:01:02,download,session_000385
synthetic_user_0012,09593622-ad83-4d14-8236-17bea51dbb13,2026-04-15 20:34:16,view,session_000017
synthetic_user_0056,bd6bddb1-3e29-4767-a194-6196e46f7456,2026-04-15 22:26:50,view,session_000291
synthetic_user_0056,bd6bddb1-3e29-4767-a194-6196e46f7456,2026-04-15 22:33:03,download,session_000291
synthetic_user_0056,bd6bddb1-3e29-4767-a194-6196e46f7456,2026-04-15 22:46:13,bookmark,session_000291
synthetic_user_0111,8706bbb8-8343-4edc-9af4-244b9cad76aa,2026-04-16 00:26:20,view,session_000677
synthetic_user_0031,8706bbb8-8343-4edc-9af4-244b9cad76aa,2026-04-16 08:39:58,view,session_000155
synthetic_user_0031,8706bbb8-8343-4edc-9af4-244b9cad76aa,2026-04-16 08:55:18,download,session_000155
synthetic_user_0031,8706bbb8-8343-4edc-9af4-244b9cad76aa,2026-04-16 08:59:55,like,session_000155
synthetic_user_0031,8706bbb8-8343-4edc-9af4-244b9cad76aa,2026-04-16 09:10:03,bookmark,session_000155
synthetic_user_0183,95461cac-4301-4ade-8b3c-98201e8731db,2026-04-16 18:39:17,view,session_001152
synthetic_user_0183,95461cac-4301-4ade-8b3c-98201e8731db,2026-04-16 18:51:28,download,session_001152
synthetic_user_0183,95461cac-4301-4ade-8b3c-98201e8731db,2026-04-16 18:54:09,bookmark,session_001152
synthetic_user_0183,95461cac-4301-4ade-8b3c-98201e8731db,2026-04-16 19:02:09,like,session_001152
synthetic_user_0183,95461cac-4301-4ade-8b3c-98201e8731db,2026-04-16 19:05:49,chat,session_001152
synthetic_user_0093,fbb68aab-9b3b-4e24-9109-ea047f927347,2026-04-16 21:39:25,view,session_000568
synthetic_user_0085,dcf38bea-591e-47ae-aaaf-e01b841cc3b3,2026-04-16 21:44:13,view,session_000504
synthetic_user_0013,98a77293-8faf-4d27-8248-6eb91f481d8f,2026-04-17 00:21:52,view,session_000021
synthetic_user_0029,dcf38bea-591e-47ae-aaaf-e01b841cc3b3,2026-04-17 01:38:43,view,session_000135
synthetic_user_0110,ea97dfce-6731-4b1d-9b03-485d04de4867,2026-04-17 01:48:07,view,session_000664
synthetic_user_0177,dcd20897-e14a-43fc-b2ba-66bb4a569874,2026-04-17 01:51:48,view,session_001105
synthetic_user_0110,ea97dfce-6731-4b1d-9b03-485d04de4867,2026-04-17 02:02:40,download,session_000664
synthetic_user_0110,ea97dfce-6731-4b1d-9b03-485d04de4867,2026-04-17 02:15:44,bookmark,session_000664
synthetic_user_0077,8706bbb8-8343-4edc-9af4-244b9cad76aa,2026-04-17 02:33:07,view,session_000437
synthetic_user_0071,40a8032b-e43c-43dc-ba5f-d650f1c0a979,2026-04-17 03:33:07,view,session_000386
synthetic_user_0071,40a8032b-e43c-43dc-ba5f-d650f1c0a979,2026-04-17 03:47:59,download,session_000386
synthetic_user_0071,40a8032b-e43c-43dc-ba5f-d650f1c0a979,2026-04-17 03:56:27,like,session_000386
synthetic_user_0071,40a8032b-e43c-43dc-ba5f-d650f1c0a979,2026-04-17 04:02:41,bookmark,session_000386
synthetic_user_0086,a8231f34-c157-4fcd-b08a-5a3420cc0cee,2026-04-17 06:02:41,view,session_000512
synthetic_user_0086,a8231f34-c157-4fcd-b08a-5a3420cc0cee,2026-04-17 06:10:31,download,session_000512
synthetic_user_0086,a8231f34-c157-4fcd-b08a-5a3420cc0cee,2026-04-17 06:15:29,like,session_000512
synthetic_user_0086,a8231f34-c157-4fcd-b08a-5a3420cc0cee,2026-04-17 06:19:32,bookmark,session_000512
synthetic_user_0077,45a799e0-5716-4209-b489-bd8f9ef13974,2026-04-17 22:30:40,view,session_000438
synthetic_user_0200,e72c3d3b-cf36-4cc4-9a40-d8cc5d28df84,2026-04-18 01:08:29,view,session_001242
synthetic_user_0089,40a8032b-e43c-43dc-ba5f-d650f1c0a979,2026-04-18 04:51:00,view,session_000532
synthetic_user_0025,8706bbb8-8343-4edc-9af4-244b9cad76aa,2026-04-18 05:16:39,view,session_000104
synthetic_user_0025,8706bbb8-8343-4edc-9af4-244b9cad76aa,2026-04-18 05:31:25,download,session_000104
synthetic_user_0025,8706bbb8-8343-4edc-9af4-244b9cad76aa,2026-04-18 05:34:01,like,session_000104
synthetic_user_0148,fbb68aab-9b3b-4e24-9109-ea047f927347,2026-04-18 07:45:36,view,session_000909
synthetic_user_0148,fbb68aab-9b3b-4e24-9109-ea047f927347,2026-04-18 07:48:51,download,session_000909
synthetic_user_0027,a18002e2-24a3-4da4-b558-ea8cadcb047e,2026-04-18 08:30:48,view,session_000125
synthetic_user_0145,ea97dfce-6731-4b1d-9b03-485d04de4867,2026-04-18 20:52:31,view,session_000883
synthetic_user_0145,ea97dfce-6731-4b1d-9b03-485d04de4867,2026-04-18 21:16:21,chat,session_000883
synthetic_user_0032,40a8032b-e43c-43dc-ba5f-d650f1c0a979,2026-04-19 06:28:31,view,session_000160
synthetic_user_0032,40a8032b-e43c-43dc-ba5f-d650f1c0a979,2026-04-19 06:34:16,download,session_000160
synthetic_user_0032,40a8032b-e43c-43dc-ba5f-d650f1c0a979,2026-04-19 06:39:25,like,session_000160
synthetic_user_0167,fbb68aab-9b3b-4e24-9109-ea047f927347,2026-04-19 06:56:28,view,session_001023
synthetic_user_0054,dbcab77a-8d8a-4721-b07d-d5d9ecc7874d,2026-04-19 22:25:09,view,session_000273
synthetic_user_0054,dbcab77a-8d8a-4721-b07d-d5d9ecc7874d,2026-04-19 22:27:24,download,session_000273
synthetic_user_0054,dbcab77a-8d8a-4721-b07d-d5d9ecc7874d,2026-04-19 22:29:22,like,session_000273
synthetic_user_0158,dcf38bea-591e-47ae-aaaf-e01b841cc3b3,2026-04-20 04:52:12,view,session_000965
synthetic_user_0018,5a0f55cf-16af-4459-9030-0c7c6e11207f,2026-04-21 01:57:32,view,session_000062
synthetic_user_0018,5a0f55cf-16af-4459-9030-0c7c6e11207f,2026-04-21 02:27:15,chat,session_000062
synthetic_user_0134,95461cac-4301-4ade-8b3c-98201e8731db,2026-04-21 02:29:11,view,session_000824
synthetic_user_0134,95461cac-4301-4ade-8b3c-98201e8731db,2026-04-21 02:39:43,download,session_000824
synthetic_user_0134,95461cac-4301-4ade-8b3c-98201e8731db,2026-04-21 02:45:42,bookmark,session_000824
synthetic_user_0132,087164bc-8a57-44b1-bd06-0644f475917b,2026-04-21 03:06:21,view,session_000808
synthetic_user_0125,59bf0b38-d7b5-4024-a66e-a03f1b47095d,2026-04-21 04:28:09,view,session_000773
synthetic_user_0064,8706bbb8-8343-4edc-9af4-244b9cad76aa,2026-04-21 05:42:03,view,session_000338
synthetic_user_0018,b1e94dc4-e19f-4e9b-85e1-69c3b4ab0e97,2026-04-21 06:10:17,view,session_000063
synthetic_user_0018,b1e94dc4-e19f-4e9b-85e1-69c3b4ab0e97,2026-04-21 06:14:21,download,session_000063
synthetic_user_0018,b1e94dc4-e19f-4e9b-85e1-69c3b4ab0e97,2026-04-21 06:21:19,chat,session_000063
synthetic_user_0052,830353af-6497-4bc7-bab8-08114b64b682,2026-04-21 19:21:38,view,session_000261
synthetic_user_0065,40a8032b-e43c-43dc-ba5f-d650f1c0a979,2026-04-21 19:22:14,view,session_000341
synthetic_user_0065,40a8032b-e43c-43dc-ba5f-d650f1c0a979,2026-04-21 19:24:57,download,session_000341
synthetic_user_0118,c5310615-4076-41e9-9064-736593600471,2026-04-21 22:21:58,view,session_000727
synthetic_user_0009,09593622-ad83-4d14-8236-17bea51dbb13,2026-04-22 01:02:37,view,session_000001
synthetic_user_0009,09593622-ad83-4d14-8236-17bea51dbb13,2026-04-22 01:10:48,download,session_000001
synthetic_user_0009,09593622-ad83-4d14-8236-17bea51dbb13,2026-04-22 01:20:44,like,session_000001
synthetic_user_0073,85526add-cd5a-4107-a07e-62ff3f493082,2026-04-22 03:17:11,view,session_000403
synthetic_user_0073,85526add-cd5a-4107-a07e-62ff3f493082,2026-04-22 03:20:31,download,session_000403
synthetic_user_0054,fbb68aab-9b3b-4e24-9109-ea047f927347,2026-04-22 03:38:43,view,session_000274
synthetic_user_0054,fbb68aab-9b3b-4e24-9109-ea047f927347,2026-04-22 03:43:58,chat,session_000274
synthetic_user_0138,8b44ea69-a5bb-4779-8c63-bf20e4da58c7,2026-04-22 22:25:39,view,session_000841
synthetic_user_0071,a8231f34-c157-4fcd-b08a-5a3420cc0cee,2026-04-23 02:00:24,view,session_000387
synthetic_user_0110,ea97dfce-6731-4b1d-9b03-485d04de4867,2026-04-23 03:43:31,view,session_000665
synthetic_user_0110,ea97dfce-6731-4b1d-9b03-485d04de4867,2026-04-23 03:56:05,download,session_000665
synthetic_user_0180,8b44ea69-a5bb-4779-8c63-bf20e4da58c7,2026-04-23 04:24:55,view,session_001133
synthetic_user_0084,a18002e2-24a3-4da4-b558-ea8cadcb047e,2026-04-23 05:03:26,view,session_000497
synthetic_user_0125,85526add-cd5a-4107-a07e-62ff3f493082,2026-04-23 07:46:20,view,session_000774
synthetic_user_0051,8706bbb8-8343-4edc-9af4-244b9cad76aa,2026-04-23 07:51:56,view,session_000250
synthetic_user_0051,8706bbb8-8343-4edc-9af4-244b9cad76aa,2026-04-23 07:55:48,download,session_000250
synthetic_user_0096,8b44ea69-a5bb-4779-8c63-bf20e4da58c7,2026-04-23 18:03:41,view,session_000589
synthetic_user_0171,b1e94dc4-e19f-4e9b-85e1-69c3b4ab0e97,2026-04-23 18:07:21,view,session_001053
synthetic_user_0021,5a0f55cf-16af-4459-9030-0c7c6e11207f,2026-04-23 19:04:19,view,session_000082
synthetic_user_0021,5a0f55cf-16af-4459-9030-0c7c6e11207f,2026-04-23 19:27:28,chat,session_000082
synthetic_user_0195,98a77293-8faf-4d27-8248-6eb91f481d8f,2026-04-24 00:08:48,view,session_001211
synthetic_user_0195,98a77293-8faf-4d27-8248-6eb91f481d8f,2026-04-24 00:20:17,download,session_001211
synthetic_user_0195,98a77293-8faf-4d27-8248-6eb91f481d8f,2026-04-24 00:31:52,bookmark,session_001211
synthetic_user_0042,b1e94dc4-e19f-4e9b-85e1-69c3b4ab0e97,2026-04-24 00:55:53,view,session_000211
synthetic_user_0189,33f6e3a9-237d-433e-b4b6-238e44c80117,2026-04-24 01:00:10,view,session_001169
synthetic_user_0042,b1e94dc4-e19f-4e9b-85e1-69c3b4ab0e97,2026-04-24 01:03:52,chat,session_000211
synthetic_user_0189,33f6e3a9-237d-433e-b4b6-238e44c80117,2026-04-24 01:04:56,download,session_001169
synthetic_user_0042,b1e94dc4-e19f-4e9b-85e1-69c3b4ab0e97,2026-04-24 01:09:20,download,session_000211
synthetic_user_0148,fbb68aab-9b3b-4e24-9109-ea047f927347,2026-04-24 01:40:53,view,session_000910
synthetic_user_0200,59bf0b38-d7b5-4024-a66e-a03f1b47095d,2026-04-24 03:20:23,view,session_001243
synthetic_user_0200,59bf0b38-d7b5-4024-a66e-a03f1b47095d,2026-04-24 03:31:48,download,session_001243
synthetic_user_0200,59bf0b38-d7b5-4024-a66e-a03f1b47095d,2026-04-24 03:35:47,bookmark,session_001243
synthetic_user_0039,5a0f55cf-16af-4459-9030-0c7c6e11207f,2026-04-24 03:54:31,view,session_000199
synthetic_user_0039,5a0f55cf-16af-4459-9030-0c7c6e11207f,2026-04-24 04:14:35,chat,session_000199
synthetic_user_0046,8706bbb8-8343-4edc-9af4-244b9cad76aa,2026-04-24 05:19:06,view,session_000228
synthetic_user_0046,8706bbb8-8343-4edc-9af4-244b9cad76aa,2026-04-24 05:33:43,download,session_000228
synthetic_user_0046,8706bbb8-8343-4edc-9af4-244b9cad76aa,2026-04-24 05:35:53,like,session_000228
synthetic_user_0145,945e447f-c018-4d92-b5e5-2f1f7a11bd56,2026-04-24 18:06:04,view,session_000884
synthetic_user_0148,a18002e2-24a3-4da4-b558-ea8cadcb047e,2026-04-24 21:31:18,view,session_000911
synthetic_user_0131,b1e94dc4-e19f-4e9b-85e1-69c3b4ab0e97,2026-04-25 01:15:21,view,session_000798
synthetic_user_0073,59bf0b38-d7b5-4024-a66e-a03f1b47095d,2026-04-25 05:43:59,view,session_000404
synthetic_user_0091,bd6bddb1-3e29-4767-a194-6196e46f7456,2026-04-25 06:47:39,view,session_000555
synthetic_user_0114,ea97dfce-6731-4b1d-9b03-485d04de4867,2026-04-25 23:08:57,view,session_000702
synthetic_user_0114,ea97dfce-6731-4b1d-9b03-485d04de4867,2026-04-25 23:37:28,chat,session_000702
synthetic_user_0197,f6081dfd-75ec-4719-a05b-6ec1f95df15f,2026-04-26 02:05:56,view,session_001225
synthetic_user_0071,dcf38bea-591e-47ae-aaaf-e01b841cc3b3,2026-04-26 04:13:44,view,session_000388
synthetic_user_0132,8706bbb8-8343-4edc-9af4-244b9cad76aa,2026-04-26 04:43:50,view,session_000809
synthetic_user_0129,dbcab77a-8d8a-4721-b07d-d5d9ecc7874d,2026-04-26 05:08:41,view,session_000787
synthetic_user_0071,7c1af9a0-cf09-4356-8c0d-d762fbb21208,2026-04-26 06:20:26,view,session_000389
synthetic_user_0103,59bf0b38-d7b5-4024-a66e-a03f1b47095d,2026-04-26 06:54:03,view,session_000619
synthetic_user_0103,59bf0b38-d7b5-4024-a66e-a03f1b47095d,2026-04-26 06:56:08,download,session_000619
synthetic_user_0117,a18002e2-24a3-4da4-b558-ea8cadcb047e,2026-04-26 08:24:30,view,session_000719
synthetic_user_0133,8706bbb8-8343-4edc-9af4-244b9cad76aa,2026-04-26 18:12:12,view,session_000817
synthetic_user_0147,45a799e0-5716-4209-b489-bd8f9ef13974,2026-04-26 20:55:33,view,session_000897
synthetic_user_0147,45a799e0-5716-4209-b489-bd8f9ef13974,2026-04-26 21:02:57,download,session_000897
synthetic_user_0147,45a799e0-5716-4209-b489-bd8f9ef13974,2026-04-26 21:04:34,bookmark,session_000897
synthetic_user_0117,8706bbb8-8343-4edc-9af4-244b9cad76aa,2026-04-26 22:36:38,view,session_000720
synthetic_user_0030,7c1af9a0-cf09-4356-8c0d-d762fbb21208,2026-04-27 02:46:53,view,session_000145
synthetic_user_0030,7c1af9a0-cf09-4356-8c0d-d762fbb21208,2026-04-27 03:09:52,chat,session_000145
synthetic_user_0076,830353af-6497-4bc7-bab8-08114b64b682,2026-04-27 06:27:51,view,session_000428
synthetic_user_0076,830353af-6497-4bc7-bab8-08114b64b682,2026-04-27 06:43:39,download,session_000428
synthetic_user_0076,830353af-6497-4bc7-bab8-08114b64b682,2026-04-27 06:48:02,chat,session_000428
synthetic_user_0076,830353af-6497-4bc7-bab8-08114b64b682,2026-04-27 06:57:04,bookmark,session_000428
synthetic_user_0056,40a8032b-e43c-43dc-ba5f-d650f1c0a979,2026-04-27 08:21:23,view,session_000292
synthetic_user_0180,e72c3d3b-cf36-4cc4-9a40-d8cc5d28df84,2026-04-27 19:36:05,view,session_001134
synthetic_user_0180,e72c3d3b-cf36-4cc4-9a40-d8cc5d28df84,2026-04-27 19:49:53,download,session_001134
synthetic_user_0018,8706bbb8-8343-4edc-9af4-244b9cad76aa,2026-04-27 20:53:27,view,session_000064
synthetic_user_0158,dcd20897-e14a-43fc-b2ba-66bb4a569874,2026-04-27 21:45:28,view,session_000966
synthetic_user_0180,2c1e63cb-30f5-4e05-92af-ea93368ef4ab,2026-04-28 20:50:33,view,session_001135
synthetic_user_0180,2c1e63cb-30f5-4e05-92af-ea93368ef4ab,2026-04-28 20:52:37,download,session_001135
synthetic_user_0180,2c1e63cb-30f5-4e05-92af-ea93368ef4ab,2026-04-28 21:00:48,like,session_001135
synthetic_user_0152,95461cac-4301-4ade-8b3c-98201e8731db,2026-04-28 23:54:05,view,session_000935
synthetic_user_0037,dbcab77a-8d8a-4721-b07d-d5d9ecc7874d,2026-04-29 01:10:05,view,session_000188
synthetic_user_0037,dbcab77a-8d8a-4721-b07d-d5d9ecc7874d,2026-04-29 01:25:12,download,session_000188
synthetic_user_0051,e72c3d3b-cf36-4cc4-9a40-d8cc5d28df84,2026-04-29 01:34:19,view,session_000251
synthetic_user_0034,8706bbb8-8343-4edc-9af4-244b9cad76aa,2026-04-29 01:36:50,view,session_000171
synthetic_user_0037,dbcab77a-8d8a-4721-b07d-d5d9ecc7874d,2026-04-29 01:38:59,bookmark,session_000188
synthetic_user_0089,40a8032b-e43c-43dc-ba5f-d650f1c0a979,2026-04-29 06:09:42,view,session_000533
synthetic_user_0165,c5310615-4076-41e9-9064-736593600471,2026-04-29 19:04:23,view,session_001007
synthetic_user_0163,33f6e3a9-237d-433e-b4b6-238e44c80117,2026-04-29 19:07:36,view,session_000996
synthetic_user_0089,a18002e2-24a3-4da4-b558-ea8cadcb047e,2026-04-29 20:28:34,view,session_000534
synthetic_user_0144,59bf0b38-d7b5-4024-a66e-a03f1b47095d,2026-04-29 21:09:58,view,session_000878
synthetic_user_0077,dcf38bea-591e-47ae-aaaf-e01b841cc3b3,2026-04-29 22:12:23,view,session_000439
synthetic_user_0031,e06a75b5-86f9-4daf-b871-0fba7b7ba57d,2026-04-30 01:42:31,view,session_000156
synthetic_user_0031,e06a75b5-86f9-4daf-b871-0fba7b7ba57d,2026-04-30 01:58:25,download,session_000156
synthetic_user_0130,e72c3d3b-cf36-4cc4-9a40-d8cc5d28df84,2026-04-30 20:04:37,view,session_000795
synthetic_user_0130,e72c3d3b-cf36-4cc4-9a40-d8cc5d28df84,2026-04-30 20:11:56,download,session_000795
synthetic_user_0130,e72c3d3b-cf36-4cc4-9a40-d8cc5d28df84,2026-04-30 20:13:57,like,session_000795
synthetic_user_0034,8706bbb8-8343-4edc-9af4-244b9cad76aa,2026-04-30 21:20:24,view,session_000172
synthetic_user_0034,8706bbb8-8343-4edc-9af4-244b9cad76aa,2026-04-30 21:26:06,download,session_000172
synthetic_user_0070,8706bbb8-8343-4edc-9af4-244b9cad76aa,2026-05-01 20:30:57,view,session_000377
synthetic_user_0172,dcf38bea-591e-47ae-aaaf-e01b841cc3b3,2026-05-01 21:33:13,view,session_001066
synthetic_user_0133,98a77293-8faf-4d27-8248-6eb91f481d8f,2026-05-01 22:11:14,view,session_000818
synthetic_user_0133,98a77293-8faf-4d27-8248-6eb91f481d8f,2026-05-01 22:13:54,download,session_000818
synthetic_user_0161,a18002e2-24a3-4da4-b558-ea8cadcb047e,2026-05-02 04:38:00,view,session_000983
synthetic_user_0161,a18002e2-24a3-4da4-b558-ea8cadcb047e,2026-05-02 04:50:18,download,session_000983
synthetic_user_0161,a18002e2-24a3-4da4-b558-ea8cadcb047e,2026-05-02 04:58:01,like,session_000983
synthetic_user_0106,8706bbb8-8343-4edc-9af4-244b9cad76aa,2026-05-02 07:09:00,view,session_000635
synthetic_user_0106,8706bbb8-8343-4edc-9af4-244b9cad76aa,2026-05-02 07:24:07,download,session_000635
synthetic_user_0026,98a77293-8faf-4d27-8248-6eb91f481d8f,2026-05-02 08:56:30,view,session_000118
synthetic_user_0026,98a77293-8faf-4d27-8248-6eb91f481d8f,2026-05-02 09:10:06,download,session_000118
synthetic_user_0026,98a77293-8faf-4d27-8248-6eb91f481d8f,2026-05-02 09:16:50,like,session_000118
synthetic_user_0026,98a77293-8faf-4d27-8248-6eb91f481d8f,2026-05-02 09:21:13,bookmark,session_000118
synthetic_user_0055,e06a75b5-86f9-4daf-b871-0fba7b7ba57d,2026-05-02 18:30:58,view,session_000284
synthetic_user_0153,dcd20897-e14a-43fc-b2ba-66bb4a569874,2026-05-02 21:47:42,view,session_000939
synthetic_user_0153,dcd20897-e14a-43fc-b2ba-66bb4a569874,2026-05-02 21:58:36,download,session_000939
synthetic_user_0153,dcd20897-e14a-43fc-b2ba-66bb4a569874,2026-05-02 22:04:06,bookmark,session_000939
synthetic_user_0052,bd6bddb1-3e29-4767-a194-6196e46f7456,2026-05-03 03:57:30,view,session_000262
synthetic_user_0012,c5310615-4076-41e9-9064-736593600471,2026-05-03 06:11:07,view,session_000018
synthetic_user_0016,95461cac-4301-4ade-8b3c-98201e8731db,2026-05-03 06:22:22,view,session_000040
synthetic_user_0010,5a0f55cf-16af-4459-9030-0c7c6e11207f,2026-05-03 07:30:51,view,session_000003
synthetic_user_0010,5a0f55cf-16af-4459-9030-0c7c6e11207f,2026-05-03 07:52:58,chat,session_000003
synthetic_user_0077,581c8e36-7a51-4e8e-ac1d-6e9c1d54940f,2026-05-03 08:03:55,view,session_000440
synthetic_user_0186,a8231f34-c157-4fcd-b08a-5a3420cc0cee,2026-05-03 08:18:09,view,session_001157
synthetic_user_0018,ea97dfce-6731-4b1d-9b03-485d04de4867,2026-05-03 19:58:14,view,session_000065
synthetic_user_0018,ea97dfce-6731-4b1d-9b03-485d04de4867,2026-05-03 20:10:26,download,session_000065
synthetic_user_0018,ea97dfce-6731-4b1d-9b03-485d04de4867,2026-05-03 20:12:21,like,session_000065
synthetic_user_0103,830353af-6497-4bc7-bab8-08114b64b682,2026-05-03 20:22:18,view,session_000620
synthetic_user_0103,830353af-6497-4bc7-bab8-08114b64b682,2026-05-03 20:31:38,download,session_000620
synthetic_user_0103,830353af-6497-4bc7-bab8-08114b64b682,2026-05-03 20:48:41,chat,session_000620
synthetic_user_0164,f6081dfd-75ec-4719-a05b-6ec1f95df15f,2026-05-03 22:58:36,view,session_001001
synthetic_user_0174,e06a75b5-86f9-4daf-b871-0fba7b7ba57d,2026-05-03 23:29:00,view,session_001088
synthetic_user_0168,c5310615-4076-41e9-9064-736593600471,2026-05-04 05:31:41,view,session_001036
synthetic_user_0168,c5310615-4076-41e9-9064-736593600471,2026-05-04 05:46:04,download,session_001036
synthetic_user_0031,33f6e3a9-237d-433e-b4b6-238e44c80117,2026-05-04 18:00:34,view,session_000157
synthetic_user_0055,e06a75b5-86f9-4daf-b871-0fba7b7ba57d,2026-05-04 20:41:11,view,session_000285
synthetic_user_0071,e06a75b5-86f9-4daf-b871-0fba7b7ba57d,2026-05-04 23:06:09,view,session_000390
synthetic_user_0071,e06a75b5-86f9-4daf-b871-0fba7b7ba57d,2026-05-04 23:08:56,download,session_000390
synthetic_user_0090,7c1af9a0-cf09-4356-8c0d-d762fbb21208,2026-05-05 20:05:08,view,session_000539
synthetic_user_0090,8706bbb8-8343-4edc-9af4-244b9cad76aa,2026-05-06 01:42:27,view,session_000540
synthetic_user_0165,8706bbb8-8343-4edc-9af4-244b9cad76aa,2026-05-06 03:49:54,view,session_001008
synthetic_user_0165,8706bbb8-8343-4edc-9af4-244b9cad76aa,2026-05-06 04:02:23,download,session_001008
synthetic_user_0165,8706bbb8-8343-4edc-9af4-244b9cad76aa,2026-05-06 04:05:08,like,session_001008
synthetic_user_0077,945e447f-c018-4d92-b5e5-2f1f7a11bd56,2026-05-06 04:13:07,view,session_000441
synthetic_user_0077,945e447f-c018-4d92-b5e5-2f1f7a11bd56,2026-05-06 04:22:18,chat,session_000441
synthetic_user_0022,5a0f55cf-16af-4459-9030-0c7c6e11207f,2026-05-06 06:36:16,view,session_000086
synthetic_user_0022,5a0f55cf-16af-4459-9030-0c7c6e11207f,2026-05-06 06:54:46,chat,session_000086
synthetic_user_0106,8706bbb8-8343-4edc-9af4-244b9cad76aa,2026-05-06 20:33:18,view,session_000636
synthetic_user_0024,e06a75b5-86f9-4daf-b871-0fba7b7ba57d,2026-05-06 23:50:21,view,session_000101
synthetic_user_0031,8b44ea69-a5bb-4779-8c63-bf20e4da58c7,2026-05-07 02:26:00,view,session_000158
synthetic_user_0031,8b44ea69-a5bb-4779-8c63-bf20e4da58c7,2026-05-07 02:29:21,download,session_000158
synthetic_user_0060,8706bbb8-8343-4edc-9af4-244b9cad76aa,2026-05-07 03:01:55,view,session_000315
synthetic_user_0060,8706bbb8-8343-4edc-9af4-244b9cad76aa,2026-05-07 03:11:15,download,session_000315
synthetic_user_0060,8706bbb8-8343-4edc-9af4-244b9cad76aa,2026-05-07 03:14:30,chat,session_000315
synthetic_user_0148,fbb68aab-9b3b-4e24-9109-ea047f927347,2026-05-07 05:24:03,view,session_000912
synthetic_user_0148,fbb68aab-9b3b-4e24-9109-ea047f927347,2026-05-07 05:27:10,download,session_000912
synthetic_user_0148,fbb68aab-9b3b-4e24-9109-ea047f927347,2026-05-07 05:35:51,like,session_000912
synthetic_user_0016,8706bbb8-8343-4edc-9af4-244b9cad76aa,2026-05-07 05:52:41,view,session_000041
synthetic_user_0135,7c1af9a0-cf09-4356-8c0d-d762fbb21208,2026-05-07 06:41:00,view,session_000832
synthetic_user_0030,7c1af9a0-cf09-4356-8c0d-d762fbb21208,2026-05-07 21:03:17,view,session_000146
synthetic_user_0030,7c1af9a0-cf09-4356-8c0d-d762fbb21208,2026-05-07 21:10:31,download,session_000146
synthetic_user_0039,8706bbb8-8343-4edc-9af4-244b9cad76aa,2026-05-08 06:21:57,view,session_000200
synthetic_user_0074,e06a75b5-86f9-4daf-b871-0fba7b7ba57d,2026-05-09 00:06:44,view,session_000419
synthetic_user_0122,7c1af9a0-cf09-4356-8c0d-d762fbb21208,2026-05-09 06:00:45,view,session_000747
synthetic_user_0030,7c1af9a0-cf09-4356-8c0d-d762fbb21208,2026-05-10 00:43:38,view,session_000147
synthetic_user_0168,8b44ea69-a5bb-4779-8c63-bf20e4da58c7,2026-05-10 01:26:26,view,session_001037
synthetic_user_0173,8b44ea69-a5bb-4779-8c63-bf20e4da58c7,2026-05-10 01:55:39,view,session_001080
synthetic_user_0167,2c1e63cb-30f5-4e05-92af-ea93368ef4ab,2026-05-10 04:59:08,view,session_001024
synthetic_user_0112,bd6bddb1-3e29-4767-a194-6196e46f7456,2026-05-10 06:41:26,view,session_000687
synthetic_user_0038,7c1af9a0-cf09-4356-8c0d-d762fbb21208,2026-05-10 20:20:45,view,session_000194
synthetic_user_0034,b1e94dc4-e19f-4e9b-85e1-69c3b4ab0e97,2026-05-10 22:52:50,view,session_000173
synthetic_user_0034,b1e94dc4-e19f-4e9b-85e1-69c3b4ab0e97,2026-05-10 23:06:04,chat,session_000173
synthetic_user_0034,b1e94dc4-e19f-4e9b-85e1-69c3b4ab0e97,2026-05-10 23:07:11,download,session_000173
synthetic_user_0184,830353af-6497-4bc7-bab8-08114b64b682,2026-05-11 01:37:20,view,session_001153
synthetic_user_0082,945e447f-c018-4d92-b5e5-2f1f7a11bd56,2026-05-11 06:20:56,view,session_000483
synthetic_user_0111,8706bbb8-8343-4edc-9af4-244b9cad76aa,2026-05-11 07:53:58,view,session_000678
synthetic_user_0111,8706bbb8-8343-4edc-9af4-244b9cad76aa,2026-05-11 08:07:21,download,session_000678
synthetic_user_0111,8706bbb8-8343-4edc-9af4-244b9cad76aa,2026-05-11 08:22:40,chat,session_000678
synthetic_user_0111,8706bbb8-8343-4edc-9af4-244b9cad76aa,2026-05-11 08:22:59,bookmark,session_000678
synthetic_user_0199,b1e94dc4-e19f-4e9b-85e1-69c3b4ab0e97,2026-05-11 20:36:20,view,session_001236
synthetic_user_0199,b1e94dc4-e19f-4e9b-85e1-69c3b4ab0e97,2026-05-11 20:49:47,download,session_001236
synthetic_user_0052,087164bc-8a57-44b1-bd06-0644f475917b,2026-05-12 05:01:27,view,session_000263
synthetic_user_0052,087164bc-8a57-44b1-bd06-0644f475917b,2026-05-12 05:17:12,download,session_000263
synthetic_user_0052,087164bc-8a57-44b1-bd06-0644f475917b,2026-05-12 05:28:09,like,session_000263
synthetic_user_0112,8706bbb8-8343-4edc-9af4-244b9cad76aa,2026-05-12 06:02:17,view,session_000688
synthetic_user_0112,8706bbb8-8343-4edc-9af4-244b9cad76aa,2026-05-12 06:10:40,download,session_000688
synthetic_user_0095,8706bbb8-8343-4edc-9af4-244b9cad76aa,2026-05-12 19:52:52,view,session_000583
synthetic_user_0025,59bf0b38-d7b5-4024-a66e-a03f1b47095d,2026-05-13 01:12:15,view,session_000105
synthetic_user_0145,7c1af9a0-cf09-4356-8c0d-d762fbb21208,2026-05-13 06:44:26,view,session_000885
synthetic_user_0095,7c1af9a0-cf09-4356-8c0d-d762fbb21208,2026-05-13 19:07:31,view,session_000584
synthetic_user_0099,95461cac-4301-4ade-8b3c-98201e8731db,2026-05-13 20:58:36,view,session_000597
synthetic_user_0099,95461cac-4301-4ade-8b3c-98201e8731db,2026-05-13 21:18:30,chat,session_000597
synthetic_user_0106,85526add-cd5a-4107-a07e-62ff3f493082,2026-05-13 23:49:31,view,session_000637
synthetic_user_0106,85526add-cd5a-4107-a07e-62ff3f493082,2026-05-14 00:04:01,download,session_000637
synthetic_user_0106,85526add-cd5a-4107-a07e-62ff3f493082,2026-05-14 00:06:03,bookmark,session_000637
synthetic_user_0191,40a8032b-e43c-43dc-ba5f-d650f1c0a979,2026-05-14 01:09:31,view,session_001184
synthetic_user_0103,8b44ea69-a5bb-4779-8c63-bf20e4da58c7,2026-05-14 01:10:39,view,session_000621
synthetic_user_0191,40a8032b-e43c-43dc-ba5f-d650f1c0a979,2026-05-14 01:13:33,download,session_001184
synthetic_user_0103,8b44ea69-a5bb-4779-8c63-bf20e4da58c7,2026-05-14 01:17:39,download,session_000621
synthetic_user_0103,8b44ea69-a5bb-4779-8c63-bf20e4da58c7,2026-05-14 01:23:58,like,session_000621
synthetic_user_0173,e72c3d3b-cf36-4cc4-9a40-d8cc5d28df84,2026-05-14 02:12:49,view,session_001081
synthetic_user_0173,e72c3d3b-cf36-4cc4-9a40-d8cc5d28df84,2026-05-14 02:18:25,chat,session_001081
synthetic_user_0014,bd6bddb1-3e29-4767-a194-6196e46f7456,2026-05-14 03:32:13,view,session_000025
synthetic_user_0014,bd6bddb1-3e29-4767-a194-6196e46f7456,2026-05-14 03:36:49,download,session_000025
synthetic_user_0014,bd6bddb1-3e29-4767-a194-6196e46f7456,2026-05-14 03:49:29,bookmark,session_000025
synthetic_user_0197,8706bbb8-8343-4edc-9af4-244b9cad76aa,2026-05-14 03:53:13,view,session_001226
synthetic_user_0172,85526add-cd5a-4107-a07e-62ff3f493082,2026-05-14 19:35:17,view,session_001067
synthetic_user_0142,98a77293-8faf-4d27-8248-6eb91f481d8f,2026-05-14 22:48:01,view,session_000865
synthetic_user_0163,b1e94dc4-e19f-4e9b-85e1-69c3b4ab0e97,2026-05-15 00:46:17,view,session_000997
synthetic_user_0111,8706bbb8-8343-4edc-9af4-244b9cad76aa,2026-05-15 19:40:13,view,session_000679
synthetic_user_0111,8706bbb8-8343-4edc-9af4-244b9cad76aa,2026-05-15 19:48:32,download,session_000679
synthetic_user_0024,fbb68aab-9b3b-4e24-9109-ea047f927347,2026-05-16 02:23:48,view,session_000102
synthetic_user_0024,fbb68aab-9b3b-4e24-9109-ea047f927347,2026-05-16 02:28:17,download,session_000102
synthetic_user_0063,830353af-6497-4bc7-bab8-08114b64b682,2026-05-16 05:56:47,view,session_000330
synthetic_user_0063,830353af-6497-4bc7-bab8-08114b64b682,2026-05-16 06:11:37,download,session_000330
synthetic_user_0063,830353af-6497-4bc7-bab8-08114b64b682,2026-05-16 06:17:20,like,session_000330
synthetic_user_0011,087164bc-8a57-44b1-bd06-0644f475917b,2026-05-16 18:19:31,view,session_000010
synthetic_user_0160,7c1af9a0-cf09-4356-8c0d-d762fbb21208,2026-05-16 18:34:42,view,session_000978
synthetic_user_0160,7c1af9a0-cf09-4356-8c0d-d762fbb21208,2026-05-16 18:44:50,download,session_000978
synthetic_user_0134,b1e94dc4-e19f-4e9b-85e1-69c3b4ab0e97,2026-05-16 23:45:23,view,session_000825
synthetic_user_0134,b1e94dc4-e19f-4e9b-85e1-69c3b4ab0e97,2026-05-16 23:50:44,download,session_000825
synthetic_user_0134,b1e94dc4-e19f-4e9b-85e1-69c3b4ab0e97,2026-05-16 23:57:00,like,session_000825
synthetic_user_0029,8b44ea69-a5bb-4779-8c63-bf20e4da58c7,2026-05-17 05:55:03,view,session_000136
synthetic_user_0029,8b44ea69-a5bb-4779-8c63-bf20e4da58c7,2026-05-17 06:11:44,chat,session_000136
synthetic_user_0129,95461cac-4301-4ade-8b3c-98201e8731db,2026-05-17 08:00:38,view,session_000788
synthetic_user_0129,95461cac-4301-4ade-8b3c-98201e8731db,2026-05-17 08:21:35,chat,session_000788
synthetic_user_0125,e72c3d3b-cf36-4cc4-9a40-d8cc5d28df84,2026-05-17 19:51:39,view,session_000775
synthetic_user_0125,e72c3d3b-cf36-4cc4-9a40-d8cc5d28df84,2026-05-17 20:14:16,chat,session_000775
synthetic_user_0181,087164bc-8a57-44b1-bd06-0644f475917b,2026-05-17 21:28:45,view,session_001142
synthetic_user_0181,087164bc-8a57-44b1-bd06-0644f475917b,2026-05-17 21:41:12,download,session_001142
synthetic_user_0029,98a77293-8faf-4d27-8248-6eb91f481d8f,2026-05-17 21:47:02,view,session_000137
synthetic_user_0181,087164bc-8a57-44b1-bd06-0644f475917b,2026-05-17 21:58:07,chat,session_001142
synthetic_user_0104,8b44ea69-a5bb-4779-8c63-bf20e4da58c7,2026-05-18 00:08:53,view,session_000626
synthetic_user_0104,8b44ea69-a5bb-4779-8c63-bf20e4da58c7,2026-05-18 00:22:34,download,session_000626
synthetic_user_0104,8b44ea69-a5bb-4779-8c63-bf20e4da58c7,2026-05-18 00:28:05,bookmark,session_000626
synthetic_user_0120,087164bc-8a57-44b1-bd06-0644f475917b,2026-05-18 02:14:37,view,session_000737
synthetic_user_0062,f6081dfd-75ec-4719-a05b-6ec1f95df15f,2026-05-18 03:38:30,view,session_000323
synthetic_user_0062,f6081dfd-75ec-4719-a05b-6ec1f95df15f,2026-05-18 03:47:36,chat,session_000323
synthetic_user_0172,ea97dfce-6731-4b1d-9b03-485d04de4867,2026-05-18 05:38:56,view,session_001068
synthetic_user_0172,ea97dfce-6731-4b1d-9b03-485d04de4867,2026-05-18 05:52:26,download,session_001068
synthetic_user_0172,ea97dfce-6731-4b1d-9b03-485d04de4867,2026-05-18 05:58:15,like,session_001068
synthetic_user_0172,ea97dfce-6731-4b1d-9b03-485d04de4867,2026-05-18 06:01:49,chat,session_001068
synthetic_user_0068,dbcab77a-8d8a-4721-b07d-d5d9ecc7874d,2026-05-18 19:25:23,view,session_000368
synthetic_user_0068,dbcab77a-8d8a-4721-b07d-d5d9ecc7874d,2026-05-18 19:34:51,chat,session_000368
synthetic_user_0167,98a77293-8faf-4d27-8248-6eb91f481d8f,2026-05-18 19:36:31,view,session_001025
synthetic_user_0167,98a77293-8faf-4d27-8248-6eb91f481d8f,2026-05-18 19:46:30,download,session_001025
synthetic_user_0167,98a77293-8faf-4d27-8248-6eb91f481d8f,2026-05-18 19:52:37,like,session_001025
synthetic_user_0163,fbb68aab-9b3b-4e24-9109-ea047f927347,2026-05-18 20:05:20,view,session_000998
synthetic_user_0163,fbb68aab-9b3b-4e24-9109-ea047f927347,2026-05-18 20:15:20,chat,session_000998
synthetic_user_0088,dcf38bea-591e-47ae-aaaf-e01b841cc3b3,2026-05-19 03:08:05,view,session_000527
synthetic_user_0088,dcf38bea-591e-47ae-aaaf-e01b841cc3b3,2026-05-19 03:17:16,download,session_000527
synthetic_user_0055,dcd20897-e14a-43fc-b2ba-66bb4a569874,2026-05-19 03:51:00,view,session_000286
synthetic_user_0055,dcd20897-e14a-43fc-b2ba-66bb4a569874,2026-05-19 03:57:54,download,session_000286
synthetic_user_0055,dcd20897-e14a-43fc-b2ba-66bb4a569874,2026-05-19 04:07:05,like,session_000286
synthetic_user_0125,dcf38bea-591e-47ae-aaaf-e01b841cc3b3,2026-05-19 04:39:26,view,session_000776
synthetic_user_0125,dcf38bea-591e-47ae-aaaf-e01b841cc3b3,2026-05-19 05:02:52,chat,session_000776
synthetic_user_0120,581c8e36-7a51-4e8e-ac1d-6e9c1d54940f,2026-05-19 08:43:21,view,session_000738
synthetic_user_0150,830353af-6497-4bc7-bab8-08114b64b682,2026-05-19 18:08:36,view,session_000921
synthetic_user_0150,830353af-6497-4bc7-bab8-08114b64b682,2026-05-19 18:15:30,download,session_000921
synthetic_user_0077,95461cac-4301-4ade-8b3c-98201e8731db,2026-05-19 21:40:27,view,session_000442
synthetic_user_0077,95461cac-4301-4ade-8b3c-98201e8731db,2026-05-19 21:43:03,download,session_000442
synthetic_user_0190,8706bbb8-8343-4edc-9af4-244b9cad76aa,2026-05-19 22:36:56,view,session_001182
synthetic_user_0101,dcf38bea-591e-47ae-aaaf-e01b841cc3b3,2026-05-20 01:32:33,view,session_000607
synthetic_user_0085,ea97dfce-6731-4b1d-9b03-485d04de4867,2026-05-20 03:03:06,view,session_000505
synthetic_user_0122,2c1e63cb-30f5-4e05-92af-ea93368ef4ab,2026-05-20 06:33:04,view,session_000748
synthetic_user_0122,2c1e63cb-30f5-4e05-92af-ea93368ef4ab,2026-05-20 06:40:04,download,session_000748
synthetic_user_0046,85526add-cd5a-4107-a07e-62ff3f493082,2026-05-20 21:33:15,view,session_000229
synthetic_user_0199,b1e94dc4-e19f-4e9b-85e1-69c3b4ab0e97,2026-05-21 00:14:53,view,session_001237
synthetic_user_0082,2c1e63cb-30f5-4e05-92af-ea93368ef4ab,2026-05-21 00:26:19,view,session_000484
synthetic_user_0155,8706bbb8-8343-4edc-9af4-244b9cad76aa,2026-05-21 02:46:59,view,session_000953
synthetic_user_0049,95461cac-4301-4ade-8b3c-98201e8731db,2026-05-22 01:03:10,view,session_000238
synthetic_user_0049,95461cac-4301-4ade-8b3c-98201e8731db,2026-05-22 01:14:42,download,session_000238
synthetic_user_0049,95461cac-4301-4ade-8b3c-98201e8731db,2026-05-22 01:27:24,chat,session_000238
synthetic_user_0179,95461cac-4301-4ade-8b3c-98201e8731db,2026-05-22 04:30:24,view,session_001119
synthetic_user_0087,59bf0b38-d7b5-4024-a66e-a03f1b47095d,2026-05-22 05:02:29,view,session_000518
synthetic_user_0018,fbb68aab-9b3b-4e24-9109-ea047f927347,2026-05-22 07:28:56,view,session_000066
synthetic_user_0182,85526add-cd5a-4107-a07e-62ff3f493082,2026-05-22 23:59:53,view,session_001144
synthetic_user_0071,e06a75b5-86f9-4daf-b871-0fba7b7ba57d,2026-05-23 00:41:37,view,session_000391
synthetic_user_0071,e06a75b5-86f9-4daf-b871-0fba7b7ba57d,2026-05-23 00:56:54,download,session_000391
synthetic_user_0071,e06a75b5-86f9-4daf-b871-0fba7b7ba57d,2026-05-23 01:01:23,like,session_000391
synthetic_user_0082,33f6e3a9-237d-433e-b4b6-238e44c80117,2026-05-23 01:47:59,view,session_000485
synthetic_user_0113,087164bc-8a57-44b1-bd06-0644f475917b,2026-05-23 01:52:43,view,session_000697
synthetic_user_0068,7c1af9a0-cf09-4356-8c0d-d762fbb21208,2026-05-23 02:00:42,view,session_000369
synthetic_user_0114,bd6bddb1-3e29-4767-a194-6196e46f7456,2026-05-23 02:02:37,view,session_000703
synthetic_user_0113,087164bc-8a57-44b1-bd06-0644f475917b,2026-05-23 02:05:13,chat,session_000697
synthetic_user_0112,c5310615-4076-41e9-9064-736593600471,2026-05-23 07:05:52,view,session_000689
synthetic_user_0010,dcd20897-e14a-43fc-b2ba-66bb4a569874,2026-05-23 22:47:55,view,session_000004
synthetic_user_0010,dcd20897-e14a-43fc-b2ba-66bb4a569874,2026-05-23 22:56:47,download,session_000004
synthetic_user_0177,dbcab77a-8d8a-4721-b07d-d5d9ecc7874d,2026-05-24 07:33:29,view,session_001106
synthetic_user_0153,dcd20897-e14a-43fc-b2ba-66bb4a569874,2026-05-24 08:52:56,view,session_000940
synthetic_user_0011,8706bbb8-8343-4edc-9af4-244b9cad76aa,2026-05-24 19:06:15,view,session_000011
synthetic_user_0051,830353af-6497-4bc7-bab8-08114b64b682,2026-05-24 20:31:02,view,session_000252
synthetic_user_0051,830353af-6497-4bc7-bab8-08114b64b682,2026-05-24 20:44:28,download,session_000252
synthetic_user_0027,98a77293-8faf-4d27-8248-6eb91f481d8f,2026-05-25 02:51:42,view,session_000126
synthetic_user_0030,7c1af9a0-cf09-4356-8c0d-d762fbb21208,2026-05-25 03:02:55,view,session_000148
synthetic_user_0030,7c1af9a0-cf09-4356-8c0d-d762fbb21208,2026-05-25 03:17:17,download,session_000148
synthetic_user_0030,7c1af9a0-cf09-4356-8c0d-d762fbb21208,2026-05-25 03:26:48,like,session_000148
synthetic_user_0030,7c1af9a0-cf09-4356-8c0d-d762fbb21208,2026-05-25 03:32:51,bookmark,session_000148
synthetic_user_0017,a18002e2-24a3-4da4-b558-ea8cadcb047e,2026-05-25 08:38:55,view,session_000050
synthetic_user_0017,a18002e2-24a3-4da4-b558-ea8cadcb047e,2026-05-25 08:46:38,download,session_000050
synthetic_user_0132,087164bc-8a57-44b1-bd06-0644f475917b,2026-05-25 18:29:33,view,session_000810
synthetic_user_0078,e06a75b5-86f9-4daf-b871-0fba7b7ba57d,2026-05-25 19:06:46,view,session_000454
synthetic_user_0078,e06a75b5-86f9-4daf-b871-0fba7b7ba57d,2026-05-25 19:18:11,download,session_000454
synthetic_user_0078,e06a75b5-86f9-4daf-b871-0fba7b7ba57d,2026-05-25 19:20:57,bookmark,session_000454
synthetic_user_0016,33f6e3a9-237d-433e-b4b6-238e44c80117,2026-05-26 07:09:15,view,session_000042
synthetic_user_0154,8706bbb8-8343-4edc-9af4-244b9cad76aa,2026-05-26 18:22:00,view,session_000944
synthetic_user_0093,b1e94dc4-e19f-4e9b-85e1-69c3b4ab0e97,2026-05-26 20:41:31,view,session_000569
synthetic_user_0087,95461cac-4301-4ade-8b3c-98201e8731db,2026-05-27 00:45:55,view,session_000519
synthetic_user_0087,95461cac-4301-4ade-8b3c-98201e8731db,2026-05-27 01:02:58,chat,session_000519
synthetic_user_0026,fbb68aab-9b3b-4e24-9109-ea047f927347,2026-05-27 01:41:12,view,session_000119
synthetic_user_0095,b1e94dc4-e19f-4e9b-85e1-69c3b4ab0e97,2026-05-27 03:51:39,view,session_000585
synthetic_user_0152,85526add-cd5a-4107-a07e-62ff3f493082,2026-05-27 04:05:04,view,session_000936
synthetic_user_0022,581c8e36-7a51-4e8e-ac1d-6e9c1d54940f,2026-05-27 04:13:49,view,session_000087
synthetic_user_0022,581c8e36-7a51-4e8e-ac1d-6e9c1d54940f,2026-05-27 04:27:09,download,session_000087
synthetic_user_0090,8706bbb8-8343-4edc-9af4-244b9cad76aa,2026-05-27 04:51:26,view,session_000541
synthetic_user_0090,8706bbb8-8343-4edc-9af4-244b9cad76aa,2026-05-27 05:15:31,chat,session_000541
synthetic_user_0054,f6081dfd-75ec-4719-a05b-6ec1f95df15f,2026-05-27 05:25:02,view,session_000275
synthetic_user_0121,a8231f34-c157-4fcd-b08a-5a3420cc0cee,2026-05-27 18:32:06,view,session_000744
synthetic_user_0197,8706bbb8-8343-4edc-9af4-244b9cad76aa,2026-05-27 20:40:53,view,session_001227
synthetic_user_0196,c5310615-4076-41e9-9064-736593600471,2026-05-27 22:23:39,view,session_001215
synthetic_user_0021,5a0f55cf-16af-4459-9030-0c7c6e11207f,2026-05-28 00:45:46,view,session_000083
synthetic_user_0154,8706bbb8-8343-4edc-9af4-244b9cad76aa,2026-05-28 03:29:21,view,session_000945
synthetic_user_0058,7c1af9a0-cf09-4356-8c0d-d762fbb21208,2026-05-28 18:42:05,view,session_000304
synthetic_user_0078,33f6e3a9-237d-433e-b4b6-238e44c80117,2026-05-28 21:34:24,view,session_000455
synthetic_user_0154,8706bbb8-8343-4edc-9af4-244b9cad76aa,2026-05-28 22:22:06,view,session_000946
synthetic_user_0154,8706bbb8-8343-4edc-9af4-244b9cad76aa,2026-05-28 22:37:51,download,session_000946
synthetic_user_0154,8706bbb8-8343-4edc-9af4-244b9cad76aa,2026-05-28 22:39:32,chat,session_000946
synthetic_user_0141,40a8032b-e43c-43dc-ba5f-d650f1c0a979,2026-05-29 18:04:56,view,session_000860
synthetic_user_0141,40a8032b-e43c-43dc-ba5f-d650f1c0a979,2026-05-29 18:12:27,download,session_000860
synthetic_user_0141,40a8032b-e43c-43dc-ba5f-d650f1c0a979,2026-05-29 18:13:42,bookmark,session_000860
synthetic_user_0141,40a8032b-e43c-43dc-ba5f-d650f1c0a979,2026-05-29 18:15:51,like,session_000860
synthetic_user_0188,8b44ea69-a5bb-4779-8c63-bf20e4da58c7,2026-05-29 18:38:30,view,session_001163
synthetic_user_0093,b1e94dc4-e19f-4e9b-85e1-69c3b4ab0e97,2026-05-29 19:09:34,view,session_000570
synthetic_user_0125,8706bbb8-8343-4edc-9af4-244b9cad76aa,2026-05-30 00:14:57,view,session_000777
synthetic_user_0029,581c8e36-7a51-4e8e-ac1d-6e9c1d54940f,2026-05-30 00:28:14,view,session_000138
synthetic_user_0148,a18002e2-24a3-4da4-b558-ea8cadcb047e,2026-05-30 06:21:09,view,session_000913
synthetic_user_0182,dcf38bea-591e-47ae-aaaf-e01b841cc3b3,2026-05-30 08:16:51,view,session_001145
